female,year,area,obs,pred,YR_FL,loc_density,f_status,f_min_age,f_ALR,mean_age,delta_age,mean_age_LD,delta_age_LD,LR,HD,LD,CS,BS,hatch,ACW,FL,recruits
1986,38,5,2986,0,7.4,1.14,0,1,1,1,0,1,0,1,26,3,10,9,0.9,180,9,3
2220,38,4,3379,0,7.4,0.52,0,1,1,1,0,1,0,1,27,5,10,10,1,175,10,0
4270,31,4,6366,0,7.7,0.38,1,1,1,1,0,1,0,1,31,6,10,10,1,207,10,0
4298,31,4,6410,0,7.7,0.38,1,1,1,1,0,1,0,1,31,6,11,11,1,183,11,1
4265,31,4,6359,0,7.7,0.38,1,1,1,1,0,1,0,1,31,6,12,12,1,190,12,1
4399,43,8,6543,0,6.8,0.84,1,1,1,1,0,1,0,1,30,7,10,9,0.9,,9,0
1781,31,4,2697,0,7.7,0.38,0,1,1,1,0,1,0,1,34,7,12,11,0.92,190,11,0
4201,31,4,6272,0,7.7,0.38,1,1,1,1,0,1,0,1,25,7,9,9,1,198,9,1
5178,38,4,7814,0,7.4,0.52,1,1,1,1,0,1,0,1,28,7,9,9,1,,0,0
4256,31,4,6348,0,7.7,0.38,1,1,1,1,0,1,0,1,31,7,10,10,1,181,10,0
4226,31,1,6305,0,7.7,1.11,1,1,1,1,0,1,0,1,31,7,10,10,1,185,10,0
5172,38,2,7804,0,7.4,1.39,1,1,1,1,0,1,0,1,30,7,11,11,1,,0,0
5187,39,4,7826,0,6.7,0.48,1,1,1,1,0,1,0,1,33,8,9,6,0.67,165,6,0
5386,43,3,8125,0,6.8,0.77,1,1,1,1,0,1,0,1,33,8,7,6,0.86,186,6,0
5382,43,2,8120,0,6.8,1.98,0,1,1,1,0,1,0,1,31,8,9,8,0.89,154,6,0
4945,38,1,7459,0,7.4,1.4,1,1,1,1,0,1,0,1,29,8,8,8,1,143,3,0
4398,43,4,6542,0,6.8,0.46,1,1,1,1,0,1,0,1,29,9,7,6,0.86,187,6,0
5388,43,9,8127,0,6.8,1.67,1,1,1,1,0,1,0,1,34,9,9,8,0.89,184,8,0
5147,38,9,7765,0,7.4,1.79,1,1,1,1,0,1,0,1,31,9,9,8,0.89,181,8,1
5260,43,5,7934,0,6.8,1.92,1,1,1,1,0,1,0,1,31,9,9,8,0.89,181,8,2
2079,43,2,3147,0,6.8,1.98,0,1,1,1,0,1,0,1,31,9,9,8,0.89,,0,0
4300,31,4,6415,0,7.7,0.38,1,1,1,1,0,1,0,1,34,9,10,9,0.9,205,9,1
4396,43,4,6540,0,6.8,0.46,1,1,1,1,0,1,0,1,33,9,6,6,1,165,6,1
4304,31,4,6423,0,7.7,0.38,0,1,1,1,0,1,0,1,31,9,9,9,1,193,9,2
2078,43,2,3146,0,6.8,1.98,0,1,1,1,0,1,0,1,31,9,9,9,1,184,9,0
1780,31,4,2696,0,7.7,0.38,0,1,1,1,0,1,0,1,33,9,11,11,1,182,11,1
2424,43,5,3692,0,6.8,1.92,0,1,1,1,0,1,0,1,34,9,11,11,1,172,8,0
4849,36,5,7307,0,7.5,1.01,1,1,1,1,0,1,0,1,33,10,9,7,0.78,192,7,1
4944,38,1,7458,0,7.4,1.4,1,1,1,1,0,1,0,1,34,10,8,7,0.88,193,6,1
5131,38,1,7741,0,7.4,1.4,1,1,1,1,0,1,0,1,32,10,9,8,0.89,,0,0
5261,43,1,7935,0,6.8,1.61,1,1,1,1,0,1,0,1,34,10,9,8,0.89,,8,0
3694,45,6,5599,0,7.4,0.36,0,1,1,1,0,1,0,1,37,10,10,9,0.9,193,9,3
4950,36,5,7467,0,7.5,1.01,0,1,1,1,0,1,0,1,34,10,10,9,0.9,200,9,4
5166,38,3,7797,0,7.4,0.83,1,1,1,1,0,1,0,1,33,10,11,10,0.91,194,10,1
4809,36,4,7236,0,7.5,0.46,1,1,1,1,0,1,0,1,35,10,12,11,0.92,186,11,4
5098,38,4,7692,0,7.4,0.52,1,1,1,1,0,1,0,1,32,10,7,7,1,193,7,1
2445,38,5,3721,0,7.4,1.14,0,1,1,1,0,1,0,1,33,10,9,9,1,196,9,0
4940,38,5,7453,0,7.4,1.14,1,1,1,1,0,1,0,1,32,10,9,9,1,162,9,0
5137,38,5,7752,0,7.4,1.14,1,1,1,1,0,1,0,1,32,10,10,10,1,180,10,1
4220,31,4,6298,0,7.7,0.38,1,1,1,1,0,1,0,1,33,10,11,11,1,192,11,0
5146,38,4,7764,0,7.4,0.52,1,1,1,1,0,1,0,1,35,11,8,5,0.63,184,5,0
2179,38,8,3317,0,7.4,0.51,0,1,1,1,0,1,0,1,34,11,9,7,0.78,185,7,2
5127,38,4,7733,0,7.4,0.52,1,1,1,1,0,1,0,1,34,11,9,8,0.89,191,8,1
5140,38,2,7756,0,7.4,1.39,1,1,1,1,0,1,0,1,33,11,8,8,1,189,8,1
2162,36,4,3290,0,7.5,0.46,0,1,1,1,0,1,0,1,32,11,9,9,1,190,9,5
2733,43,4,4119,0,6.8,0.46,0,1,1,1,0,1,0,1,32,11,9,9,1,,0,0
2641,45,5,4012,0,7.4,1.27,0,1,1,1,0,1,0,1,,11,9,9,1,,9,1
4898,36,4,7394,0,7.5,0.46,1,1,1,1,0,1,0,1,32,11,10,10,1,187,10,1
2735,43,3,4121,0,6.8,0.77,0,1,2,1,0,1,0,0,32,12,7,4,0.57,193,4,0
2734,43,3,4120,0,6.8,0.77,0,1,1,1,0,1,0,1,34,12,9,6,0.67,172,6,1
5171,38,3,7803,0,7.4,0.83,1,1,1,1,0,1,0,1,40,12,10,7,0.7,187,7,1
4894,36,4,7386,0,7.5,0.46,1,1,1,1,0,1,0,1,33,12,9,7,0.78,196,7,3
5170,38,6,7802,0,7.4,0.68,1,1,2,1,0,1,0,0,37,12,11,9,0.82,198,9,0
1971,36,5,2970,0,7.5,1.01,0,1,1,1,0,1,0,1,34,12,9,8,0.89,188,8,1
2186,38,9,3325,0,7.4,1.79,0,1,1,1,0,1,0,1,38,12,10,9,0.9,190,9,1
4219,31,6,6297,0,7.7,0.49,1,1,1,1,0,1,0,1,37,12,11,10,0.91,173,10,1
5173,38,4,7805,0,7.4,0.52,1,1,1,1,0,1,0,1,37,12,12,11,0.92,186,11,4
2491,38,6,3795,0,7.4,0.68,0,1,1,1,0,1,0,1,34,12,7,7,1,191,6,1
2243,40,9,3414,0,5.5,1.14,0,1,1,1,0,1,0,1,37,12,8,8,1,192,7,0
4224,31,4,6303,0,7.7,0.38,1,1,1,1,0,1,0,1,35,12,9,9,1,196,9,1
2486,38,8,3789,0,7.4,0.51,0,1,2,1,0,1,0,0,33,12,9,9,1,185,9,1
5125,38,4,7730,0,7.4,0.52,1,1,1,1,0,1,0,1,35,12,9,9,1,,0,0
1782,31,4,2698,0,7.7,0.38,0,1,1,1,0,1,0,1,34,12,10,10,1,209,10,1
4943,38,5,7457,0,7.4,1.14,1,1,1,1,0,1,0,1,35,12,10,10,1,177,10,3
5164,38,1,7789,0,7.4,1.4,1,1,1,1,0,1,0,1,36,12,10,10,1,188,10,1
2161,36,4,3289,0,7.5,0.46,0,1,1,1,0,1,0,1,34,12,11,11,1,176,11,4
5381,43,3,8119,0,6.8,0.77,0,1,1,1,0,1,0,1,34,12,11,11,1,177,10,2
4942,38,8,7456,0,7.4,0.51,1,1,1,1,0,1,0,1,35,13,10,8,0.8,178,8,0
1794,30,2,2718,0,6.8,1.12,0,1,1,1,0,1,0,1,32,13,7,6,0.86,186,6,2
5145,38,8,7763,0,7.4,0.51,1,1,1,1,0,1,0,1,37,13,10,9,0.9,194,9,1
5079,38,3,7663,0,7.4,0.83,1,1,1,1,0,1,0,1,36,13,10,9,0.9,190,9,1
5016,38,2,7571,0,7.4,1.39,1,1,1,1,0,1,0,1,38,13,11,10,0.91,176,10,1
3965,46,2,5966,0,6.2,1.71,1,1,1,1,0,1,0,1,38,13,11,10,0.91,173,10,2
3975,46,6,5977,0,6.2,0.75,1,1,1,1,0,1,0,1,40,13,12,11,0.92,144,11,1
4887,36,4,7368,0,7.5,0.46,1,1,1,1,0,1,0,1,40,13,13,12,0.92,189,12,3
5148,38,3,7766,0,7.4,0.83,1,1,1,1,0,1,0,1,33,13,8,8,1,191,8,1
4306,30,5,6426,0,6.8,1.01,1,1,1,1,0,1,0,1,36,13,8,8,1,159,8,0
5003,39,2,7553,0,6.7,1.23,1,1,1,1,0,1,0,1,37,13,8,8,1,184,8,2
2356,39,9,3591,0,6.7,1.37,0,1,1,1,0,1,0,1,39,13,8,8,1,201,5,0
1999,38,7,3007,0,7.4,0.25,0,1,2,1,0,1,0,0,34,13,9,9,1,181,9,0
4232,30,3,6313,0,6.8,0.63,1,1,1,1,0,1,0,1,39,13,9,9,1,,0,0
5097,38,7,7691,0,7.4,0.25,1,1,1,1,0,1,0,1,36,13,10,10,1,192,10,0
2642,45,5,4013,0,7.4,1.27,0,1,1,1,0,1,0,1,37,13,10,10,1,177,10,4
2717,43,7,4100,0,6.8,0.33,0,1,1,1,0,1,0,1,36,13,11,11,1,147,4,0
1990,38,8,2993,0,7.4,0.51,0,1,1,1,0,1,0,1,37,13,11,11,1,,0,0
4397,43,9,6541,0,6.8,1.67,1,1,1,1,0,1,0,1,35,14,10,2,0.2,193,2,0
2183,38,4,3322,0,7.4,0.52,0,1,1,1,0,1,0,1,36,14,9,3,0.33,196,3,0
2738,43,9,4125,0,6.8,1.67,0,1,1,1,0,1,0,1,35,14,10,7,0.7,198,7,0
2485,38,5,3788,0,7.4,1.14,0,1,1,1,0,1,0,1,34,14,7,5,0.71,194,5,0
4546,32,4,6807,0,6.8,0.2,1,1,1,1,0,1,0,1,40,14,8,6,0.75,184,6,0
5130,38,2,7740,0,7.4,1.39,1,1,1,1,0,1,0,1,36,14,9,7,0.78,198,7,0
2488,38,8,3791,0,7.4,0.51,0,1,2,1,0,1,0,0,38,14,10,8,0.8,194,8,1
3794,46,6,5731,0,6.2,0.75,0,1,1,1,0,1,0,1,37,14,8,7,0.88,176,7,0
2006,40,1,3022,0,5.5,0.82,0,1,1,1,0,1,0,1,38,14,8,7,0.88,204,5,0
5076,38,1,7660,0,7.4,1.4,1,1,1,1,0,1,0,1,35,14,8,7,0.88,187,6,0
4320,45,3,6441,0,7.4,0.43,1,1,1,1,0,1,0,1,37,14,9,8,0.89,196,7,1
3929,45,8,5921,0,7.4,0.62,1,1,1,1,0,1,0,1,35,14,9,8,0.89,171,8,0
5139,38,1,7755,0,7.4,1.4,1,1,1,1,0,1,0,1,39,14,9,8,0.89,157,8,1
3983,45,1,5987,0,7.4,1.43,1,1,1,1,0,1,0,1,35,14,9,8,0.89,182,8,0
4891,36,3,7379,0,7.5,0.73,1,1,1,1,0,1,0,1,36,14,11,10,0.91,189,10,2
2276,36,8,3464,0,7.5,0.51,0,1,1,1,0,1,0,1,38,14,12,11,0.92,181,11,0
5377,43,4,8114,0,6.8,0.46,1,1,1,1,0,1,0,1,35,14,7,7,1,181,6,0
5065,40,2,7644,0,5.5,0.96,1,1,1,1,0,1,0,1,57,14,7,7,1,,0,0
110,46,5,160,0,6.2,1.57,0,1,1,1,0,1,0,1,39,14,7,7,1,164,7,0
5132,38,9,7742,0,7.4,1.79,1,1,1,1,0,1,0,1,34,14,7,7,1,198,7,0
2490,38,6,3794,0,7.4,0.68,0,1,1,1,0,1,0,1,37,14,8,8,1,183,8,1
1868,31,2,2811,0,7.7,1.18,0,1,1,1,0,1,0,1,35,14,8,8,1,186,8,0
1993,38,1,3001,0,7.4,1.4,0,1,1,1,0,1,0,1,35,14,8,8,1,173,8,1
5262,43,1,7936,0,6.8,1.61,1,1,1,1,0,1,0,1,33,14,8,8,1,185,8,3
5263,43,1,7937,0,6.8,1.61,1,1,1,1,0,1,0,1,34,14,8,8,1,,0,0
5136,38,6,7751,0,7.4,0.68,1,1,1,1,0,1,0,1,35,14,9,9,1,184,8,2
4268,31,9,6364,0,7.7,0.87,1,1,1,1,0,1,0,1,39,14,9,9,1,195,9,2
4290,31,4,6395,0,7.7,0.38,1,1,1,1,0,1,0,1,38,14,10,10,1,193,10,0
2182,38,4,3321,0,7.4,0.52,0,1,1,1,0,1,0,1,37,14,10,10,1,189,10,1
2716,43,6,4099,0,6.8,0.56,0,1,1,1,0,1,0,1,35,14,10,10,1,173,10,0
1873,31,2,2816,0,7.7,1.18,0,1,1,1,0,1,0,1,37,14,10,10,1,193,9,1
1893,36,2,2840,0,7.5,1.18,0,1,2,1,0,1,0,0,38,14,10,10,1,181,10,1
3964,46,5,5965,0,6.2,1.57,1,1,1,1,0,1,0,1,37,14,11,11,1,172,10,0
4949,38,5,7466,0,7.4,1.14,1,1,1,1,0,1,0,1,35,15,9,3,0.33,186,2,0
5010,38,9,7563,0,7.4,1.79,1,1,1,1,0,1,0,1,36,15,8,5,0.63,186,5,0
2017,46,2,3038,0,6.2,1.71,0,1,1,1,0,1,0,1,36,15,6,4,0.67,,0,0
5384,43,2,8123,0,6.8,1.98,0,1,1,1,0,1,0,1,34,15,7,5,0.71,190,5,0
3831,45,2,5775,0,7.4,1.6,0,1,2,1,0,1,0,0,37,15,8,6,0.75,,0,0
4895,36,2,7387,0,7.5,1.18,1,1,2,1,0,1,0,0,36,15,9,7,0.78,186,7,3
4436,45,4,6609,0,7.4,0.42,1,1,1,1,0,1,0,1,37,15,8,7,0.88,,0,0
5013,38,3,7567,0,7.4,0.83,1,1,1,1,0,1,0,1,37,15,8,7,0.88,,0,0
4477,34,5,6680,0,7.6,1.53,1,1,1,1,0,1,0,1,36,15,8,7,0.88,,0,0
4072,47,3,6089,0,6.7,0.73,1,1,1,1,0,1,0,1,34,15,9,8,0.89,169,8,1
4597,34,5,6902,0,7.6,1.53,1,1,1,1,0,1,0,1,37,15,9,8,0.89,,0,0
3947,46,2,5946,0,6.2,1.71,1,1,1,1,0,1,0,1,37,15,9,8,0.89,184,8,0
3453,34,5,5186,0,7.6,1.53,1,1,1,1,0,1,0,1,38,15,12,11,0.92,185,11,1
4230,32,1,6311,0,6.8,0.54,1,1,1,1,0,1,0,1,40,15,4,4,1,183,4,1
1906,38,2,2865,0,7.4,1.39,0,1,1,1,0,1,0,1,37,15,6,6,1,189,6,0
1845,31,3,2780,0,7.7,0.57,1,1,1,1,0,1,0,1,34,15,7,7,1,184,7,0
5420,40,4,8173,0,5.5,0.38,1,1,1,1,0,1,0,1,38,15,8,8,1,183,8,2
4464,34,3,6660,0,7.6,0.83,1,1,1,1,0,1,0,1,35,15,8,8,1,184,8,1
1778,31,4,2694,0,7.7,0.38,0,1,1,1,0,1,0,1,37,15,9,9,1,185,9,0
1783,31,4,2699,0,7.7,0.38,0,1,1,1,0,1,0,1,36,15,9,9,1,187,9,1
4845,36,5,7300,0,7.5,1.01,1,1,1,1,0,1,0,1,36,15,9,9,1,185,9,1
1945,34,5,2933,0,7.6,1.53,0,1,1,1,0,1,0,1,38,15,9,9,1,192,9,1
4745,36,7,7139,0,7.5,0.17,1,1,1,1,0,1,0,1,39,15,10,10,1,169,10,2
5101,38,7,7695,0,7.4,0.25,1,1,1,1,0,1,0,1,39,15,10,10,1,119,6,0
3750,45,4,5674,0,7.4,0.42,0,1,1,1,0,1,0,1,39,15,10,10,1,194,10,0
2081,43,2,3151,0,6.8,1.98,0,1,1,1,0,1,0,1,37,15,10,10,1,150,10,0
5270,43,2,7948,0,6.8,1.98,1,1,1,1,0,1,0,1,37,15,10,10,1,176,10,0
3864,44,5,5829,0,5.1,1.92,1,1,1,1,0,1,0,1,38,15,11,11,1,171,6,0
3112,22,4,4686,0,7.4,0.42,1,1,1,1,0,1,0,1,43,15,12,12,1,196,12,0
5451,39,9,8224,0,6.7,1.37,1,1,1,1,0,1,0,1,36,16,8,5,0.63,198,5,0
2024,46,2,3050,0,6.2,1.71,0,1,1,1,0,1,0,1,42,16,9,6,0.67,184,6,1
2724,45,1,4107,0,7.4,1.43,0,1,1,1,0,1,0,1,39,16,8,6,0.75,,0,0
5168,38,8,7799,0,7.4,0.51,1,1,1,1,0,1,0,1,38,16,10,8,0.8,187,8,0
5149,38,8,7767,0,7.4,0.51,1,1,1,1,0,1,0,1,35,16,7,6,0.86,193,6,0
1994,38,1,3002,0,7.4,1.4,0,1,1,1,0,1,0,1,37,16,7,6,0.86,191,5,0
5174,38,6,7806,0,7.4,0.68,1,1,1,1,0,1,0,1,37,16,8,7,0.88,174,7,2
4282,31,1,6383,0,7.7,1.11,1,1,1,1,0,1,0,1,37,16,8,7,0.88,186,7,0
2461,40,5,3757,0,5.5,1.57,0,1,1,1,0,1,0,1,39,16,8,7,0.88,185,7,0
3768,46,5,5703,0,6.2,1.57,0,1,1,1,0,1,0,1,37,16,8,7,0.88,196,7,1
5161,45,2,7784,0,7.4,1.6,0,1,1,1,0,1,0,1,37,16,8,7,0.88,196,6,0
2018,46,2,3039,0,6.2,1.71,0,1,1,1,0,1,0,1,39,16,9,8,0.89,182,7,1
4549,32,4,6810,0,6.8,0.2,1,1,1,1,0,1,0,1,43,16,12,11,0.92,153,7,1
1871,31,2,2814,0,7.7,1.18,0,1,1,1,0,1,0,1,35,16,6,6,1,197,6,1
2736,43,4,4122,0,6.8,0.46,0,1,1,1,0,1,0,1,35,16,7,7,1,200,7,0
4860,36,4,7324,0,7.5,0.46,1,1,1,1,0,1,0,1,36,16,7,7,1,189,7,2
1894,36,2,2841,0,7.5,1.18,0,1,1,1,0,1,0,1,36,16,7,7,1,205,7,1
5247,46,2,7919,0,6.2,1.71,1,1,1,1,0,1,0,1,36,16,7,7,1,176,7,0
4280,31,1,6380,0,7.7,1.11,1,1,1,1,0,1,0,1,36,16,8,8,1,179,8,1
5124,38,2,7729,0,7.4,1.39,1,1,1,1,0,1,0,1,39,16,8,8,1,190,8,1
5077,38,1,7661,0,7.4,1.4,1,1,1,1,0,1,0,1,39,16,8,8,1,174,8,0
4634,34,5,6955,0,7.6,1.53,1,1,1,1,0,1,0,1,37,16,8,8,1,194,8,0
2184,38,9,3323,0,7.4,1.79,0,1,1,1,0,1,0,1,37,16,8,8,1,198,8,0
4852,36,1,7313,0,7.5,0.75,1,1,4,1,0,1,0,0,39,16,9,9,1,176,9,3
4229,30,5,6310,0,6.8,1.01,1,1,1,1,0,1,0,1,40,16,9,9,1,189,9,2
4747,36,5,7143,0,7.5,1.01,1,1,1,1,0,1,0,1,36,16,9,9,1,168,9,1
4223,31,1,6302,0,7.7,1.11,1,1,1,1,0,1,0,1,37,16,9,9,1,193,8,1
1943,34,5,2930,0,7.6,1.53,0,1,1,1,0,1,0,1,37,16,9,9,1,179,9,0
3084,22,4,4652,0,7.4,0.42,1,1,1,1,0,1,0,1,42,16,10,10,1,188,9,2
2232,38,4,3403,0,7.4,0.52,0,1,1,1,0,1,0,1,37,16,10,10,1,193,10,0
71,24,4,112,0,7.3,0.65,0,1,1,1,0,1,0,1,39,16,10,10,1,180,7,1
2111,34,4,3204,0,7.6,0.44,0,1,1,1,0,1,0,1,39,16,11,11,1,184,11,3
2169,36,4,3302,0,7.5,0.46,0,1,1,1,0,1,0,1,39,16,11,11,1,187,11,4
1850,31,6,2787,0,7.7,0.49,0,1,1,1,0,1,0,1,42,16,11,11,1,191,11,0
4225,31,5,6304,0,7.7,0.83,1,1,3,1,0,1,0,0,40,16,11,11,1,192,10,0
4544,32,4,6805,0,6.8,0.2,1,1,1,1,0,1,0,1,44,16,12,12,1,180,8,2
3736,46,6,5658,0,6.2,0.75,0,1,1,1,0,1,0,1,41,17,11,4,0.36,147,4,0
2073,42,2,3141,0,5.6,1.55,0,1,2,1,0,1,0,0,43,17,8,5,0.63,187,4,0
3852,46,6,5816,0,6.2,0.75,1,1,1,1,0,1,0,1,44,17,12,8,0.67,,0,0
4899,36,8,7395,0,7.5,0.51,1,1,1,1,0,1,0,1,38,17,7,5,0.71,195,5,2
2758,43,4,4159,0,6.8,0.46,0,1,1,1,0,1,0,1,44,17,14,10,0.71,193,10,1
1604,42,6,2422,0,5.6,0.64,0,1,2,1,0,1,0,0,42,17,8,6,0.75,180,6,0
5012,38,4,7566,0,7.4,0.52,1,1,1,1,0,1,0,1,41,17,10,8,0.8,187,8,0
4264,31,9,6358,0,7.7,0.87,1,1,1,1,0,1,0,1,39,17,10,8,0.8,202,8,0
4451,34,4,6632,0,7.6,0.44,1,1,1,1,0,1,0,1,39,17,11,9,0.82,182,9,1
3871,44,5,5839,0,5.1,1.92,1,1,1,1,0,1,0,1,46,17,12,10,0.83,175,6,1
4655,36,6,6989,0,7.5,0.65,1,1,1,1,0,1,0,1,41,17,7,6,0.86,188,6,2
1872,31,2,2815,0,7.7,1.18,0,1,1,1,0,1,0,1,37,17,7,6,0.86,,0,0
4244,30,3,6329,0,6.8,0.63,1,1,1,1,0,1,0,1,39,17,8,7,0.88,198,7,2
4251,30,4,6340,0,6.8,0.41,1,1,1,1,0,1,0,1,41,17,9,8,0.89,186,8,3
2092,34,3,3167,0,7.6,0.83,0,1,1,1,0,1,0,1,37,17,9,8,0.89,,0,0
4461,34,3,6655,0,7.6,0.83,1,1,1,1,0,1,0,1,38,17,9,8,0.89,182,8,1
3948,46,1,5947,0,6.2,1.04,1,1,1,1,0,1,0,1,38,17,9,8,0.89,179,8,0
4589,34,1,6881,0,7.6,1.29,1,1,1,1,0,1,0,1,38,17,9,8,0.89,192,8,2
1954,34,5,2944,0,7.6,1.53,0,1,1,1,0,1,0,1,41,17,11,10,0.91,195,10,1
4437,45,4,6610,0,7.4,0.42,1,1,1,1,0,1,0,1,41,17,12,11,0.92,187,11,3
2654,46,7,4029,0,6.2,0.5,0,1,1,1,0,1,0,1,42,17,4,4,1,,0,0
1812,46,4,2738,0,6.2,0.51,0,1,1,1,0,1,0,1,35,17,5,5,1,153,4,0
1895,36,2,2842,0,7.5,1.18,0,1,1,1,0,1,0,1,37,17,7,7,1,191,7,0
4793,36,2,7213,0,7.5,1.18,1,1,1,1,0,1,0,1,38,17,7,7,1,151,6,0
2426,43,1,3694,0,6.8,1.61,0,1,1,1,0,1,0,1,38,17,7,7,1,188,7,1
5390,43,2,8129,0,6.8,1.98,1,1,1,1,0,1,0,1,37,17,7,7,1,199,7,0
4289,31,4,6394,0,7.7,0.38,1,1,1,1,0,1,0,1,38,17,8,8,1,184,8,1
3085,22,3,4653,0,7.4,0.5,1,1,1,1,0,1,0,1,39,17,8,8,1,195,8,1
4292,31,3,6398,0,7.7,0.57,1,1,1,1,0,1,0,1,36,17,8,8,1,198,8,2
1800,31,1,2724,0,7.7,1.11,0,1,1,1,0,1,0,1,37,17,8,8,1,196,7,0
4844,36,5,7299,0,7.5,1.01,1,1,1,1,0,1,0,1,39,17,9,9,1,194,9,1
4287,30,2,6392,0,6.8,1.12,1,1,1,1,0,1,0,1,40,17,9,9,1,189,9,5
1892,36,2,2839,0,7.5,1.18,0,1,1,1,0,1,0,1,36,17,9,9,1,208,9,0
4588,34,1,6880,0,7.6,1.29,1,1,1,1,0,1,0,1,40,17,9,9,1,194,9,4
3005,22,4,4521,0,7.4,0.42,0,1,1,1,0,1,0,1,44,17,10,10,1,187,10,1
3751,45,4,5676,0,7.4,0.42,0,1,1,1,0,1,0,1,39,17,10,10,1,194,10,0
2211,34,6,3367,0,7.6,0.53,0,1,1,1,0,1,0,1,38,17,10,10,1,199,10,1
2603,22,9,3958,0,7.4,0.95,0,1,1,1,0,1,0,1,46,17,10,10,1,185,10,0
4875,39,5,7346,0,6.7,1.05,1,1,1,1,0,1,0,1,39,17,10,10,1,184,6,1
2646,45,5,4018,0,7.4,1.27,0,1,1,1,0,1,0,1,39,17,10,10,1,185,10,1
218,2,9,336,1,6,1.06,1,1,1,1,0,1,0,1,39,17,10,10,1,199,10,1
2969,21,8,4461,0,8.6,0.56,1,1,1,1,0,1,0,1,40,17,11,11,1,191,11,3
4843,36,5,7298,0,7.5,1.01,1,1,1,1,0,1,0,1,41,17,11,11,1,191,10,2
1572,28,5,2359,0,8.9,1.05,0,1,1,1,0,1,0,1,39,17,11,11,1,187,11,2
3238,22,5,4867,0,7.4,0.92,0,1,1,1,0,1,0,1,46,17,12,12,1,188,12,1
5243,46,2,7915,0,6.2,1.71,1,1,1,1,0,1,0,1,42,18,8,3,0.38,178,3,0
1813,46,9,2739,0,6.2,1.71,0,1,1,1,0,1,0,1,40,18,10,6,0.6,190,6,1
4308,30,5,6428,0,6.8,1.01,1,1,2,1,0,1,0,0,42,18,9,6,0.67,191,6,0
1746,30,4,2645,0,6.8,0.41,0,1,1,1,0,1,0,1,44,18,10,7,0.7,184,7,0
2643,45,5,4014,0,7.4,1.27,0,1,1,1,0,1,0,1,39,18,8,6,0.75,158,6,0
4250,30,9,6339,0,6.8,1.22,1,1,1,1,0,1,0,1,42,18,10,8,0.8,193,8,1
4527,34,1,6769,0,7.6,1.29,1,1,1,1,0,1,0,1,45,18,12,10,0.83,182,10,2
5143,38,9,7760,0,7.4,1.79,1,1,2,1,0,1,0,0,38,18,7,6,0.86,197,6,0
5141,38,6,7757,0,7.4,0.68,1,1,1,1,0,1,0,1,39,18,8,7,0.88,185,7,1
4508,34,2,6742,0,7.6,0.91,1,1,1,1,0,1,0,1,38,18,8,7,0.88,187,6,2
1947,34,1,2936,0,7.6,1.29,0,1,1,1,0,1,0,1,40,18,8,7,0.88,196,7,0
1804,31,1,2729,0,7.7,1.11,1,1,1,1,0,1,0,1,40,18,9,8,0.89,184,8,0
3873,44,1,5844,0,5.1,1.83,1,1,1,1,0,1,0,1,42,18,9,8,0.89,149,4,0
3011,22,4,4529,0,7.4,0.42,1,1,1,1,0,1,0,1,44,18,10,9,0.9,,9,0
3111,22,6,4685,0,7.4,0.49,1,1,1,1,0,1,0,1,44,18,10,9,0.9,189,8,2
4857,36,1,7321,0,7.5,0.75,1,1,1,1,0,1,0,1,40,18,10,9,0.9,186,9,0
3797,46,8,5734,0,6.2,0.84,0,1,1,1,0,1,0,1,40,18,10,9,0.9,175,9,2
4731,35,5,7119,0,6.9,1.01,1,1,1,1,0,1,0,1,41,18,10,9,0.9,203,9,0
5373,43,9,8106,0,6.8,1.67,1,1,1,1,0,1,0,1,40,18,10,9,0.9,198,9,0
1742,30,4,2640,0,6.8,0.41,0,1,1,1,0,1,0,1,42,18,11,10,0.91,188,10,1
4496,34,4,6719,0,7.6,0.44,1,1,1,1,0,1,0,1,43,18,13,12,0.92,178,12,3
1869,31,2,2812,0,7.7,1.18,0,1,1,1,0,1,0,1,36,18,6,6,1,187,6,1
2015,46,2,3035,0,6.2,1.71,0,1,1,1,0,1,0,1,35,18,6,6,1,192,6,0
5078,38,7,7662,0,7.4,0.25,1,1,1,1,0,1,0,1,38,18,7,7,1,182,5,1
5259,43,1,7933,0,6.8,1.61,1,1,1,1,0,1,0,1,36,18,7,7,1,202,7,3
1736,30,3,2631,0,6.8,0.63,0,1,1,1,0,1,0,1,39,18,8,8,1,182,8,1
4275,30,5,6373,0,6.8,1.01,1,1,2,1,0,1,0,0,38,18,8,8,1,188,8,1
4065,47,5,6082,0,6.7,1.66,1,1,1,1,0,1,0,1,38,18,8,8,1,174,8,2
2060,41,2,3111,0,7,1.76,0,1,1,1,0,1,0,1,40,18,8,8,1,174,8,3
5343,44,5,8064,0,5.1,1.92,1,1,1,1,0,1,0,1,38,18,8,8,1,187,8,0
219,2,2,337,1,6,0.96,1,1,1,1,0,1,0,1,36,18,8,8,1,195,8,1
2862,18,4,4295,0,5.8,0.32,1,1,1,1,0,1,0,1,46,18,9,9,1,204,6,1
4466,34,4,6662,0,7.6,0.44,1,1,1,1,0,1,0,1,40,18,9,9,1,193,9,0
4805,36,6,7230,0,7.5,0.65,1,1,1,1,0,1,0,1,41,18,9,9,1,196,9,1
5410,40,9,8155,0,5.5,1.14,1,1,1,1,0,1,0,1,39,18,9,9,1,,0,0
2645,45,5,4017,0,7.4,1.27,0,1,1,1,0,1,0,1,39,18,9,9,1,175,9,0
2185,38,9,3324,0,7.4,1.79,0,1,1,1,0,1,0,1,41,18,9,9,1,195,9,0
53,2,9,84,1,6,1.06,0,1,1,1,0,1,0,1,38,18,9,9,1,194,8,1
4095,28,4,6113,0,8.9,0.39,1,1,1,1,0,1,0,1,40,18,10,10,1,188,10,3
3088,22,4,4656,0,7.4,0.42,1,1,1,1,0,1,0,1,43,18,10,10,1,189,10,1
3352,24,4,5041,0,7.3,0.65,1,1,1,1,0,1,0,1,39,18,10,10,1,187,9,3
2033,33,9,3064,0,8.1,1.29,0,1,1,1,0,1,0,1,42,18,10,10,1,202,10,2
2971,21,7,4463,0,8.6,0.25,1,1,1,1,0,1,0,1,42,18,11,11,1,201,9,3
2604,22,4,3959,0,7.4,0.42,0,1,1,1,0,1,0,1,44,18,11,11,1,150,2,0
3411,24,4,5131,0,7.3,0.65,1,1,1,1,0,1,0,1,44,18,12,12,1,140,0,0
224,2,6,342,1,6,0.38,1,1,1,1,0,1,0,1,40,19,8,4,0.5,212,4,1
1818,46,9,2744,0,6.2,1.71,0,1,1,1,0,1,0,1,42,19,9,6,0.67,,0,0
4316,45,6,6437,0,7.4,0.36,1,1,1,1,0,1,0,1,43,19,9,7,0.78,187,7,4
4473,34,3,6670,0,7.6,0.83,1,1,1,1,0,1,0,1,38,19,9,7,0.78,175,7,0
4315,45,2,6436,0,7.4,1.6,1,1,1,1,0,1,0,1,40,19,5,4,0.8,192,4,0
5123,38,4,7728,0,7.4,0.52,1,1,1,1,0,1,0,1,40,19,10,8,0.8,189,8,3
3048,21,5,4595,0,8.6,0.92,1,1,1,1,0,1,0,1,43,19,12,10,0.83,194,10,0
2494,38,6,3798,0,7.4,0.68,0,1,1,1,0,1,0,1,44,19,7,6,0.86,197,6,0
4479,34,4,6684,0,7.6,0.44,1,1,1,1,0,1,0,1,38,19,8,7,0.88,205,7,3
2759,43,4,4160,0,6.8,0.46,0,1,1,1,0,1,0,1,40,19,8,7,0.88,192,7,1
4020,46,6,6034,0,6.2,0.75,1,1,1,1,0,1,0,1,41,19,9,8,0.89,195,8,2
2726,45,1,4109,0,7.4,1.43,0,1,1,1,0,1,0,1,43,19,9,8,0.89,187,7,0
2752,43,9,4150,0,6.8,1.67,0,1,1,1,0,1,0,1,39,19,9,8,0.89,172,8,0
5372,43,5,8105,0,6.8,1.92,0,1,1,1,0,1,0,1,40,19,9,8,0.89,,0,0
2948,21,4,4430,0,8.6,0.32,1,1,1,1,0,1,0,1,43,19,10,9,0.9,187,9,2
2108,34,4,3199,0,7.6,0.44,0,1,1,1,0,1,0,1,41,19,10,9,0.9,199,9,1
5385,43,3,8124,0,6.8,0.77,1,1,1,1,0,1,0,1,42,19,10,9,0.9,174,9,2
1959,34,1,2950,0,7.6,1.29,0,1,1,1,0,1,0,1,43,19,10,9,0.9,189,9,0
1951,34,5,2941,0,7.6,1.53,0,1,1,1,0,1,0,1,42,19,10,9,0.9,201,9,1
4533,34,5,6784,0,7.6,1.53,1,1,1,1,0,1,0,1,40,19,10,9,0.9,200,9,2
2962,21,4,4451,0,8.6,0.32,1,1,1,1,0,1,0,1,44,19,11,10,0.91,182,10,4
1807,30,6,2732,0,6.8,0.36,0,1,1,1,0,1,0,1,44,19,11,10,0.91,201,10,0
2037,33,4,3068,0,8.1,0.27,0,1,1,1,0,1,0,1,44,19,12,11,0.92,192,11,1
2055,45,6,3104,0,7.4,0.36,0,1,1,1,0,1,0,1,41,19,5,5,1,191,5,1
2694,42,6,4069,0,5.6,0.64,0,1,1,1,0,1,0,1,45,19,5,5,1,189,4,1
1899,37,2,2851,0,5.5,1.39,0,1,1,1,0,1,0,1,45,19,6,6,1,,0,0
223,2,2,341,1,6,0.96,1,1,2,1,0,1,0,0,37,19,7,7,1,199,7,0
271,2,9,413,1,6,1.06,0,1,1,1,0,1,0,1,40,19,7,7,1,164,6,0
4632,34,8,6952,0,7.6,0.51,1,1,1,1,0,1,0,1,38,19,8,8,1,,0,0
2647,45,5,4019,0,7.4,1.27,0,1,1,1,0,1,0,1,40,19,8,8,1,182,8,1
3856,44,5,5820,0,5.1,1.92,1,1,1,1,0,1,0,1,38,19,8,8,1,192,8,1
2429,44,6,3697,0,5.1,0.38,0,1,1,1,0,1,0,1,40,19,9,9,1,178,9,0
2768,44,4,4176,0,5.1,0.41,0,1,1,1,0,1,0,1,41,19,9,9,1,186,9,0
3093,22,4,4661,0,7.4,0.42,0,1,1,1,0,1,0,1,43,19,9,9,1,,0,0
4323,45,4,6445,0,7.4,0.42,1,1,1,1,0,1,0,1,39,19,9,9,1,189,9,0
2094,34,4,3172,0,7.6,0.44,0,1,1,1,0,1,0,1,39,19,9,9,1,192,9,1
3688,44,8,5592,0,5.1,0.84,0,1,1,1,0,1,0,1,44,19,9,9,1,,0,0
4505,34,2,6736,0,7.6,0.91,1,1,1,1,0,1,0,1,40,19,9,9,1,195,9,1
4704,35,5,7065,0,6.9,1.01,1,1,1,1,0,1,0,1,43,19,9,9,1,193,9,3
1705,28,5,2586,0,8.9,1.05,0,1,1,1,0,1,0,1,39,19,9,9,1,179,9,0
2050,34,1,3097,0,7.6,1.29,0,1,1,1,0,1,0,1,40,19,9,9,1,182,9,0
2025,47,2,3051,0,6.7,1.6,0,1,1,1,0,1,0,1,41,19,9,9,1,175,9,0
2427,43,1,3695,0,6.8,1.61,0,1,1,1,0,1,0,1,38,19,9,9,1,181,9,3
810,8,4,1237,1,4.5,0.17,0,1,1,1,0,1,0,1,39,19,9,9,1,185,8,2
4307,30,4,6427,0,6.8,0.41,1,1,1,1,0,1,0,1,43,19,10,10,1,191,10,3
4639,34,8,6962,0,7.6,0.51,1,1,1,1,0,1,0,1,42,19,10,10,1,195,10,1
3783,47,1,5719,0,6.7,1.22,0,1,1,1,0,1,0,1,41,19,10,10,1,158,10,2
5080,38,1,7664,0,7.4,1.4,1,1,1,1,0,1,0,1,39,19,10,10,1,182,10,2
4106,28,4,6127,0,8.9,0.39,1,1,1,1,0,1,0,1,41,19,11,11,1,194,11,3
2588,21,6,3940,0,8.6,0.46,0,1,1,1,0,1,0,1,43,19,11,11,1,182,11,1
57,21,9,93,0,8.6,0.38,0,1,1,1,0,1,0,1,43,19,12,12,1,,0,0
3413,24,4,5133,0,7.3,0.65,1,1,1,1,0,1,0,1,44,19,12,12,1,190,11,0
5363,44,2,8094,0,5.1,1.39,1,1,1,1,0,1,0,1,39,20,6,3,0.5,,0,0
3803,46,8,5742,0,6.2,0.84,0,1,1,1,0,1,0,1,48,20,10,5,0.5,178,5,1
3095,22,1,4665,0,7.4,1.36,1,1,1,1,0,1,0,1,47,20,9,5,0.56,200,4,0
4763,37,4,7168,0,5.5,0.73,1,1,1,1,0,1,0,1,41,20,10,6,0.6,187,6,0
5085,38,4,7673,0,7.4,0.52,1,1,1,1,0,1,0,1,44,20,8,5,0.63,184,5,4
3472,28,5,5212,0,8.9,1.05,1,1,1,1,0,1,0,1,41,20,11,7,0.64,202,6,1
5324,43,4,8039,0,6.8,0.46,1,1,1,1,0,1,0,1,40,20,6,4,0.67,184,4,2
792,13,5,1215,1,6,0.7,0,1,1,1,0,1,0,1,41,20,9,6,0.67,190,5,0
2649,45,5,4023,0,7.4,1.27,0,1,1,1,0,1,0,1,43,20,10,7,0.7,179,7,0
274,2,3,417,1,6,0.47,0,1,1,1,0,1,0,1,44,20,10,7,0.7,157,6,0
4321,45,8,6442,0,7.4,0.62,1,1,1,1,0,1,0,1,48,20,7,5,0.71,177,5,1
1676,28,9,2539,0,8.9,1.1,0,1,1,1,0,1,0,1,39,20,7,5,0.71,193,5,0
4409,31,6,6559,0,7.7,0.49,1,1,1,1,0,1,0,1,43,20,8,6,0.75,179,6,0
4913,42,2,7413,0,5.6,1.55,1,1,1,1,0,1,0,1,41,20,8,6,0.75,178,6,0
4047,47,7,6064,0,6.7,0.33,1,1,1,1,0,1,0,1,41,20,9,7,0.78,180,6,2
3407,24,4,5127,0,7.3,0.65,1,1,1,1,0,1,0,1,45,20,10,8,0.8,157,0,0
3848,44,9,5810,0,5.1,1.63,1,1,1,1,0,1,0,1,41,20,10,8,0.8,,0,0
3982,45,2,5986,0,7.4,1.6,1,1,1,1,0,1,0,1,39,20,6,5,0.83,,0,0
4831,36,8,7273,0,7.5,0.51,1,1,1,1,0,1,0,1,40,20,7,6,0.86,185,6,0
70,22,4,110,0,7.4,0.42,0,1,2,1,0,1,0,0,42,20,8,7,0.88,194,7,0
5251,47,7,7924,0,6.7,0.33,1,1,1,1,0,1,0,1,42,20,9,8,0.89,192,8,0
5069,41,8,7649,0,7,0.54,1,1,3,1,0,1,0,0,42,20,9,8,0.89,193,7,0
4012,46,6,6023,0,6.2,0.75,1,1,1,1,0,1,0,1,42,20,9,8,0.89,187,8,0
4248,30,5,6336,0,6.8,1.01,1,1,2,1,0,1,0,0,42,20,9,8,0.89,190,8,1
292,2,1,442,1,6,2.33,0,1,2,1,0,1,0,0,41,20,9,8,0.89,177,8,0
4471,34,7,6668,0,7.6,0.29,1,1,1,1,0,1,0,1,43,20,10,9,0.9,200,9,2
3185,24,4,4796,0,7.3,0.65,1,1,1,1,0,1,0,1,41,20,10,9,0.9,190,9,2
5175,38,5,7807,0,7.4,1.14,1,1,1,1,0,1,0,1,42,20,10,9,0.9,,0,0
3678,44,5,5575,0,5.1,1.92,0,1,1,1,0,1,0,1,42,20,10,9,0.9,175,6,0
3603,28,7,5446,0,8.9,0.21,1,1,1,1,0,1,0,1,40,20,11,10,0.91,188,10,1
2052,34,4,3099,0,7.6,0.44,0,1,1,1,0,1,0,1,48,20,11,10,0.91,194,10,3
3323,28,5,4999,0,8.9,1.05,1,1,1,1,0,1,0,1,41,20,11,10,0.91,186,10,0
5103,38,6,7699,0,7.4,0.68,1,1,1,1,0,1,0,1,37,20,5,5,1,183,5,0
2084,44,2,3154,0,5.1,1.39,0,1,1,1,0,1,0,1,39,20,5,5,1,178,5,0
4172,30,5,6223,0,6.8,1.01,1,1,2,1,0,1,0,0,40,20,6,6,1,184,6,0
285,2,4,430,1,6,0.37,0,1,1,1,0,1,0,1,37,20,6,6,1,191,6,2
2602,22,4,3957,0,7.4,0.42,0,1,1,1,0,1,0,1,43,20,7,7,1,197,7,0
4806,36,6,7231,0,7.5,0.65,1,1,1,1,0,1,0,1,43,20,7,7,1,197,7,0
4262,31,9,6356,0,7.7,0.87,1,1,1,1,0,1,0,1,40,20,7,7,1,,0,0
289,2,1,436,1,6,2.33,0,1,2,1,0,1,0,0,39,20,7,7,1,186,7,0
220,2,1,338,1,6,2.33,1,1,3,1,0,1,0,0,38,20,7,7,1,197,7,0
3935,45,4,5931,0,7.4,0.42,1,1,1,1,0,1,0,1,40,20,8,8,1,201,8,1
2171,36,4,3305,0,7.5,0.46,0,1,1,1,0,1,0,1,40,20,8,8,1,184,8,1
2722,43,6,4105,0,6.8,0.56,0,1,1,1,0,1,0,1,41,20,8,8,1,187,8,0
1867,31,1,2810,0,7.7,1.11,0,1,1,1,0,1,0,1,41,20,8,8,1,183,8,0
4984,39,9,7527,0,6.7,1.37,1,1,1,1,0,1,0,1,41,20,8,8,1,186,8,0
2104,34,9,3191,0,7.6,1.56,0,1,1,1,0,1,0,1,42,20,8,8,1,190,8,0
2459,40,5,3753,0,5.5,1.57,0,1,2,1,0,1,0,0,41,20,8,8,1,181,8,2
5345,44,9,8066,0,5.1,1.63,1,1,1,1,0,1,0,1,39,20,8,8,1,189,8,1
301,2,2,458,1,6,0.96,0,1,1,1,0,1,0,1,40,20,8,8,1,191,8,0
2407,41,6,3668,0,7,0.37,0,1,1,1,0,1,0,1,42,20,9,9,1,195,9,1
3537,28,4,5325,0,8.9,0.39,1,1,1,1,0,1,0,1,41,20,9,9,1,191,8,1
4274,30,4,6372,0,6.8,0.41,1,1,1,1,0,1,0,1,42,20,9,9,1,185,9,2
2106,34,4,3194,0,7.6,0.44,0,1,1,1,0,1,0,1,40,20,9,9,1,181,9,0
1674,28,3,2537,0,8.9,0.5,0,1,1,1,0,1,0,1,41,20,9,9,1,195,7,2
4094,28,3,6112,0,8.9,0.5,1,1,1,1,0,1,0,1,41,20,9,9,1,189,7,1
2634,45,8,4003,0,7.4,0.62,0,1,1,1,0,1,0,1,44,20,9,9,1,164,8,1
4799,35,2,7220,0,6.9,1.28,1,1,1,1,0,1,0,1,42,20,9,9,1,136,0,0
2088,44,2,3158,0,5.1,1.39,0,1,1,1,0,1,0,1,43,20,9,9,1,,0,0
5225,40,5,7891,0,5.5,1.57,1,1,1,1,0,1,0,1,41,20,9,9,1,186,8,2
3877,44,5,5848,0,5.1,1.92,1,1,1,1,0,1,0,1,41,20,9,9,1,186,9,1
3892,44,5,5867,0,5.1,1.92,1,1,1,1,0,1,0,1,42,20,9,9,1,187,7,2
1248,13,4,1896,1,6,0.18,1,1,1,1,0,1,0,1,43,20,9,9,1,180,2,0
264,2,1,403,1,6,2.33,1,1,1,1,0,1,0,1,42,20,9,9,1,189,6,0
3060,21,7,4615,0,8.6,0.25,1,1,1,1,0,1,0,1,43,20,10,10,1,,0,0
2959,21,3,4448,0,8.6,0.33,1,1,1,1,0,1,0,1,43,20,10,10,1,181,9,2
3514,28,4,5284,0,8.9,0.39,1,1,1,1,0,1,0,1,40,20,10,10,1,167,10,0
4915,39,6,7417,0,6.7,0.43,1,1,1,1,0,1,0,1,43,20,10,10,1,182,10,0
2010,40,8,3028,0,5.5,0.51,0,1,1,1,0,1,0,1,44,20,10,10,1,173,10,0
2931,21,8,4397,0,8.6,0.56,1,1,1,1,0,1,0,1,42,20,10,10,1,170,9,2
73,24,4,114,0,7.3,0.65,0,1,1,1,0,1,0,1,42,20,10,10,1,195,9,0
1666,37,4,2525,0,5.5,0.73,0,1,1,1,0,1,0,1,43,20,10,10,1,180,10,0
1689,28,2,2561,0,8.9,0.91,0,1,1,1,0,1,0,1,41,20,10,10,1,173,10,2
1820,46,9,2747,0,6.2,1.71,0,1,1,1,0,1,0,1,43,20,10,10,1,181,10,0
833,9,2,1275,1,4.9,0.64,1,1,1,1,0,1,0,1,42,20,10,10,1,,8,0
1092,13,5,1655,1,6,0.7,1,1,1,1,0,1,0,1,42,20,10,10,1,,0,0
4433,33,6,6606,0,8.1,0.4,1,1,1,1,0,1,0,1,42,20,11,11,1,187,11,0
4100,28,6,6118,0,8.9,0.47,1,1,1,1,0,1,0,1,42,20,11,11,1,182,11,3
3030,21,1,4561,0,8.6,0.93,1,1,1,1,0,1,0,1,44,20,11,11,1,188,10,3
3096,22,9,4666,0,7.4,0.95,1,1,1,1,0,1,0,1,53,20,11,11,1,189,9,1
3476,28,5,5219,0,8.9,1.05,1,1,1,1,0,1,0,1,42,20,11,11,1,183,11,2
5283,42,1,7968,0,5.6,1.58,1,1,1,1,0,1,0,1,48,20,11,11,1,184,11,1
546,6,4,853,1,6.7,0.27,0,1,1,1,0,1,0,1,45,20,11,11,1,186,11,0
2949,21,4,4431,0,8.6,0.32,1,1,1,1,0,1,0,1,46,20,12,12,1,201,11,1
1637,28,4,2472,0,8.9,0.39,0,1,1,1,0,1,0,1,43,20,12,12,1,180,7,1
4447,34,4,6623,0,7.6,0.44,1,1,2,1,0,1,0,0,45,20,12,12,1,190,12,2
172,26,5,251,0,7.5,0.52,0,1,1,1,0,1,0,1,43,20,12,12,1,185,12,1
3404,24,3,5124,0,7.3,0.73,1,1,1,1,0,1,0,1,45,20,12,12,1,,0,0
2970,21,9,4462,0,8.6,0.38,1,1,1,1,0,1,0,1,46,20,13,13,1,189,12,2
1815,46,9,2741,0,6.2,1.71,0,1,1,1,0,1,0,1,42,21,9,4,0.44,,0,0
5222,41,2,7886,0,7,1.76,1,1,1,1,0,1,0,1,42,21,4,2,0.5,,0,0
4590,34,7,6882,0,7.6,0.29,1,1,1,1,0,1,0,1,42,21,9,6,0.67,197,6,0
2763,44,4,4165,0,5.1,0.41,0,1,1,1,0,1,0,1,43,21,9,6,0.67,198,6,0
4211,29,5,6286,0,5.7,1.27,1,1,1,1,0,1,0,1,42,21,9,6,0.67,199,6,0
1110,13,1,1689,1,6,1.15,0,1,1,1,0,1,0,1,43,21,10,7,0.7,193,7,0
5379,43,9,8116,0,6.8,1.67,1,1,1,1,0,1,0,1,40,21,8,6,0.75,203,6,2
4085,47,3,6102,0,6.7,0.73,1,1,1,1,0,1,0,1,43,21,9,7,0.78,189,7,1
108,46,5,158,0,6.2,1.57,0,1,1,1,0,1,0,1,45,21,9,7,0.78,142,4,0
5354,44,4,8079,0,5.1,0.41,1,1,1,1,0,1,0,1,44,21,11,9,0.82,185,9,0
74,24,4,115,0,7.3,0.65,0,1,1,1,0,1,0,1,44,21,11,9,0.82,181,9,0
2605,22,4,3960,0,7.4,0.42,0,1,1,1,0,1,0,1,43,21,7,6,0.86,192,6,0
2086,44,2,3156,0,5.1,1.39,0,1,1,1,0,1,0,1,42,21,7,6,0.86,177,4,0
5399,39,6,8139,0,6.7,0.43,1,1,1,1,0,1,0,1,55,21,15,13,0.87,,0,0
2245,40,4,3416,0,5.5,0.38,0,1,1,1,0,1,0,1,41,21,8,7,0.88,206,7,3
4076,47,1,6093,0,6.7,1.22,1,1,1,1,0,1,0,1,43,21,8,7,0.88,176,7,0
3857,44,5,5821,0,5.1,1.92,1,1,1,1,0,1,0,1,41,21,8,7,0.88,200,7,0
3538,28,7,5326,0,8.9,0.21,1,1,1,1,0,1,0,1,42,21,9,8,0.89,177,8,3
3130,22,3,4708,0,7.4,0.5,1,1,1,1,0,1,0,1,46,21,9,8,0.89,186,6,1
5004,36,3,7554,0,7.5,0.73,1,1,1,1,0,1,0,1,45,21,9,8,0.89,182,8,1
2115,34,3,3212,0,7.6,0.83,0,1,1,1,0,1,0,1,43,21,9,8,0.89,191,8,1
3482,26,1,5228,0,7.5,0.97,1,1,1,1,0,1,0,1,42,21,9,8,0.89,168,5,0
247,2,6,369,1,6,0.38,1,1,1,1,0,1,0,1,41,21,9,8,0.89,192,8,0
304,2,3,461,1,6,0.47,0,1,1,1,0,1,0,1,42,21,9,8,0.89,188,8,1
3480,26,4,5226,0,7.5,0.3,1,1,1,1,0,1,0,1,43,21,10,9,0.9,191,9,4
5218,45,9,7881,0,7.4,1.14,1,1,1,1,0,1,0,1,42,21,10,9,0.9,187,9,2
3549,28,1,5344,0,8.9,1.15,1,1,1,1,0,1,0,1,43,21,10,9,0.9,185,9,2
977,12,4,1494,1,5.4,0.26,1,1,1,1,0,1,0,1,42,21,10,9,0.9,206,9,1
536,6,3,836,1,6.7,0.3,0,1,1,1,0,1,0,1,42,21,10,9,0.9,192,9,0
3067,22,4,4625,0,7.4,0.42,0,1,1,1,0,1,0,1,47,21,11,10,0.91,185,8,2
2112,34,4,3205,0,7.6,0.44,0,1,1,1,0,1,0,1,43,21,11,10,0.91,196,10,1
3028,21,1,4559,0,8.6,0.93,1,1,1,1,0,1,0,1,45,21,11,10,0.91,188,10,2
2307,26,1,3512,0,7.5,0.97,0,1,1,1,0,1,0,1,44,21,11,10,0.91,149,9,0
5350,44,9,8074,0,5.1,1.63,1,1,1,1,0,1,0,1,47,21,11,10,0.91,190,10,0
3778,46,6,5714,0,6.2,0.75,0,1,1,1,0,1,0,1,47,21,12,11,0.92,191,11,0
1715,28,5,2601,0,8.9,1.05,0,1,1,1,0,1,0,1,52,21,17,16,0.94,196,9,1
5245,46,2,7917,0,6.2,1.71,1,1,1,1,0,1,0,1,40,21,5,5,1,,0,0
225,2,4,343,1,6,0.37,1,1,1,1,0,1,0,1,37,21,5,5,1,200,5,0
3769,46,5,5704,0,6.2,1.57,0,1,1,1,0,1,0,1,41,21,6,6,1,188,6,0
2244,40,4,3415,0,5.5,0.38,0,1,1,1,0,1,0,1,42,21,7,7,1,201,5,0
2599,22,4,3954,0,7.4,0.42,0,1,1,1,0,1,0,1,44,21,7,7,1,196,7,0
3108,22,5,4682,0,7.4,0.92,0,1,1,1,0,1,0,1,46,21,7,7,1,197,6,0
5089,39,1,7680,0,6.7,0.97,1,1,1,1,0,1,0,1,42,21,7,7,1,196,7,1
4744,36,5,7138,0,7.5,1.01,1,1,1,1,0,1,0,1,38,21,7,7,1,207,7,3
3171,24,5,4780,0,7.3,0.22,0,1,1,1,0,1,0,1,43,21,8,8,1,177,8,0
5449,39,6,8222,0,6.7,0.43,1,1,1,1,0,1,0,1,,21,8,8,1,,8,0
5325,43,4,8040,0,6.8,0.46,1,1,1,1,0,1,0,1,41,21,8,8,1,193,8,3
4342,46,4,6468,0,6.2,0.51,1,1,1,1,0,1,0,1,42,21,8,8,1,189,8,1
2471,41,3,3771,0,7,0.53,0,1,1,1,0,1,0,1,43,21,8,8,1,201,8,0
5395,43,6,8135,0,6.8,0.56,1,1,1,1,0,1,0,1,41,21,8,8,1,182,8,0
3414,24,3,5134,0,7.3,0.73,1,1,1,1,0,1,0,1,42,21,8,8,1,191,7,0
4090,28,2,6107,0,8.9,0.91,1,1,1,1,0,1,0,1,40,21,8,8,1,184,7,2
1802,30,5,2726,0,6.8,1.01,0,1,1,1,0,1,0,1,43,21,8,8,1,174,7,1
4204,31,2,6275,0,7.7,1.18,1,1,1,1,0,1,0,1,41,21,8,8,1,175,7,0
5368,44,2,8101,0,5.1,1.39,1,1,1,1,0,1,0,1,42,21,8,8,1,192,8,0
4514,34,5,6752,0,7.6,1.53,0,1,1,1,0,1,0,1,42,21,8,8,1,189,8,0
41,1,1,69,1,6.6,0.9,0,1,2,1,0,1,0,0,41,21,8,8,1,185,8,1
263,2,1,402,1,6,2.33,1,1,1,1,0,1,0,1,42,21,8,8,1,181,4,0
1785,31,4,2701,0,7.7,0.38,0,1,1,1,0,1,0,1,41,21,9,9,1,199,9,0
5156,44,6,7778,0,5.1,0.38,1,1,1,1,0,1,0,1,43,21,9,9,1,185,9,0
4115,28,4,6140,0,8.9,0.39,1,1,1,1,0,1,0,1,43,21,9,9,1,190,9,0
1740,30,4,2637,0,6.8,0.41,0,1,1,1,0,1,0,1,42,21,9,9,1,195,9,1
4462,34,4,6656,0,7.6,0.44,1,1,1,1,0,1,0,1,42,21,9,9,1,195,9,2
2776,44,3,4189,0,5.1,0.73,0,1,1,1,0,1,0,1,44,21,9,9,1,172,9,0
5329,44,3,8045,0,5.1,0.73,1,1,1,1,0,1,0,1,45,21,9,9,1,188,9,1
4442,34,3,6615,0,7.6,0.83,1,1,1,1,0,1,0,1,41,21,9,9,1,189,9,2
2746,43,8,4139,0,6.8,0.84,0,1,1,1,0,1,0,1,42,21,9,9,1,180,9,1
3774,46,8,5710,0,6.2,0.84,0,1,1,1,0,1,0,1,43,21,9,9,1,200,8,0
2058,45,9,3109,0,7.4,1.14,0,1,2,1,0,1,0,0,44,21,9,9,1,197,9,0
1570,28,1,2355,0,8.9,1.15,0,1,1,1,0,1,0,1,41,21,9,9,1,183,9,1
4238,30,9,6321,0,6.8,1.22,1,1,1,1,0,1,0,1,44,21,9,9,1,192,9,1
2048,34,1,3095,0,7.6,1.29,0,1,1,1,0,1,0,1,42,21,9,9,1,195,9,3
5204,39,9,7858,0,6.7,1.37,1,1,1,1,0,1,0,1,43,21,9,9,1,193,8,1
1956,34,5,2946,0,7.6,1.53,0,1,1,1,0,1,0,1,41,21,9,9,1,202,9,0
902,9,2,1391,1,4.9,0.64,0,1,1,1,0,1,0,1,,21,9,9,1,,6,1
1516,17,4,2277,0,6.8,0.2,0,1,2,1,0,1,0,0,44,21,10,10,1,192,9,2
2903,21,7,4356,0,8.6,0.25,1,1,1,1,0,1,0,1,43,21,10,10,1,189,10,1
2374,37,7,3623,0,5.5,0.37,0,1,1,1,0,1,0,1,44,21,10,10,1,184,9,0
4261,31,4,6355,0,7.7,0.38,1,1,1,1,0,1,0,1,42,21,10,10,1,192,9,0
4099,28,6,6117,0,8.9,0.47,1,1,1,1,0,1,0,1,42,21,10,10,1,187,10,3
1842,28,3,2777,0,8.9,0.5,0,1,1,1,0,1,0,1,42,21,10,10,1,180,10,3
4481,34,6,6690,0,7.6,0.53,1,1,1,1,0,1,0,1,43,21,10,10,1,,0,0
72,24,4,113,0,7.3,0.65,0,1,1,1,0,1,0,1,43,21,10,10,1,181,10,0
1974,36,1,2973,0,7.5,0.75,0,1,1,1,0,1,0,1,42,21,10,10,1,177,10,1
3577,26,3,5403,0,7.5,0.37,1,1,1,1,0,1,0,1,45,21,11,11,1,167,8,0
3492,26,8,5244,0,7.5,0.41,1,1,1,1,0,1,0,1,45,21,11,11,1,176,10,1
3454,34,4,5187,0,7.6,0.44,1,1,1,1,0,1,0,1,43,21,11,11,1,196,11,2
3115,22,3,4689,0,7.4,0.5,1,1,1,1,0,1,0,1,48,21,11,11,1,162,10,1
169,26,5,248,0,7.5,0.52,0,1,1,1,0,1,0,1,45,21,11,11,1,174,11,0
78,24,4,119,0,7.3,0.65,0,1,1,1,0,1,0,1,46,21,11,11,1,173,11,1
4780,37,4,7193,0,5.5,0.73,1,1,1,1,0,1,0,1,43,21,11,11,1,,0,0
3047,21,5,4594,0,8.6,0.92,1,1,1,1,0,1,0,1,45,21,11,11,1,195,9,2
2923,21,1,4386,0,8.6,0.93,1,1,1,1,0,1,0,1,44,21,11,11,1,185,11,1
2991,21,1,4496,0,8.6,0.93,1,1,1,1,0,1,0,1,44,21,11,11,1,191,9,1
1953,34,5,2943,0,7.6,1.53,0,1,1,1,0,1,0,1,44,21,11,11,1,197,11,1
170,26,5,249,0,7.5,0.52,0,1,1,1,0,1,0,1,46,21,13,13,1,129,5,0
2600,22,4,3955,0,7.4,0.42,0,1,1,1,0,1,0,1,45,22,7,4,0.57,183,3,0
1621,42,4,2448,0,5.6,0.54,0,1,2,1,0,1,0,0,57,22,10,7,0.7,162,7,0
4035,47,8,6052,0,6.7,0.64,1,1,1,1,0,1,0,1,42,22,9,7,0.78,183,7,1
2174,36,9,3311,0,7.5,1.25,0,1,1,1,0,1,0,1,44,22,9,7,0.78,184,7,0
4600,35,2,6907,0,6.9,1.28,1,1,1,1,0,1,0,1,41,22,9,7,0.78,195,6,1
2068,41,2,3127,0,7,1.76,0,1,1,1,0,1,0,1,44,22,9,7,0.78,187,7,2
1515,18,3,2276,0,5.8,0.37,1,1,1,1,0,1,0,1,44,22,11,9,0.82,182,7,0
648,6,4,1007,1,6.7,0.27,0,1,1,1,0,1,0,1,45,22,6,5,0.83,194,5,0
5018,38,9,7573,0,7.4,1.79,1,1,1,1,0,1,0,1,43,22,7,6,0.86,202,6,1
248,2,1,370,1,6,2.33,1,1,1,1,0,1,0,1,42,22,7,6,0.86,156,4,0
3916,44,6,5901,0,5.1,0.38,1,1,1,1,0,1,0,1,43,22,8,7,0.88,182,7,0
3958,46,6,5959,0,6.2,0.75,1,1,1,1,0,1,0,1,43,22,8,7,0.88,192,7,1
2652,46,1,4026,0,6.2,1.04,0,1,1,1,0,1,0,1,43,22,8,7,0.88,171,5,0
2087,44,2,3157,0,5.1,1.39,0,1,1,1,0,1,0,1,44,22,8,7,0.88,179,6,0
2121,46,4,3227,0,6.2,0.51,0,1,1,1,0,1,0,1,43,22,9,8,0.89,196,8,3
4079,47,4,6096,0,6.7,0.53,1,1,1,1,0,1,0,1,43,22,9,8,0.89,179,8,1
3889,44,7,5864,0,5.1,0.58,1,1,1,1,0,1,0,1,44,22,9,8,0.89,170,6,0
3923,44,7,5913,0,5.1,0.58,1,1,1,1,0,1,0,1,44,22,9,8,0.89,174,7,0
4925,37,5,7434,0,5.5,0.74,1,1,1,1,0,1,0,1,45,22,9,8,0.89,179,3,1
1955,34,5,2945,0,7.6,1.53,0,1,1,1,0,1,0,1,41,22,9,8,0.89,185,8,1
3895,44,5,5871,0,5.1,1.92,1,1,1,1,0,1,0,1,44,22,9,8,0.89,160,5,0
4434,33,4,6607,0,8.1,0.27,1,1,1,1,0,1,0,1,43,22,10,9,0.9,205,9,1
2493,38,6,3797,0,7.4,0.68,0,1,1,1,0,1,0,1,43,22,10,9,0.9,162,8,0
5111,37,4,7713,0,5.5,0.73,1,1,1,1,0,1,0,1,44,22,10,9,0.9,178,9,1
3928,44,9,5920,0,5.1,1.63,1,1,1,1,0,1,0,1,42,22,10,9,0.9,179,8,0
3302,24,4,4973,0,7.3,0.65,1,1,1,1,0,1,0,1,46,22,11,10,0.91,158,9,0
2658,47,1,4033,0,6.7,1.22,0,1,1,1,0,1,0,1,45,22,11,10,0.91,189,6,1
1961,34,1,2952,0,7.6,1.29,0,1,1,1,0,1,0,1,45,22,11,10,0.91,186,10,1
2955,21,8,4439,0,8.6,0.56,1,1,1,1,0,1,0,1,47,22,12,11,0.92,201,11,1
4441,34,3,6614,0,7.6,0.83,1,1,1,1,0,1,0,1,44,22,12,11,0.92,198,11,0
3092,22,9,4660,0,7.4,0.95,0,1,1,1,0,1,0,1,47,22,5,5,1,196,5,1
5406,41,5,8149,0,7,1.09,1,1,1,1,0,1,0,1,40,22,5,5,1,195,5,0
4838,36,2,7289,0,7.5,1.18,1,1,1,1,0,1,0,1,39,22,5,5,1,,0,0
3906,44,4,5883,0,5.1,0.41,1,1,1,1,0,1,0,1,54,22,6,6,1,133,6,0
2999,22,9,4506,0,7.4,0.95,1,1,1,1,0,1,0,1,50,22,6,6,1,186,4,0
3442,26,1,5167,0,7.5,0.97,1,1,1,1,0,1,0,1,42,22,6,6,1,198,6,1
2061,41,2,3112,0,7,1.76,0,1,1,1,0,1,0,1,41,22,6,6,1,184,6,3
291,2,1,441,1,6,2.33,0,1,1,1,0,1,0,1,40,22,6,6,1,195,6,0
4906,41,4,7402,0,7,0.28,1,1,1,1,0,1,0,1,48,22,7,7,1,198,6,1
3671,41,3,5562,0,7,0.53,0,1,1,1,0,1,0,1,41,22,7,7,1,191,7,3
3966,46,6,5967,0,6.2,0.75,1,1,1,1,0,1,0,1,42,22,7,7,1,198,7,1
4402,43,3,6546,0,6.8,0.77,1,1,1,1,0,1,0,1,49,22,7,7,1,182,7,1
3913,44,8,5896,0,5.1,0.84,1,1,1,1,0,1,0,1,43,22,7,7,1,180,7,0
5359,44,8,8088,0,5.1,0.84,1,1,1,1,0,1,0,1,44,22,7,7,1,,7,1
1915,40,2,2885,0,5.5,0.96,0,1,1,1,0,1,0,1,42,22,7,7,1,,0,0
4313,44,9,6434,0,5.1,1.63,0,1,1,1,0,1,0,1,42,22,7,7,1,182,7,0
3715,44,1,5629,0,5.1,1.83,0,1,1,1,0,1,0,1,42,22,7,7,1,,5,0
238,2,3,359,1,6,0.47,1,1,1,1,0,1,0,1,39,22,7,7,1,191,7,1
1738,30,4,2634,0,6.8,0.41,0,1,1,1,0,1,0,1,42,22,8,8,1,177,8,0
2213,34,8,3370,0,7.6,0.51,0,1,1,1,0,1,0,1,42,22,8,8,1,205,8,0
1866,31,3,2809,0,7.7,0.57,0,1,1,1,0,1,0,1,41,22,8,8,1,198,7,0
3539,28,1,5327,0,8.9,1.15,1,1,1,1,0,1,0,1,41,22,8,8,1,163,8,0
3682,44,9,5582,0,5.1,1.63,0,1,1,1,0,1,0,1,41,22,8,8,1,180,8,0
613,6,4,949,1,6.7,0.27,1,1,1,1,0,1,0,1,45,22,8,8,1,192,7,0
661,6,6,1023,1,6.7,0.46,1,1,1,1,0,1,0,1,45,22,8,8,1,193,8,1
1379,15,9,2095,1,5.7,0.65,0,1,2,1,0,1,0,0,46,22,8,8,1,186,8,2
54,2,1,85,1,6,2.33,0,1,1,1,0,1,0,1,41,22,8,8,1,168,8,0
282,2,1,427,1,6,2.33,0,1,1,1,0,1,0,1,41,22,8,8,1,164,7,0
1766,30,8,2678,0,6.8,0.32,0,1,1,1,0,1,0,1,,22,9,9,1,,9,1
3846,44,4,5806,0,5.1,0.41,1,1,2,1,0,1,0,0,44,22,9,9,1,187,9,0
3608,28,3,5457,0,8.9,0.5,1,1,1,1,0,1,0,1,42,22,9,9,1,192,9,1
1817,46,4,2743,0,6.2,0.51,0,1,1,1,0,1,0,1,43,22,9,9,1,183,9,2
4043,47,4,6060,0,6.7,0.53,1,1,1,1,0,1,0,1,43,22,9,9,1,188,7,2
4577,33,3,6860,0,8.1,0.57,1,1,1,1,0,1,0,1,42,22,9,9,1,,0,0
4075,47,6,6092,0,6.7,0.68,1,1,1,1,0,1,0,1,44,22,9,9,1,187,9,1
5055,37,4,7630,0,5.5,0.73,1,1,1,1,0,1,0,1,43,22,9,9,1,,0,0
4502,34,3,6728,0,7.6,0.83,1,1,1,1,0,1,0,1,41,22,9,9,1,196,9,1
1918,31,1,2889,0,7.7,1.11,0,1,1,1,0,1,0,1,43,22,9,9,1,148,2,0
2662,47,1,4037,0,6.7,1.22,0,1,1,1,0,1,0,1,42,22,9,9,1,177,9,0
1957,34,1,2947,0,7.6,1.29,0,1,1,1,0,1,0,1,43,22,9,9,1,186,9,1
5356,44,9,8081,0,5.1,1.63,1,1,1,1,0,1,0,1,43,22,9,9,1,191,9,0
2656,47,5,4031,0,6.7,1.66,0,1,1,1,0,1,0,1,45,22,9,9,1,176,9,2
3791,47,5,5727,0,6.7,1.66,0,1,1,1,0,1,0,1,42,22,9,9,1,201,9,0
4110,28,4,6133,0,8.9,0.39,0,1,1,1,0,1,0,1,43,22,10,10,1,187,10,2
4105,28,4,6126,0,8.9,0.39,1,1,1,1,0,1,0,1,43,22,10,10,1,192,10,1
1675,28,8,2538,0,8.9,0.43,0,1,1,1,0,1,0,1,42,22,10,10,1,186,10,1
3610,28,8,5462,0,8.9,0.43,1,1,1,1,0,1,0,1,42,22,10,10,1,183,10,1
3616,28,8,5470,0,8.9,0.43,1,1,1,1,0,1,0,1,43,22,10,10,1,193,10,4
4491,34,4,6706,0,7.6,0.44,1,1,1,1,0,1,0,1,43,22,10,10,1,194,10,0
2587,21,6,3939,0,8.6,0.46,0,1,1,1,0,1,0,1,48,22,10,10,1,189,10,2
4097,28,3,6115,0,8.9,0.5,1,1,1,1,0,1,0,1,42,22,10,10,1,189,9,0
173,26,5,252,0,7.5,0.52,0,1,1,1,0,1,0,1,43,22,10,10,1,175,8,0
2787,47,4,4205,0,6.7,0.53,0,1,1,1,0,1,0,1,45,22,10,10,1,,0,0
4640,34,6,6963,0,7.6,0.53,1,1,1,1,0,1,0,1,43,22,10,10,1,197,10,1
5450,39,3,8223,0,6.7,0.57,1,1,1,1,0,1,0,1,44,22,10,10,1,175,10,0
4046,47,3,6063,0,6.7,0.73,1,1,1,1,0,1,0,1,45,22,10,10,1,198,10,0
5032,37,4,7592,0,5.5,0.73,1,1,1,1,0,1,0,1,43,22,10,10,1,,0,0
3853,46,6,5817,0,6.2,0.75,1,1,1,1,0,1,0,1,45,22,10,10,1,192,10,0
3471,28,1,5211,0,8.9,1.15,1,1,1,1,0,1,0,1,44,22,10,10,1,,0,0
3786,47,1,5722,0,6.7,1.22,0,1,1,1,0,1,0,1,45,22,10,10,1,148,8,0
1960,34,5,2951,0,7.6,1.53,0,1,1,1,0,1,0,1,43,22,10,10,1,194,10,2
4253,34,9,6342,0,7.6,1.56,1,1,1,1,0,1,0,1,43,22,10,10,1,198,10,0
2462,40,5,3758,0,5.5,1.57,0,1,1,1,0,1,0,1,44,22,10,10,1,173,10,0
14,1,6,19,1,6.6,0.12,1,1,2,1,0,1,0,0,44,22,10,10,1,189,10,2
4448,34,7,6624,0,7.6,0.29,1,1,1,1,0,1,0,1,46,22,11,11,1,,0,0
3053,21,3,4602,0,8.6,0.33,1,1,1,1,0,1,0,1,45,22,11,11,1,197,11,0
2952,21,6,4434,0,8.6,0.46,1,1,1,1,0,1,0,1,46,22,11,11,1,194,11,1
2124,46,6,3230,0,6.2,0.75,0,1,1,1,0,1,0,1,45,22,11,11,1,187,11,0
4341,46,3,6467,0,6.2,0.83,1,1,1,1,0,1,0,1,47,22,11,11,1,190,11,0
3409,24,4,5129,0,7.3,0.65,1,1,1,1,0,1,0,1,46,22,12,12,1,174,12,1
1544,17,4,2316,0,6.8,0.2,0,1,2,1,0,1,0,0,44,23,7,4,0.57,187,4,1
2034,33,9,3065,0,8.1,1.29,0,1,1,1,0,1,0,1,43,23,7,4,0.57,213,4,0
4973,37,4,7504,0,5.5,0.73,1,1,1,1,0,1,0,1,43,23,8,5,0.63,,0,0
4236,30,9,6318,0,6.8,1.22,1,1,1,1,0,1,0,1,45,23,6,4,0.67,200,4,0
2288,37,4,3484,0,5.5,0.73,0,1,1,1,0,1,0,1,46,23,10,7,0.7,147,7,0
1876,33,2,2820,0,8.1,0.8,0,1,1,1,0,1,0,1,44,23,10,7,0.7,193,7,1
4061,47,1,6078,0,6.7,1.22,1,1,1,1,0,1,0,1,45,23,10,7,0.7,177,7,3
4071,47,8,6088,0,6.7,0.64,1,1,1,1,0,1,0,1,42,23,7,5,0.71,,0,0
4412,33,4,6562,0,8.1,0.27,1,1,1,1,0,1,0,1,47,23,11,8,0.73,190,8,3
1877,33,2,2821,0,8.1,0.8,0,1,1,1,0,1,0,1,43,23,8,6,0.75,189,6,0
4764,37,3,7169,0,5.5,0.87,1,1,1,1,0,1,0,1,43,23,8,6,0.75,171,6,1
3866,44,5,5831,0,5.1,1.92,1,1,1,1,0,1,0,1,45,23,8,6,0.75,177,5,0
235,2,3,356,1,6,0.47,1,1,1,1,0,1,0,1,43,23,8,6,0.75,172,6,1
4576,33,4,6859,0,8.1,0.27,1,1,1,1,0,1,0,1,48,23,12,9,0.75,191,9,0
4487,34,8,6702,0,7.6,0.51,1,1,1,1,0,1,0,1,44,23,9,7,0.78,189,7,1
4428,33,3,6600,0,8.1,0.57,0,1,1,1,0,1,0,1,44,23,9,7,0.78,201,7,1
3605,28,5,5450,0,8.9,1.05,1,1,1,1,0,1,0,1,47,23,10,8,0.8,197,8,1
3443,26,4,5168,0,7.5,0.3,1,1,1,1,0,1,0,1,48,23,11,9,0.82,181,9,1
2196,33,6,3338,0,8.1,0.4,0,1,1,1,0,1,0,1,47,23,11,9,0.82,200,9,1
3513,28,6,5283,0,8.9,0.47,1,1,1,1,0,1,0,1,45,23,11,9,0.82,197,9,1
1952,34,5,2942,0,7.6,1.53,0,1,1,1,0,1,0,1,46,23,11,9,0.82,185,9,0
277,2,1,422,1,6,2.33,0,1,1,1,0,1,0,1,43,23,6,5,0.83,173,5,0
1816,46,4,2742,0,6.2,0.51,0,1,1,1,0,1,0,1,43,23,7,6,0.86,182,6,0
1875,33,2,2819,0,8.1,0.8,0,1,1,1,0,1,0,1,42,23,7,6,0.86,190,6,2
1680,28,9,2545,0,8.9,1.1,0,1,1,1,0,1,0,1,44,23,7,6,0.86,185,6,0
227,2,9,345,1,6,1.06,1,1,1,1,0,1,0,1,41,23,7,6,0.86,198,9,1
2176,36,4,3313,0,7.5,0.46,0,1,1,1,0,1,0,1,44,23,8,7,0.88,190,7,0
2682,47,8,4057,0,6.7,0.64,0,1,1,1,0,1,0,1,43,23,8,7,0.88,183,7,1
3809,47,6,5749,0,6.7,0.68,0,1,1,1,0,1,0,1,43,23,8,7,0.88,182,7,1
4901,37,4,7397,0,5.5,0.73,1,1,1,1,0,1,0,1,43,23,8,7,0.88,162,5,0
3104,22,5,4678,0,7.4,0.92,1,1,1,1,0,1,0,1,46,23,8,7,0.88,184,7,0
4683,35,1,7032,0,6.9,1.25,1,1,1,1,0,1,0,1,43,23,8,7,0.88,185,7,1
5153,44,4,7774,0,5.1,0.41,1,1,2,1,0,1,0,0,44,23,9,8,0.89,193,8,1
4417,33,2,6571,0,8.1,0.8,1,1,1,1,0,1,0,1,44,23,9,8,0.89,186,8,0
4030,46,3,6047,0,6.2,0.83,1,1,1,1,0,1,0,1,44,23,9,8,0.89,184,8,0
3211,22,5,4828,0,7.4,0.92,0,1,1,1,0,1,0,1,46,23,9,8,0.89,196,8,0
5188,39,1,7827,0,6.7,0.97,1,1,1,1,0,1,0,1,44,23,9,8,0.89,193,8,2
2247,40,9,3419,0,5.5,1.14,0,1,1,1,0,1,0,1,43,23,9,8,0.89,193,8,2
2774,44,9,4187,0,5.1,1.63,0,1,1,1,0,1,0,1,44,23,9,8,0.89,182,8,1
3858,44,1,5822,0,5.1,1.83,1,1,1,1,0,1,0,1,45,23,9,8,0.89,183,8,0
3963,46,4,5964,0,6.2,0.51,1,1,1,1,0,1,0,1,45,23,10,9,0.9,,0,0
4630,34,8,6950,0,7.6,0.51,1,1,1,1,0,1,0,1,45,23,10,9,0.9,,0,0
3124,22,5,4699,0,7.4,0.92,1,1,1,1,0,1,0,1,50,23,10,9,0.9,191,7,0
3753,45,9,5679,0,7.4,1.14,0,1,1,1,0,1,0,1,45,23,10,9,0.9,,0,0
1897,36,2,2846,0,7.5,1.18,0,1,1,1,0,1,0,1,44,23,10,9,0.9,196,9,1
1690,28,6,2562,0,8.9,0.47,0,1,1,1,0,1,0,1,44,23,11,10,0.91,189,10,0
77,24,4,118,0,7.3,0.65,0,1,1,1,0,1,0,1,45,23,11,10,0.91,178,10,0
2611,22,4,3970,0,7.4,0.42,0,1,1,1,0,1,0,1,50,23,5,5,1,192,3,0
3097,22,1,4667,0,7.4,1.36,1,1,1,1,0,1,0,1,47,23,5,5,1,189,4,0
1528,17,4,2297,0,6.8,0.2,0,1,1,1,0,1,0,1,41,23,7,7,1,176,7,3
5237,41,4,7909,0,7,0.28,1,1,2,1,0,1,0,0,43,23,7,7,1,187,7,2
3703,46,1,5615,0,6.2,1.04,0,1,1,1,0,1,0,1,44,23,7,7,1,,0,0
305,2,3,462,1,6,0.47,0,1,1,1,0,1,0,1,41,23,7,7,1,183,7,0
2977,23,6,4472,0,7.8,0.38,1,1,1,1,0,1,0,1,45,23,8,8,1,187,8,2
5422,40,4,8176,0,5.5,0.38,1,1,1,1,0,1,0,1,43,23,8,8,1,187,8,0
4112,28,4,6136,0,8.9,0.39,1,1,1,1,0,1,0,1,45,23,8,8,1,192,7,2
4302,31,8,6421,0,7.7,0.39,1,1,1,1,0,1,0,1,,23,8,8,1,,8,0
5349,44,4,8073,0,5.1,0.41,1,1,1,1,0,1,0,1,45,23,8,8,1,191,8,0
2159,36,8,3286,0,7.5,0.51,0,1,1,1,0,1,0,1,41,23,8,8,1,193,8,2
5220,41,3,7884,0,7,0.53,1,1,1,1,0,1,0,1,43,23,8,8,1,196,8,3
4569,33,3,6848,0,8.1,0.57,1,1,1,1,0,1,0,1,45,23,8,8,1,200,8,1
3859,44,7,5823,0,5.1,0.58,1,1,1,1,0,1,0,1,45,23,8,8,1,183,8,0
2281,36,6,3472,0,7.5,0.65,0,1,1,1,0,1,0,1,44,23,8,8,1,188,8,3
4646,35,6,6973,0,6.9,0.7,1,1,1,1,0,1,0,1,44,23,8,8,1,195,8,1
4615,35,9,6931,0,6.9,1.75,1,1,1,1,0,1,0,1,48,23,8,8,1,187,8,2
5167,38,9,7798,0,7.4,1.79,1,1,1,1,0,1,0,1,43,23,8,8,1,200,8,0
808,8,4,1234,1,4.5,0.17,0,1,1,1,0,1,0,1,42,23,8,8,1,,0,0
1247,13,4,1895,1,6,0.18,1,1,1,1,0,1,0,1,43,23,8,8,1,198,6,2
1390,15,5,2114,1,5.7,0.61,0,1,1,1,0,1,0,1,,23,8,8,1,,8,1
3572,26,4,5395,0,7.5,0.3,1,1,1,1,0,1,0,1,46,23,9,9,1,197,9,2
1806,30,6,2731,0,6.8,0.36,0,1,1,1,0,1,0,1,44,23,9,9,1,183,9,1
4240,30,4,6324,0,6.8,0.41,1,1,1,1,0,1,0,1,43,23,9,9,1,188,9,2
3638,29,4,5509,0,5.7,0.48,1,1,1,1,0,1,0,1,45,23,9,9,1,185,9,1
1854,31,6,2792,0,7.7,0.49,0,1,1,1,0,1,0,1,42,23,9,9,1,188,9,0
1679,28,3,2544,0,8.9,0.5,0,1,1,1,0,1,0,1,42,23,9,9,1,188,7,1
1830,46,4,2761,0,6.2,0.51,0,1,1,1,0,1,0,1,44,23,9,9,1,188,9,3
2789,47,4,4207,0,6.7,0.53,0,1,1,1,0,1,0,1,43,23,9,9,1,180,9,2
3813,47,8,5753,0,6.7,0.64,0,1,1,1,0,1,0,1,45,23,9,9,1,175,9,0
4455,34,3,6639,0,7.6,0.83,1,1,1,1,0,1,0,1,44,23,9,9,1,201,9,1
4279,31,9,6379,0,7.7,0.87,1,1,1,1,0,1,0,1,45,23,9,9,1,182,8,0
5409,41,5,8154,0,7,1.09,1,1,2,1,0,1,0,0,43,23,9,9,1,191,8,2
2102,34,9,3188,0,7.6,1.56,0,1,1,1,0,1,0,1,41,23,9,9,1,,0,0
4568,33,4,6847,0,8.1,0.27,1,1,1,1,0,1,0,1,45,23,10,10,1,190,10,0
4411,33,6,6561,0,8.1,0.4,1,1,1,1,0,1,0,1,45,23,10,10,1,190,10,2
4430,33,8,6602,0,8.1,0.41,0,1,1,1,0,1,0,1,48,23,10,10,1,151,8,0
4485,34,4,6697,0,7.6,0.44,1,1,1,1,0,1,0,1,44,23,10,10,1,188,10,1
3501,28,6,5261,0,8.9,0.47,1,1,1,1,0,1,0,1,45,23,10,10,1,190,10,0
4587,35,6,6879,0,6.9,0.7,1,1,1,1,0,1,0,1,44,23,10,10,1,,0,0
2976,23,9,4471,0,7.8,0.72,1,1,1,1,0,1,0,1,45,23,10,10,1,188,10,1
3777,46,6,5713,0,6.2,0.75,0,1,1,1,0,1,0,1,46,23,10,10,1,189,10,0
1879,33,2,2823,0,8.1,0.8,0,1,1,1,0,1,0,1,47,23,10,10,1,191,10,0
4091,28,9,6108,0,8.9,1.1,1,1,1,1,0,1,0,1,44,23,10,10,1,204,10,2
1998,31,1,3006,0,7.7,1.11,0,1,1,1,0,1,0,1,44,23,10,10,1,143,8,0
552,6,4,861,1,6.7,0.27,0,1,1,1,0,1,0,1,47,23,10,10,1,190,10,4
119,26,4,174,0,7.5,0.3,0,1,1,1,0,1,0,1,48,23,11,11,1,174,11,0
2964,21,9,4453,0,8.6,0.38,1,1,2,1,0,1,0,0,46,23,11,11,1,187,11,2
1681,28,4,2546,0,8.9,0.39,0,1,1,1,0,1,0,1,45,23,11,11,1,198,11,3
1554,26,8,2331,0,7.5,0.41,0,1,1,1,0,1,0,1,47,23,11,11,1,180,10,0
4233,30,4,6314,0,6.8,0.41,1,1,1,1,0,1,0,1,46,23,11,11,1,188,11,0
3022,21,6,4552,0,8.6,0.46,1,1,1,1,0,1,0,1,50,23,11,11,1,191,9,1
3035,21,6,4576,0,8.6,0.46,1,1,1,1,0,1,0,1,46,23,11,11,1,186,9,2
3504,28,6,5264,0,8.9,0.47,1,1,1,1,0,1,0,1,45,23,11,11,1,177,11,2
1223,13,3,1859,1,6,0.23,0,1,1,1,0,1,0,1,45,23,11,11,1,184,11,1
1120,13,1,1709,1,6,1.15,0,1,1,1,0,1,0,1,46,23,12,12,1,190,12,2
2031,33,6,3062,0,8.1,0.4,0,1,1,1,0,1,0,1,48,24,8,1,0.13,,0,0
4643,33,7,6968,0,8.1,0.08,1,1,1,1,0,1,0,1,47,24,9,5,0.56,190,5,3
5244,46,2,7916,0,6.2,1.71,1,1,1,1,0,1,0,1,42,24,7,4,0.57,,0,0
1502,17,4,2259,0,6.8,0.2,1,1,1,1,0,1,0,1,,24,5,3,0.6,,3,1
4242,30,9,6327,0,6.8,1.22,1,1,1,1,0,1,0,1,46,24,11,7,0.64,190,7,0
3068,22,8,4626,0,7.4,0.6,1,1,1,1,0,1,0,1,44,24,6,4,0.67,189,4,0
1719,29,9,2607,0,5.7,1.25,0,1,1,1,0,1,0,1,47,24,6,4,0.67,199,4,1
3712,44,3,5625,0,5.1,0.73,0,1,1,1,0,1,0,1,44,24,9,6,0.67,192,6,0
1524,18,4,2291,0,5.8,0.32,0,1,1,1,0,1,0,1,48,24,10,7,0.7,192,6,0
1827,46,4,2757,0,6.2,0.51,0,1,1,1,0,1,0,1,44,24,7,5,0.71,177,5,2
2591,21,6,3944,0,8.6,0.46,0,1,1,1,0,1,0,1,50,24,11,8,0.73,188,8,1
2475,41,4,3775,0,7,0.28,0,1,1,1,0,1,0,1,45,24,8,6,0.75,189,6,1
4049,47,8,6066,0,6.7,0.64,1,1,1,1,0,1,0,1,44,24,8,6,0.75,184,4,1
4537,32,2,6791,0,6.8,0.85,1,1,1,1,0,1,0,1,47,24,8,6,0.75,189,6,2
5002,39,8,7552,0,6.7,0.41,1,1,1,1,0,1,0,1,41,24,5,4,0.8,182,4,0
2032,33,6,3063,0,8.1,0.4,0,1,1,1,0,1,0,1,48,24,11,9,0.82,195,9,0
3970,46,4,5972,0,6.2,0.51,1,1,1,1,0,1,0,1,51,24,11,9,0.82,185,9,0
2773,44,9,4186,0,5.1,1.63,0,1,1,1,0,1,0,1,44,24,6,5,0.83,192,5,0
2432,44,6,3700,0,5.1,0.38,0,1,1,1,0,1,0,1,46,24,7,6,0.86,,6,0
563,8,9,874,1,4.5,0.46,1,1,2,1,0,1,0,0,43,24,7,6,0.86,197,6,0
3936,45,6,5932,0,7.4,0.36,1,1,1,1,0,1,0,1,45,24,8,7,0.88,,0,0
3690,44,6,5594,0,5.1,0.38,0,1,1,1,0,1,0,1,44,24,8,7,0.88,194,7,0
1743,30,4,2641,0,6.8,0.41,0,1,1,1,0,1,0,1,43,24,8,7,0.88,186,7,0
1745,30,4,2644,0,6.8,0.41,0,1,1,1,0,1,0,1,43,24,8,7,0.88,213,7,3
2569,34,4,3911,0,7.6,0.44,0,1,1,1,0,1,0,1,43,24,8,7,0.88,186,7,2
3107,22,6,4681,0,7.4,0.49,1,1,1,1,0,1,0,1,47,24,8,7,0.88,199,7,0
3956,46,7,5957,0,6.2,0.5,0,1,1,1,0,1,0,1,45,24,8,7,0.88,187,7,0
1997,31,1,3005,0,7.7,1.11,0,1,1,1,0,1,0,1,43,24,8,7,0.88,156,7,0
2474,41,9,3774,0,7,1.14,0,1,3,1,0,1,0,0,45,24,8,7,0.88,184,7,3
2085,44,2,3155,0,5.1,1.39,0,1,1,1,0,1,0,1,43,24,8,7,0.88,,0,0
3455,34,5,5188,0,7.6,1.53,1,1,1,1,0,1,0,1,44,24,8,7,0.88,191,7,0
3952,46,5,5952,0,6.2,1.57,1,1,1,1,0,1,0,1,,24,8,7,0.88,,6,0
5227,40,5,7894,0,5.5,1.57,1,1,1,1,0,1,0,1,44,24,8,7,0.88,175,7,0
2434,44,6,3703,0,5.1,0.38,0,1,1,1,0,1,0,1,53,24,17,15,0.88,,0,0
4446,34,7,6622,0,7.6,0.29,1,1,1,1,0,1,0,1,43,24,9,8,0.89,,0,0
2290,37,4,3486,0,5.5,0.73,0,1,1,1,0,1,0,1,47,24,9,8,0.89,180,6,2
5068,41,7,7648,0,7,0.25,1,1,1,1,0,1,0,1,48,24,10,9,0.9,193,8,2
3838,44,4,5788,0,5.1,0.41,1,1,1,1,0,1,0,1,46,24,10,9,0.9,181,9,0
2036,33,3,3067,0,8.1,0.57,0,1,1,1,0,1,0,1,44,24,10,9,0.9,204,9,0
3801,46,8,5739,0,6.2,0.84,0,1,1,1,0,1,0,1,47,24,10,9,0.9,188,9,0
4803,35,4,7228,0,6.9,0.45,1,1,1,1,0,1,0,1,47,24,11,10,0.91,194,10,0
2139,35,4,3252,0,6.9,0.45,0,1,1,1,0,1,0,1,43,24,6,6,1,194,6,1
5185,39,4,7821,0,6.7,0.48,1,1,1,1,0,1,0,1,47,24,6,6,1,189,6,0
3078,22,8,4643,0,7.4,0.6,1,1,1,1,0,1,0,1,47,24,6,6,1,194,6,0
4285,30,3,6389,0,6.8,0.63,1,1,2,1,0,1,0,0,44,24,6,6,1,196,6,2
4752,37,4,7153,0,5.5,0.73,1,1,1,1,0,1,0,1,43,24,6,6,1,,0,0
4604,39,1,6912,0,6.7,0.97,1,1,1,1,0,1,0,1,43,24,6,6,1,188,6,1
4173,30,2,6224,0,6.8,1.12,1,1,1,1,0,1,0,1,43,24,6,6,1,195,6,0
2408,41,6,3669,0,7,0.37,0,1,3,1,0,1,0,0,44,24,7,7,1,188,7,0
4626,34,4,6944,0,7.6,0.44,1,1,1,1,0,1,0,1,45,24,7,7,1,195,7,1
2187,38,4,3326,0,7.4,0.52,0,1,1,1,0,1,0,1,42,24,7,7,1,186,7,1
3675,44,7,5570,0,5.1,0.58,0,1,2,1,0,1,0,0,44,24,7,7,1,175,5,0
3100,22,8,4671,0,7.4,0.6,1,1,1,1,0,1,0,1,43,24,7,7,1,187,7,0
5321,42,8,8034,0,5.6,0.79,1,1,1,1,0,1,0,1,46,24,7,7,1,194,7,2
3957,46,1,5958,0,6.2,1.04,1,1,1,1,0,1,0,1,43,24,7,7,1,172,7,0
5264,43,1,7938,0,6.8,1.61,1,1,1,1,0,1,0,1,42,24,7,7,1,191,7,2
24,1,4,39,1,6.6,0.12,1,1,1,1,0,1,0,1,43,24,7,7,1,201,7,0
1921,33,4,2893,0,8.1,0.27,0,1,1,1,0,1,0,1,45,24,8,8,1,185,8,3
3850,44,6,5814,0,5.1,0.38,1,1,1,1,0,1,0,1,45,24,8,8,1,192,8,0
3667,39,6,5553,0,6.7,0.43,0,1,1,1,0,1,0,1,45,24,8,8,1,190,8,1
3938,46,7,5934,0,6.2,0.5,1,1,1,1,0,1,0,1,44,24,8,8,1,184,7,0
3799,46,6,5737,0,6.2,0.75,0,1,1,1,0,1,0,1,44,24,8,8,1,181,8,0
4008,46,6,6019,0,6.2,0.75,1,1,1,1,0,1,0,1,48,24,8,8,1,189,8,1
3689,44,8,5593,0,5.1,0.84,0,1,1,1,0,1,0,1,47,24,8,8,1,193,8,0
1962,35,5,2953,0,6.9,1.01,0,1,1,1,0,1,0,1,43,24,8,8,1,192,8,2
4697,35,5,7054,0,6.9,1.01,1,1,1,1,0,1,0,1,43,24,8,8,1,194,7,1
3711,44,9,5624,0,5.1,1.63,0,1,1,1,0,1,0,1,45,24,8,8,1,166,8,1
3985,46,9,5989,0,6.2,1.71,1,1,1,1,0,1,0,1,43,24,8,8,1,179,8,1
4370,42,5,6508,0,5.6,1.75,1,1,1,1,0,1,0,1,46,24,8,8,1,195,8,0
1087,13,8,1649,1,6,0.32,1,1,1,1,0,1,0,1,46,24,8,8,1,189,7,1
909,8,2,1400,1,4.5,0.69,0,1,1,1,0,1,0,1,44,24,8,8,1,182,7,0
2934,20,4,4400,0,8.5,0.25,1,1,1,1,0,1,0,1,45,24,9,9,1,,0,0
3614,28,8,5468,0,8.9,0.43,1,1,1,1,0,1,0,1,45,24,9,9,1,196,8,2
4500,34,8,6725,0,7.6,0.51,1,1,1,1,0,1,0,1,45,24,9,9,1,197,9,2
4581,34,8,6869,0,7.6,0.51,1,1,1,1,0,1,0,1,47,24,9,9,1,194,9,3
2362,39,3,3603,0,6.7,0.57,0,1,1,1,0,1,0,1,48,24,9,9,1,144,6,0
4733,35,6,7121,0,6.9,0.7,1,1,1,1,0,1,0,1,46,24,9,9,1,183,8,3
64,22,9,102,0,7.4,0.95,0,1,1,1,0,1,0,1,51,24,9,9,1,189,9,2
2056,45,9,3105,0,7.4,1.14,0,1,1,1,0,1,0,1,45,24,9,9,1,175,9,0
4525,34,1,6765,0,7.6,1.29,1,1,1,1,0,1,0,1,44,24,9,9,1,184,9,0
4636,34,1,6959,0,7.6,1.29,1,1,1,1,0,1,0,1,45,24,9,9,1,186,7,1
4005,46,5,6015,0,6.2,1.57,1,1,1,1,0,1,0,1,45,24,9,9,1,193,9,0
1072,12,4,1627,1,5.4,0.26,1,1,1,1,0,1,0,1,43,24,9,9,1,187,9,0
4102,28,4,6121,0,8.9,0.39,1,1,1,1,0,1,0,1,45,24,10,10,1,190,10,1
178,26,5,262,0,7.5,0.52,0,1,1,1,0,1,0,1,48,24,10,10,1,187,10,0
5272,41,8,7951,0,7,0.54,1,1,1,1,0,1,0,1,47,24,10,10,1,187,10,2
3815,47,8,5755,0,6.7,0.64,0,1,1,1,0,1,0,1,47,24,10,10,1,185,10,3
3611,28,5,5463,0,8.9,1.05,1,1,1,1,0,1,0,1,44,24,10,10,1,185,9,3
2066,41,2,3124,0,7,1.76,0,1,1,1,0,1,0,1,47,24,10,10,1,184,9,0
905,8,2,1395,1,4.5,0.69,0,1,2,1,0,1,0,0,47,24,10,10,1,202,8,0
4427,33,4,6599,0,8.1,0.27,0,1,1,1,0,1,0,1,49,24,11,11,1,195,11,4
4701,35,7,7061,0,6.9,0.29,1,1,1,1,0,1,0,1,45,24,11,11,1,194,8,2
2202,33,6,3348,0,8.1,0.4,0,1,1,1,0,1,0,1,48,24,11,11,1,181,11,1
92,24,7,139,0,7.3,0.5,0,1,1,1,0,1,0,1,47,24,11,11,1,175,11,1
2912,20,4,4370,0,8.5,0.25,1,1,1,1,0,1,0,1,48,24,12,12,1,166,10,1
83,24,4,125,0,7.3,0.65,0,1,1,1,0,1,0,1,49,24,12,12,1,181,9,0
3410,24,4,5130,0,7.3,0.65,1,1,1,1,0,1,0,1,48,24,13,13,1,168,10,1
2292,37,4,3491,0,5.5,0.73,0,1,1,1,0,1,0,1,49,25,10,4,0.4,176,4,0
4055,47,2,6072,0,6.7,1.6,1,1,1,1,0,1,0,1,44,25,7,3,0.43,,0,0
5342,44,5,8063,0,5.1,1.92,1,1,1,1,0,1,0,1,44,25,7,4,0.57,,0,0
4343,46,6,6469,0,6.2,0.75,1,1,1,1,0,1,0,1,48,25,10,6,0.6,193,4,1
5236,41,4,7908,0,7,0.28,1,1,1,1,0,1,0,1,45,25,8,5,0.63,190,5,0
3990,46,2,5995,0,6.2,1.71,0,1,1,1,0,1,0,1,44,25,8,5,0.63,197,5,1
4440,34,4,6613,0,7.6,0.44,1,1,1,1,0,1,0,1,48,25,10,7,0.7,153,7,0
4413,33,9,6563,0,8.1,1.29,1,1,1,1,0,1,0,1,47,25,7,5,0.71,188,5,4
4401,43,4,6545,0,6.8,0.46,1,1,1,1,0,1,0,1,37,25,4,3,0.75,203,3,1
3692,44,4,5596,0,5.1,0.41,0,1,1,1,0,1,0,1,45,25,8,6,0.75,193,6,1
2721,43,8,4104,0,6.8,0.84,0,1,1,1,0,1,0,1,41,25,8,6,0.75,152,5,0
3132,23,4,4710,0,7.8,0.4,1,1,1,1,0,1,0,1,47,25,9,7,0.78,211,7,1
2953,21,4,4435,0,8.6,0.32,1,1,1,1,0,1,0,1,48,25,10,8,0.8,190,8,3
2592,21,8,3945,0,8.6,0.56,0,1,1,1,0,1,0,1,51,25,10,8,0.8,194,8,2
2289,37,4,3485,0,5.5,0.73,0,1,1,1,0,1,0,1,48,25,11,9,0.82,183,9,1
2262,35,6,3440,0,6.9,0.7,0,1,1,1,0,1,0,1,43,25,6,5,0.83,186,5,1
5250,46,2,7923,0,6.2,1.71,1,1,1,1,0,1,0,1,43,25,6,5,0.83,,0,0
4519,33,4,6758,0,8.1,0.27,1,1,1,1,0,1,0,1,44,25,7,6,0.86,204,6,1
2626,41,8,3994,0,7,0.54,0,1,2,1,0,1,0,0,43,25,7,6,0.86,189,6,0
5224,40,5,7890,0,5.5,1.57,1,1,1,1,0,1,0,1,43,25,7,6,0.86,201,5,0
2771,44,9,4184,0,5.1,1.63,0,1,1,1,0,1,0,1,43,25,7,6,0.86,183,6,0
3874,44,5,5845,0,5.1,1.92,1,1,1,1,0,1,0,1,44,25,7,6,0.86,201,6,0
831,9,2,1272,1,4.9,0.64,1,1,1,1,0,1,0,1,44,25,7,6,0.86,,0,0
2200,33,6,3344,0,8.1,0.4,0,1,1,1,0,1,0,1,47,25,8,7,0.88,191,7,4
4435,45,3,6608,0,7.4,0.43,1,1,1,1,0,1,0,1,45,25,8,7,0.88,195,7,1
3109,22,5,4683,0,7.4,0.92,1,1,1,1,0,1,0,1,54,25,8,7,0.88,192,7,0
4178,40,9,6230,0,5.5,1.14,1,1,1,1,0,1,0,1,45,25,8,7,0.88,169,7,0
1887,35,2,2834,0,6.9,1.28,0,1,1,1,0,1,0,1,46,25,8,7,0.88,,0,0
4644,33,9,6969,0,8.1,1.29,1,1,1,1,0,1,0,1,46,25,8,7,0.88,195,7,0
3882,44,5,5854,0,5.1,1.92,1,1,1,1,0,1,0,1,45,25,8,7,0.88,151,6,0
3812,47,8,5752,0,6.7,0.64,0,1,1,1,0,1,0,1,46,25,9,8,0.89,192,8,0
4779,37,4,7192,0,5.5,0.73,1,1,1,1,0,1,0,1,49,25,9,8,0.89,,0,0
5255,46,8,7929,0,6.2,0.84,1,1,1,1,0,1,0,1,46,25,9,8,0.89,184,8,1
1928,32,9,2906,0,6.8,0.91,0,1,1,1,0,1,0,1,48,25,9,8,0.89,186,8,0
3679,44,1,5576,0,5.1,1.83,0,1,1,1,0,1,0,1,,25,9,8,0.89,,4,0
975,12,4,1490,1,5.4,0.26,1,1,1,1,0,1,0,1,46,25,9,8,0.89,,0,0
2946,20,3,4424,0,8.5,0.3,1,1,1,1,0,1,0,1,48,25,10,9,0.9,193,9,1
3498,28,1,5255,0,8.9,1.15,1,1,1,1,0,1,0,1,45,25,10,9,0.9,184,9,0
4469,34,4,6665,0,7.6,0.44,1,1,1,1,0,1,0,1,47,25,11,10,0.91,191,10,0
4638,34,2,6961,0,7.6,0.91,1,1,1,1,0,1,0,1,47,25,11,10,0.91,201,10,4
4144,29,8,6180,0,5.7,0.49,1,1,1,1,0,1,0,1,44,25,4,4,1,179,4,1
2198,33,8,3341,0,8.1,0.41,0,1,1,1,0,1,0,1,45,25,5,5,1,193,5,1
386,4,4,602,1,8.2,0.32,0,1,1,1,0,1,0,1,45,25,5,5,1,196,5,2
5221,41,6,7885,0,7,0.37,1,1,1,1,0,1,0,1,46,25,6,6,1,187,6,1
1718,29,4,2606,0,5.7,0.48,0,1,1,1,0,1,0,1,44,25,6,6,1,199,6,0
4952,37,6,7469,0,5.5,0.71,1,1,1,1,0,1,0,1,46,25,6,6,1,174,5,0
4881,40,1,7355,0,5.5,0.82,1,1,1,1,0,1,0,1,43,25,6,6,1,179,5,1
2663,47,5,4038,0,6.7,1.66,0,1,1,1,0,1,0,1,45,25,6,6,1,163,6,0
306,2,9,463,1,6,1.06,0,1,2,1,0,1,0,0,43,25,6,6,1,199,6,1
2578,22,7,3926,0,7.4,0.25,0,1,1,1,0,1,0,1,47,25,7,7,1,195,7,0
2436,44,6,3705,0,5.1,0.38,0,1,1,1,0,1,0,1,44,25,7,7,1,199,7,0
2613,22,4,3973,0,7.4,0.42,0,1,1,1,0,1,0,1,46,25,7,7,1,190,5,1
4042,47,3,6059,0,6.7,0.73,1,1,1,1,0,1,0,1,45,25,7,7,1,191,7,1
2358,39,9,3594,0,6.7,1.37,0,1,1,1,0,1,0,1,45,25,7,7,1,200,7,0
21,1,4,30,1,6.6,0.12,1,1,1,1,0,1,0,1,44,25,7,7,1,171,6,0
107,26,4,157,0,7.5,0.3,0,1,1,1,0,1,0,1,48,25,8,8,1,180,8,1
4905,37,7,7401,0,5.5,0.37,1,1,1,1,0,1,0,1,47,25,8,8,1,,0,0
3684,44,6,5586,0,5.1,0.38,0,1,1,1,0,1,0,1,47,25,8,8,1,175,8,0
2195,33,6,3337,0,8.1,0.4,0,1,1,1,0,1,0,1,45,25,8,8,1,190,8,0
4571,33,8,6852,0,8.1,0.41,1,1,1,1,0,1,0,1,48,25,8,8,1,188,8,4
5447,39,4,8219,0,6.7,0.48,1,1,1,1,0,1,0,1,46,25,8,8,1,193,8,0
5469,39,4,8255,0,6.7,0.48,1,1,1,1,0,1,0,1,46,25,8,8,1,,0,0
3758,46,4,5687,0,6.2,0.51,0,1,1,1,0,1,0,1,44,25,8,8,1,183,8,0
2481,41,3,3784,0,7,0.53,0,1,1,1,0,1,0,1,47,25,8,8,1,185,8,3
4080,47,6,6097,0,6.7,0.68,1,1,1,1,0,1,0,1,46,25,8,8,1,190,8,2
4722,35,6,7105,0,6.9,0.7,1,1,1,1,0,1,0,1,46,25,8,8,1,186,8,0
4023,46,6,6038,0,6.2,0.75,1,1,1,1,0,1,0,1,45,25,8,8,1,,0,0
4200,31,9,6271,0,7.7,0.87,1,1,1,1,0,1,0,1,43,25,8,8,1,200,8,0
4765,37,3,7170,0,5.5,0.87,1,1,1,1,0,1,0,1,46,25,8,8,1,172,8,3
4174,30,5,6225,0,6.8,1.01,1,1,1,1,0,1,0,1,45,25,8,8,1,186,8,1
4689,35,5,7042,0,6.9,1.01,1,1,1,1,0,1,0,1,44,25,8,8,1,188,8,3
4606,39,5,6914,0,6.7,1.05,1,1,1,1,0,1,0,1,46,25,8,8,1,174,8,1
1910,39,2,2872,0,6.7,1.23,0,1,1,1,0,1,0,1,45,25,8,8,1,,0,0
2042,33,9,3085,0,8.1,1.29,0,1,1,1,0,1,0,1,46,25,8,8,1,173,8,1
5182,39,9,7818,0,6.7,1.37,1,1,1,1,0,1,0,1,50,25,8,8,1,180,8,0
2027,47,2,3053,0,6.7,1.6,0,1,1,1,0,1,0,1,45,25,8,8,1,192,8,1
4041,47,5,6058,0,6.7,1.66,0,1,1,1,0,1,0,1,45,25,8,8,1,177,8,1
3969,46,9,5971,0,6.2,1.71,1,1,1,1,0,1,0,1,45,25,8,8,1,184,8,0
1605,42,9,2423,0,5.6,1.79,0,1,1,1,0,1,0,1,46,25,8,8,1,187,8,3
1320,15,6,2004,1,5.7,0.16,1,1,1,1,0,1,0,1,49,25,8,8,1,190,5,1
814,8,4,1243,1,4.5,0.17,0,1,2,1,0,1,0,0,46,25,8,8,1,163,8,0
1013,10,2,1541,1,5.4,0.53,0,1,1,1,0,1,0,1,,25,8,8,1,,8,0
903,9,2,1392,1,4.9,0.64,0,1,1,1,0,1,0,1,,25,8,8,1,,7,1
906,8,2,1397,1,4.5,0.69,0,1,1,1,0,1,0,1,47,25,8,8,1,194,8,1
659,6,1,1021,1,6.7,1.4,1,1,1,1,0,1,0,1,47,25,8,8,1,202,7,1
1335,17,4,2024,0,6.8,0.2,0,1,1,1,0,1,0,1,46,25,9,9,1,178,9,3
1138,20,7,1737,0,8.5,0.25,1,1,1,1,0,1,0,1,50,25,9,9,1,178,9,5
2963,21,3,4452,0,8.6,0.33,1,1,1,1,0,1,0,1,46,25,9,9,1,196,9,2
5095,39,8,7689,0,6.7,0.41,1,1,1,1,0,1,0,1,47,25,9,9,1,179,9,0
1485,17,9,2236,0,6.8,0.42,1,1,1,1,0,1,0,1,44,25,9,9,1,196,9,0
2141,35,4,3254,0,6.9,0.45,0,1,1,1,0,1,0,1,45,25,9,9,1,194,9,2
91,24,7,137,0,7.3,0.5,0,1,2,1,0,1,0,0,48,25,9,9,1,154,7,0
4582,34,8,6870,0,7.6,0.51,1,1,1,1,0,1,0,1,46,25,9,9,1,198,9,1
4050,47,4,6067,0,6.7,0.53,1,1,1,1,0,1,0,1,47,25,9,9,1,194,7,2
5184,39,3,7820,0,6.7,0.57,1,1,1,1,0,1,0,1,47,25,9,9,1,177,7,2
1252,17,2,1902,0,6.8,0.59,1,1,1,1,0,1,0,1,47,25,9,9,1,197,9,1
3348,24,4,5036,0,7.3,0.65,1,1,1,1,0,1,0,1,46,25,9,9,1,179,9,1
4516,33,1,6754,0,8.1,0.68,1,1,1,1,0,1,0,1,48,25,9,9,1,189,9,3
3196,24,3,4811,0,7.3,0.73,1,1,1,1,0,1,0,1,47,25,9,9,1,161,9,0
5025,37,4,7583,0,5.5,0.73,1,1,1,1,0,1,0,1,46,25,9,9,1,172,9,2
5039,37,4,7601,0,5.5,0.73,1,1,1,1,0,1,0,1,48,25,9,9,1,177,9,2
4792,36,1,7212,0,7.5,0.75,1,1,1,1,0,1,0,1,46,25,9,9,1,182,9,0
1885,34,2,2832,0,7.6,0.91,0,1,1,1,0,1,0,1,48,25,9,9,1,191,9,0
3494,26,1,5247,0,7.5,0.97,1,1,1,1,0,1,0,1,49,25,9,9,1,187,8,0
2451,39,5,3730,0,6.7,1.05,0,1,1,1,0,1,0,1,46,25,9,9,1,164,9,0
3787,47,1,5723,0,6.7,1.22,0,1,1,1,0,1,0,1,45,25,9,9,1,,0,0
4415,33,9,6566,0,8.1,1.29,1,1,1,1,0,1,0,1,46,25,9,9,1,201,9,1
2728,45,1,4111,0,7.4,1.43,0,1,1,1,0,1,0,1,49,25,9,9,1,147,5,0
1950,34,5,2940,0,7.6,1.53,0,1,1,1,0,1,0,1,44,25,9,9,1,188,9,0
4468,34,9,6664,0,7.6,1.56,1,1,1,1,0,1,0,1,45,25,9,9,1,197,9,2
3716,44,1,5630,0,5.1,1.83,0,1,1,1,0,1,0,1,48,25,9,9,1,149,2,0
3165,23,3,4771,0,7.8,0.37,0,1,1,1,0,1,0,1,47,25,10,10,1,,0,0
2993,22,4,4500,0,7.4,0.42,1,1,1,1,0,1,0,1,50,25,10,10,1,196,10,1
3615,28,8,5469,0,8.9,0.43,1,1,1,1,0,1,0,1,46,25,10,10,1,188,9,2
4618,33,3,6934,0,8.1,0.57,1,1,1,1,0,1,0,1,46,25,10,10,1,186,10,1
3743,47,8,5667,0,6.7,0.64,0,1,1,1,0,1,0,1,46,25,10,10,1,177,10,3
84,24,4,126,0,7.3,0.65,0,1,1,1,0,1,0,1,47,25,10,10,1,182,9,0
3366,24,4,5060,0,7.3,0.65,0,1,1,1,0,1,0,1,47,25,10,10,1,178,10,1
5104,38,6,7700,0,7.4,0.68,1,1,1,1,0,1,0,1,44,25,10,10,1,185,10,1
5049,37,4,7620,0,5.5,0.73,1,1,1,1,0,1,0,1,48,25,10,10,1,187,10,1
1881,33,2,2827,0,8.1,0.8,0,1,1,1,0,1,0,1,47,25,10,10,1,183,10,1
4535,34,1,6789,0,7.6,1.29,1,1,1,1,0,1,0,1,46,25,10,10,1,203,10,1
1976,37,1,2976,0,5.5,1.32,0,1,1,1,0,1,0,1,48,25,10,10,1,140,3,0
1002,10,4,1529,1,5.4,0.3,1,1,1,1,0,1,0,1,46,25,10,10,1,195,9,1
428,4,6,660,1,8.2,0.37,1,1,1,1,0,1,0,1,47,25,10,10,1,178,10,0
430,4,6,664,1,8.2,0.37,1,1,1,1,0,1,0,1,48,25,10,10,1,184,10,1
663,6,6,1025,1,6.7,0.46,1,1,1,1,0,1,0,1,53,25,10,10,1,188,10,0
2138,35,4,3251,0,6.9,0.45,0,1,1,1,0,1,0,1,48,25,11,11,1,203,11,1
2125,34,8,3231,0,7.6,0.51,0,1,1,1,0,1,0,1,46,25,11,11,1,191,11,2
3194,24,4,4809,0,7.3,0.65,1,1,1,1,0,1,0,1,46,25,11,11,1,157,5,1
1942,33,1,2929,0,8.1,0.68,0,1,1,1,0,1,0,1,48,25,11,11,1,189,11,1
512,6,1,801,1,6.7,1.4,0,1,1,1,0,1,0,1,53,25,11,11,1,187,11,0
1510,17,4,2270,0,6.8,0.2,0,1,2,1,0,1,0,0,49,25,12,12,1,194,9,3
4454,34,4,6638,0,7.6,0.44,1,1,1,1,0,1,0,1,48,25,12,12,1,176,12,0
3172,24,4,4781,0,7.3,0.65,0,1,1,1,0,1,0,1,48,25,12,12,1,178,10,0
3135,23,4,4714,0,7.8,0.4,1,1,1,1,0,1,0,1,51,26,9,2,0.22,203,2,0
3842,44,8,5796,0,5.1,0.84,1,1,1,1,0,1,0,1,53,26,6,3,0.5,,0,0
5365,44,8,8096,0,5.1,0.84,1,1,1,1,0,1,0,1,45,26,6,3,0.5,141,3,1
2961,21,7,4450,0,8.6,0.25,1,1,1,1,0,1,0,1,50,26,9,6,0.67,192,6,2
2510,18,8,3821,0,5.8,0.54,0,1,1,1,0,1,0,1,51,26,12,8,0.67,165,8,0
3941,46,8,5938,0,6.2,0.84,1,1,1,1,0,1,0,1,48,26,12,8,0.67,,0,0
3806,46,8,5745,0,6.2,0.84,0,1,1,1,0,1,0,1,48,26,10,7,0.7,146,7,0
3811,47,8,5751,0,6.7,0.64,0,1,1,1,0,1,0,1,46,26,8,6,0.75,187,5,0
2495,38,6,3799,0,7.4,0.68,0,1,1,1,0,1,0,1,47,26,9,7,0.78,187,7,2
1711,37,4,2595,0,5.5,0.73,0,1,1,1,0,1,0,1,46,26,9,7,0.78,179,7,2
4276,30,3,6374,0,6.8,0.63,1,1,1,1,0,1,0,1,44,26,5,4,0.8,189,4,0
2681,47,7,4056,0,6.7,0.33,0,1,1,1,0,1,0,1,47,26,10,8,0.8,193,8,2
3216,22,4,4833,0,7.4,0.42,0,1,1,1,0,1,0,1,53,26,10,8,0.8,191,7,0
4517,33,1,6755,0,8.1,0.68,1,1,1,1,0,1,0,1,50,26,10,8,0.8,186,8,1
4622,34,3,6939,0,7.6,0.83,1,1,1,1,0,1,0,1,46,26,10,8,0.8,184,8,0
4327,46,6,6450,0,6.2,0.75,1,1,1,1,0,1,0,1,47,26,6,5,0.83,187,4,0
4340,46,1,6466,0,6.2,1.04,1,1,1,1,0,1,0,1,45,26,6,5,0.83,181,5,1
1606,42,9,2424,0,5.6,1.79,0,1,1,1,0,1,0,1,48,26,6,5,0.83,188,5,0
5364,44,1,8095,0,5.1,1.83,1,1,1,1,0,1,0,1,44,26,6,5,0.83,167,4,0
1085,17,4,1647,0,6.8,0.2,0,1,1,1,0,1,0,1,47,26,7,6,0.86,185,6,0
1747,30,3,2646,0,6.8,0.63,0,1,1,1,0,1,0,1,47,26,7,6,0.86,180,6,0
1996,31,1,3004,0,7.7,1.11,0,1,1,1,0,1,0,1,44,26,7,6,0.86,188,6,0
4231,30,9,6312,0,6.8,1.22,1,1,1,1,0,1,0,1,44,26,7,6,0.86,184,6,0
5252,47,1,7925,0,6.7,1.22,1,1,1,1,0,1,0,1,46,26,7,6,0.86,185,5,0
4512,35,2,6750,0,6.9,1.28,1,1,1,1,0,1,0,1,45,26,7,6,0.86,193,6,0
860,9,1,1319,1,4.9,0.86,0,1,2,1,0,1,0,0,45,26,7,6,0.86,179,6,3
4871,39,7,7339,0,6.7,0.29,1,1,1,1,0,1,0,1,46,26,8,7,0.88,182,7,2
4310,30,6,6431,0,6.8,0.36,1,1,1,1,0,1,0,1,48,26,8,7,0.88,,0,0
5071,41,6,7651,0,7,0.37,1,1,2,1,0,1,0,0,47,26,8,7,0.88,187,7,2
5460,39,8,8239,0,6.7,0.41,1,1,1,1,0,1,0,1,46,26,8,7,0.88,197,6,3
4217,29,6,6292,0,5.7,0.47,0,1,1,1,0,1,0,1,50,26,8,7,0.88,187,7,0
5232,41,8,7903,0,7,0.54,1,1,1,1,0,1,0,1,49,26,8,7,0.88,194,7,4
3826,44,8,5768,0,5.1,0.84,1,1,1,1,0,1,0,1,48,26,8,7,0.88,,0,0
4695,35,1,7052,0,6.9,1.25,1,1,1,1,0,1,0,1,44,26,8,7,0.88,189,7,1
4960,37,1,7478,0,5.5,1.32,1,1,1,1,0,1,0,1,48,26,8,7,0.88,175,6,0
2762,43,9,4164,0,6.8,1.67,0,1,1,1,0,1,0,1,46,26,8,7,0.88,195,7,0
3987,46,9,5992,0,6.2,1.71,1,1,1,1,0,1,0,1,48,26,8,7,0.88,183,7,2
3893,44,5,5868,0,5.1,1.92,1,1,1,1,0,1,0,1,48,26,8,7,0.88,,0,0
5020,37,9,7576,0,5.5,1.94,1,1,1,1,0,1,0,1,48,26,8,7,0.88,185,7,0
11,1,4,15,1,6.6,0.12,1,1,1,1,0,1,0,1,46,26,8,7,0.88,203,6,1
43,2,6,72,1,6,0.38,0,1,1,1,0,1,0,1,42,26,8,7,0.88,192,7,0
853,9,8,1307,1,4.9,0.41,0,1,1,1,0,1,0,1,,26,8,7,0.88,,1,0
2039,33,4,3074,0,8.1,0.27,0,1,1,1,0,1,0,1,46,26,9,8,0.89,196,8,1
4575,33,4,6858,0,8.1,0.27,1,1,1,1,0,1,0,1,48,26,9,8,0.89,136,3,0
5160,44,4,7783,0,5.1,0.41,1,1,1,1,0,1,0,1,46,26,9,8,0.89,142,8,0
4992,37,6,7538,0,5.5,0.71,1,1,1,1,0,1,0,1,51,26,9,8,0.89,190,6,1
5113,37,3,7716,0,5.5,0.87,1,1,1,1,0,1,0,1,49,26,9,8,0.89,173,8,1
4319,45,5,6440,0,7.4,1.27,1,1,2,1,0,1,0,0,,26,9,8,0.89,,8,0
4422,33,9,6586,0,8.1,1.29,1,1,1,1,0,1,0,1,47,26,9,8,0.89,193,6,1
3825,44,1,5767,0,5.1,1.83,1,1,2,1,0,1,0,0,47,26,9,8,0.89,171,7,0
811,8,4,1238,1,4.5,0.17,0,1,1,1,0,1,0,1,46,26,9,8,0.89,188,5,2
819,8,3,1253,1,4.5,0.3,0,1,3,1,0,1,0,0,46,26,9,8,0.89,,0,0
1555,26,8,2332,0,7.5,0.41,0,1,1,1,0,1,0,1,48,26,10,9,0.9,195,8,1
5338,44,4,8057,0,5.1,0.41,1,1,1,1,0,1,0,1,48,26,10,9,0.9,193,9,0
4628,35,4,6948,0,6.9,0.45,1,1,1,1,0,1,0,1,47,26,10,9,0.9,193,9,0
4016,46,6,6028,0,6.2,0.75,1,1,1,1,0,1,0,1,48,26,10,9,0.9,143,9,0
3960,46,8,5961,0,6.2,0.84,1,1,1,1,0,1,0,1,48,26,10,9,0.9,161,9,0
4332,46,8,6456,0,6.2,0.84,1,1,1,1,0,1,0,1,48,26,10,9,0.9,163,9,0
2120,34,9,3226,0,7.6,1.56,0,1,1,1,0,1,0,1,47,26,10,9,0.9,199,9,2
5114,37,9,7717,0,5.5,1.94,1,1,1,1,0,1,0,1,51,26,10,9,0.9,191,4,1
81,24,4,123,0,7.3,0.65,0,1,1,1,0,1,0,1,48,26,11,10,0.91,166,10,1
147,24,4,219,0,7.3,0.65,0,1,1,1,0,1,0,1,48,26,11,10,0.91,180,9,1
4002,46,2,6011,0,6.2,1.71,0,1,1,1,0,1,0,1,48,26,11,10,0.91,183,10,0
5411,40,6,8156,0,5.5,0.41,1,1,1,1,0,1,0,1,44,26,5,5,1,182,5,1
2263,35,6,3441,0,6.9,0.7,0,1,1,1,0,1,0,1,45,26,5,5,1,179,5,0
3919,44,8,5906,0,5.1,0.84,1,1,1,1,0,1,0,1,46,26,5,5,1,173,5,0
241,2,6,362,1,6,0.38,1,1,1,1,0,1,0,1,43,26,5,5,1,175,5,0
5282,41,6,7967,0,7,0.37,1,1,1,1,0,1,0,1,47,26,6,6,1,191,5,1
5181,39,6,7817,0,6.7,0.43,1,1,1,1,0,1,0,1,45,26,6,6,1,,0,0
2607,22,3,3963,0,7.4,0.5,0,1,1,1,0,1,0,1,45,26,6,6,1,188,4,0
4034,47,3,6051,0,6.7,0.73,1,1,1,1,0,1,0,1,44,26,6,6,1,199,6,1
3776,46,8,5712,0,6.2,0.84,0,1,1,1,0,1,0,1,45,26,6,6,1,190,5,0
2725,45,1,4108,0,7.4,1.43,0,1,1,1,0,1,0,1,44,26,6,6,1,180,6,0
3861,44,1,5825,0,5.1,1.83,1,1,1,1,0,1,0,1,46,26,6,6,1,146,4,0
5096,39,7,7690,0,6.7,0.29,1,1,1,1,0,1,0,1,46,26,7,7,1,171,0,0
2249,40,3,3421,0,5.5,0.4,0,1,1,1,0,1,0,1,45,26,7,7,1,188,7,0
2497,39,6,3803,0,6.7,0.43,0,1,1,1,0,1,0,1,46,26,7,7,1,190,7,0
4795,47,4,7215,0,6.7,0.53,1,1,1,1,0,1,0,1,46,26,7,7,1,186,0,0
3199,24,4,4814,0,7.3,0.65,1,1,1,1,0,1,0,1,46,26,7,7,1,206,7,0
4186,35,8,6247,0,6.9,0.73,1,1,1,1,0,1,0,1,46,26,7,7,1,,0,0
3775,46,8,5711,0,6.2,0.84,0,1,1,1,0,1,0,1,45,26,7,7,1,193,7,0
4338,46,1,6464,0,6.2,1.04,1,1,1,1,0,1,0,1,44,26,7,7,1,186,7,0
1661,29,9,2520,0,5.7,1.25,0,1,1,1,0,1,0,1,46,26,7,7,1,191,7,1
2002,38,1,3011,0,7.4,1.4,0,1,1,1,0,1,0,1,45,26,7,7,1,172,6,0
4732,35,9,7120,0,6.9,1.75,1,1,1,1,0,1,0,1,45,26,7,7,1,204,7,0
813,8,4,1241,1,4.5,0.17,0,1,2,1,0,1,0,0,46,26,7,7,1,,0,0
47,2,6,77,1,6,0.38,0,1,1,1,0,1,0,1,45,26,7,7,1,177,7,0
5442,41,4,8212,0,7,0.28,1,1,1,1,0,1,0,1,47,26,8,8,1,196,8,4
121,26,6,176,0,7.5,0.31,0,1,1,1,0,1,0,1,47,26,8,8,1,177,8,0
2399,40,6,3657,0,5.5,0.41,0,1,1,1,0,1,0,1,45,26,8,8,1,,0,0
3924,44,4,5914,0,5.1,0.41,1,1,1,1,0,1,0,1,45,26,8,8,1,202,7,0
2359,39,4,3595,0,6.7,0.48,0,1,2,1,0,1,0,0,46,26,8,8,1,175,8,1
2127,34,6,3234,0,7.6,0.53,0,1,1,1,0,1,0,1,44,26,8,8,1,195,8,0
4128,29,3,6161,0,5.7,0.6,1,1,1,1,0,1,0,1,48,26,8,8,1,203,8,0
4583,35,6,6871,0,6.9,0.7,1,1,1,1,0,1,0,1,45,26,8,8,1,189,8,0
2384,37,6,3635,0,5.5,0.71,0,1,1,1,0,1,0,1,51,26,8,8,1,181,5,1
4759,37,4,7163,0,5.5,0.73,1,1,1,1,0,1,0,1,49,26,8,8,1,187,7,2
4926,37,5,7435,0,5.5,0.74,1,1,1,1,0,1,0,1,48,26,8,8,1,196,6,0
4325,46,6,6448,0,6.2,0.75,1,1,1,1,0,1,0,1,49,26,8,8,1,181,8,0
2009,40,1,3027,0,5.5,0.82,0,1,1,1,0,1,0,1,44,26,8,8,1,193,8,0
5158,44,8,7780,0,5.1,0.84,1,1,1,1,0,1,0,1,51,26,8,8,1,143,5,2
3046,21,1,4593,0,8.6,0.93,1,1,1,1,0,1,0,1,47,26,8,8,1,197,7,1
1964,35,5,2956,0,6.9,1.01,0,1,1,1,0,1,0,1,46,26,8,8,1,191,8,0
2473,41,9,3773,0,7,1.14,0,1,2,1,0,1,0,0,46,26,8,8,1,189,8,2
4013,46,9,6024,0,6.2,1.71,1,1,1,1,0,1,0,1,45,26,8,8,1,159,8,0
4685,35,9,7034,0,6.9,1.75,1,1,1,1,0,1,0,1,47,26,8,8,1,202,8,1
3351,23,6,5040,0,7.8,0.38,0,1,1,1,0,1,0,1,47,26,9,9,1,192,9,1
4098,28,4,6116,0,8.9,0.39,1,1,1,1,0,1,0,1,46,26,9,9,1,195,9,2
4432,33,8,6605,0,8.1,0.41,0,1,1,1,0,1,0,1,47,26,9,9,1,183,9,1
1578,28,6,2367,0,8.9,0.47,0,1,1,1,0,1,0,1,47,26,9,9,1,186,9,1
5454,39,4,8230,0,6.7,0.48,1,1,1,1,0,1,0,1,48,26,9,9,1,184,9,0
2938,22,3,4412,0,7.4,0.5,1,1,1,1,0,1,0,1,48,26,9,9,1,190,9,2
4326,46,4,6449,0,6.2,0.51,1,1,1,1,0,1,0,1,48,26,9,9,1,186,9,1
5401,40,8,8142,0,5.5,0.51,1,1,1,1,0,1,0,1,46,26,9,9,1,171,5,0
2786,47,4,4204,0,6.7,0.53,0,1,1,1,0,1,0,1,47,26,9,9,1,195,9,2
2416,41,8,3679,0,7,0.54,0,1,1,1,0,1,0,1,49,26,9,9,1,190,9,2
3392,24,4,5103,0,7.3,0.65,0,1,1,1,0,1,0,1,47,26,9,9,1,177,9,1
3180,24,4,4789,0,7.3,0.65,1,1,1,1,0,1,0,1,47,26,9,9,1,186,9,3
3200,24,4,4815,0,7.3,0.65,1,1,1,1,0,1,0,1,46,26,9,9,1,179,8,0
1878,33,2,2822,0,8.1,0.8,0,1,1,1,0,1,0,1,47,26,9,9,1,192,8,1
1969,35,5,2968,0,6.9,1.01,0,1,1,1,0,1,0,1,45,26,9,9,1,186,9,1
5064,39,2,7643,0,6.7,1.23,1,1,1,1,0,1,0,1,46,26,9,9,1,197,8,1
3357,24,2,5049,0,7.3,1.55,1,1,1,1,0,1,0,1,49,26,9,9,1,,0,0
4621,34,9,6938,0,7.6,1.56,1,1,1,1,0,1,0,1,46,26,9,9,1,198,9,1
532,6,6,832,1,6.7,0.46,0,1,1,1,0,1,0,1,50,26,9,9,1,156,8,0
674,6,1,1041,1,6.7,1.4,1,1,1,1,0,1,0,1,50,26,9,9,1,187,9,0
2885,20,4,4327,0,8.5,0.25,1,1,1,1,0,1,0,1,50,26,10,10,1,177,9,0
5207,39,8,7861,0,6.7,0.41,1,1,1,1,0,1,0,1,47,26,10,10,1,185,10,1
4631,34,4,6951,0,7.6,0.44,1,1,1,1,0,1,0,1,47,26,10,10,1,190,9,1
2177,36,4,3314,0,7.5,0.46,0,1,1,1,0,1,0,1,47,26,10,10,1,158,8,0
5462,39,4,8241,0,6.7,0.48,1,1,1,1,0,1,0,1,48,26,10,10,1,177,10,1
4064,47,4,6081,0,6.7,0.53,1,1,1,1,0,1,0,1,48,26,10,10,1,181,10,0
5206,39,3,7860,0,6.7,0.57,1,1,1,1,0,1,0,1,49,26,10,10,1,179,9,0
3304,24,4,4975,0,7.3,0.65,1,1,1,1,0,1,0,1,47,26,10,10,1,173,9,2
4836,36,6,7283,0,7.5,0.65,1,1,1,1,0,1,0,1,47,26,10,10,1,178,10,1
2181,37,4,3320,0,5.5,0.73,0,1,1,1,0,1,0,1,48,26,10,10,1,186,10,3
4410,31,9,6560,0,7.7,0.87,0,1,1,1,0,1,0,1,46,26,10,10,1,179,10,0
4089,28,9,6106,0,8.9,1.1,1,1,1,1,0,1,0,1,46,26,10,10,1,198,10,2
2667,47,5,4042,0,6.7,1.66,0,1,1,1,0,1,0,1,48,26,10,10,1,143,10,0
2295,37,9,3495,0,5.5,1.94,0,1,1,1,0,1,0,1,49,26,10,10,1,187,10,0
862,11,4,1324,1,7,0.16,0,1,2,1,0,1,0,0,49,26,10,10,1,,9,4
387,4,4,603,1,8.2,0.32,0,1,1,1,0,1,0,1,48,26,10,10,1,191,10,0
385,4,4,600,1,8.2,0.32,0,1,2,1,0,1,0,0,47,26,10,10,1,209,5,0
904,8,2,1393,1,4.5,0.69,0,1,2,1,0,1,0,0,49,26,10,10,1,191,7,1
1084,17,4,1646,0,6.8,0.2,0,1,1,1,0,1,0,1,48,26,11,11,1,192,11,2
2808,19,4,4227,0,8.1,0.27,1,1,1,1,0,1,0,1,51,26,11,11,1,175,10,1
2990,21,3,4495,0,8.6,0.33,1,1,1,1,0,1,0,1,49,26,11,11,1,196,9,1
1696,28,6,2572,0,8.9,0.47,0,1,1,1,0,1,0,1,49,26,11,11,1,191,11,2
82,24,4,124,0,7.3,0.65,0,1,1,1,0,1,0,1,48,26,11,11,1,168,8,0
4330,46,6,6454,0,6.2,0.75,1,1,1,1,0,1,0,1,49,26,11,11,1,192,11,0
1706,28,5,2587,0,8.9,1.05,0,1,1,1,0,1,0,1,47,26,11,11,1,189,10,0
3904,47,1,5881,0,6.7,1.22,0,1,1,1,0,1,0,1,51,26,11,11,1,173,10,0
437,4,4,672,1,8.2,0.32,1,1,1,1,0,1,0,1,48,26,11,11,1,189,8,4
439,4,4,675,1,8.2,0.32,1,1,3,1,0,1,0,0,48,26,12,12,1,190,9,2
4762,37,4,7167,0,5.5,0.73,1,1,1,1,0,1,0,1,51,27,5,2,0.4,,0,0
3927,44,9,5919,0,5.1,1.63,1,1,1,1,0,1,0,1,48,27,9,4,0.44,171,3,0
4522,33,8,6761,0,8.1,0.41,1,1,1,1,0,1,0,1,46,27,6,3,0.5,193,3,1
3242,22,2,4875,0,7.4,1.66,0,1,1,1,0,1,0,1,55,27,7,4,0.57,183,3,0
4063,47,6,6080,0,6.7,0.68,1,1,1,1,0,1,0,1,48,27,10,7,0.7,,0,0
2400,40,8,3658,0,5.5,0.51,0,1,1,1,0,1,0,1,45,27,7,5,0.71,188,5,1
2366,39,3,3609,0,6.7,0.57,0,1,1,1,0,1,0,1,48,27,7,5,0.71,177,5,1
4009,46,6,6020,0,6.2,0.75,1,1,1,1,0,1,0,1,50,27,7,5,0.71,179,5,0
3746,47,9,5670,0,6.7,2.05,0,1,1,1,0,1,0,1,48,27,8,6,0.75,200,6,0
660,6,2,1022,1,6.7,1.39,1,1,1,1,0,1,0,1,51,27,8,6,0.75,195,6,0
4958,37,8,7476,0,5.5,0.58,1,1,1,1,0,1,0,1,53,27,12,9,0.75,173,8,0
4999,39,8,7549,0,6.7,0.41,1,1,1,1,0,1,0,1,48,27,9,7,0.78,170,6,0
4739,35,6,7128,0,6.9,0.7,1,1,1,1,0,1,0,1,47,27,9,7,0.78,180,7,0
3805,46,8,5744,0,6.2,0.84,0,1,1,1,0,1,0,1,50,27,9,7,0.78,186,7,0
4848,36,9,7306,0,7.5,1.25,1,1,1,1,0,1,0,1,46,27,9,7,0.78,188,7,0
4084,47,9,6101,0,6.7,2.05,1,1,1,1,0,1,0,1,49,27,9,7,0.78,186,7,1
824,8,4,1259,1,4.5,0.17,0,1,1,1,0,1,0,1,47,27,9,7,0.78,177,5,1
2047,33,4,3094,0,8.1,0.27,0,1,1,1,0,1,0,1,49,27,10,8,0.8,208,8,2
3818,47,6,5758,0,6.7,0.68,0,1,1,1,0,1,0,1,49,27,10,8,0.8,196,8,1
3939,46,8,5935,0,6.2,0.84,1,1,1,1,0,1,0,1,48,27,10,8,0.8,157,8,1
1265,14,3,1919,1,7,0.23,0,1,1,1,0,1,0,1,,27,10,8,0.8,,8,1
4022,46,4,6037,0,6.2,0.51,1,1,1,1,0,1,0,1,49,27,11,9,0.82,199,9,1
1351,14,4,2053,1,7,0.22,1,1,1,1,0,1,0,1,,27,11,9,0.82,,9,1
3876,44,7,5847,0,5.1,0.58,1,1,1,1,0,1,0,1,45,27,6,5,0.83,,2,0
967,11,4,1474,1,7,0.16,1,1,4,1,0,1,0,0,50,27,12,10,0.83,,9,0
2775,44,9,4188,0,5.1,1.63,0,1,1,1,0,1,0,1,46,27,7,6,0.86,190,6,0
3721,44,1,5639,0,5.1,1.83,0,1,1,1,0,1,0,1,48,27,7,6,0.86,,0,0
267,2,3,407,1,6,0.47,1,1,1,1,0,1,0,1,46,27,7,6,0.86,188,3,0
1494,17,9,2246,0,6.8,0.42,1,1,1,1,0,1,0,1,43,27,8,7,0.88,188,7,1
3081,22,4,4648,0,7.4,0.42,1,1,1,1,0,1,0,1,53,27,8,7,0.88,190,5,0
3706,46,7,5618,0,6.2,0.5,0,1,1,1,0,1,0,1,48,27,8,7,0.88,182,5,1
4083,47,4,6100,0,6.7,0.53,1,1,1,1,0,1,0,1,48,27,8,7,0.88,208,7,0
5072,38,1,7652,0,7.4,1.4,1,1,2,1,0,1,0,0,46,27,8,7,0.88,,7,0
5067,40,5,7647,0,5.5,1.57,1,1,1,1,0,1,0,1,45,27,8,7,0.88,185,7,0
407,4,1,632,1,8.2,1.32,1,1,2,1,0,1,0,0,47,27,8,7,0.88,173,7,2
2919,20,3,4379,0,8.5,0.3,0,1,1,1,0,1,0,1,48,27,9,8,0.89,187,8,2
4336,46,4,6461,0,6.2,0.51,1,1,1,1,0,1,0,1,48,27,9,8,0.89,187,7,1
4637,34,2,6960,0,7.6,0.91,1,1,1,1,0,1,0,1,46,27,9,8,0.89,195,8,0
4682,35,1,7031,0,6.9,1.25,1,1,1,1,0,1,0,1,46,27,9,8,0.89,,0,0
3841,44,1,5795,0,5.1,1.83,1,1,2,1,0,1,0,0,48,27,9,8,0.89,,0,0
1204,12,4,1836,1,5.4,0.26,0,1,1,1,0,1,0,1,47,27,9,8,0.89,191,6,1
1861,33,4,2801,0,8.1,0.27,0,1,1,1,0,1,0,1,50,27,10,9,0.9,174,9,2
3026,21,8,4557,0,8.6,0.56,1,1,1,1,0,1,0,1,50,27,10,9,0.9,184,8,1
730,7,5,1127,1,5.9,0.52,0,1,1,1,0,1,0,1,51,27,10,9,0.9,199,9,0
2284,36,8,3476,0,7.5,0.51,0,1,1,1,0,1,0,1,49,27,11,10,0.91,176,10,3
3779,46,6,5715,0,6.2,0.75,0,1,1,1,0,1,0,1,49,27,11,10,0.91,184,10,1
3804,46,8,5743,0,6.2,0.84,0,1,1,1,0,1,0,1,48,27,11,10,0.91,152,10,0
2464,40,5,3760,0,5.5,1.57,0,1,1,1,0,1,0,1,48,27,11,10,0.91,135,0,0
3899,44,3,5875,0,5.1,0.73,1,1,1,1,0,1,0,1,51,27,3,3,1,134,2,0
5295,42,9,7987,0,5.6,1.79,1,1,1,1,0,1,0,1,49,27,4,4,1,192,4,1
4774,37,9,7185,0,5.5,1.94,1,1,1,1,0,1,0,1,47,27,4,4,1,190,4,1
5000,39,6,7550,0,6.7,0.43,1,1,1,1,0,1,0,1,50,27,5,5,1,173,4,0
3851,44,2,5815,0,5.1,1.39,1,1,1,1,0,1,0,1,45,27,5,5,1,,0,0
2398,40,6,3656,0,5.5,0.41,0,1,1,1,0,1,0,1,44,27,6,6,1,190,5,1
4353,46,4,6481,0,6.2,0.51,1,1,1,1,0,1,0,1,46,27,6,6,1,180,6,0
4846,36,8,7301,0,7.5,0.51,1,1,1,1,0,1,0,1,44,27,6,6,1,182,6,0
5180,39,1,7816,0,6.7,0.97,1,1,1,1,0,1,0,1,46,27,6,6,1,184,6,0
3654,29,5,5535,0,5.7,1.27,1,1,1,1,0,1,0,1,46,27,6,6,1,194,6,0
3860,44,1,5824,0,5.1,1.83,1,1,1,1,0,1,0,1,47,27,6,6,1,181,6,0
851,9,8,1305,1,4.9,0.41,0,1,1,1,0,1,0,1,49,27,6,6,1,,5,2
1319,15,9,2003,1,5.7,0.65,1,1,1,1,0,1,0,1,45,27,6,6,1,,0,0
49,2,2,79,1,6,0.96,0,1,2,1,0,1,0,0,42,27,6,6,1,199,6,0
4142,29,7,6178,0,5.7,0.33,1,1,1,1,0,1,0,1,47,27,7,7,1,166,3,0
2806,19,8,4225,0,8.1,0.43,0,1,1,1,0,1,0,1,50,27,7,7,1,182,7,0
4082,47,4,6099,0,6.7,0.53,1,1,1,1,0,1,0,1,47,27,7,7,1,192,7,1
2280,36,6,3471,0,7.5,0.65,0,1,1,1,0,1,0,1,46,27,7,7,1,179,7,1
4918,39,2,7424,0,6.7,1.23,1,1,1,1,0,1,0,1,48,27,7,7,1,185,4,0
4684,35,2,7033,0,6.9,1.28,1,1,1,1,0,1,0,1,46,27,7,7,1,183,7,1
4383,42,9,6525,0,5.6,1.79,1,1,1,1,0,1,0,1,47,27,7,7,1,187,7,1
276,2,4,421,1,6,0.37,0,1,1,1,0,1,0,1,46,27,7,7,1,184,7,0
3908,44,6,5885,0,5.1,0.38,1,1,1,1,0,1,0,1,47,27,8,8,1,194,8,0
4146,29,4,6182,0,5.7,0.48,1,1,1,1,0,1,0,1,49,27,8,8,1,191,8,0
5198,39,4,7844,0,6.7,0.48,1,1,1,1,0,1,0,1,48,27,8,8,1,192,8,2
5099,38,4,7693,0,7.4,0.52,1,1,2,1,0,1,0,0,46,27,8,8,1,194,8,3
2130,34,6,3239,0,7.6,0.53,0,1,1,1,0,1,0,1,49,27,8,8,1,205,8,1
5214,41,8,7874,0,7,0.54,1,1,1,1,0,1,0,1,48,27,8,8,1,191,8,3
1940,33,1,2924,0,8.1,0.68,0,1,1,1,0,1,0,1,46,27,8,8,1,191,8,0
2377,37,6,3626,0,5.5,0.71,0,1,1,1,0,1,0,1,49,27,8,8,1,183,7,1
2293,37,4,3492,0,5.5,0.73,0,1,1,1,0,1,0,1,48,27,8,8,1,190,8,1
4924,37,5,7433,0,5.5,0.74,1,1,1,1,0,1,0,1,48,27,8,8,1,170,7,2
3891,44,8,5866,0,5.1,0.84,1,1,1,1,0,1,0,1,48,27,8,8,1,130,3,0
4006,46,8,6016,0,6.2,0.84,1,1,1,1,0,1,0,1,48,27,8,8,1,188,8,0
1805,31,1,2730,0,7.7,1.11,1,1,1,1,0,1,0,1,46,27,8,8,1,148,7,0
4269,31,1,6365,0,7.7,1.11,1,1,1,1,0,1,0,1,44,27,8,8,1,156,7,1
1697,29,5,2573,0,5.7,1.27,0,1,1,1,0,1,0,1,47,27,8,8,1,195,8,1
3327,24,1,5004,0,7.3,1.47,1,1,1,1,0,1,0,1,50,27,8,8,1,164,6,1
3311,24,2,4984,0,7.3,1.55,1,1,1,1,0,1,0,1,48,27,8,8,1,,0,0
3389,24,2,5099,0,7.3,1.55,1,1,1,1,0,1,0,1,50,27,8,8,1,,0,0
3875,44,1,5846,0,5.1,1.83,1,1,1,1,0,1,0,1,48,27,8,8,1,,0,0
36,1,4,61,1,6.6,0.12,0,1,1,1,0,1,0,1,47,27,8,8,1,197,8,1
231,2,4,351,1,6,0.37,1,1,1,1,0,1,0,1,46,27,8,8,1,170,7,0
232,2,6,352,1,6,0.38,1,1,1,1,0,1,0,1,47,27,8,8,1,183,8,0
849,9,8,1301,1,4.9,0.41,0,1,1,1,0,1,0,1,53,27,8,8,1,,0,0
714,7,5,1099,1,5.9,0.52,0,1,1,1,0,1,0,1,47,27,8,8,1,179,5,1
1393,15,5,2119,1,5.7,0.61,0,1,1,1,0,1,0,1,,27,8,8,1,,8,1
838,9,1,1282,1,4.9,0.86,1,1,1,1,0,1,0,1,,27,8,8,1,,0,0
4542,32,6,6802,0,6.8,0.19,1,1,1,1,0,1,0,1,52,27,9,9,1,172,9,1
175,26,7,256,0,7.5,0.21,0,1,1,1,0,1,0,1,49,27,9,9,1,188,9,2
2950,21,4,4432,0,8.6,0.32,1,1,1,1,0,1,0,1,48,27,9,9,1,188,8,1
3179,23,4,4788,0,7.8,0.4,0,1,1,1,0,1,0,1,50,27,9,9,1,194,9,1
2205,33,8,3353,0,8.1,0.41,0,1,1,1,0,1,0,1,49,27,9,9,1,163,7,0
4613,35,4,6929,0,6.9,0.45,1,1,1,1,0,1,0,1,49,27,9,9,1,191,9,2
3288,24,4,4954,0,7.3,0.65,1,1,1,1,0,1,0,1,48,27,9,9,1,164,1,0
3337,24,4,5018,0,7.3,0.65,1,1,1,1,0,1,0,1,49,27,9,9,1,156,9,0
3405,24,4,5125,0,7.3,0.65,1,1,1,1,0,1,0,1,48,27,9,9,1,173,8,1
4586,35,6,6878,0,6.9,0.7,1,1,1,1,0,1,0,1,48,27,9,9,1,183,9,0
4662,35,1,7005,0,6.9,1.25,1,1,1,1,0,1,0,1,48,27,9,9,1,,0,0
298,2,2,451,1,6,0.96,0,1,1,1,0,1,0,1,46,27,9,9,1,181,6,0
5061,40,3,7639,0,5.5,0.4,1,1,1,1,0,1,0,1,47,27,10,10,1,176,10,0
3588,26,8,5425,0,7.5,0.41,1,1,1,1,0,1,0,1,50,27,10,10,1,193,6,1
4664,35,4,7007,0,6.9,0.45,1,1,1,1,0,1,0,1,49,27,10,10,1,190,10,0
1694,28,6,2570,0,8.9,0.47,0,1,1,1,0,1,0,1,48,27,10,10,1,191,10,0
2573,22,6,3915,0,7.4,0.49,0,1,1,1,0,1,0,1,52,27,10,10,1,196,8,2
3065,22,3,4622,0,7.4,0.5,1,1,1,1,0,1,0,1,50,27,10,10,1,192,10,2
3361,24,4,5054,0,7.3,0.65,0,1,1,1,0,1,0,1,49,27,10,10,1,165,10,0
4014,46,3,6025,0,6.2,0.83,1,1,1,1,0,1,0,1,48,27,10,10,1,178,10,0
5366,44,8,8097,0,5.1,0.84,1,1,1,1,0,1,0,1,48,27,10,10,1,186,8,0
3050,21,2,4597,0,8.6,1.12,1,1,1,1,0,1,0,1,51,27,10,10,1,197,10,1
154,24,9,227,0,7.3,1.25,0,1,1,1,0,1,0,1,48,27,10,10,1,190,9,0
1102,13,4,1680,1,6,0.18,1,1,1,1,0,1,0,1,,27,10,10,1,,9,0
328,3,3,500,1,5.9,0.2,1,1,1,1,0,1,0,1,47,27,10,10,1,177,6,0
802,11,3,1227,1,7,0.2,1,1,1,1,0,1,0,1,47,27,10,10,1,,9,3
412,4,6,640,1,8.2,0.37,1,1,3,1,0,1,0,0,49,27,10,10,1,183,10,1
953,10,9,1459,1,5.4,0.53,0,1,1,1,0,1,0,1,49,27,10,10,1,196,8,2
553,6,9,862,1,6.7,0.57,0,1,1,1,0,1,0,1,49,27,10,10,1,192,9,0
15,1,1,20,1,6.6,0.9,1,1,1,1,0,1,0,1,49,27,10,10,1,204,10,3
3049,21,9,4596,0,8.6,0.38,1,1,1,1,0,1,0,1,51,27,11,11,1,,0,0
5455,39,4,8231,0,6.7,0.48,1,1,1,1,0,1,0,1,49,27,11,11,1,180,11,2
3765,46,5,5698,0,6.2,1.57,0,1,1,1,0,1,0,1,51,27,11,11,1,147,4,0
1258,14,4,1909,1,7,0.22,1,1,1,1,0,1,0,1,50,27,11,11,1,,0,0
3955,46,1,5956,0,6.2,1.04,1,1,1,1,0,1,0,1,51,28,11,4,0.36,159,4,0
3896,44,7,5872,0,5.1,0.58,1,1,1,1,0,1,0,1,50,28,8,3,0.38,,0,0
3722,44,1,5640,0,5.1,1.83,0,1,2,1,0,1,0,0,53,28,9,4,0.44,,0,0
1973,36,1,2972,0,7.5,0.75,0,1,1,1,0,1,0,1,47,28,10,6,0.6,,0,0
3708,46,1,5620,0,6.2,1.04,0,1,1,1,0,1,0,1,49,28,8,5,0.63,169,5,0
2765,44,4,4170,0,5.1,0.41,0,1,2,1,0,1,0,0,47,28,6,4,0.67,190,4,0
4910,42,2,7410,0,5.6,1.55,1,1,1,1,0,1,0,1,46,28,6,4,0.67,180,4,0
1665,37,4,2524,0,5.5,0.73,0,1,1,1,0,1,0,1,50,28,9,6,0.67,185,6,1
1796,29,5,2720,0,5.7,1.27,0,1,1,1,0,1,0,1,54,28,9,6,0.67,148,6,0
3479,29,5,5225,0,5.7,1.27,1,1,1,1,0,1,0,1,54,28,10,7,0.7,133,4,0
3698,45,1,5606,0,7.4,1.43,0,1,1,1,0,1,0,1,48,28,10,7,0.7,178,7,0
1410,22,8,2141,0,7.4,0.6,1,1,1,1,0,1,0,1,52,28,7,5,0.71,201,5,1
4826,42,2,7265,0,5.6,1.55,1,1,1,1,0,1,0,1,46,28,7,5,0.71,177,5,0
804,8,6,1229,1,4.5,0.27,0,1,1,1,0,1,0,1,49,28,7,5,0.71,195,4,0
1479,16,5,2225,1,5.7,0.66,0,1,1,1,0,1,0,1,51,28,8,6,0.75,,5,0
3664,29,4,5549,0,5.7,0.48,1,1,1,1,0,1,0,1,49,28,9,7,0.78,198,7,1
5294,42,8,7986,0,5.6,0.79,1,1,1,1,0,1,0,1,54,28,9,7,0.78,195,7,2
3998,46,8,6006,0,6.2,0.84,1,1,1,1,0,1,0,1,52,28,9,7,0.78,179,7,0
4074,47,4,6091,0,6.7,0.53,1,1,1,1,0,1,0,1,57,28,11,9,0.82,188,7,2
1573,28,1,2360,0,8.9,1.15,0,1,1,1,0,1,0,1,50,28,12,10,0.83,187,10,0
4822,39,8,7259,0,6.7,0.41,0,1,1,1,0,1,0,1,47,28,7,6,0.86,,0,0
229,2,4,348,1,6,0.37,1,1,1,1,0,1,0,1,46,28,7,6,0.86,177,6,0
3271,23,5,4920,0,7.8,0.26,1,1,1,1,0,1,0,1,47,28,8,7,0.88,196,7,1
5238,41,4,7910,0,7,0.28,1,1,1,1,0,1,0,1,47,28,8,7,0.88,202,7,1
4608,39,7,6917,0,6.7,0.29,1,1,1,1,0,1,0,1,47,28,8,7,0.88,182,6,0
4797,45,7,7217,0,7.4,0.42,0,1,1,1,0,1,0,1,51,28,8,7,0.88,173,7,2
3745,47,4,5669,0,6.7,0.53,0,1,1,1,0,1,0,1,48,28,8,7,0.88,193,7,0
2044,33,3,3088,0,8.1,0.57,0,1,1,1,0,1,0,1,48,28,8,7,0.88,182,7,0
75,24,3,116,0,7.3,0.73,0,1,1,1,0,1,0,1,46,28,8,7,0.88,175,7,0
4865,37,4,7330,0,5.5,0.73,1,1,1,1,0,1,0,1,48,28,8,7,0.88,172,7,0
3376,46,6,5071,0,6.2,0.75,0,1,1,1,0,1,0,1,48,28,8,7,0.88,185,7,0
3456,25,7,5189,0,6.5,0.17,1,1,1,1,0,1,0,1,53,28,9,8,0.89,171,8,2
2597,22,3,3952,0,7.4,0.5,0,1,1,1,0,1,0,1,50,28,9,8,0.89,194,8,1
4051,47,4,6068,0,6.7,0.53,1,1,1,1,0,1,0,1,49,28,9,8,0.89,194,8,0
1882,33,2,2828,0,8.1,0.8,0,1,1,1,0,1,0,1,48,28,9,8,0.89,181,8,0
3781,46,8,5717,0,6.2,0.84,0,1,1,1,0,1,0,1,50,28,9,8,0.89,184,8,0
5398,39,2,8138,0,6.7,1.23,1,1,1,1,0,1,0,1,49,28,9,8,0.89,188,8,1
3406,24,9,5126,0,7.3,1.25,1,1,1,1,0,1,0,1,48,28,9,8,0.89,191,5,0
3283,24,1,4946,0,7.3,1.47,0,1,1,1,0,1,0,1,51,28,9,8,0.89,172,8,1
5059,37,9,7635,0,5.5,1.94,0,1,1,1,0,1,0,1,50,28,9,8,0.89,201,8,1
885,9,6,1365,1,4.9,0.24,0,1,1,1,0,1,0,1,50,28,9,8,0.89,196,5,0
4707,35,5,7075,0,6.9,1.01,1,1,1,1,0,1,0,1,50,28,10,9,0.9,204,9,0
1045,11,4,1588,1,7,0.16,0,1,1,1,0,1,0,1,49,28,10,9,0.9,,9,1
1101,13,1,1679,1,6,1.15,1,1,1,1,0,1,0,1,48,28,10,9,0.9,201,8,3
2541,20,5,3867,0,8.5,0.48,0,1,2,1,0,1,0,0,53,28,12,11,0.92,176,10,1
890,9,9,1374,1,4.9,0.42,0,1,1,1,0,1,0,1,53,28,12,11,0.92,183,9,0
2480,41,3,3783,0,7,0.53,0,1,1,1,0,1,0,1,48,28,4,4,1,185,4,2
2693,47,4,4068,0,6.7,0.53,0,1,1,1,0,1,0,1,44,28,5,5,1,207,5,0
1821,46,3,2748,0,6.2,0.83,0,1,2,1,0,1,0,0,43,28,5,5,1,188,5,1
2064,41,2,3118,0,7,1.76,0,1,2,1,0,1,0,0,46,28,5,5,1,189,5,2
233,2,4,353,1,6,0.37,1,1,1,1,0,1,0,1,43,28,5,5,1,177,5,1
2409,41,6,3670,0,7,0.37,0,1,3,1,0,1,0,0,46,28,6,6,1,191,6,3
4295,31,8,6404,0,7.7,0.39,1,1,1,1,0,1,0,1,51,28,6,6,1,,6,0
3907,44,4,5884,0,5.1,0.41,1,1,1,1,0,1,0,1,48,28,6,6,1,183,6,0
1751,29,9,2651,0,5.7,1.25,0,1,1,1,0,1,0,1,49,28,6,6,1,198,6,2
4048,47,2,6065,0,6.7,1.6,1,1,1,1,0,1,0,1,50,28,6,6,1,198,6,0
2664,47,5,4039,0,6.7,1.66,0,1,1,1,0,1,0,1,46,28,6,6,1,190,6,2
4794,47,9,7214,0,6.7,2.05,1,1,1,1,0,1,0,1,48,28,6,6,1,192,6,0
4351,46,7,6479,0,6.2,0.5,1,1,1,1,0,1,0,1,47,28,7,7,1,185,7,0
3757,46,4,5686,0,6.2,0.51,0,1,1,1,0,1,0,1,47,28,7,7,1,188,7,1
4902,37,4,7398,0,5.5,0.73,1,1,1,1,0,1,0,1,47,28,7,7,1,178,6,3
5154,44,3,7775,0,5.1,0.73,1,1,1,1,0,1,0,1,48,28,7,7,1,137,5,0
1977,37,5,2977,0,5.5,0.74,0,1,1,1,0,1,0,1,49,28,7,7,1,180,7,1
5021,37,5,7577,0,5.5,0.74,1,1,1,1,0,1,0,1,48,28,7,7,1,172,6,2
1535,18,1,2306,0,5.8,0.79,1,1,2,1,0,1,0,0,50,28,7,7,1,197,7,1
3687,44,8,5591,0,5.1,0.84,0,1,1,1,0,1,0,1,49,28,7,7,1,159,6,0
4344,46,8,6470,0,6.2,0.84,1,1,1,1,0,1,0,1,48,28,7,7,1,185,7,0
3707,46,1,5619,0,6.2,1.04,0,1,1,1,0,1,0,1,47,28,7,7,1,175,5,0
4245,30,9,6330,0,6.8,1.22,1,1,1,1,0,1,0,1,51,28,7,7,1,190,7,3
5191,39,9,7831,0,6.7,1.37,1,1,1,1,0,1,0,1,46,28,7,7,1,181,7,0
4138,29,1,6171,0,5.7,1.47,1,1,1,1,0,1,0,1,47,28,7,7,1,185,7,1
2463,40,5,3759,0,5.5,1.57,0,1,1,1,0,1,0,1,47,28,7,7,1,169,7,0
1474,16,4,2219,1,5.7,0.13,0,1,1,1,0,1,0,1,48,28,7,7,1,189,7,0
1208,12,3,1841,1,5.4,0.33,0,1,1,1,0,1,0,1,49,28,7,7,1,201,7,1
858,9,5,1317,1,4.9,0.35,0,1,1,1,0,1,0,1,49,28,7,7,1,,7,1
541,6,6,841,1,6.7,0.46,0,1,1,1,0,1,0,1,45,28,7,7,1,188,6,0
2868,18,6,4302,0,5.8,0.34,0,1,1,1,0,1,0,1,,28,8,8,1,,0,0
5335,44,4,8054,0,5.1,0.41,1,1,1,1,0,1,0,1,48,28,8,8,1,183,6,0
4666,35,4,7009,0,6.9,0.45,1,1,1,1,0,1,0,1,49,28,8,8,1,200,8,2
4678,35,4,7027,0,6.9,0.45,1,1,1,1,0,1,0,1,49,28,8,8,1,,0,0
2191,39,4,3331,0,6.7,0.48,0,1,1,1,0,1,0,1,49,28,8,8,1,,0,0
5190,39,4,7830,0,6.7,0.48,1,1,1,1,0,1,0,1,48,28,8,8,1,173,7,0
2011,40,8,3029,0,5.5,0.51,0,1,1,1,0,1,0,1,48,28,8,8,1,173,3,0
2930,21,8,4396,0,8.6,0.56,1,1,1,1,0,1,0,1,51,28,8,8,1,197,8,1
4730,35,3,7118,0,6.9,0.6,1,1,1,1,0,1,0,1,48,28,8,8,1,206,8,0
3408,24,6,5128,0,7.3,0.78,1,1,1,1,0,1,0,1,50,28,8,8,1,173,7,1
2327,41,1,3544,0,7,0.79,0,1,1,1,0,1,0,1,48,28,8,8,1,167,8,0
86,24,8,130,0,7.3,0.84,0,1,1,1,0,1,0,1,47,28,8,8,1,170,4,1
4176,40,9,6227,0,5.5,1.14,1,1,1,1,0,1,0,1,46,28,8,8,1,156,6,0
4677,35,1,7026,0,6.9,1.25,1,1,1,1,0,1,0,1,47,28,8,8,1,177,8,1
4712,37,2,7083,0,5.5,1.39,1,1,1,1,0,1,0,1,49,28,8,8,1,191,8,0
3930,45,1,5922,0,7.4,1.43,1,1,1,1,0,1,0,1,49,28,8,8,1,165,8,0
3346,24,2,5034,0,7.3,1.55,1,1,1,1,0,1,0,1,49,28,8,8,1,,0,0
2666,47,5,4041,0,6.7,1.66,0,1,1,1,0,1,0,1,47,28,8,8,1,140,8,0
979,12,4,1496,1,5.4,0.26,1,1,1,1,0,1,0,1,48,28,8,8,1,199,7,0
872,9,3,1344,1,4.9,0.37,0,1,1,1,0,1,0,1,49,28,8,8,1,,3,0
4671,35,7,7018,0,6.9,0.29,1,1,1,1,0,1,0,1,47,28,9,9,1,193,9,1
2967,21,4,4459,0,8.6,0.32,1,1,1,1,0,1,0,1,49,28,9,9,1,194,9,1
61,21,3,99,0,8.6,0.33,0,1,1,1,0,1,0,1,50,28,9,9,1,201,7,0
2405,40,6,3666,0,5.5,0.41,0,1,1,1,0,1,0,1,49,28,9,9,1,167,2,0
2188,38,4,3327,0,7.4,0.52,0,1,1,1,0,1,0,1,48,28,9,9,1,165,9,0
2414,41,8,3677,0,7,0.54,0,1,1,1,0,1,0,1,49,28,9,9,1,194,8,3
5273,41,8,7952,0,7,0.54,1,1,2,1,0,1,0,0,49,28,9,9,1,186,4,1
2586,21,8,3938,0,8.6,0.56,0,1,1,1,0,1,0,1,50,28,9,9,1,183,9,0
4513,35,6,6751,0,6.9,0.7,1,1,1,1,0,1,0,1,48,28,9,9,1,189,9,0
3780,46,6,5716,0,6.2,0.75,0,1,1,1,0,1,0,1,48,28,9,9,1,197,9,1
3303,24,6,4974,0,7.3,0.78,1,1,1,1,0,1,0,1,50,28,9,9,1,178,7,0
5091,39,5,7684,0,6.7,1.05,1,1,1,1,0,1,0,1,50,28,9,9,1,,0,0
3345,24,9,5033,0,7.3,1.25,1,1,1,1,0,1,0,1,50,28,9,9,1,187,9,1
4738,35,1,7127,0,6.9,1.25,1,1,1,1,0,1,0,1,49,28,9,9,1,,0,0
3170,24,1,4779,0,7.3,1.47,0,1,1,1,0,1,0,1,50,28,9,9,1,190,6,1
1609,42,9,2427,0,5.6,1.79,0,1,1,1,0,1,0,1,50,28,9,9,1,190,8,1
2670,47,9,4045,0,6.7,2.05,0,1,1,1,0,1,0,1,49,28,9,9,1,187,9,1
702,8,6,1078,1,4.5,0.27,0,1,1,1,0,1,0,1,50,28,9,9,1,188,6,0
333,3,4,511,1,5.9,0.3,1,1,1,1,0,1,0,1,47,28,9,9,1,161,6,0
666,6,6,1028,1,6.7,0.46,1,1,1,1,0,1,0,1,50,28,9,9,1,192,8,1
749,7,5,1157,1,5.9,0.52,1,1,1,1,0,1,0,1,49,28,9,9,1,190,9,1
1443,16,5,2180,1,5.7,0.66,1,1,1,1,0,1,0,1,48,28,9,9,1,191,9,1
1399,15,2,2127,1,5.7,1.01,0,1,1,1,0,1,0,1,51,28,9,9,1,204,9,0
672,6,1,1039,1,6.7,1.4,1,1,1,1,0,1,0,1,49,28,9,9,1,193,9,2
2810,19,3,4231,0,8.1,0.3,1,1,1,1,0,1,0,1,51,28,10,10,1,184,9,1
2192,39,4,3332,0,6.7,0.48,0,1,1,1,0,1,0,1,53,28,10,10,1,186,8,0
2927,20,5,4392,0,8.5,0.48,1,1,1,1,0,1,0,1,51,28,10,10,1,163,6,0
5456,39,4,8232,0,6.7,0.48,1,1,1,1,0,1,0,1,49,28,10,10,1,179,10,0
4482,34,6,6691,0,7.6,0.53,1,1,1,1,0,1,0,1,49,28,10,10,1,191,10,1
3353,24,3,5042,0,7.3,0.73,1,1,1,1,0,1,0,1,50,28,10,10,1,186,10,1
1695,28,2,2571,0,8.9,0.91,0,1,1,1,0,1,0,1,49,28,10,10,1,192,10,0
3291,24,9,4957,0,7.3,1.25,1,1,1,1,0,1,0,1,50,28,10,10,1,172,10,0
3388,24,2,5098,0,7.3,1.55,1,1,1,1,0,1,0,1,52,28,10,10,1,190,10,0
1409,22,2,2140,0,7.4,1.66,1,1,1,1,0,1,0,1,53,28,10,10,1,187,10,1
863,9,3,1326,1,4.9,0.37,1,1,1,1,0,1,0,1,53,28,10,10,1,170,9,1
448,5,3,690,1,5.6,0.4,1,1,1,1,0,1,0,1,48,28,10,10,1,184,9,0
861,9,1,1321,1,4.9,0.86,0,1,3,1,0,1,0,0,53,28,10,10,1,160,7,0
2554,20,4,3888,0,8.5,0.25,0,1,1,1,0,1,0,1,55,28,11,11,1,195,11,2
5414,40,4,8162,0,5.5,0.38,1,1,1,1,0,1,0,1,49,28,11,11,1,132,0,0
1414,22,6,2145,0,7.4,0.49,1,1,1,1,0,1,0,1,50,28,11,11,1,179,11,3
1683,28,9,2549,0,8.9,1.1,0,1,1,1,0,1,0,1,49,28,11,11,1,188,11,0
460,5,3,704,1,5.6,0.4,1,1,2,1,0,1,0,0,50,28,11,11,1,187,10,2
669,6,6,1032,1,6.7,0.46,1,1,2,1,0,1,0,0,53,28,11,11,1,177,9,2
2897,20,9,4346,0,8.5,0.53,1,1,1,1,0,1,0,1,55,28,12,12,1,194,10,1
1232,13,3,1871,1,6,0.23,1,1,1,1,0,1,0,1,54,28,12,12,1,197,12,3
2379,37,8,3628,0,5.5,0.58,0,1,1,1,0,1,0,1,51,29,10,4,0.4,,0,0
5297,42,3,7990,0,5.6,0.7,1,1,2,1,0,1,0,0,51,29,10,4,0.4,199,2,0
4031,46,1,6048,0,6.2,1.04,1,1,1,1,0,1,0,1,48,29,7,4,0.57,198,4,0
3205,24,8,4820,0,7.3,0.84,1,1,1,1,0,1,0,1,51,29,8,5,0.63,183,5,0
3148,23,4,4741,0,7.8,0.4,1,1,1,1,0,1,0,1,51,29,7,5,0.71,,0,0
3714,44,1,5628,0,5.1,1.83,0,1,1,1,0,1,0,1,50,29,7,5,0.71,,0,0
1847,32,6,2783,0,6.8,0.19,0,1,1,1,0,1,0,1,56,29,8,6,0.75,192,6,1
3602,29,3,5445,0,5.7,0.6,1,1,1,1,0,1,0,1,54,29,8,6,0.75,173,6,0
5028,37,4,7587,0,5.5,0.73,1,1,1,1,0,1,0,1,49,29,8,6,0.75,174,6,0
5340,44,3,8059,0,5.1,0.73,1,1,1,1,0,1,0,1,48,29,8,6,0.75,188,6,0
1509,17,2,2269,0,6.8,0.59,0,1,1,1,0,1,0,1,49,29,9,7,0.78,202,7,1
3364,24,6,5057,0,7.3,0.78,0,1,1,1,0,1,0,1,52,29,11,9,0.82,191,8,1
5045,37,9,7612,0,5.5,1.94,1,1,1,1,0,1,0,1,54,29,11,9,0.82,188,9,0
1985,37,5,2985,0,5.5,0.74,0,1,1,1,0,1,0,1,57,29,6,5,0.83,184,5,0
1607,42,4,2425,0,5.6,0.54,0,1,1,1,0,1,0,1,51,29,7,6,0.86,197,6,0
4781,35,3,7194,0,6.9,0.6,1,1,1,1,0,1,0,1,48,29,7,6,0.86,208,5,1
3837,44,8,5787,0,5.1,0.84,1,1,1,1,0,1,0,1,48,29,7,6,0.86,173,6,0
5461,39,2,8240,0,6.7,1.23,1,1,1,1,0,1,0,1,48,29,7,6,0.86,181,6,0
2136,35,4,3248,0,6.9,0.45,0,1,1,1,0,1,0,1,49,29,8,7,0.88,200,7,2
5107,37,9,7707,0,5.5,1.94,1,1,1,1,0,1,0,1,51,29,8,7,0.88,200,2,0
1445,16,3,2182,1,5.7,0.23,1,1,1,1,0,1,0,1,49,29,8,7,0.88,176,7,0
1750,30,4,2650,0,6.8,0.41,0,1,1,1,0,1,0,1,50,29,9,8,0.89,182,8,0
4369,42,4,6507,0,5.6,0.54,1,1,1,1,0,1,0,1,52,29,9,8,0.89,193,8,0
4108,28,2,6130,0,8.9,0.91,1,1,1,1,0,1,0,1,49,29,9,8,0.89,197,8,1
382,4,4,596,1,8.2,0.32,0,1,3,1,0,1,0,0,49,29,9,8,0.89,189,8,0
3183,23,4,4793,0,7.8,0.4,0,1,1,1,0,1,0,1,52,29,10,9,0.9,197,9,0
4804,35,4,7229,0,6.9,0.45,1,1,1,1,0,1,0,1,50,29,10,9,0.9,195,9,0
1808,30,1,2733,0,6.8,0.82,0,1,1,1,0,1,0,1,50,29,10,9,0.9,176,9,1
900,10,3,1387,1,5.4,0.27,1,1,1,1,0,1,0,1,53,29,10,9,0.9,183,9,0
664,6,8,1026,1,6.7,0.49,1,1,1,1,0,1,0,1,50,29,10,9,0.9,191,9,5
3320,24,5,4995,0,7.3,0.22,0,1,1,1,0,1,0,1,52,29,11,10,0.91,200,10,0
4782,35,4,7195,0,6.9,0.45,1,1,1,1,0,1,0,1,53,29,11,10,0.91,191,10,1
3051,21,6,4598,0,8.6,0.46,1,1,1,1,0,1,0,1,52,29,11,10,0.91,186,10,1
5275,41,1,7955,0,7,0.79,1,1,1,1,0,1,0,1,51,29,11,10,0.91,189,10,2
4037,46,4,6054,0,6.2,0.51,1,1,1,1,0,1,0,1,52,29,12,11,0.92,181,11,1
3613,28,6,5467,0,8.9,0.47,1,1,1,1,0,1,0,1,47,29,6,6,1,200,6,1
1107,13,3,1686,1,6,0.23,0,1,1,1,0,1,0,1,,29,6,6,1,,1,0
525,6,6,825,1,6.7,0.46,0,1,1,1,0,1,0,1,50,29,6,6,1,192,6,0
4560,32,6,6832,0,6.8,0.19,1,1,1,1,0,1,0,1,51,29,7,7,1,191,7,0
2479,41,4,3782,0,7,0.28,0,1,1,1,0,1,0,1,48,29,7,7,1,175,4,1
5257,41,6,7931,0,7,0.37,0,1,2,1,0,1,0,0,50,29,7,7,1,191,7,2
2251,40,3,3423,0,5.5,0.4,0,1,1,1,0,1,0,1,48,29,7,7,1,156,1,0
2404,40,6,3665,0,5.5,0.41,0,1,1,1,0,1,0,1,47,29,7,7,1,178,2,0
5197,39,6,7843,0,6.7,0.43,1,1,1,1,0,1,0,1,51,29,7,7,1,160,6,0
1776,31,6,2692,0,7.7,0.49,0,1,1,1,0,1,0,1,45,29,7,7,1,168,7,0
5209,39,3,7864,0,6.7,0.57,1,1,1,1,0,1,0,1,48,29,7,7,1,182,7,1
4956,37,8,7474,0,5.5,0.58,1,1,1,1,0,1,0,1,50,29,7,7,1,182,7,0
4827,36,6,7266,0,7.5,0.65,1,1,1,1,0,1,0,1,50,29,7,7,1,,0,0
4870,37,5,7338,0,5.5,0.74,1,1,1,1,0,1,0,1,48,29,7,7,1,164,6,1
2819,18,2,4245,0,5.8,1.39,0,1,1,1,0,1,0,1,49,29,7,7,1,186,6,0
1539,18,2,2311,0,5.8,1.39,1,1,1,1,0,1,0,1,51,29,7,7,1,187,5,0
4788,35,9,7205,0,6.9,1.75,1,1,1,1,0,1,0,1,49,29,7,7,1,195,7,1
2013,40,7,3033,0,5.5,0.12,0,1,1,1,0,1,0,1,47,29,8,8,1,165,7,0
1638,26,4,2473,0,7.5,0.3,0,1,1,1,0,1,0,1,49,29,8,8,1,194,8,2
2149,35,4,3267,0,6.9,0.45,0,1,1,1,0,1,0,1,49,29,8,8,1,186,8,3
4681,35,4,7030,0,6.9,0.45,1,1,1,1,0,1,0,1,49,29,8,8,1,187,8,1
4873,39,4,7342,0,6.7,0.48,1,1,1,1,0,1,0,1,49,29,8,8,1,,0,0
3272,23,8,4921,0,7.8,0.49,1,1,1,1,0,1,0,1,49,29,8,8,1,194,8,4
4541,32,1,6801,0,6.8,0.54,1,1,1,1,0,1,0,1,51,29,8,8,1,187,8,0
5211,41,8,7868,0,7,0.54,1,1,2,1,0,1,0,0,51,29,8,8,1,195,8,2
3869,44,7,5835,0,5.1,0.58,1,1,1,1,0,1,0,1,49,29,8,8,1,183,8,0
3178,24,3,4787,0,7.3,0.73,1,1,1,1,0,1,0,1,51,29,8,8,1,182,6,1
2253,40,9,3426,0,5.5,1.14,0,1,1,1,0,1,0,1,48,29,8,8,1,156,6,0
4922,37,1,7431,0,5.5,1.32,1,1,1,1,0,1,0,1,50,29,8,8,1,184,8,2
4953,37,2,7470,0,5.5,1.39,1,1,1,1,0,1,0,1,51,29,8,8,1,186,8,1
5392,43,5,8132,0,6.8,1.92,1,1,1,1,0,1,0,1,49,29,8,8,1,183,8,0
2296,37,9,3496,0,5.5,1.94,0,1,1,1,0,1,0,1,51,29,8,8,1,172,8,1
331,3,4,506,1,5.9,0.3,1,1,6,1,0,1,0,0,49,29,8,8,1,159,5,0
611,6,6,946,1,6.7,0.46,0,1,1,1,0,1,0,1,50,29,8,8,1,194,7,1
549,6,6,857,1,6.7,0.46,0,1,2,1,0,1,0,0,50,29,8,8,1,190,3,0
416,4,9,645,1,8.2,0.61,1,1,1,1,0,1,0,1,49,29,8,8,1,201,5,0
364,3,2,565,1,5.9,0.64,0,1,1,1,0,1,0,1,48,29,8,8,1,177,7,1
1317,15,9,2001,1,5.7,0.65,1,1,1,1,0,1,0,1,49,29,8,8,1,198,8,3
424,4,2,656,1,8.2,0.8,1,1,1,1,0,1,0,1,48,29,8,8,1,182,8,3
1407,16,1,2135,1,5.7,1.15,1,1,1,1,0,1,0,1,,29,8,8,1,,0,0
3267,23,3,4914,0,7.8,0.37,1,1,1,1,0,1,0,1,51,29,9,9,1,176,9,0
3263,23,6,4907,0,7.8,0.38,1,1,4,1,0,1,0,0,51,29,9,9,1,174,9,1
1575,28,6,2363,0,8.9,0.47,0,1,1,1,0,1,0,1,48,29,9,9,1,189,9,0
3511,28,6,5278,0,8.9,0.47,1,1,1,1,0,1,0,1,49,29,9,9,1,184,9,3
2134,34,6,3246,0,7.6,0.53,0,1,1,1,0,1,0,1,48,29,9,9,1,192,8,0
5438,41,3,8205,0,7,0.53,1,1,1,1,0,1,0,1,51,29,9,9,1,192,9,3
3033,21,8,4571,0,8.6,0.56,1,1,1,1,0,1,0,1,50,29,9,9,1,185,9,0
3417,24,4,5137,0,7.3,0.65,0,1,1,1,0,1,0,1,51,29,9,9,1,181,8,1
3401,24,4,5119,0,7.3,0.65,1,1,1,1,0,1,0,1,49,29,9,9,1,196,9,0
3164,23,9,4770,0,7.8,0.72,0,1,1,1,0,1,0,1,50,29,9,9,1,191,8,0
3296,24,3,4962,0,7.3,0.73,1,1,1,1,0,1,0,1,49,29,9,9,1,174,9,1
4679,35,8,7028,0,6.9,0.73,1,1,1,1,0,1,0,1,50,29,9,9,1,165,9,1
1922,31,9,2894,0,7.7,0.87,0,1,1,1,0,1,0,1,48,29,9,9,1,,0,0
3576,26,1,5402,0,7.5,0.97,1,1,1,1,0,1,0,1,50,29,9,9,1,201,8,2
2448,38,5,3726,0,7.4,1.14,0,1,1,1,0,1,0,1,46,29,9,9,1,166,7,0
162,24,9,239,0,7.3,1.25,0,1,1,1,0,1,0,1,52,29,9,9,1,185,9,0
1889,35,2,2836,0,6.9,1.28,0,1,1,1,0,1,0,1,51,29,9,9,1,204,7,0
1863,33,9,2803,0,8.1,1.29,0,1,1,1,0,1,0,1,49,29,9,9,1,198,9,2
4070,47,9,6087,0,6.7,2.05,1,1,1,1,0,1,0,1,53,29,9,9,1,183,9,0
1268,14,4,1923,1,7,0.22,0,1,2,1,0,1,0,0,,29,9,9,1,,5,0
554,8,8,863,1,4.5,0.34,0,1,1,1,0,1,0,1,51,29,9,9,1,195,8,2
1340,13,2,2031,1,6,0.53,0,1,1,1,0,1,0,1,48,29,9,9,1,167,8,0
4696,35,7,7053,0,6.9,0.29,1,1,1,1,0,1,0,1,50,29,10,10,1,,0,0
4919,39,7,7425,0,6.7,0.29,1,1,1,1,0,1,0,1,52,29,10,10,1,183,7,0
4429,33,6,6601,0,8.1,0.4,0,1,1,1,0,1,0,1,50,29,10,10,1,158,10,0
3579,26,8,5406,0,7.5,0.41,1,1,1,1,0,1,0,1,51,29,10,10,1,202,10,2
3289,24,3,4955,0,7.3,0.73,1,1,1,1,0,1,0,1,50,29,10,10,1,190,10,2
888,9,6,1372,1,4.9,0.24,0,1,1,1,0,1,0,1,53,29,10,10,1,182,8,3
823,8,6,1258,1,4.5,0.27,0,1,1,1,0,1,0,1,50,29,10,10,1,191,10,0
435,4,4,670,1,8.2,0.32,1,1,2,1,0,1,0,0,53,29,10,10,1,182,10,1
1168,12,3,1778,1,5.4,0.33,1,1,1,1,0,1,0,1,50,29,10,10,1,201,10,1
1225,12,6,1862,1,5.4,0.38,0,1,1,1,0,1,0,1,49,29,10,10,1,199,9,0
568,5,9,880,1,5.6,0.91,0,1,1,1,0,1,0,1,49,29,10,10,1,,10,0
651,6,1,1011,1,6.7,1.4,1,1,1,1,0,1,0,1,51,29,10,10,1,188,10,0
1841,30,8,2776,0,6.8,0.32,0,1,2,1,0,1,0,0,51,29,11,11,1,168,11,0
1645,26,8,2490,0,7.5,0.41,0,1,1,1,0,1,0,1,54,29,11,11,1,176,11,1
2150,35,4,3268,0,6.9,0.45,0,1,1,1,0,1,0,1,50,29,11,11,1,190,10,0
800,11,4,1225,1,7,0.16,1,1,1,1,0,1,0,1,51,29,11,11,1,,10,3
1286,14,4,1949,1,7,0.22,0,1,1,1,0,1,0,1,51,29,11,11,1,186,10,1
389,4,3,606,1,8.2,0.23,0,1,1,1,0,1,0,1,52,29,11,11,1,198,11,1
3206,24,6,4821,0,7.3,0.78,1,1,1,1,0,1,0,1,52,29,12,12,1,173,10,0
646,6,9,1001,1,6.7,0.57,1,1,3,1,0,1,0,0,51,29,12,12,1,182,12,1
876,9,6,1350,1,4.9,0.24,0,1,1,1,0,1,0,1,54,30,9,2,0.22,187,2,0
2566,21,8,3908,0,8.6,0.56,0,1,1,1,0,1,0,1,52,30,10,4,0.4,191,4,3
1901,37,2,2853,0,5.5,1.39,0,1,1,1,0,1,0,1,51,30,7,4,0.57,196,4,0
5118,37,4,7723,0,5.5,0.73,1,1,1,1,0,1,0,1,53,30,9,6,0.67,183,6,2
5116,37,9,7721,0,5.5,1.94,1,1,1,1,0,1,0,1,52,30,9,6,0.67,155,2,0
1667,37,8,2526,0,5.5,0.58,0,1,1,1,0,1,0,1,53,30,10,7,0.7,195,7,0
5246,46,2,7918,0,6.2,1.71,1,1,1,1,0,1,0,1,48,30,7,5,0.71,,0,0
2412,41,6,3674,0,7,0.37,0,1,1,1,0,1,0,1,48,30,4,3,0.75,185,3,0
5058,37,8,7634,0,5.5,0.58,1,1,1,1,0,1,0,1,51,30,8,6,0.75,189,6,1
4674,35,3,7022,0,6.9,0.6,1,1,1,1,0,1,0,1,49,30,8,6,0.75,,0,0
4974,37,6,7505,0,5.5,0.71,1,1,1,1,0,1,0,1,53,30,8,6,0.75,,0,0
1900,37,2,2852,0,5.5,1.39,0,1,1,1,0,1,0,1,50,30,8,6,0.75,178,6,0
5431,40,9,8192,0,5.5,1.14,1,1,1,1,0,1,0,1,50,30,9,7,0.78,,0,0
2217,10,4,3375,1,5.4,0.3,0,1,1,1,0,1,0,1,50,30,9,7,0.78,,0,0
1937,33,1,2920,0,8.1,0.68,0,1,1,1,0,1,0,1,49,30,5,4,0.8,190,4,1
2376,37,6,3625,0,5.5,0.71,0,1,1,1,0,1,0,1,49,30,5,4,0.8,202,3,1
3574,26,4,5398,0,7.5,0.3,1,1,1,1,0,1,0,1,50,30,10,8,0.8,200,8,0
2255,40,4,3429,0,5.5,0.38,0,1,1,1,0,1,0,1,51,30,11,9,0.82,147,6,0
1749,30,9,2649,0,6.8,1.22,0,1,1,1,0,1,0,1,47,30,6,5,0.83,199,5,0
2335,42,1,3561,0,5.6,1.58,0,1,1,1,0,1,0,1,48,30,6,5,0.83,,0,0
1840,30,8,2775,0,6.8,0.32,0,1,1,1,0,1,0,1,48,30,7,6,0.86,189,2,1
1795,29,6,2719,0,5.7,0.47,0,1,1,1,0,1,0,1,51,30,7,6,0.86,179,6,0
868,9,4,1339,1,4.9,0.27,1,1,1,1,0,1,0,1,51,30,7,6,0.86,186,2,0
4554,32,4,6819,0,6.8,0.2,1,1,1,1,0,1,0,1,51,30,8,7,0.88,192,6,1
4000,46,4,6008,0,6.2,0.51,1,1,1,1,0,1,0,1,49,30,8,7,0.88,196,7,0
1979,37,1,2979,0,5.5,1.32,0,1,1,1,0,1,0,1,50,30,8,7,0.88,187,6,2
836,9,3,1279,1,4.9,0.37,1,1,1,1,0,1,0,1,52,30,8,7,0.88,189,5,1
1213,12,6,1846,1,5.4,0.38,0,1,1,1,0,1,0,1,52,30,9,8,0.89,199,8,0
530,6,6,830,1,6.7,0.46,0,1,1,1,0,1,0,1,49,30,9,8,0.89,198,8,1
1856,30,6,2794,0,6.8,0.36,0,1,2,1,0,1,0,0,50,30,11,10,0.91,,0,0
4185,35,3,6246,0,6.9,0.6,1,1,1,1,0,1,0,1,50,30,11,10,0.91,193,10,1
4545,32,8,6806,0,6.8,0.06,1,1,1,1,0,1,0,1,55,30,12,11,0.92,185,11,1
4923,37,1,7432,0,5.5,1.32,1,1,1,1,0,1,0,1,50,30,4,4,1,172,4,0
3902,47,9,5879,0,6.7,2.05,1,1,1,1,0,1,0,1,51,30,4,4,1,193,4,0
1375,16,3,2090,1,5.7,0.23,1,1,1,1,0,1,0,1,,30,4,4,1,,2,0
639,6,1,991,1,6.7,1.4,0,1,1,1,0,1,0,1,51,30,5,5,1,187,4,0
5070,41,6,7650,0,7,0.37,1,1,1,1,0,1,0,1,49,30,6,6,1,158,6,0
5034,37,8,7594,0,5.5,0.58,1,1,1,1,0,1,0,1,50,30,6,6,1,,0,0
4187,35,1,6248,0,6.9,1.25,1,1,1,1,0,1,0,1,46,30,6,6,1,186,6,0
2415,41,6,3678,0,7,0.37,0,1,1,1,0,1,0,1,49,30,7,7,1,191,7,0
5423,40,3,8177,0,5.5,0.4,1,1,1,1,0,1,0,1,51,30,7,7,1,,0,0
5001,39,8,7551,0,6.7,0.41,1,1,1,1,0,1,0,1,49,30,7,7,1,193,6,0
3668,39,4,5554,0,6.7,0.48,0,1,1,1,0,1,0,1,49,30,7,7,1,186,7,0
3834,47,4,5782,0,6.7,0.53,1,1,1,1,0,1,0,1,49,30,7,7,1,188,5,0
3197,24,3,4812,0,7.3,0.73,1,1,1,1,0,1,0,1,50,30,7,7,1,178,5,0
5038,37,3,7600,0,5.5,0.87,1,1,1,1,0,1,0,1,51,30,7,7,1,191,7,1
3195,24,9,4810,0,7.3,1.25,1,1,1,1,0,1,0,1,48,30,7,7,1,191,6,1
3201,24,9,4816,0,7.3,1.25,1,1,1,1,0,1,0,1,48,30,7,7,1,199,6,0
5472,39,9,8260,0,6.7,1.37,1,1,1,1,0,1,0,1,50,30,7,7,1,163,7,0
3391,24,1,5102,0,7.3,1.47,1,1,1,1,0,1,0,1,49,30,7,7,1,164,3,0
1341,14,4,2032,1,7,0.22,1,1,1,1,0,1,0,1,,30,7,7,1,,6,0
239,2,4,360,1,6,0.37,1,1,1,1,0,1,0,1,48,30,7,7,1,176,6,0
1378,16,9,2093,1,5.7,0.68,1,1,3,1,0,1,0,0,51,30,7,7,1,192,7,0
1199,12,5,1826,1,5.4,0.7,0,1,1,1,0,1,0,1,49,30,7,7,1,198,7,0
226,2,9,344,1,6,1.06,1,1,1,1,0,1,0,1,47,30,7,7,1,176,7,0
1442,16,1,2179,1,5.7,1.15,1,1,1,1,0,1,0,1,50,30,7,7,1,197,5,0
751,7,1,1159,1,5.9,1.5,1,1,3,1,0,1,0,0,51,30,7,7,1,202,4,0
2417,41,7,3680,0,7,0.25,0,1,3,1,0,1,0,0,51,30,8,8,1,189,8,6
1644,26,6,2489,0,7.5,0.31,0,1,1,1,0,1,0,1,53,30,8,8,1,193,8,0
4346,46,4,6472,0,6.2,0.51,1,1,1,1,0,1,0,1,50,30,8,8,1,210,8,1
2378,37,8,3627,0,5.5,0.58,0,1,1,1,0,1,0,1,51,30,8,8,1,,0,0
4955,37,8,7473,0,5.5,0.58,1,1,1,1,0,1,0,1,51,30,8,8,1,186,6,1
159,24,4,235,0,7.3,0.65,0,1,1,1,0,1,0,1,50,30,8,8,1,184,8,0
2282,36,6,3473,0,7.5,0.65,0,1,1,1,0,1,0,1,48,30,8,8,1,147,5,0
1639,26,9,2474,0,7.5,0.72,0,1,1,1,0,1,0,1,49,30,8,8,1,198,8,1
2797,17,5,4215,0,6.8,0.74,0,1,1,1,0,1,0,1,48,30,8,8,1,193,6,0
1508,18,1,2268,0,5.8,0.79,1,1,1,1,0,1,0,1,51,30,8,8,1,200,8,2
3360,24,8,5053,0,7.3,0.84,1,1,1,1,0,1,0,1,51,30,8,8,1,181,8,1
156,24,9,229,0,7.3,1.25,0,1,1,1,0,1,0,1,50,30,8,8,1,187,8,1
3189,24,9,4800,0,7.3,1.25,1,1,1,1,0,1,0,1,49,30,8,8,1,199,8,2
3292,24,9,4958,0,7.3,1.25,1,1,1,1,0,1,0,1,52,30,8,8,1,182,7,2
4690,35,1,7043,0,6.9,1.25,1,1,1,1,0,1,0,1,49,30,8,8,1,193,8,0
4811,36,9,7239,0,7.5,1.25,1,1,1,1,0,1,0,1,48,30,8,8,1,184,8,2
1980,37,1,2980,0,5.5,1.32,0,1,1,1,0,1,0,1,51,30,8,8,1,196,8,3
4760,37,9,7164,0,5.5,1.94,1,1,1,1,0,1,0,1,52,30,8,8,1,,0,0
2238,47,9,3409,0,6.7,2.05,0,1,1,1,0,1,0,1,51,30,8,8,1,187,8,2
2837,19,4,4267,0,8.1,0.27,1,1,1,1,0,1,0,1,51,30,9,9,1,187,9,2
1643,26,6,2488,0,7.5,0.31,0,1,1,1,0,1,0,1,50,30,9,9,1,192,8,1
3224,23,4,4845,0,7.8,0.4,1,1,1,1,0,1,0,1,52,30,9,9,1,180,9,2
3253,23,4,4891,0,7.8,0.4,1,1,1,1,0,1,0,1,52,30,9,9,1,195,8,4
3265,23,4,4911,0,7.8,0.4,1,1,1,1,0,1,0,1,51,30,9,9,1,200,9,6
5092,39,8,7685,0,6.7,0.41,1,1,1,1,0,1,0,1,49,30,9,9,1,167,9,0
4114,28,8,6139,0,8.9,0.43,1,1,1,1,0,1,0,1,50,30,9,9,1,199,9,0
4735,35,4,7123,0,6.9,0.45,1,1,1,1,0,1,0,1,51,30,9,9,1,196,9,1
2363,39,4,3604,0,6.7,0.48,0,1,1,1,0,1,0,1,49,30,9,9,1,,0,0
3976,46,4,5978,0,6.2,0.51,1,1,1,1,0,1,0,1,53,30,9,9,1,180,9,0
3993,46,4,5998,0,6.2,0.51,1,1,1,1,0,1,0,1,49,30,9,9,1,182,9,1
4052,47,4,6069,0,6.7,0.53,0,1,1,1,0,1,0,1,50,30,9,9,1,194,9,1
2419,41,8,3682,0,7,0.54,0,1,1,1,0,1,0,1,50,30,9,9,1,160,7,0
148,24,4,220,0,7.3,0.65,0,1,1,1,0,1,0,1,51,30,9,9,1,181,8,1
3300,24,4,4970,0,7.3,0.65,1,1,1,1,0,1,0,1,51,30,9,9,1,177,8,0
3158,23,9,4762,0,7.8,0.72,0,1,1,1,0,1,0,1,50,30,9,9,1,193,9,0
4703,35,8,7064,0,6.9,0.73,1,1,1,1,0,1,0,1,51,30,9,9,1,181,9,1
3192,24,6,4807,0,7.3,0.78,1,1,1,1,0,1,0,1,51,30,9,9,1,180,9,1
3347,24,6,5035,0,7.3,0.78,1,1,1,1,0,1,0,1,50,30,9,9,1,169,6,0
3227,23,1,4849,0,7.8,1,1,1,1,1,0,1,0,1,51,30,9,9,1,203,9,4
155,24,9,228,0,7.3,1.25,0,1,1,1,0,1,0,1,50,30,9,9,1,194,8,2
3177,24,9,4786,0,7.3,1.25,1,1,1,1,0,1,0,1,51,30,9,9,1,203,9,0
3972,46,9,5974,0,6.2,1.71,1,1,1,1,0,1,0,1,50,30,9,9,1,185,9,0
2144,35,9,3261,0,6.9,1.75,0,1,1,1,0,1,0,1,,30,9,9,1,,9,1
1288,14,4,1952,1,7,0.22,0,1,2,1,0,1,0,0,51,30,9,9,1,198,9,1
717,7,5,1105,1,5.9,0.52,0,1,2,1,0,1,0,0,52,30,9,9,1,197,8,1
991,12,9,1515,1,5.4,0.57,1,1,1,1,0,1,0,1,50,30,9,9,1,197,7,0
1309,14,5,1989,1,7,0.74,0,1,1,1,0,1,0,1,51,30,9,9,1,187,9,0
1325,14,9,2009,1,7,1.06,0,1,2,1,0,1,0,0,52,30,9,9,1,196,9,2
677,7,1,1044,1,5.9,1.5,0,1,2,1,0,1,0,0,52,30,9,9,1,177,9,0
4567,33,4,6846,0,8.1,0.27,1,1,1,1,0,1,0,1,51,30,10,10,1,173,9,0
2891,19,6,4337,0,8.1,0.33,1,1,1,1,0,1,0,1,54,30,10,10,1,186,7,0
93,24,7,140,0,7.3,0.5,0,1,1,1,0,1,0,1,51,30,10,10,1,175,8,1
2783,46,4,4200,0,6.2,0.51,0,1,1,1,0,1,0,1,52,30,10,10,1,163,10,0
3412,24,4,5132,0,7.3,0.65,1,1,1,1,0,1,0,1,51,30,10,10,1,188,10,0
3193,24,3,4808,0,7.3,0.73,1,1,1,1,0,1,0,1,50,30,10,10,1,201,10,0
2799,18,1,4217,0,5.8,0.79,1,1,1,1,0,1,0,1,52,30,10,10,1,164,6,0
1809,30,1,2734,0,6.8,0.82,0,1,1,1,0,1,0,1,51,30,10,10,1,176,10,1
3290,24,9,4956,0,7.3,1.25,1,1,1,1,0,1,0,1,52,30,10,10,1,189,9,1
4970,37,1,7496,0,5.5,1.32,1,1,1,1,0,1,0,1,52,30,10,10,1,167,10,0
3324,24,2,5000,0,7.3,1.55,1,1,1,1,0,1,0,1,55,30,10,10,1,188,9,1
678,7,1,1045,1,5.9,1.5,0,1,1,1,0,1,0,1,53,30,10,10,1,194,8,0
3481,26,7,5227,0,7.5,0.21,1,1,1,1,0,1,0,1,51,30,11,11,1,202,10,1
2151,35,4,3269,0,6.9,0.45,0,1,1,1,0,1,0,1,51,30,11,11,1,204,10,1
139,24,4,203,0,7.3,0.65,0,1,1,1,0,1,0,1,54,30,11,11,1,140,8,0
97,24,8,144,0,7.3,0.84,0,1,1,1,0,1,0,1,52,30,11,11,1,174,11,0
5463,39,9,8242,0,6.7,1.37,1,1,1,1,0,1,0,1,52,30,11,11,1,177,8,0
1308,14,5,1988,1,7,0.74,0,1,1,1,0,1,0,1,54,30,11,11,1,189,10,0
394,4,2,611,1,8.2,0.8,0,1,4,1,0,1,0,0,51,30,11,11,1,191,10,1
2154,35,3,3276,0,6.9,0.6,0,1,1,1,0,1,0,1,54,30,12,12,1,183,10,0
5337,44,3,8056,0,5.1,0.73,1,1,1,1,0,1,0,1,53,31,8,4,0.5,,0,0
4386,42,6,6528,0,5.6,0.64,1,1,1,1,0,1,0,1,60,31,9,5,0.56,173,5,0
3153,23,4,4749,0,7.8,0.4,0,1,1,1,0,1,0,1,59,31,5,3,0.6,191,3,0
4601,35,1,6908,0,6.9,1.25,1,1,1,1,0,1,0,1,47,31,6,4,0.67,197,4,1
4145,29,4,6181,0,5.7,0.48,1,1,1,1,0,1,0,1,53,31,9,6,0.67,192,6,0
3748,47,6,5672,0,6.7,0.68,0,1,1,1,0,1,0,1,55,31,12,8,0.67,,4,0
5336,44,6,8055,0,5.1,0.38,1,1,1,1,0,1,0,1,50,31,7,5,0.71,199,4,0
1934,32,1,2915,0,6.8,0.54,0,1,1,1,0,1,0,1,50,31,7,5,0.71,,0,0
1396,15,2,2123,1,5.7,1.01,0,1,1,1,0,1,0,1,52,31,7,5,0.71,185,3,2
3897,44,1,5873,0,5.1,1.83,1,1,1,1,0,1,0,1,49,31,8,6,0.75,135,1,0
1098,13,3,1672,1,6,0.23,1,1,1,1,0,1,0,1,51,31,9,7,0.78,189,6,1
3740,46,5,5664,0,6.2,1.57,0,1,1,1,0,1,0,1,53,31,11,9,0.82,147,4,0
2512,18,6,3823,0,5.8,0.34,0,1,1,1,0,1,0,1,52,31,6,5,0.83,201,3,1
1720,29,4,2608,0,5.7,0.48,0,1,1,1,0,1,0,1,49,31,6,5,0.83,198,5,0
2833,18,5,4263,0,5.8,0.48,0,1,1,1,0,1,0,1,61,31,6,5,0.83,196,5,0
5332,44,3,8049,0,5.1,0.73,1,1,1,1,0,1,0,1,49,31,6,5,0.83,190,5,0
1373,16,6,2088,1,5.7,0.07,1,1,1,1,0,1,0,1,52,31,6,5,0.83,183,5,0
4659,35,4,6999,0,6.9,0.45,1,1,1,1,0,1,0,1,53,31,12,10,0.83,191,9,0
3649,29,8,5529,0,5.7,0.49,1,1,3,1,0,1,0,0,51,31,7,6,0.86,,0,0
1698,29,5,2574,0,5.7,1.27,0,1,1,1,0,1,0,1,49,31,7,6,0.86,196,5,1
4767,37,2,7173,0,5.5,1.39,1,1,1,1,0,1,0,1,51,31,7,6,0.86,202,6,2
3790,46,5,5726,0,6.2,1.57,0,1,1,1,0,1,0,1,51,31,7,6,0.86,,0,0
1413,22,2,2144,0,7.4,1.66,1,1,1,1,0,1,0,1,51,31,7,6,0.86,186,6,1
1616,42,9,2439,0,5.6,1.79,0,1,1,1,0,1,0,1,55,31,7,6,0.86,186,6,0
4067,47,9,6084,0,6.7,2.05,1,1,1,1,0,1,0,1,50,31,7,6,0.86,189,6,0
265,2,4,404,1,6,0.37,1,1,1,1,0,1,0,1,50,31,7,6,0.86,,5,0
1481,16,1,2228,1,5.7,1.15,0,1,1,1,0,1,0,1,51,31,7,6,0.86,,0,0
4663,35,4,7006,0,6.9,0.45,1,1,1,1,0,1,0,1,50,31,8,7,0.88,195,7,0
4670,35,4,7017,0,6.9,0.45,1,1,1,1,0,1,0,1,51,31,8,7,0.88,194,7,0
3317,24,7,4991,0,7.3,0.5,0,1,1,1,0,1,0,1,53,31,8,7,0.88,166,1,0
4879,40,1,7353,0,5.5,0.82,1,1,1,1,0,1,0,1,49,31,8,7,0.88,166,6,0
3134,23,8,4713,0,7.8,0.49,1,1,1,1,0,1,0,1,53,31,9,8,0.89,183,8,0
3977,46,3,5979,0,6.2,0.83,1,1,1,1,0,1,0,1,50,31,9,8,0.89,149,4,0
2468,41,9,3767,0,7,1.14,0,1,2,1,0,1,0,0,51,31,9,8,0.89,196,8,1
1402,16,2,2130,1,5.7,1.34,1,1,1,1,0,1,0,1,53,31,9,8,0.89,185,8,0
3036,21,8,4577,0,8.6,0.56,1,1,1,1,0,1,0,1,54,31,10,9,0.9,191,9,1
1342,14,8,2033,1,7,0.3,1,1,1,1,0,1,0,1,,31,10,9,0.9,,9,1
1764,29,4,2676,0,5.7,0.48,0,1,1,1,0,1,0,1,57,31,13,12,0.92,168,12,2
1923,31,3,2895,0,7.7,0.57,0,1,1,1,0,1,0,1,47,31,5,5,1,203,4,0
2267,35,6,3451,0,6.9,0.7,0,1,1,1,0,1,0,1,48,31,5,5,1,201,5,2
1608,42,4,2426,0,5.6,0.54,0,1,1,1,0,1,0,1,52,31,6,6,1,189,6,0
2420,41,8,3683,0,7,0.54,0,1,1,1,0,1,0,1,52,31,6,6,1,,0,0
2375,37,8,3624,0,5.5,0.58,0,1,1,1,0,1,0,1,48,31,6,6,1,163,6,0
4988,37,4,7531,0,5.5,0.73,1,1,1,1,0,1,0,1,50,31,6,6,1,203,6,0
567,5,2,879,1,5.6,1.76,0,1,1,1,0,1,0,1,52,31,6,6,1,202,5,0
3328,24,8,5005,0,7.3,0.84,1,1,1,1,0,1,0,1,52,31,7,7,1,164,7,0
2504,18,9,3811,0,5.8,1.03,0,1,1,1,0,1,0,1,51,31,7,7,1,181,5,2
4976,37,1,7509,0,5.5,1.32,1,1,1,1,0,1,0,1,52,31,7,7,1,186,7,2
5303,42,1,8002,0,5.6,1.58,1,1,1,1,0,1,0,1,51,31,7,7,1,183,7,0
1097,13,8,1671,1,6,0.32,1,1,1,1,0,1,0,1,51,31,7,7,1,187,7,0
52,2,6,83,1,6,0.38,0,1,1,1,0,1,0,1,47,31,7,7,1,184,5,0
1545,18,4,2318,0,5.8,0.32,1,1,1,1,0,1,0,1,56,31,8,8,1,189,8,2
3159,23,4,4763,0,7.8,0.4,0,1,1,1,0,1,0,1,52,31,8,8,1,205,8,2
3162,23,4,4767,0,7.8,0.4,0,1,1,1,0,1,0,1,52,31,8,8,1,,0,0
5333,44,4,8050,0,5.1,0.41,1,1,1,1,0,1,0,1,51,31,8,8,1,150,8,0
4472,34,6,6669,0,7.6,0.53,1,1,1,1,0,1,0,1,50,31,8,8,1,190,8,1
3821,47,6,5761,0,6.7,0.68,0,1,1,1,0,1,0,1,53,31,8,8,1,188,8,1
3295,24,3,4961,0,7.3,0.73,1,1,1,1,0,1,0,1,51,31,8,8,1,182,8,1
5026,37,4,7584,0,5.5,0.73,1,1,1,1,0,1,0,1,51,31,8,8,1,172,8,1
3992,46,3,5997,0,6.2,0.83,1,1,1,1,0,1,0,1,51,31,8,8,1,145,2,0
5254,46,3,7928,0,6.2,0.83,1,1,1,1,0,1,0,1,50,31,8,8,1,,0,0
103,24,8,152,0,7.3,0.84,0,1,1,1,0,1,0,1,57,31,8,8,1,178,7,0
3997,46,8,6005,0,6.2,0.84,1,1,1,1,0,1,0,1,49,31,8,8,1,166,8,0
3277,23,1,4935,0,7.8,1,0,1,1,1,0,1,0,1,50,31,8,8,1,189,8,2
152,24,9,225,0,7.3,1.25,0,1,1,1,0,1,0,1,50,31,8,8,1,197,8,0
4933,37,1,7446,0,5.5,1.32,1,1,1,1,0,1,0,1,53,31,8,8,1,171,8,3
94,24,1,141,0,7.3,1.47,0,1,1,1,0,1,0,1,52,31,8,8,1,192,7,1
1295,15,4,1965,1,5.7,0.12,1,1,2,1,0,1,0,0,53,31,8,8,1,185,8,2
1374,15,6,2089,1,5.7,0.16,0,1,1,1,0,1,0,1,53,31,8,8,1,197,8,1
1314,14,8,1997,1,7,0.3,0,1,1,1,0,1,0,1,55,31,8,8,1,187,8,0
852,9,8,1306,1,4.9,0.41,0,1,1,1,0,1,0,1,52,31,8,8,1,,7,2
983,12,9,1500,1,5.4,0.57,1,1,2,1,0,1,0,0,49,31,8,8,1,,0,0
374,4,9,584,1,8.2,0.61,0,1,1,1,0,1,0,1,50,31,8,8,1,204,6,2
1257,14,1,1908,1,7,1.18,1,1,1,1,0,1,0,1,,31,8,8,1,,3,0
569,5,2,881,1,5.6,1.76,0,1,1,1,0,1,0,1,49,31,8,8,1,204,8,1
140,25,6,204,0,6.5,0.36,0,1,1,1,0,1,0,1,55,31,9,9,1,167,8,0
2928,20,6,4393,0,8.5,0.36,1,1,1,1,0,1,0,1,53,31,9,9,1,185,9,1
5427,40,4,8182,0,5.5,0.38,1,1,1,1,0,1,0,1,54,31,9,9,1,,0,0
5475,40,6,8264,0,5.5,0.41,0,1,1,1,0,1,0,1,52,31,9,9,1,,0,0
165,26,2,243,0,7.5,0.48,0,1,1,1,0,1,0,1,52,31,9,9,1,197,9,2
2813,18,5,4234,0,5.8,0.48,0,1,1,1,0,1,0,1,53,31,9,9,1,197,9,0
3268,23,8,4915,0,7.8,0.49,1,1,1,1,0,1,0,1,52,31,9,9,1,183,9,2
2270,35,6,3455,0,6.9,0.7,0,1,1,1,0,1,0,1,51,31,9,9,1,189,9,0
1650,26,9,2498,0,7.5,0.72,0,1,1,1,0,1,0,1,54,31,9,9,1,192,8,2
161,24,3,238,0,7.3,0.73,0,1,1,1,0,1,0,1,53,31,9,9,1,178,9,0
2269,35,8,3454,0,6.9,0.73,0,1,1,1,0,1,0,1,50,31,9,9,1,178,8,0
98,24,8,145,0,7.3,0.84,0,1,1,1,0,1,0,1,51,31,9,9,1,188,8,0
3307,24,9,4978,0,7.3,1.25,1,1,1,1,0,1,0,1,53,31,9,9,1,200,9,0
3421,25,9,5141,0,6.5,1.33,1,1,1,1,0,1,0,1,54,31,9,9,1,193,7,0
3950,46,5,5950,0,6.2,1.57,1,1,1,1,0,1,0,1,52,31,9,9,1,147,4,0
4692,35,9,7045,0,6.9,1.75,1,1,1,1,0,1,0,1,51,31,9,9,1,172,9,0
427,4,8,659,1,8.2,0.11,1,1,1,1,0,1,0,1,51,31,9,9,1,193,9,0
1270,14,4,1925,1,7,0.22,0,1,2,1,0,1,0,0,52,31,9,9,1,,8,0
433,4,4,668,1,8.2,0.32,1,1,1,1,0,1,0,1,51,31,9,9,1,202,6,0
518,10,9,813,1,5.4,0.53,1,1,1,1,0,1,0,1,52,31,9,9,1,192,8,1
1360,14,9,2070,1,7,1.06,1,1,1,1,0,1,0,1,51,31,9,9,1,182,9,2
725,7,1,1119,1,5.9,1.5,0,1,1,1,0,1,0,1,51,31,9,9,1,193,6,0
2382,37,7,3633,0,5.5,0.37,0,1,1,1,0,1,0,1,54,31,10,10,1,190,10,1
2501,40,6,3808,0,5.5,0.41,0,1,1,1,0,1,0,1,51,31,10,10,1,150,2,0
4982,39,4,7523,0,6.7,0.48,1,1,1,1,0,1,0,1,54,31,10,10,1,167,10,0
4235,30,9,6317,0,6.8,1.22,1,1,1,1,0,1,0,1,52,31,10,10,1,156,8,0
1890,35,2,2837,0,6.9,1.28,0,1,1,1,0,1,0,1,52,31,10,10,1,160,6,0
3434,25,9,5158,0,6.5,1.33,1,1,1,1,0,1,0,1,54,31,10,10,1,199,9,1
2367,39,9,3610,0,6.7,1.37,0,1,1,1,0,1,0,1,52,31,10,10,1,176,7,1
409,4,4,634,1,8.2,0.32,1,1,2,1,0,1,0,0,51,31,10,10,1,199,9,0
550,6,9,859,1,6.7,0.57,0,1,1,1,0,1,0,1,51,31,10,10,1,195,10,1
784,7,2,1206,1,5.9,1.01,1,1,1,1,0,1,0,1,53,31,10,10,1,,0,0
63,21,4,101,0,8.6,0.32,0,1,1,1,0,1,0,1,56,31,11,11,1,202,11,1
3732,47,4,5654,0,6.7,0.53,0,1,1,1,0,1,0,1,54,31,11,11,1,180,11,0
153,24,4,226,0,7.3,0.65,0,1,1,1,0,1,0,1,53,31,11,11,1,178,11,0
3367,24,8,5061,0,7.3,0.84,0,1,1,1,0,1,0,1,56,31,11,11,1,188,10,3
434,4,3,669,1,8.2,0.23,1,1,1,1,0,1,0,1,53,31,11,11,1,203,11,0
347,3,2,542,1,5.9,0.64,0,1,1,1,0,1,0,1,54,31,11,11,1,171,8,0
479,5,2,741,1,5.6,1.76,1,1,2,1,0,1,0,0,52,31,11,11,1,185,11,0
2275,35,6,3463,0,6.9,0.7,0,1,1,1,0,1,0,1,53,31,12,12,1,167,11,0
3322,28,2,4998,0,8.9,0.91,1,1,1,1,0,1,0,1,53,31,12,12,1,197,12,0
2153,35,9,3275,0,6.9,1.75,0,1,1,1,0,1,0,1,53,31,12,12,1,179,11,0
1384,15,3,2102,1,5.7,0.2,0,1,1,1,0,1,0,1,55,31,12,12,1,182,12,0
3644,29,8,5521,0,5.7,0.49,1,1,1,1,0,1,0,1,52,32,7,4,0.57,185,4,2
102,24,6,151,0,7.3,0.78,0,1,1,1,0,1,0,1,55,32,7,4,0.57,186,4,0
3771,46,3,5706,0,6.2,0.83,0,1,1,1,0,1,0,1,51,32,7,4,0.57,,0,0
4136,29,9,6169,0,5.7,1.25,1,1,1,1,0,1,0,1,52,32,8,5,0.63,191,4,0
2916,20,4,4375,0,8.5,0.25,1,1,1,1,0,1,0,1,57,32,13,9,0.69,192,8,1
720,7,2,1111,1,5.9,1.01,0,1,2,1,0,1,0,0,53,32,10,7,0.7,183,7,0
2699,42,6,4074,0,5.6,0.64,0,1,2,1,0,1,0,0,53,32,7,5,0.71,178,5,0
4057,47,4,6074,0,6.7,0.53,1,1,1,1,0,1,0,1,56,32,11,8,0.73,181,6,0
3362,24,6,5055,0,7.3,0.78,0,1,1,1,0,1,0,1,57,32,9,7,0.78,190,7,0
3999,46,9,6007,0,6.2,1.71,1,1,1,1,0,1,0,1,53,32,9,7,0.78,149,5,0
947,10,4,1452,1,5.4,0.3,0,1,1,1,0,1,0,1,55,32,9,7,0.78,187,5,1
392,4,2,609,1,8.2,0.8,0,1,1,1,0,1,0,1,53,32,9,7,0.78,197,7,1
4937,37,2,7450,0,5.5,1.39,1,1,1,1,0,1,0,1,55,32,6,5,0.83,181,4,0
5122,37,6,7727,0,5.5,0.71,1,1,1,1,0,1,0,1,53,32,7,6,0.86,191,6,1
1281,14,9,1941,1,7,1.06,0,1,1,1,0,1,0,1,51,32,7,6,0.86,188,6,1
2781,44,4,4198,0,5.1,0.41,0,1,1,1,0,1,0,1,51,32,8,7,0.88,173,7,0
2779,44,3,4195,0,5.1,0.73,0,1,1,1,0,1,0,1,54,32,8,7,0.88,,0,0
1835,46,3,2769,0,6.2,0.83,0,1,1,1,0,1,0,1,50,32,8,7,0.88,169,7,1
3971,46,1,5973,0,6.2,1.04,1,1,1,1,0,1,0,1,52,32,8,7,0.88,154,7,0
1531,17,1,2302,0,6.8,0.43,0,1,1,1,0,1,0,1,53,32,9,8,0.89,195,8,2
2053,34,6,3100,0,7.6,0.53,0,1,1,1,0,1,0,1,53,32,9,8,0.89,193,8,0
3354,24,6,5043,0,7.3,0.78,1,1,1,1,0,1,0,1,53,32,9,8,0.89,183,5,0
99,24,8,146,0,7.3,0.84,0,1,2,1,0,1,0,0,54,32,9,8,0.89,174,7,1
5309,42,2,8011,0,5.6,1.55,1,1,1,1,0,1,0,1,53,32,9,8,0.89,174,8,0
1275,14,4,1930,1,7,0.22,0,1,1,1,0,1,0,1,,32,9,8,0.89,,8,0
867,9,4,1337,1,4.9,0.27,1,1,2,1,0,1,0,0,54,32,9,8,0.89,188,8,2
1837,46,9,2771,0,6.2,1.71,0,1,1,1,0,1,0,1,52,32,10,9,0.9,172,9,0
2435,44,6,3704,0,5.1,0.38,0,1,1,1,0,1,0,1,49,32,5,5,1,189,5,0
4213,29,2,6288,0,5.7,1.23,1,1,1,1,0,1,0,1,50,32,5,5,1,191,5,0
4963,37,2,7485,0,5.5,1.39,1,1,1,1,0,1,0,1,51,32,5,5,1,181,5,0
910,8,5,1401,1,4.5,0.26,0,1,2,1,0,1,0,0,50,32,5,5,1,191,5,0
4354,46,8,6482,0,6.2,0.84,1,1,1,1,0,1,0,1,52,32,6,6,1,184,6,0
359,3,6,559,1,5.9,0.36,0,1,1,1,0,1,0,1,53,32,6,6,1,193,6,0
2418,41,7,3681,0,7,0.25,0,1,1,1,0,1,0,1,51,32,7,7,1,184,7,0
5331,44,6,8048,0,5.1,0.38,1,1,1,1,0,1,0,1,50,32,7,7,1,175,7,0
1536,17,1,2307,0,6.8,0.43,0,1,1,1,0,1,0,1,50,32,7,7,1,191,7,1
1851,31,6,2788,0,7.7,0.49,0,1,1,1,0,1,0,1,48,32,7,7,1,158,2,0
2482,41,3,3785,0,7,0.53,0,1,1,1,0,1,0,1,50,32,7,7,1,,0,0
4382,42,4,6524,0,5.6,0.54,1,1,1,1,0,1,0,1,53,32,7,7,1,200,7,1
5418,40,1,8170,0,5.5,0.82,1,1,1,1,0,1,0,1,52,32,7,7,1,138,0,0
3807,46,8,5746,0,6.2,0.84,0,1,1,1,0,1,0,1,50,32,7,7,1,170,7,0
3430,25,9,5151,0,6.5,1.33,1,1,1,1,0,1,0,1,55,32,7,7,1,203,4,0
4985,37,2,7528,0,5.5,1.39,1,1,1,1,0,1,0,1,54,32,7,7,1,190,7,1
3333,24,1,5012,0,7.3,1.47,1,1,1,1,0,1,0,1,55,32,7,7,1,189,7,0
2076,42,2,3144,0,5.6,1.55,0,1,1,1,0,1,0,1,52,32,7,7,1,197,7,0
5292,42,9,7982,0,5.6,1.79,1,1,2,1,0,1,0,0,52,32,7,7,1,194,7,1
422,4,1,654,1,8.2,1.32,1,1,1,1,0,1,0,1,53,32,7,7,1,195,7,1
2908,20,4,4366,0,8.5,0.25,1,1,2,1,0,1,0,0,52,32,8,8,1,185,8,1
2373,40,4,3622,0,5.5,0.38,0,1,1,1,0,1,0,1,52,32,8,8,1,177,8,1
3648,29,4,5528,0,5.7,0.48,1,1,1,1,0,1,0,1,52,32,8,8,1,193,8,0
4025,46,4,6040,0,6.2,0.51,1,1,1,1,0,1,0,1,51,32,8,8,1,189,8,0
4691,35,8,7044,0,6.9,0.73,1,1,1,1,0,1,0,1,51,32,8,8,1,180,8,0
2525,18,9,3841,0,5.8,1.03,0,1,1,1,0,1,0,1,52,32,8,8,1,185,7,0
4175,40,9,6226,0,5.5,1.14,1,1,1,1,0,1,0,1,50,32,8,8,1,174,5,0
1797,29,5,2721,0,5.7,1.27,0,1,1,1,0,1,0,1,52,32,8,8,1,174,8,0
4868,37,1,7335,0,5.5,1.32,1,1,1,1,0,1,0,1,55,32,8,8,1,,0,0
3169,24,1,4778,0,7.3,1.47,0,1,1,1,0,1,0,1,51,32,8,8,1,181,7,2
3220,24,1,4840,0,7.3,1.47,1,1,1,1,0,1,0,1,54,32,8,8,1,188,8,0
3332,24,2,5011,0,7.3,1.55,1,1,1,1,0,1,0,1,51,32,8,8,1,180,8,1
3400,24,2,5118,0,7.3,1.55,1,1,1,1,0,1,0,1,54,32,8,8,1,188,8,0
898,10,3,1385,1,5.4,0.27,1,1,1,1,0,1,0,1,52,32,8,8,1,193,7,0
1124,14,8,1716,1,7,0.3,0,1,2,1,0,1,0,0,52,32,8,8,1,197,8,1
1451,16,8,2189,1,5.7,0.41,0,1,1,1,0,1,0,1,56,32,8,8,1,191,1,0
614,6,8,950,1,6.7,0.49,0,1,1,1,0,1,0,1,50,32,8,8,1,193,8,1
978,12,9,1495,1,5.4,0.57,1,1,1,1,0,1,0,1,49,32,8,8,1,192,8,0
1424,15,2,2158,1,5.7,1.01,0,1,1,1,0,1,0,1,51,32,8,8,1,187,8,0
1478,16,1,2224,1,5.7,1.15,0,1,1,1,0,1,0,1,52,32,8,8,1,209,7,0
1441,16,1,2178,1,5.7,1.15,1,1,1,1,0,1,0,1,,32,8,8,1,,0,0
1018,10,1,1546,1,5.4,1.25,0,1,1,1,0,1,0,1,,32,8,8,1,,6,1
1194,12,1,1817,1,5.4,1.58,0,1,1,1,0,1,0,1,52,32,8,8,1,200,8,2
2503,18,3,3810,0,5.8,0.37,0,1,1,1,0,1,0,1,54,32,9,9,1,200,7,0
2258,40,4,3434,0,5.5,0.38,0,1,1,1,0,1,0,1,50,32,9,9,1,140,0,0
5312,42,4,8016,0,5.6,0.54,1,1,1,1,0,1,0,1,54,32,9,9,1,185,9,1
151,24,4,224,0,7.3,0.65,0,1,1,1,0,1,0,1,53,32,9,9,1,185,9,1
1366,17,5,2079,0,6.8,0.74,0,1,1,1,0,1,0,1,51,32,9,9,1,194,7,1
3485,25,9,5231,0,6.5,1.33,1,1,1,1,0,1,0,1,55,32,9,9,1,192,9,0
1612,42,9,2435,0,5.6,1.79,0,1,1,1,0,1,0,1,54,32,9,9,1,147,4,0
4081,47,9,6098,0,6.7,2.05,1,1,1,1,0,1,0,1,51,32,9,9,1,197,9,1
441,4,8,679,1,8.2,0.11,0,1,1,1,0,1,0,1,53,32,9,9,1,195,9,1
360,3,6,560,1,5.9,0.36,0,1,3,1,0,1,0,0,58,32,9,9,1,184,9,0
1210,12,9,1843,1,5.4,0.57,0,1,1,1,0,1,0,1,54,32,9,9,1,213,8,0
1406,15,5,2134,1,5.7,0.61,0,1,1,1,0,1,0,1,,32,9,9,1,,9,2
436,4,9,671,1,8.2,0.61,1,1,1,1,0,1,0,1,52,32,9,9,1,212,9,1
1463,16,9,2203,1,5.7,0.68,0,1,1,1,0,1,0,1,55,32,9,9,1,153,9,0
1256,14,9,1907,1,7,1.06,1,1,1,1,0,1,0,1,51,32,9,9,1,197,7,0
626,6,1,969,1,6.7,1.4,0,1,1,1,0,1,0,1,55,32,9,9,1,178,3,0
744,7,1,1149,1,5.9,1.5,1,1,2,1,0,1,0,0,55,32,9,9,1,182,9,0
1416,17,6,2147,0,6.8,0.24,0,1,1,1,0,1,0,1,54,32,10,10,1,192,8,1
1652,26,4,2500,0,7.5,0.3,0,1,1,1,0,1,0,1,54,32,10,10,1,185,10,2
5249,46,4,7922,0,6.2,0.51,1,1,1,1,0,1,0,1,53,32,10,10,1,191,10,0
3363,24,6,5056,0,7.3,0.78,0,1,1,1,0,1,0,1,55,32,10,10,1,188,8,1
3415,24,6,5135,0,7.3,0.78,1,1,1,1,0,1,0,1,55,32,10,10,1,178,10,4
3340,24,8,5021,0,7.3,0.84,1,1,1,1,0,1,0,1,55,32,10,10,1,190,9,0
3212,22,5,4829,0,7.4,0.92,0,1,1,1,0,1,0,1,51,32,10,10,1,177,10,0
3020,22,9,4546,0,7.4,0.95,1,1,1,1,0,1,0,1,54,32,10,10,1,182,10,0
3228,24,1,4850,0,7.3,1.47,1,1,1,1,0,1,0,1,53,32,10,10,1,175,10,0
3229,24,1,4851,0,7.3,1.47,1,1,1,1,0,1,0,1,56,32,10,10,1,204,7,0
1432,16,6,2166,1,5.7,0.07,1,1,1,1,0,1,0,1,54,32,10,10,1,201,8,0
1278,14,3,1933,1,7,0.23,0,1,1,1,0,1,0,1,57,32,10,10,1,179,8,0
1446,16,1,2183,1,5.7,1.15,0,1,1,1,0,1,0,1,,32,10,10,1,,0,0
1238,12,1,1881,1,5.4,1.58,0,1,1,1,0,1,0,1,51,32,10,10,1,195,9,2
3091,22,4,4659,0,7.4,0.42,1,1,1,1,0,1,0,1,55,32,11,11,1,188,10,0
3106,22,4,4680,0,7.4,0.42,1,1,1,1,0,1,0,1,54,32,11,11,1,186,11,0
1023,11,4,1552,1,7,0.16,1,1,2,1,0,1,0,0,55,32,11,11,1,,11,3
1046,11,3,1589,1,7,0.2,0,1,1,1,0,1,0,1,52,32,11,11,1,,0,0
524,6,8,824,1,6.7,0.49,0,1,1,1,0,1,0,1,53,32,11,11,1,,0,0
4028,46,4,6044,0,6.2,0.51,1,1,1,1,0,1,0,1,55,32,12,12,1,152,12,0
3086,22,3,4654,0,7.4,0.5,1,1,1,1,0,1,0,1,52,33,7,1,0.14,196,1,0
2341,42,1,3568,0,5.6,1.58,0,1,1,1,0,1,0,1,54,33,11,6,0.55,,0,0
847,9,4,1297,1,4.9,0.27,0,1,1,1,0,1,0,1,54,33,9,5,0.56,190,5,0
761,7,4,1173,1,5.9,0.22,0,1,1,1,0,1,0,1,52,33,7,5,0.71,187,5,0
4153,29,1,6192,0,5.7,1.47,1,1,1,1,0,1,0,1,53,33,8,6,0.75,,0,0
4197,29,1,6261,0,5.7,1.47,1,1,1,1,0,1,0,1,52,33,8,6,0.75,150,5,0
807,8,6,1233,1,4.5,0.27,0,1,1,1,0,1,0,1,52,33,8,6,0.75,,0,0
4390,42,1,6532,0,5.6,1.58,1,1,1,1,0,1,0,1,57,33,9,7,0.78,,0,0
1009,10,5,1536,1,5.4,0.57,0,1,1,1,0,1,0,1,55,33,9,7,0.78,210,5,0
1436,16,2,2171,1,5.7,1.34,0,1,1,1,0,1,0,1,56,33,10,8,0.8,180,6,1
3645,29,4,5522,0,5.7,0.48,1,1,1,1,0,1,0,1,51,33,6,5,0.83,191,5,1
4151,29,3,6190,0,5.7,0.6,1,1,1,1,0,1,0,1,53,33,6,5,0.83,190,4,0
2438,44,8,3707,0,5.1,0.84,0,1,1,1,0,1,0,1,56,33,6,5,0.83,188,4,2
892,9,4,1376,1,4.9,0.27,0,1,1,1,0,1,0,1,56,33,6,5,0.83,,0,0
3273,23,8,4922,0,7.8,0.49,1,1,1,1,0,1,0,1,53,33,7,6,0.86,195,6,0
1205,12,6,1837,1,5.4,0.38,0,1,1,1,0,1,0,1,52,33,7,6,0.86,203,6,0
1428,16,8,2162,1,5.7,0.41,1,1,1,1,0,1,0,1,52,33,7,6,0.86,167,6,0
565,10,5,877,1,5.4,0.57,1,1,1,1,0,1,0,1,55,33,7,6,0.86,210,5,2
3379,25,6,5079,0,6.5,0.36,1,1,1,1,0,1,0,1,57,33,8,7,0.88,187,7,0
5437,40,4,8204,0,5.5,0.38,1,1,1,1,0,1,0,1,53,33,8,7,0.88,183,1,0
3138,23,6,4718,0,7.8,0.38,1,1,2,1,0,1,0,0,54,33,8,7,0.88,,0,0
3080,22,8,4647,0,7.4,0.6,1,1,1,1,0,1,0,1,54,33,8,7,0.88,190,7,1
4785,35,6,7199,0,6.9,0.7,1,1,1,1,0,1,0,1,52,33,8,7,0.88,177,7,1
349,3,4,544,1,5.9,0.3,0,1,1,1,0,1,0,1,53,33,8,7,0.88,199,7,1
1119,13,8,1708,1,6,0.32,0,1,1,1,0,1,0,1,58,33,8,7,0.88,202,6,0
4143,29,6,6179,0,5.7,0.47,1,1,1,1,0,1,0,1,56,33,9,8,0.89,170,7,0
4162,29,4,6207,0,5.7,0.48,1,1,1,1,0,1,0,1,55,33,9,8,0.89,184,8,0
5284,42,4,7969,0,5.6,0.54,1,1,1,1,0,1,0,1,53,33,9,8,0.89,189,8,1
2686,47,6,4061,0,6.7,0.68,0,1,1,1,0,1,0,1,53,33,9,8,0.89,188,8,0
4775,37,3,7186,0,5.5,0.87,1,1,1,1,0,1,0,1,56,33,9,8,0.89,201,8,1
590,5,2,914,1,5.6,1.76,0,1,2,1,0,1,0,0,53,33,9,8,0.89,192,8,0
3010,22,4,4528,0,7.4,0.42,1,1,1,1,0,1,0,1,55,33,10,9,0.9,187,9,0
2859,18,8,4291,0,5.8,0.54,1,1,1,1,0,1,0,1,50,33,5,5,1,185,3,0
4769,37,6,7175,0,5.5,0.71,1,1,1,1,0,1,0,1,54,33,6,6,1,,0,0
4921,37,6,7430,0,5.5,0.71,1,1,1,1,0,1,0,1,57,33,6,6,1,182,6,0
96,24,8,143,0,7.3,0.84,0,1,1,1,0,1,0,1,54,33,6,6,1,186,5,0
203,25,9,309,0,6.5,1.33,0,1,1,1,0,1,0,1,54,33,6,6,1,201,6,0
1282,14,9,1942,1,7,1.06,0,1,1,1,0,1,0,1,49,33,6,6,1,,0,0
1195,12,1,1818,1,5.4,1.58,0,1,1,1,0,1,0,1,51,33,6,6,1,196,6,0
1755,29,4,2664,0,5.7,0.48,0,1,1,1,0,1,0,1,52,33,7,7,1,187,7,1
2406,40,8,3667,0,5.5,0.51,0,1,1,1,0,1,0,1,51,33,7,7,1,178,7,2
5290,42,4,7978,0,5.6,0.54,1,1,1,1,0,1,0,1,50,33,7,7,1,195,7,1
2274,35,8,3462,0,6.9,0.73,0,1,1,1,0,1,0,1,52,33,7,7,1,179,6,0
3338,24,6,5019,0,7.3,0.78,1,1,1,1,0,1,0,1,52,33,7,7,1,,0,0
2483,41,9,3786,0,7,1.14,0,1,3,1,0,1,0,0,52,33,7,7,1,191,2,1
4680,35,1,7029,0,6.9,1.25,1,1,1,1,0,1,0,1,52,33,7,7,1,184,6,1
1726,29,1,2615,0,5.7,1.47,0,1,1,1,0,1,0,1,51,33,7,7,1,172,7,0
2145,35,9,3262,0,6.9,1.75,0,1,1,1,0,1,0,1,51,33,7,7,1,152,4,0
2147,35,9,3265,0,6.9,1.75,0,1,1,1,0,1,0,1,51,33,7,7,1,192,7,3
2526,18,3,3842,0,5.8,0.37,0,1,1,1,0,1,0,1,53,33,8,8,1,196,8,2
3437,25,4,5161,0,6.5,0.39,1,1,1,1,0,1,0,1,60,33,8,8,1,188,7,1
4288,31,8,6393,0,7.7,0.39,1,1,1,1,0,1,0,1,52,33,8,8,1,,8,0
3182,23,4,4792,0,7.8,0.4,0,1,1,1,0,1,0,1,53,33,8,8,1,189,8,1
3087,22,6,4655,0,7.4,0.49,1,1,1,1,0,1,0,1,54,33,8,8,1,201,8,0
2800,18,8,4218,0,5.8,0.54,1,1,1,1,0,1,0,1,56,33,8,8,1,186,3,0
5234,41,8,7906,0,7,0.54,1,1,1,1,0,1,0,1,53,33,8,8,1,152,5,0
4182,35,3,6243,0,6.9,0.6,1,1,1,1,0,1,0,1,53,33,8,8,1,207,8,0
4672,35,8,7019,0,6.9,0.73,0,1,1,1,0,1,0,1,53,33,8,8,1,171,8,0
3293,24,6,4959,0,7.3,0.78,1,1,1,1,0,1,0,1,53,33,8,8,1,179,6,1
3314,24,8,4987,0,7.3,0.84,0,1,1,1,0,1,0,1,52,33,8,8,1,187,8,0
3221,23,1,4841,0,7.8,1,1,1,1,1,0,1,0,1,57,33,8,8,1,187,8,0
3121,22,1,4695,0,7.4,1.36,0,1,1,1,0,1,0,1,53,33,8,8,1,200,8,0
766,7,4,1178,1,5.9,0.22,1,1,1,1,0,1,0,1,56,33,8,8,1,178,8,0
397,4,5,617,1,8.2,0.39,0,1,1,1,0,1,0,1,52,33,8,8,1,189,8,0
1175,12,5,1787,1,5.4,0.7,1,1,1,1,0,1,0,1,52,33,8,8,1,194,6,2
732,7,2,1129,1,5.9,1.01,0,1,1,1,0,1,0,1,53,33,8,8,1,188,8,0
1279,14,9,1934,1,7,1.06,0,1,1,1,0,1,0,1,,33,8,8,1,,8,1
658,6,1,1020,1,6.7,1.4,1,1,1,1,0,1,0,1,52,33,8,8,1,177,6,0
724,7,1,1118,1,5.9,1.5,0,1,1,1,0,1,0,1,54,33,8,8,1,183,8,1
729,7,1,1126,1,5.9,1.5,0,1,2,1,0,1,0,0,56,33,8,8,1,159,8,0
1032,12,1,1566,1,5.4,1.58,0,1,1,1,0,1,0,1,50,33,8,8,1,184,8,0
2545,20,3,3871,0,8.5,0.3,0,1,2,1,0,1,0,0,55,33,9,9,1,194,7,0
3090,22,4,4658,0,7.4,0.42,1,1,1,1,0,1,0,1,56,33,9,9,1,190,9,0
4388,42,4,6530,0,5.6,0.54,1,1,1,1,0,1,0,1,53,33,9,9,1,195,9,0
3110,22,8,4684,0,7.4,0.6,1,1,1,1,0,1,0,1,54,33,9,9,1,193,9,1
3903,47,8,5880,0,6.7,0.64,1,1,1,1,0,1,0,1,54,33,9,9,1,148,2,0
3326,24,6,5003,0,7.3,0.78,1,1,1,1,0,1,0,1,57,33,9,9,1,201,9,0
3439,25,9,5163,0,6.5,1.33,1,1,1,1,0,1,0,1,52,33,9,9,1,181,9,3
1620,42,9,2447,0,5.6,1.79,0,1,1,1,0,1,0,1,55,33,9,9,1,187,9,0
765,7,4,1177,1,5.9,0.22,1,1,1,1,0,1,0,1,55,33,9,9,1,180,8,1
769,7,4,1183,1,5.9,0.22,1,1,1,1,0,1,0,1,56,33,9,9,1,153,5,0
624,6,8,963,1,6.7,0.49,0,1,1,1,0,1,0,1,53,33,9,9,1,196,8,0
955,10,9,1461,1,5.4,0.53,0,1,1,1,0,1,0,1,53,33,9,9,1,193,8,2
440,4,2,678,1,8.2,0.8,1,1,2,1,0,1,0,0,55,33,9,9,1,196,9,1
2391,42,4,3645,0,5.6,0.54,0,1,1,1,0,1,0,1,55,33,10,10,1,196,10,1
3329,24,4,5006,0,7.3,0.65,1,1,1,1,0,1,0,1,55,33,10,10,1,182,10,0
150,24,3,223,0,7.3,0.73,0,1,1,1,0,1,0,1,54,33,10,10,1,200,10,2
1455,17,5,2195,0,6.8,0.74,1,1,1,1,0,1,0,1,53,33,10,10,1,175,9,0
3423,25,9,5144,0,6.5,1.33,1,1,1,1,0,1,0,1,56,33,10,10,1,188,10,0
3018,22,2,4544,0,7.4,1.66,1,1,1,1,0,1,0,1,54,33,10,10,1,194,10,0
707,7,8,1087,1,5.9,0.45,0,1,1,1,0,1,0,1,53,33,10,10,1,158,10,0
654,6,6,1015,1,6.7,0.46,1,1,1,1,0,1,0,1,53,33,10,10,1,188,10,0
432,4,9,667,1,8.2,0.61,1,1,1,1,0,1,0,1,56,33,10,10,1,190,10,1
142,3,2,206,1,5.9,0.64,0,1,5,1,0,1,0,0,53,33,10,10,1,190,6,1
395,4,2,613,1,8.2,0.8,0,1,1,1,0,1,0,1,54,33,10,10,1,197,10,0
1294,14,9,1964,1,7,1.06,0,1,1,1,0,1,0,1,,33,10,10,1,,10,0
2549,20,4,3881,0,8.5,0.25,0,1,1,1,0,1,0,1,57,33,11,11,1,193,10,0
62,21,3,100,0,8.6,0.33,0,1,1,1,0,1,0,1,56,33,11,11,1,180,11,1
3187,23,4,4798,0,7.8,0.4,0,1,1,1,0,1,0,1,58,33,11,11,1,179,11,3
3202,23,4,4817,0,7.8,0.4,0,1,1,1,0,1,0,1,55,33,11,11,1,189,11,1
3419,24,6,5139,0,7.3,0.78,1,1,1,1,0,1,0,1,55,33,12,12,1,188,9,1
973,11,3,1488,1,7,0.2,1,1,1,1,0,1,0,1,55,33,12,12,1,,12,0
2874,19,3,4312,0,8.1,0.3,1,1,1,1,0,1,0,1,61,33,14,14,1,165,11,0
1789,29,2,2709,0,5.7,1.23,0,1,1,1,0,1,0,1,54,34,9,3,0.33,,0,0
2133,34,6,3245,0,7.6,0.53,0,1,1,1,0,1,0,1,53,34,9,4,0.44,197,4,1
3319,24,5,4994,0,7.3,0.22,0,1,1,1,0,1,0,1,52,34,8,5,0.63,196,4,0
1613,42,3,2436,0,5.6,0.7,0,1,1,1,0,1,0,1,52,34,8,5,0.63,191,5,0
2794,18,1,4212,0,5.8,0.79,1,1,1,1,0,1,0,1,56,34,8,5,0.63,194,5,1
1930,32,9,2908,0,6.8,0.91,0,1,1,1,0,1,0,1,53,34,8,5,0.63,200,5,0
312,3,1,474,1,5.9,1.4,1,1,3,1,0,1,0,0,52,34,6,4,0.67,188,3,0
2583,22,8,3935,0,7.4,0.6,0,1,1,1,0,1,0,1,54,34,8,6,0.75,181,3,2
2271,35,8,3456,0,6.9,0.73,0,1,1,1,0,1,0,1,55,34,8,6,0.75,170,5,0
4160,29,9,6205,0,5.7,1.25,1,1,1,1,0,1,0,1,52,34,8,6,0.75,211,6,1
4190,29,4,6251,0,5.7,0.48,1,1,1,1,0,1,0,1,57,34,10,8,0.8,164,8,0
3922,44,3,5912,0,5.1,0.73,1,1,1,1,0,1,0,1,54,34,6,5,0.83,156,4,1
4654,36,8,6988,0,7.5,0.51,1,1,1,1,0,1,0,1,52,34,7,6,0.86,176,6,0
4357,42,4,6486,0,5.6,0.54,1,1,1,1,0,1,0,1,53,34,7,6,0.86,211,6,1
4195,29,3,6259,0,5.7,0.6,1,1,1,1,0,1,0,1,53,34,7,6,0.86,188,6,1
1358,14,1,2068,1,7,1.18,1,1,1,1,0,1,0,1,55,34,7,6,0.86,190,6,0
4135,29,4,6168,0,5.7,0.48,0,1,1,1,0,1,0,1,53,34,8,7,0.88,191,7,0
1614,42,4,2437,0,5.6,0.54,0,1,1,1,0,1,0,1,54,34,8,7,0.88,189,7,0
3355,24,1,5044,0,7.3,1.47,1,1,1,1,0,1,0,1,58,34,8,7,0.88,194,7,0
954,10,9,1460,1,5.4,0.53,0,1,1,1,0,1,0,1,53,34,8,7,0.88,191,5,0
1662,29,6,2521,0,5.7,0.47,0,1,1,1,0,1,0,1,53,34,9,8,0.89,180,8,0
3234,24,4,4858,0,7.3,0.65,1,1,1,1,0,1,0,1,60,34,9,8,0.89,190,1,0
3282,23,1,4945,0,7.8,1,0,1,1,1,0,1,0,1,54,34,9,8,0.89,175,8,0
3009,22,4,4527,0,7.4,0.42,1,1,1,1,0,1,0,1,56,34,10,9,0.9,184,8,0
2074,42,2,3142,0,5.6,1.55,0,1,1,1,0,1,0,1,,34,10,9,0.9,,9,0
3207,24,2,4822,0,7.3,1.55,1,1,1,1,0,1,0,1,56,34,10,9,0.9,181,9,0
2687,47,8,4062,0,6.7,0.64,0,1,1,1,0,1,0,1,55,34,11,10,0.91,179,9,0
4981,37,2,7522,0,5.5,1.39,1,1,1,1,0,1,0,1,54,34,5,5,1,,0,0
2698,42,7,4073,0,5.6,0.12,0,1,1,1,0,1,0,1,52,34,6,6,1,188,6,1
3073,22,8,4635,0,7.4,0.6,1,1,1,1,0,1,0,1,54,34,6,6,1,179,6,0
112,24,4,163,0,7.3,0.65,0,1,1,1,0,1,0,1,52,34,6,6,1,199,6,0
4751,37,6,7152,0,5.5,0.71,1,1,1,1,0,1,0,1,52,34,6,6,1,205,6,0
1982,37,1,2982,0,5.5,1.32,0,1,1,1,0,1,0,1,54,34,6,6,1,190,6,3
1663,29,6,2522,0,5.7,0.47,0,1,1,1,0,1,0,1,52,34,7,7,1,193,7,0
2796,17,5,4214,0,6.8,0.74,0,1,1,1,0,1,0,1,52,34,7,7,1,192,6,1
3305,24,6,4976,0,7.3,0.78,1,1,1,1,0,1,0,1,52,34,7,7,1,190,7,0
942,10,4,1447,1,5.4,0.3,0,1,1,1,0,1,0,1,54,34,7,7,1,187,5,2
622,6,8,960,1,6.7,0.49,0,1,1,1,0,1,0,1,52,34,7,7,1,198,7,0
1380,15,9,2096,1,5.7,0.65,0,1,1,1,0,1,0,1,54,34,7,7,1,188,6,0
341,3,9,532,1,5.9,0.76,1,1,1,1,0,1,0,1,53,34,7,7,1,185,7,0
1296,14,9,1966,1,7,1.06,0,1,1,1,0,1,0,1,54,34,7,7,1,,0,0
1447,16,1,2184,1,5.7,1.15,0,1,1,1,0,1,0,1,52,34,7,7,1,195,7,0
2807,19,4,4226,0,8.1,0.27,1,1,1,1,0,1,0,1,53,34,8,8,1,176,8,1
3447,34,4,5177,0,7.6,0.44,1,1,1,1,0,1,0,1,52,34,8,8,1,178,8,0
4191,29,4,6252,0,5.7,0.48,1,1,1,1,0,1,0,1,55,34,8,8,1,167,8,0
1527,17,2,2296,0,6.8,0.59,0,1,1,1,0,1,0,1,54,34,8,8,1,195,8,1
2575,22,8,3920,0,7.4,0.6,0,1,1,1,0,1,0,1,53,34,8,8,1,192,7,0
4614,35,3,6930,0,6.9,0.6,1,1,1,1,0,1,0,1,53,34,8,8,1,195,8,0
1140,20,2,1740,0,8.5,0.69,1,1,1,1,0,1,0,1,55,34,8,8,1,207,8,0
104,24,8,153,0,7.3,0.84,0,1,1,1,0,1,0,1,55,34,8,8,1,193,7,1
3233,24,8,4857,0,7.3,0.84,1,1,2,1,0,1,0,0,56,34,8,8,1,186,8,0
3127,22,9,4702,0,7.4,0.95,1,1,1,1,0,1,0,1,54,34,8,8,1,200,8,0
1984,37,1,2984,0,5.5,1.32,0,1,1,1,0,1,0,1,55,34,8,8,1,186,8,0
3309,25,9,4981,0,6.5,1.33,1,1,1,1,0,1,0,1,56,34,8,8,1,195,7,0
566,10,8,878,1,5.4,0.49,1,1,1,1,0,1,0,1,54,34,8,8,1,,0,0
1043,11,2,1586,1,7,0.53,0,1,1,1,0,1,0,1,,34,8,8,1,,8,0
619,6,1,957,1,6.7,1.4,0,1,1,1,0,1,0,1,53,34,8,8,1,186,8,0
635,6,1,983,1,6.7,1.4,0,1,2,1,0,1,0,0,52,34,8,8,1,208,8,0
673,6,1,1040,1,6.7,1.4,1,1,1,1,0,1,0,1,55,34,8,8,1,209,6,2
3545,27,4,5339,0,7.3,0.32,1,1,1,1,0,1,0,1,57,34,9,9,1,183,8,3
2609,22,4,3968,0,7.4,0.42,0,1,1,1,0,1,0,1,55,34,9,9,1,196,8,0
3006,22,4,4522,0,7.4,0.42,1,1,1,1,0,1,0,1,56,34,9,9,1,190,9,1
181,26,2,267,0,7.5,0.48,0,1,2,1,0,1,0,0,56,34,9,9,1,184,9,1
4073,47,6,6090,0,6.7,0.68,1,1,1,1,0,1,0,1,55,34,9,9,1,,0,0
3663,29,9,5548,0,5.7,1.25,1,1,1,1,0,1,0,1,53,34,9,9,1,174,9,1
4133,29,1,6166,0,5.7,1.47,1,1,1,1,0,1,0,1,53,34,9,9,1,173,9,0
4391,42,9,6533,0,5.6,1.79,1,1,1,1,0,1,0,1,55,34,9,9,1,185,9,0
1108,13,6,1687,1,6,0.12,0,1,1,1,0,1,0,1,57,34,9,9,1,202,8,1
801,11,8,1226,1,7,0.26,1,1,1,1,0,1,0,1,54,34,9,9,1,193,9,1
917,10,6,1415,1,5.4,0.28,1,1,1,1,0,1,0,1,54,34,9,9,1,201,5,0
1312,14,8,1995,1,7,0.3,0,1,1,1,0,1,0,1,55,34,9,9,1,190,8,0
655,6,6,1016,1,6.7,0.46,1,1,1,1,0,1,0,1,53,34,9,9,1,188,9,0
311,3,9,473,1,5.9,0.76,1,1,1,1,0,1,0,1,,34,9,9,1,,8,1
1492,16,1,2244,1,5.7,1.15,0,1,1,1,0,1,0,1,56,34,9,9,1,174,8,0
627,6,2,970,1,6.7,1.39,0,1,1,1,0,1,0,1,53,34,9,9,1,,0,0
3599,27,6,5442,0,7.3,0.33,1,1,1,1,0,1,0,1,58,34,10,10,1,178,10,2
3188,23,4,4799,0,7.8,0.4,0,1,1,1,0,1,0,1,53,34,10,10,1,194,10,2
4196,29,3,6260,0,5.7,0.6,1,1,1,1,0,1,0,1,54,34,10,10,1,168,8,0
3584,26,9,5416,0,7.5,0.72,1,1,1,1,0,1,0,1,56,34,10,10,1,186,10,0
1772,30,9,2688,0,6.8,1.22,0,1,1,1,0,1,0,1,57,34,10,10,1,,0,0
3243,22,2,4876,0,7.4,1.66,0,1,1,1,0,1,0,1,56,34,10,10,1,198,10,0
958,11,4,1464,1,7,0.16,1,1,1,1,0,1,0,1,54,34,10,10,1,,9,0
1044,11,2,1587,1,7,0.53,0,1,1,1,0,1,0,1,,34,10,10,1,,10,0
1159,11,5,1765,1,7,0.57,0,1,2,1,0,1,0,0,60,34,10,10,1,201,6,1
1154,11,1,1760,1,7,0.86,0,1,1,1,0,1,0,1,54,34,10,10,1,197,10,0
1326,14,9,2011,1,7,1.06,0,1,1,1,0,1,0,1,57,34,10,10,1,181,9,0
2875,19,3,4313,0,8.1,0.3,1,1,1,1,0,1,0,1,56,34,11,11,1,179,11,3
1065,11,4,1620,1,7,0.16,0,1,1,1,0,1,0,1,54,34,11,11,1,,11,1
1036,12,1,1574,1,5.4,1.58,0,1,1,1,0,1,0,1,54,34,11,11,1,196,6,0
1810,30,1,2735,0,6.8,0.82,0,1,1,1,0,1,0,1,55,35,7,2,0.29,,0,0
3213,22,9,4830,0,7.4,0.95,0,1,1,1,0,1,0,1,56,35,9,3,0.33,189,3,0
2075,42,2,3143,0,5.6,1.55,0,1,1,1,0,1,0,1,53,35,4,2,0.5,,0,0
770,7,3,1184,1,5.9,0.3,1,1,1,1,0,1,0,1,54,35,5,3,0.6,213,3,0
502,5,2,789,1,5.6,1.76,1,1,1,1,0,1,0,1,56,35,8,5,0.63,198,4,0
2467,41,4,3766,0,7,0.28,0,1,2,1,0,1,0,0,57,35,9,6,0.67,143,2,2
4189,29,4,6250,0,5.7,0.48,1,1,1,1,0,1,0,1,55,35,10,7,0.7,182,7,1
4165,29,9,6211,0,5.7,1.25,1,1,1,1,0,1,0,1,55,35,8,6,0.75,138,1,0
3650,29,8,5530,0,5.7,0.49,1,1,1,1,0,1,0,1,55,35,9,7,0.78,175,7,0
3298,24,6,4967,0,7.3,0.78,1,1,1,1,0,1,0,1,56,35,9,7,0.78,,0,0
3316,24,8,4990,0,7.3,0.84,0,1,1,1,0,1,0,1,59,35,9,7,0.78,209,6,0
2998,22,2,4505,0,7.4,1.66,1,1,1,1,0,1,0,1,57,35,11,9,0.82,182,9,1
4962,37,6,7484,0,5.5,0.71,1,1,1,1,0,1,0,1,53,35,6,5,0.83,204,5,0
2500,40,6,3807,0,5.5,0.41,0,1,1,1,0,1,0,1,54,35,7,6,0.86,169,3,0
4986,37,6,7529,0,5.5,0.71,1,1,1,1,0,1,0,1,57,35,7,6,0.86,,0,0
1364,17,5,2076,0,6.8,0.74,0,1,2,1,0,1,0,0,53,35,7,6,0.86,189,6,1
754,7,4,1165,1,5.9,0.22,1,1,1,1,0,1,0,1,53,35,7,6,0.86,187,6,1
50,2,3,80,1,6,0.47,0,1,1,1,0,1,0,1,51,35,7,6,0.86,190,5,0
1530,17,8,2301,0,6.8,0.15,0,1,1,1,0,1,0,1,54,35,8,7,0.88,193,7,2
3126,22,8,4701,0,7.4,0.6,1,1,1,1,0,1,0,1,55,35,8,7,0.88,190,7,0
2272,35,8,3457,0,6.9,0.73,0,1,1,1,0,1,0,1,52,35,8,7,0.88,174,7,0
2706,42,8,4085,0,5.6,0.79,0,1,2,1,0,1,0,0,55,35,8,7,0.88,175,7,0
944,10,6,1449,1,5.4,0.28,0,1,1,1,0,1,0,1,54,35,8,7,0.88,188,7,1
1452,16,8,2190,1,5.7,0.41,0,1,1,1,0,1,0,1,54,35,8,7,0.88,201,5,0
2703,42,6,4079,0,5.6,0.64,0,1,1,1,0,1,0,1,55,35,9,8,0.89,190,8,0
2345,42,1,3574,0,5.6,1.58,0,1,1,1,0,1,0,1,56,35,9,8,0.89,175,8,1
1404,16,8,2132,1,5.7,0.41,1,1,1,1,0,1,0,1,56,35,9,8,0.89,197,7,0
778,7,4,1196,1,5.9,0.22,1,1,1,1,0,1,0,1,57,35,10,9,0.9,170,8,0
1592,27,5,2398,0,7.3,0.74,0,1,1,1,0,1,0,1,58,35,11,10,0.91,190,9,3
323,3,5,493,1,5.9,0.52,1,1,1,1,0,1,0,1,52,35,5,5,1,207,4,0
4602,35,3,6909,0,6.9,0.6,1,1,1,1,0,1,0,1,55,35,6,6,1,140,1,0
2301,37,4,3503,0,5.5,0.73,0,1,1,1,0,1,0,1,55,35,6,6,1,186,6,0
4121,29,9,6149,0,5.7,1.25,1,1,1,1,0,1,0,1,53,35,6,6,1,194,6,1
3071,22,1,4632,0,7.4,1.36,1,1,1,1,0,1,0,1,53,35,6,6,1,202,6,0
3372,25,8,5066,0,6.5,0.39,1,1,1,1,0,1,0,1,60,35,7,7,1,192,7,0
4286,30,4,6391,0,6.8,0.41,1,1,1,1,0,1,0,1,53,35,7,7,1,156,3,0
4818,40,6,7255,0,5.5,0.41,1,1,1,1,0,1,0,1,54,35,7,7,1,,0,0
3122,22,3,4696,0,7.4,0.5,0,1,1,1,0,1,0,1,55,35,7,7,1,195,7,0
1591,27,2,2397,0,7.3,0.96,0,1,1,1,0,1,0,1,55,35,7,7,1,176,6,0
2849,18,9,4280,0,5.8,1.03,1,1,1,1,0,1,0,1,55,35,7,7,1,196,7,2
2650,45,5,4024,0,7.4,1.27,0,1,1,1,0,1,0,1,52,35,7,7,1,163,7,0
4930,37,1,7441,0,5.5,1.32,1,1,1,1,0,1,0,1,55,35,7,7,1,184,7,1
207,25,9,315,0,6.5,1.33,0,1,1,1,0,1,0,1,56,35,7,7,1,190,7,0
3118,22,1,4692,0,7.4,1.36,1,1,1,1,0,1,0,1,54,35,7,7,1,206,7,2
1129,14,6,1724,1,7,0.18,1,1,1,1,0,1,0,1,55,35,7,7,1,193,7,0
745,7,4,1150,1,5.9,0.22,1,1,1,1,0,1,0,1,56,35,7,7,1,191,5,0
3149,23,7,4742,0,7.8,0.12,0,1,1,1,0,1,0,1,54,35,8,8,1,179,8,0
3631,27,4,5497,0,7.3,0.32,1,1,1,1,0,1,0,1,56,35,8,8,1,195,8,1
2437,44,6,3706,0,5.1,0.38,0,1,1,1,0,1,0,1,54,35,8,8,1,,0,0
4183,35,4,6244,0,6.9,0.45,0,1,1,1,0,1,0,1,56,35,8,8,1,181,7,0
3176,24,7,4785,0,7.3,0.5,0,1,1,1,0,1,0,1,55,35,8,8,1,189,8,0
4784,35,8,7198,0,6.9,0.73,1,1,1,1,0,1,0,1,52,35,8,8,1,185,8,0
3629,27,5,5494,0,7.3,0.74,1,1,1,1,0,1,0,1,55,35,8,8,1,191,7,2
3426,25,9,5147,0,6.5,1.33,1,1,1,1,0,1,0,1,56,35,8,8,1,,0,0
3432,25,9,5156,0,6.5,1.33,1,1,1,1,0,1,0,1,59,35,8,8,1,178,8,0
1052,11,6,1599,1,7,0.24,1,1,1,1,0,1,0,1,56,35,8,8,1,,8,1
667,6,4,1029,1,6.7,0.27,1,1,1,1,0,1,0,1,54,35,8,8,1,,0,0
1135,16,8,1734,1,5.7,0.41,0,1,1,1,0,1,0,1,56,35,8,8,1,206,6,0
261,2,9,398,1,6,1.06,1,1,1,1,0,1,0,1,56,35,8,8,1,161,8,0
787,13,1,1209,1,6,1.15,0,1,1,1,0,1,0,1,54,35,8,8,1,191,8,1
1114,13,1,1697,1,6,1.15,0,1,1,1,0,1,0,1,54,35,8,8,1,196,8,1
1115,13,1,1698,1,6,1.15,0,1,1,1,0,1,0,1,53,35,8,8,1,199,8,1
1021,10,1,1550,1,5.4,1.25,0,1,1,1,0,1,0,1,,35,8,8,1,,8,1
1186,12,1,1801,1,5.4,1.58,1,1,1,1,0,1,0,1,54,35,8,8,1,201,8,0
2866,18,7,4299,0,5.8,0.17,1,1,1,1,0,1,0,1,57,35,9,9,1,200,9,1
3582,26,4,5414,0,7.5,0.3,1,1,1,1,0,1,0,1,56,35,9,9,1,186,8,0
5425,40,4,8179,0,5.5,0.38,1,1,1,1,0,1,0,1,55,35,9,9,1,,0,0
2803,18,8,4221,0,5.8,0.54,1,1,1,1,0,1,0,1,58,35,9,9,1,196,9,2
3203,24,6,4818,0,7.3,0.78,1,1,1,1,0,1,0,1,57,35,9,9,1,187,9,0
1668,27,9,2527,0,7.3,0.87,0,1,1,1,0,1,0,1,61,35,9,9,1,192,9,1
3503,28,5,5263,0,8.9,1.05,1,1,1,1,0,1,0,1,56,35,9,9,1,169,1,0
2484,41,9,3787,0,7,1.14,0,1,1,1,0,1,0,1,54,35,9,9,1,188,8,1
2887,19,2,4329,0,8.1,1.23,1,1,1,1,0,1,0,1,57,35,9,9,1,198,9,2
3232,24,1,4856,0,7.3,1.47,1,1,1,1,0,1,0,1,56,35,9,9,1,194,9,1
1426,15,6,2160,1,5.7,0.16,0,1,1,1,0,1,0,1,57,35,9,9,1,195,8,1
467,5,4,714,1,5.6,0.28,1,1,1,1,0,1,0,1,53,35,9,9,1,183,3,0
755,7,6,1166,1,5.9,0.33,1,1,2,1,0,1,0,0,57,35,9,9,1,184,9,0
2911,20,4,4369,0,8.5,0.25,1,1,1,1,0,1,0,1,57,35,10,10,1,187,10,1
3433,26,8,5157,0,7.5,0.41,0,1,1,1,0,1,0,1,58,35,10,10,1,191,8,1
1519,20,5,2280,0,8.5,0.48,1,1,1,1,0,1,0,1,57,35,10,10,1,182,10,0
2579,22,6,3927,0,7.4,0.49,0,1,1,1,0,1,0,1,56,35,10,10,1,182,10,0
1651,26,9,2499,0,7.5,0.72,0,1,1,1,0,1,0,1,56,35,10,10,1,197,10,0
3541,27,5,5330,0,7.3,0.74,1,1,1,1,0,1,0,1,57,35,10,10,1,188,10,2
100,24,8,148,0,7.3,0.84,0,1,1,1,0,1,0,1,56,35,10,10,1,185,10,0
3583,26,1,5415,0,7.5,0.97,1,1,1,1,0,1,0,1,56,35,10,10,1,195,9,2
966,11,8,1473,1,7,0.26,1,1,2,1,0,1,0,0,57,35,10,10,1,196,9,2
950,10,6,1456,1,5.4,0.28,0,1,1,1,0,1,0,1,55,35,10,10,1,176,10,2
369,3,4,574,1,5.9,0.3,0,1,1,1,0,1,0,1,57,35,10,10,1,172,9,3
629,6,8,972,1,6.7,0.49,0,1,1,1,0,1,0,1,55,35,10,10,1,181,10,1
726,7,1,1120,1,5.9,1.5,0,1,1,1,0,1,0,1,56,35,10,10,1,185,10,0
748,7,1,1156,1,5.9,1.5,1,1,1,1,0,1,0,1,56,35,10,10,1,185,9,0
1172,12,1,1783,1,5.4,1.58,1,1,1,1,0,1,0,1,56,35,10,10,1,195,9,1
1067,11,6,1622,1,7,0.24,0,1,1,1,0,1,0,1,56,35,11,11,1,,11,2
363,3,2,564,1,5.9,0.64,0,1,1,1,0,1,0,1,56,35,11,11,1,181,6,0
592,5,2,918,1,5.6,1.76,0,1,1,1,0,1,0,1,56,35,11,11,1,193,11,0
3256,22,2,4896,0,7.4,1.66,0,1,1,1,0,1,0,1,59,35,12,12,1,155,1,0
989,12,6,1513,1,5.4,0.38,1,1,1,1,0,1,0,1,58,35,13,13,1,187,6,0
138,24,2,202,0,7.3,1.55,0,1,1,1,0,1,0,1,58,36,9,5,0.56,194,5,1
3653,29,4,5534,0,5.7,0.48,1,1,1,1,0,1,0,1,54,36,7,4,0.57,191,4,0
1444,16,8,2181,1,5.7,0.41,1,1,1,1,0,1,0,1,,36,6,4,0.67,,3,0
3027,21,6,4558,0,8.6,0.46,1,1,1,1,0,1,0,1,57,36,10,7,0.7,192,7,0
3215,22,5,4832,0,7.4,0.92,0,1,1,1,0,1,0,1,61,36,7,5,0.71,199,4,0
2710,42,6,4091,0,5.6,0.64,0,1,1,1,0,1,0,1,62,36,9,7,0.78,186,7,1
1165,12,1,1774,1,5.4,1.58,1,1,1,1,0,1,0,1,57,36,9,7,0.78,197,6,2
4130,29,8,6163,0,5.7,0.49,1,1,1,1,0,1,0,1,53,36,5,4,0.8,188,4,0
4395,42,4,6539,0,5.6,0.54,1,1,1,1,0,1,0,1,57,36,10,8,0.8,192,8,0
603,5,2,934,1,5.6,1.76,0,1,1,1,0,1,0,1,58,36,10,8,0.8,158,7,0
3824,44,8,5766,0,5.1,0.84,1,1,1,1,0,1,0,1,55,36,7,6,0.86,,0,0
4147,29,2,6183,0,5.7,1.23,1,1,1,1,0,1,0,1,53,36,7,6,0.86,196,6,0
556,8,1,866,1,4.5,1.11,0,1,1,1,0,1,0,1,54,36,7,6,0.86,200,6,0
1490,16,1,2242,1,5.7,1.15,0,1,1,1,0,1,0,1,56,36,7,6,0.86,184,6,0
2580,22,8,3928,0,7.4,0.6,0,1,2,1,0,1,0,0,56,36,8,7,0.88,210,7,1
4376,42,8,6518,0,5.6,0.79,1,1,1,1,0,1,0,1,55,36,8,7,0.88,177,7,0
2889,19,2,4333,0,8.1,1.23,1,1,2,1,0,1,0,0,59,36,8,7,0.88,196,7,0
793,13,1,1216,1,6,1.15,0,1,1,1,0,1,0,1,55,36,8,7,0.88,201,7,0
4215,29,8,6290,0,5.7,0.49,1,1,1,1,0,1,0,1,55,36,9,8,0.89,180,8,2
3651,29,4,5531,0,5.7,0.48,1,1,1,1,0,1,0,1,57,36,10,9,0.9,151,8,0
1466,16,2,2207,1,5.7,1.34,0,1,1,1,0,1,0,1,56,36,4,4,1,181,4,0
4438,32,1,6611,0,6.8,0.54,1,1,1,1,0,1,0,1,53,36,5,5,1,190,5,0
2383,37,8,3634,0,5.5,0.58,0,1,1,1,0,1,0,1,54,36,5,5,1,194,5,0
4734,35,2,7122,0,6.9,1.28,1,1,1,1,0,1,0,1,50,36,5,5,1,189,4,0
775,7,6,1192,1,5.9,0.33,1,1,1,1,0,1,0,1,55,36,5,5,1,188,5,0
179,26,8,263,0,7.5,0.41,0,1,1,1,0,1,0,1,55,36,6,6,1,179,6,0
2705,42,6,4084,0,5.6,0.64,0,1,1,1,0,1,0,1,57,36,6,6,1,161,3,0
3312,24,6,4985,0,7.3,0.78,1,1,1,1,0,1,0,1,55,36,6,6,1,186,6,0
3591,27,2,5429,0,7.3,0.96,1,1,1,1,0,1,0,1,54,36,6,6,1,202,6,2
3626,27,2,5491,0,7.3,0.96,1,1,1,1,0,1,0,1,54,36,6,6,1,169,6,0
742,7,1,1147,1,5.9,1.5,1,1,1,1,0,1,0,1,54,36,6,6,1,204,5,0
4129,29,7,6162,0,5.7,0.33,1,1,1,1,0,1,0,1,54,36,7,7,1,183,7,0
136,25,6,200,0,6.5,0.36,0,1,1,1,0,1,0,1,58,36,7,7,1,183,4,0
1773,30,6,2689,0,6.8,0.36,0,1,2,1,0,1,0,0,54,36,7,7,1,186,7,1
3458,25,8,5191,0,6.5,0.39,1,1,1,1,0,1,0,1,58,36,7,7,1,189,7,0
177,26,8,261,0,7.5,0.41,0,1,1,1,0,1,0,1,55,36,7,7,1,192,7,1
2519,18,8,3834,0,5.8,0.54,0,1,1,1,0,1,0,1,57,36,7,7,1,178,6,0
2014,32,2,3034,0,6.8,0.85,0,1,1,1,0,1,0,1,54,36,7,7,1,201,7,0
1556,27,2,2333,0,7.3,0.96,0,1,2,1,0,1,0,0,58,36,7,7,1,179,6,2
4069,47,1,6086,0,6.7,1.22,1,1,1,1,0,1,0,1,54,36,7,7,1,153,5,0
3247,22,1,4882,0,7.4,1.36,0,1,1,1,0,1,0,1,55,36,7,7,1,187,7,2
3350,24,2,5039,0,7.3,1.55,1,1,1,1,0,1,0,1,57,36,7,7,1,184,5,0
5121,37,9,7726,0,5.5,1.94,1,1,1,1,0,1,0,1,56,36,7,7,1,205,7,0
3854,47,9,5818,0,6.7,2.05,1,1,1,1,0,1,0,1,54,36,7,7,1,,0,0
657,6,6,1019,1,6.7,0.46,1,1,1,1,0,1,0,1,57,36,7,7,1,210,6,0
835,9,1,1278,1,4.9,0.86,1,1,1,1,0,1,0,1,,36,7,7,1,,6,0
1099,13,1,1673,1,6,1.15,1,1,1,1,0,1,0,1,53,36,7,7,1,204,6,0
1306,14,1,1986,1,7,1.18,0,1,1,1,0,1,0,1,,36,7,7,1,,4,0
3552,29,7,5348,0,5.7,0.33,1,1,1,1,0,1,0,1,54,36,8,8,1,178,8,0
1541,18,6,2313,0,5.8,0.34,1,1,1,1,0,1,0,1,60,36,8,8,1,174,7,1
3473,28,4,5213,0,8.9,0.39,1,1,1,1,0,1,0,1,54,36,8,8,1,193,6,0
1647,26,8,2494,0,7.5,0.41,0,1,1,1,0,1,0,1,58,36,8,8,1,199,5,0
1542,18,8,2314,0,5.8,0.54,1,1,1,1,0,1,0,1,57,36,8,8,1,189,4,0
187,27,1,276,0,7.3,1.18,0,1,1,1,0,1,0,1,55,36,8,8,1,175,8,0
4573,33,9,6855,0,8.1,1.29,1,1,1,1,0,1,0,1,55,36,8,8,1,194,8,0
3246,22,1,4881,0,7.4,1.36,0,1,1,1,0,1,0,1,56,36,8,8,1,201,6,0
3249,22,1,4884,0,7.4,1.36,0,1,1,1,0,1,0,1,55,36,8,8,1,194,8,0
1355,14,4,2063,1,7,0.22,1,1,1,1,0,1,0,1,57,36,8,8,1,194,8,0
1063,11,8,1618,1,7,0.26,1,1,1,1,0,1,0,1,54,36,8,8,1,196,8,3
1130,14,2,1725,1,7,0.75,0,1,2,1,0,1,0,0,58,36,8,8,1,184,8,2
721,7,1,1113,1,5.9,1.5,0,1,1,1,0,1,0,1,55,36,8,8,1,191,8,0
2584,22,7,3936,0,7.4,0.25,0,1,1,1,0,1,0,1,58,36,9,9,1,170,9,0
1656,27,4,2511,0,7.3,0.32,0,1,1,1,0,1,0,1,57,36,9,9,1,194,9,0
2614,22,4,3974,0,7.4,0.42,0,1,1,1,0,1,0,1,59,36,9,9,1,185,4,0
3024,23,8,4555,0,7.8,0.49,1,1,1,1,0,1,0,1,56,36,9,9,1,179,9,0
2972,22,6,4464,0,7.4,0.49,1,1,2,1,0,1,0,0,56,36,9,9,1,184,9,0
3294,24,6,4960,0,7.3,0.78,1,1,1,1,0,1,0,1,56,36,9,9,1,193,9,1
2830,18,1,4259,0,5.8,0.79,0,1,1,1,0,1,0,1,56,36,9,9,1,198,9,2
2312,26,1,3522,0,7.5,0.97,0,1,1,1,0,1,0,1,56,36,9,9,1,189,8,1
3099,22,1,4670,0,7.4,1.36,1,1,1,1,0,1,0,1,56,36,9,9,1,194,9,0
2850,18,2,4281,0,5.8,1.39,1,1,1,1,0,1,0,1,60,36,9,9,1,195,8,1
952,10,6,1458,1,5.4,0.28,0,1,1,1,0,1,0,1,56,36,9,9,1,181,9,0
141,6,5,205,1,6.7,0.48,0,1,1,1,0,1,0,1,56,36,9,9,1,161,0,0
1180,12,9,1793,1,5.4,0.57,1,1,1,1,0,1,0,1,54,36,9,9,1,198,9,2
1324,14,9,2008,1,7,1.06,0,1,1,1,0,1,0,1,,36,9,9,1,,9,0
2871,19,3,4305,0,8.1,0.3,1,1,1,1,0,1,0,1,56,36,10,10,1,208,8,1
2892,20,9,4338,0,8.5,0.53,1,1,1,1,0,1,0,1,58,36,10,10,1,189,10,0
2882,19,9,4323,0,8.1,0.61,1,1,1,1,0,1,0,1,57,36,10,10,1,193,10,0
129,24,6,189,0,7.3,0.78,0,1,1,1,0,1,0,1,58,36,10,10,1,203,10,0
2836,19,1,4266,0,8.1,0.79,1,1,1,1,0,1,0,1,58,36,10,10,1,198,10,0
1148,13,8,1751,1,6,0.32,1,1,1,1,0,1,0,1,56,36,10,10,1,209,0,0
459,5,9,703,1,5.6,0.91,1,1,1,1,0,1,0,1,56,36,10,10,1,152,5,0
399,4,1,619,1,8.2,1.32,0,1,1,1,0,1,0,1,60,36,10,10,1,192,7,0
2880,19,8,4319,0,8.1,0.43,1,1,2,1,0,1,0,0,59,36,11,11,1,185,11,0
3019,22,1,4545,0,7.4,1.36,1,1,1,1,0,1,0,1,57,36,11,11,1,177,11,0
1068,11,6,1623,1,7,0.24,0,1,1,1,0,1,0,1,59,36,11,11,1,,9,1
4547,32,2,6808,0,6.8,0.85,1,1,1,1,0,1,0,1,61,37,11,7,0.64,170,7,0
4866,37,5,7331,0,5.5,0.74,1,1,1,1,0,1,0,1,56,37,6,4,0.67,201,4,0
2344,42,5,3573,0,5.6,1.75,0,1,1,1,0,1,0,1,56,37,5,4,0.8,,0,0
2926,25,1,4391,0,6.5,1,1,1,1,1,0,1,0,1,58,37,7,6,0.86,203,5,0
1277,14,3,1932,1,7,0.23,0,1,1,1,0,1,0,1,56,37,8,7,0.88,190,7,1
2533,19,6,3852,0,8.1,0.33,0,1,1,1,0,1,0,1,58,37,9,8,0.89,193,8,0
3204,23,4,4819,0,7.8,0.4,0,1,1,1,0,1,0,1,56,37,9,8,0.89,190,8,2
1792,29,2,2714,0,5.7,1.23,0,1,1,1,0,1,0,1,58,37,9,8,0.89,172,8,0
105,24,1,154,0,7.3,1.47,0,1,1,1,0,1,0,1,58,37,9,8,0.89,188,8,0
956,10,9,1462,1,5.4,0.53,0,1,1,1,0,1,0,1,57,37,9,8,0.89,200,7,0
3012,22,8,4530,0,7.4,0.6,1,1,1,1,0,1,0,1,58,37,10,9,0.9,183,5,0
3546,27,7,5340,0,7.3,0.21,1,1,1,1,0,1,0,1,61,37,11,10,0.91,169,10,0
2869,18,9,4303,0,5.8,1.03,0,1,1,1,0,1,0,1,,37,3,3,1,,0,0
4968,37,4,7493,0,5.5,0.73,1,1,1,1,0,1,0,1,56,37,5,5,1,204,5,1
3470,25,1,5210,0,6.5,1,1,1,1,1,0,1,0,1,55,37,5,5,1,207,5,0
206,25,9,314,0,6.5,1.33,0,1,1,1,0,1,0,1,55,37,5,5,1,208,5,0
3427,25,8,5148,0,6.5,0.39,1,1,1,1,0,1,0,1,62,37,6,6,1,201,6,0
3137,23,4,4717,0,7.8,0.4,1,1,1,1,0,1,0,1,55,37,6,6,1,196,6,2
336,3,4,518,1,5.9,0.3,1,1,1,1,0,1,0,1,56,37,6,6,1,183,6,0
3516,29,7,5287,0,5.7,0.33,1,1,1,1,0,1,0,1,56,37,7,7,1,149,7,0
4194,29,4,6258,0,5.7,0.48,1,1,1,1,0,1,0,1,55,37,7,7,1,191,7,1
3358,24,2,5050,0,7.3,1.55,1,1,1,1,0,1,0,1,56,37,7,7,1,186,5,0
1313,14,8,1996,1,7,0.3,0,1,1,1,0,1,0,1,57,37,7,7,1,197,7,0
974,11,2,1489,1,7,0.53,0,1,2,1,0,1,0,0,,37,7,7,1,,5,2
48,2,2,78,1,6,0.96,0,1,1,1,0,1,0,1,54,37,7,7,1,154,4,0
426,4,1,658,1,8.2,1.32,1,1,1,1,0,1,0,1,55,37,7,7,1,197,7,1
1137,20,4,1736,0,8.5,0.25,1,1,1,1,0,1,0,1,58,37,8,8,1,185,5,1
2933,22,7,4399,0,7.4,0.25,1,1,1,1,0,1,0,1,55,37,8,8,1,199,8,2
3628,27,4,5493,0,7.3,0.32,1,1,1,1,0,1,0,1,56,37,8,8,1,176,8,1
3428,25,4,5149,0,6.5,0.39,1,1,1,1,0,1,0,1,60,37,8,8,1,183,7,1
1635,27,8,2469,0,7.3,0.45,0,1,1,1,0,1,0,1,59,37,8,8,1,180,7,1
3083,22,6,4651,0,7.4,0.49,1,1,1,1,0,1,0,1,56,37,8,8,1,177,8,0
2802,18,1,4220,0,5.8,0.79,1,1,1,1,0,1,0,1,58,37,8,8,1,182,5,0
4372,42,8,6512,0,5.6,0.79,1,1,1,1,0,1,0,1,56,37,8,8,1,169,8,0
2899,19,2,4349,0,8.1,1.23,0,1,1,1,0,1,0,1,59,37,8,8,1,195,8,1
4134,29,9,6167,0,5.7,1.25,1,1,1,1,0,1,0,1,55,37,8,8,1,162,4,0
3457,25,9,5190,0,6.5,1.33,1,1,1,1,0,1,0,1,57,37,8,8,1,194,7,1
969,11,6,1483,1,7,0.24,1,1,2,1,0,1,0,0,57,37,8,8,1,,8,1
670,6,3,1034,1,6.7,0.3,1,1,1,1,0,1,0,1,56,37,8,8,1,203,6,0
631,6,8,977,1,6.7,0.49,0,1,1,1,0,1,0,1,55,37,8,8,1,192,8,0
1132,15,5,1728,1,5.7,0.61,1,1,1,1,0,1,0,1,,37,8,8,1,,8,0
415,4,1,644,1,8.2,1.32,1,1,2,1,0,1,0,0,58,37,8,8,1,198,8,0
191,25,5,280,0,6.5,0.13,0,1,1,1,0,1,0,1,58,37,9,9,1,186,9,0
2838,19,4,4268,0,8.1,0.27,0,1,1,1,0,1,0,1,57,37,9,9,1,201,8,0
116,25,6,171,0,6.5,0.36,0,1,1,1,0,1,0,1,58,37,9,9,1,192,8,0
1143,20,1,1743,0,8.5,0.61,1,1,1,1,0,1,0,1,56,37,9,9,1,192,9,1
3625,27,5,5490,0,7.3,0.74,1,1,2,1,0,1,0,0,57,37,9,9,1,185,9,1
4927,37,1,7436,0,5.5,1.32,1,1,1,1,0,1,0,1,62,37,9,9,1,192,9,1
2851,18,2,4282,0,5.8,1.39,1,1,1,1,0,1,0,1,58,37,9,9,1,182,9,1
580,5,8,897,1,5.6,0.34,0,1,1,1,0,1,0,1,55,37,9,9,1,193,6,1
1187,12,6,1802,1,5.4,0.38,0,1,1,1,0,1,0,1,55,37,9,9,1,188,9,0
676,7,8,1043,1,5.9,0.45,0,1,1,1,0,1,0,1,57,37,9,9,1,182,9,0
1310,14,1,1990,1,7,1.18,0,1,1,1,0,1,0,1,55,37,9,9,1,,8,0
3551,27,8,5347,0,7.3,0.45,1,1,1,1,0,1,0,1,59,37,10,10,1,178,10,1
2610,22,6,3969,0,7.4,0.49,0,1,1,1,0,1,0,1,57,37,10,10,1,195,9,1
3590,27,2,5428,0,7.3,0.96,1,1,1,1,0,1,0,1,59,37,10,10,1,188,10,4
1077,10,2,1636,1,5.4,0.53,0,1,1,1,0,1,0,1,,37,10,10,1,,6,0
1235,12,1,1877,1,5.4,1.58,0,1,2,1,0,1,0,0,57,37,10,10,1,199,10,0
3772,47,9,5707,0,6.7,2.05,0,1,1,1,0,1,0,1,57,37,11,11,1,169,11,1
602,5,2,933,1,5.6,1.76,0,1,1,1,0,1,0,1,58,37,11,11,1,167,9,0
1066,11,6,1621,1,7,0.24,0,1,1,1,0,1,0,1,62,37,12,12,1,,11,0
980,12,9,1497,1,5.4,0.57,1,1,1,1,0,1,0,1,54,38,4,1,0.25,,0,0
1732,29,1,2625,0,5.7,1.47,0,1,1,1,0,1,0,1,58,38,9,3,0.33,,0,0
95,24,1,142,0,7.3,1.47,0,1,1,1,0,1,0,1,56,38,7,4,0.57,190,4,0
1164,12,1,1773,1,5.4,1.58,1,1,1,1,0,1,0,1,56,38,7,4,0.57,191,4,1
4363,42,1,6495,0,5.6,1.58,1,1,1,1,0,1,0,1,61,38,9,6,0.67,187,5,0
4381,42,4,6523,0,5.6,0.54,1,1,2,1,0,1,0,0,54,38,5,4,0.8,174,4,0
1729,29,1,2620,0,5.7,1.47,0,1,1,1,0,1,0,1,56,38,6,5,0.83,135,5,0
4936,37,8,7449,0,5.5,0.58,1,1,1,1,0,1,0,1,59,38,9,8,0.89,153,1,0
1968,35,8,2967,0,6.9,0.73,0,1,1,1,0,1,0,1,58,38,9,8,0.89,177,8,0
927,10,4,1427,1,5.4,0.3,1,1,1,1,0,1,0,1,61,38,9,8,0.89,185,7,1
2973,22,4,4466,0,7.4,0.42,0,1,1,1,0,1,0,1,59,38,10,9,0.9,183,9,0
2570,20,2,3912,0,8.5,0.69,0,1,1,1,0,1,0,1,59,38,10,9,0.9,194,9,0
771,7,8,1185,1,5.9,0.45,1,1,2,1,0,1,0,0,60,38,11,10,0.91,174,5,0
4863,37,5,7328,0,5.5,0.74,1,1,1,1,0,1,0,1,60,38,3,3,1,171,3,0
2392,42,4,3646,0,5.6,0.54,0,1,1,1,0,1,0,1,54,38,4,4,1,,0,0
2701,42,8,4077,0,5.6,0.79,0,1,1,1,0,1,0,1,55,38,4,4,1,177,4,0
4939,37,4,7452,0,5.5,0.73,1,1,1,1,0,1,0,1,56,38,5,5,1,196,5,0
3438,25,9,5162,0,6.5,1.33,1,1,1,1,0,1,0,1,57,38,5,5,1,184,5,0
2817,18,2,4241,0,5.8,1.39,0,1,1,1,0,1,0,1,55,38,5,5,1,199,5,0
4137,29,6,6170,0,5.7,0.47,1,1,1,1,0,1,0,1,54,38,6,6,1,186,6,0
2389,37,8,3643,0,5.5,0.58,0,1,1,1,0,1,0,1,64,38,6,6,1,203,6,0
2386,37,6,3638,0,5.5,0.71,0,1,1,1,0,1,0,1,57,38,6,6,1,201,6,1
971,11,4,1486,1,7,0.16,1,1,1,1,0,1,0,1,56,38,6,6,1,,6,0
1400,16,9,2128,1,5.7,0.68,1,1,3,1,0,1,0,0,60,38,6,6,1,,6,1
1405,16,1,2133,1,5.7,1.15,1,1,1,1,0,1,0,1,54,38,6,6,1,,6,0
998,10,1,1524,1,5.4,1.25,1,1,2,1,0,1,0,0,,38,6,6,1,,5,0
1543,18,9,2315,0,5.8,1.03,1,1,1,1,0,1,0,1,61,38,7,7,1,190,6,0
3248,22,1,4883,0,7.4,1.36,0,1,1,1,0,1,0,1,56,38,7,7,1,200,7,0
4169,29,1,6217,0,5.7,1.47,1,1,1,1,0,1,0,1,55,38,7,7,1,167,7,0
2302,37,9,3504,0,5.5,1.94,0,1,1,1,0,1,0,1,57,38,7,7,1,191,7,2
1430,15,4,2164,1,5.7,0.12,0,1,1,1,0,1,0,1,,38,7,7,1,,6,1
1253,14,4,1903,1,7,0.22,1,1,1,1,0,1,0,1,57,38,7,7,1,,0,0
1450,16,8,2188,1,5.7,0.41,0,1,1,1,0,1,0,1,51,38,7,7,1,167,0,0
1453,16,8,2191,1,5.7,0.41,0,1,1,1,0,1,0,1,56,38,7,7,1,196,7,0
1001,10,8,1528,1,5.4,0.49,1,1,1,1,0,1,0,1,56,38,7,7,1,182,7,2
3518,27,6,5290,0,7.3,0.33,1,1,1,1,0,1,0,1,58,38,8,8,1,187,4,0
3371,27,8,5065,0,7.3,0.45,1,1,1,1,0,1,0,1,59,38,8,8,1,188,8,0
1142,20,2,1742,0,8.5,0.69,1,1,1,1,0,1,0,1,,38,8,8,1,,8,1
134,24,6,198,0,7.3,0.78,0,1,1,1,0,1,0,1,57,38,8,8,1,192,8,0
2844,19,1,4275,0,8.1,0.79,1,1,1,1,0,1,0,1,57,38,8,8,1,198,8,0
779,7,8,1197,1,5.9,0.45,1,1,1,1,0,1,0,1,57,38,8,8,1,,0,0
1468,16,9,2211,1,5.7,0.68,0,1,1,1,0,1,0,1,59,38,8,8,1,194,7,0
451,5,9,693,1,5.6,0.91,1,1,1,1,0,1,0,1,56,38,8,8,1,190,7,2
1037,12,1,1575,1,5.4,1.58,0,1,1,1,0,1,0,1,59,38,8,8,1,205,7,2
2980,27,8,4476,0,7.3,0.45,1,1,1,1,0,1,0,1,59,38,9,9,1,195,8,1
2595,21,8,3950,0,8.6,0.56,0,1,1,1,0,1,0,1,57,38,9,9,1,191,9,1
117,24,6,172,0,7.3,0.78,0,1,1,1,0,1,0,1,58,38,9,9,1,189,8,0
1462,16,9,2202,1,5.7,0.68,0,1,1,1,0,1,0,1,57,38,9,9,1,188,9,0
1489,16,1,2241,1,5.7,1.15,0,1,1,1,0,1,0,1,60,38,9,9,1,184,7,1
2893,19,5,4339,0,8.1,0.48,0,1,1,1,0,1,0,1,59,38,10,10,1,198,10,0
2834,18,2,4264,0,5.8,1.39,0,1,1,1,0,1,0,1,58,38,10,10,1,181,10,0
425,4,1,657,1,8.2,1.32,1,1,1,1,0,1,0,1,59,38,10,10,1,193,0,0
600,5,1,931,1,5.6,1.54,0,1,1,1,0,1,0,1,58,38,10,10,1,164,7,1
1601,27,5,2416,0,7.3,0.74,0,1,1,1,0,1,0,1,64,38,12,12,1,196,12,1
2896,20,9,4345,0,8.5,0.53,1,1,1,1,0,1,0,1,63,38,13,13,1,180,11,3
4131,29,7,6164,0,5.7,0.33,1,1,1,1,0,1,0,1,61,39,7,3,0.43,150,2,0
3855,47,9,5819,0,6.7,2.05,1,1,1,1,0,1,0,1,57,39,7,5,0.71,189,5,0
3658,29,3,5541,0,5.7,0.6,1,1,1,1,0,1,0,1,58,39,9,7,0.78,153,3,0
1760,29,9,2672,0,5.7,1.25,0,1,1,1,0,1,0,1,56,39,9,7,0.78,161,7,0
4935,37,6,7448,0,5.5,0.71,1,1,1,1,0,1,0,1,59,39,7,6,0.86,195,6,0
585,5,4,908,1,5.6,0.28,0,1,1,1,0,1,0,1,58,39,7,6,0.86,187,4,0
5298,42,4,7991,0,5.6,0.54,1,1,2,1,0,1,0,0,59,39,8,7,0.88,182,7,1
4212,29,6,6287,0,5.7,0.47,1,1,1,1,0,1,0,1,57,39,9,8,0.89,178,3,1
5307,42,5,8008,0,5.6,1.75,1,1,2,1,0,1,0,0,62,39,9,8,0.89,158,8,0
939,10,6,1444,1,5.4,0.28,0,1,1,1,0,1,0,1,59,39,9,8,0.89,193,6,0
1377,16,8,2092,1,5.7,0.41,1,1,1,1,0,1,0,1,60,39,9,8,0.89,207,4,0
4152,29,6,6191,0,5.7,0.47,1,1,1,1,0,1,0,1,56,39,5,5,1,183,5,2
3418,24,6,5138,0,7.3,0.78,1,1,1,1,0,1,0,1,59,39,6,6,1,175,3,0
4977,37,2,7510,0,5.5,1.39,1,1,1,1,0,1,0,1,59,39,6,6,1,192,6,0
3313,24,2,4986,0,7.3,1.55,0,1,1,1,0,1,0,1,57,39,6,6,1,184,5,1
5239,41,4,7911,0,7,0.28,1,1,1,1,0,1,0,1,56,39,7,7,1,180,7,0
3483,26,6,5229,0,7.5,0.31,1,1,1,1,0,1,0,1,60,39,7,7,1,194,5,1
3459,25,4,5192,0,6.5,0.39,1,1,1,1,0,1,0,1,60,39,7,7,1,200,7,0
3534,27,8,5321,0,7.3,0.45,1,1,1,1,0,1,0,1,61,39,7,7,1,192,7,1
1761,29,4,2673,0,5.7,0.48,0,1,1,1,0,1,0,1,57,39,7,7,1,167,7,0
1762,29,4,2674,0,5.7,0.48,0,1,1,1,0,1,0,1,56,39,7,7,1,168,7,1
1765,29,4,2677,0,5.7,0.48,0,1,1,1,0,1,0,1,57,39,7,7,1,154,7,0
4379,42,4,6521,0,5.6,0.54,1,1,1,1,0,1,0,1,57,39,7,7,1,199,7,1
1552,26,9,2329,0,7.5,0.72,0,1,1,1,0,1,0,1,57,39,7,7,1,198,7,1
3335,24,1,5016,0,7.3,1.47,1,1,1,1,0,1,0,1,58,39,7,7,1,196,7,1
3634,29,1,5502,0,5.7,1.47,1,1,1,1,0,1,0,1,57,39,7,7,1,,0,0
1394,15,1,2120,1,5.7,0.61,0,1,1,1,0,1,0,1,58,39,7,7,1,,0,0
557,8,1,867,1,4.5,1.11,0,1,1,1,0,1,0,1,60,39,7,7,1,,0,0
204,25,4,310,0,6.5,0.39,0,1,1,1,0,1,0,1,58,39,8,8,1,209,6,0
2995,22,4,4502,0,7.4,0.42,1,1,1,1,0,1,0,1,58,39,8,8,1,199,6,2
4161,29,8,6206,0,5.7,0.49,1,1,1,1,0,1,0,1,56,39,8,8,1,167,8,1
4036,47,4,6053,0,6.7,0.53,1,1,1,1,0,1,0,1,59,39,8,8,1,189,8,0
2509,19,9,3820,0,8.1,0.61,0,1,1,1,0,1,0,1,60,39,8,8,1,188,8,1
2811,19,9,4232,0,8.1,0.61,1,1,1,1,0,1,0,1,58,39,8,8,1,178,7,0
4820,35,6,7257,0,6.9,0.7,0,1,1,1,0,1,0,1,58,39,8,8,1,149,3,0
2530,19,1,3848,0,8.1,0.79,0,1,1,1,0,1,0,1,59,39,8,8,1,198,7,0
1798,29,5,2722,0,5.7,1.27,0,1,1,1,0,1,0,1,57,39,8,8,1,140,6,1
2997,22,2,4504,0,7.4,1.66,1,1,1,1,0,1,0,1,57,39,8,8,1,177,8,0
1031,10,5,1565,1,5.4,0.57,0,1,1,1,0,1,0,1,57,39,8,8,1,,7,0
597,5,1,925,1,5.6,1.54,0,1,1,1,0,1,0,1,57,39,8,8,1,193,8,1
1497,17,8,2250,0,6.8,0.15,1,1,1,1,0,1,0,1,59,39,9,9,1,192,9,0
2828,18,7,4257,0,5.8,0.17,0,1,1,1,0,1,0,1,59,39,9,9,1,188,9,0
3594,27,4,5433,0,7.3,0.32,1,1,1,1,0,1,0,1,60,39,9,9,1,196,9,0
1763,29,4,2675,0,5.7,0.48,0,1,1,1,0,1,0,1,59,39,9,9,1,159,6,0
3258,22,1,4898,0,7.4,1.36,0,1,1,1,0,1,0,1,57,39,9,9,1,179,9,1
1307,15,6,1987,1,5.7,0.16,1,1,1,1,0,1,0,1,,39,9,9,1,,8,0
951,10,6,1457,1,5.4,0.28,0,1,1,1,0,1,0,1,,39,9,9,1,,8,0
780,7,9,1198,1,5.9,0.34,1,1,1,1,0,1,0,1,58,39,9,9,1,174,9,0
1318,15,1,2002,1,5.7,0.61,1,1,1,1,0,1,0,1,,39,9,9,1,,0,0
478,5,2,740,1,5.6,1.76,1,1,1,1,0,1,0,1,58,39,9,9,1,196,7,0
2542,20,7,3868,0,8.5,0.25,0,1,1,1,0,1,0,1,61,39,10,10,1,189,10,0
3252,22,2,4890,0,7.4,1.66,0,1,1,1,0,1,0,1,60,39,10,10,1,168,10,0
490,5,8,766,1,5.6,0.34,1,1,1,1,0,1,0,1,59,39,10,10,1,173,0,0
2582,22,6,3934,0,7.4,0.49,0,1,1,1,0,1,0,1,59,39,11,11,1,194,10,0
2895,20,9,4344,0,8.5,0.53,1,1,1,1,0,1,0,1,62,39,12,12,1,198,11,1
4987,37,6,7530,0,5.5,0.71,1,1,1,1,0,1,0,1,65,40,8,5,0.63,201,5,0
5109,37,5,7710,0,5.5,0.74,1,1,1,1,0,1,0,1,61,40,8,5,0.63,181,5,0
4768,37,4,7174,0,5.5,0.73,1,1,1,1,0,1,0,1,56,40,6,4,0.67,200,4,1
324,3,1,494,1,5.9,1.4,1,1,1,1,0,1,0,1,60,40,6,4,0.67,175,4,0
2707,42,8,4086,0,5.6,0.79,0,1,1,1,0,1,0,1,60,40,7,5,0.71,144,2,0
5320,42,5,8033,0,5.6,1.75,0,1,2,1,0,1,0,0,62,40,11,8,0.73,136,0,0
3662,29,4,5547,0,5.7,0.48,1,1,1,1,0,1,0,1,58,40,8,6,0.75,161,6,0
2354,42,5,3587,0,5.6,1.75,0,1,2,1,0,1,0,0,60,40,8,6,0.75,175,5,0
1582,27,8,2377,0,7.3,0.45,0,1,1,1,0,1,0,1,61,40,9,7,0.78,,0,0
4163,29,6,6208,0,5.7,0.47,1,1,1,1,0,1,0,1,60,40,7,6,0.86,167,5,0
2920,20,8,4380,0,8.5,0.32,1,1,1,1,0,1,0,1,61,40,8,7,0.88,197,7,1
1557,27,5,2334,0,7.3,0.74,0,1,1,1,0,1,0,1,62,40,9,8,0.89,183,8,1
402,4,1,623,1,8.2,1.32,0,1,2,1,0,1,0,0,62,40,9,8,0.89,197,8,0
2944,20,2,4421,0,8.5,0.69,1,1,1,1,0,1,0,1,63,40,11,10,0.91,201,10,1
1513,17,6,2274,0,6.8,0.24,0,1,2,1,0,1,0,0,59,40,7,7,1,190,6,0
2558,20,7,3894,0,8.5,0.25,0,1,1,1,0,1,0,1,60,40,7,7,1,196,7,1
1702,27,3,2582,0,7.3,0.5,0,1,1,1,0,1,0,1,59,40,7,7,1,202,6,0
2520,18,8,3835,0,5.8,0.54,0,1,1,1,0,1,0,1,60,40,7,7,1,177,6,0
1328,15,4,2014,1,5.7,0.12,1,1,1,1,0,1,0,1,60,40,7,7,1,188,6,0
1206,12,6,1838,1,5.4,0.38,0,1,1,1,0,1,0,1,55,40,7,7,1,190,7,0
728,7,1,1125,1,5.9,1.5,0,1,1,1,0,1,0,1,59,40,7,7,1,161,2,0
1595,27,6,2405,0,7.3,0.33,0,1,1,1,0,1,0,1,60,40,8,8,1,184,8,0
122,25,6,177,0,6.5,0.36,0,1,1,1,0,1,0,1,63,40,8,8,1,,0,0
2557,20,6,3893,0,8.5,0.36,0,1,1,1,0,1,0,1,61,40,8,8,1,166,0,0
126,25,4,183,0,6.5,0.39,0,1,1,1,0,1,0,1,61,40,8,8,1,192,7,0
2596,22,4,3951,0,7.4,0.42,0,1,1,1,0,1,0,1,58,40,8,8,1,195,3,0
4125,29,1,6156,0,5.7,1.47,1,1,2,1,0,1,0,0,58,40,8,8,1,,0,0
1126,14,8,1721,1,7,0.3,1,1,1,1,0,1,0,1,59,40,8,8,1,186,7,0
1012,10,4,1539,1,5.4,0.3,1,1,3,1,0,1,0,0,58,40,8,8,1,187,7,0
1227,12,6,1864,1,5.4,0.38,0,1,1,1,0,1,0,1,57,40,8,8,1,204,7,0
1560,27,8,2340,0,7.3,0.45,0,1,1,1,0,1,0,1,60,40,9,9,1,196,9,2
2921,20,1,4381,0,8.5,0.61,1,1,3,1,0,1,0,0,62,40,9,9,1,203,7,2
1144,20,2,1744,0,8.5,0.69,1,1,2,1,0,1,0,0,61,40,9,9,1,203,9,3
2841,19,1,4272,0,8.1,0.79,1,1,1,1,0,1,0,1,60,40,9,9,1,183,9,1
199,25,1,300,0,6.5,1,0,1,1,1,0,1,0,1,59,40,9,9,1,198,8,1
1291,14,6,1958,1,7,0.18,0,1,1,1,0,1,0,1,61,40,9,9,1,192,9,0
1411,22,2,2142,0,7.4,1.66,1,1,1,1,0,1,0,1,60,40,10,10,1,186,10,0
1392,15,5,2118,1,5.7,0.61,0,1,1,1,0,1,0,1,,40,10,10,1,,8,0
462,5,9,708,1,5.6,0.91,1,1,1,1,0,1,0,1,59,40,10,10,1,189,10,0
2351,42,1,3583,0,5.6,1.58,0,1,1,1,0,1,0,1,59,41,5,3,0.6,211,3,0
1708,29,1,2591,0,5.7,1.47,0,1,1,1,0,1,0,1,58,41,6,4,0.67,158,4,0
1970,35,8,2969,0,6.9,0.73,0,1,1,1,0,1,0,1,62,41,7,5,0.71,,0,0
368,3,6,573,1,5.9,0.36,0,1,1,1,0,1,0,1,62,41,4,3,0.75,209,1,0
3101,22,9,4672,0,7.4,0.95,1,1,1,1,0,1,0,1,59,41,8,6,0.75,197,6,0
1622,42,3,2449,0,5.6,0.7,0,1,1,1,0,1,0,1,61,41,6,5,0.83,,0,0
2303,37,4,3505,0,5.5,0.73,0,1,1,1,0,1,0,1,62,41,7,6,0.86,187,6,1
3435,25,9,5159,0,6.5,1.33,1,1,1,1,0,1,0,1,62,41,7,6,0.86,185,5,0
2846,19,2,4277,0,8.1,1.23,1,1,1,1,0,1,0,1,61,41,8,7,0.88,198,7,1
731,7,8,1128,1,5.9,0.45,0,1,1,1,0,1,0,1,58,41,8,7,0.88,170,6,0
2861,18,5,4294,0,5.8,0.48,1,1,1,1,0,1,0,1,58,41,6,6,1,188,6,0
197,25,1,297,0,6.5,1,0,1,1,1,0,1,0,1,60,41,6,6,1,193,6,0
1488,16,1,2240,1,5.7,1.15,0,1,1,1,0,1,0,1,59,41,6,6,1,199,6,0
211,25,4,323,0,6.5,0.39,0,1,1,1,0,1,0,1,61,41,7,7,1,197,7,0
4132,29,8,6165,0,5.7,0.49,1,1,1,1,0,1,0,1,59,41,7,7,1,167,7,0
4216,29,8,6291,0,5.7,0.49,1,1,1,1,0,1,0,1,60,41,7,7,1,148,2,0
3561,27,2,5368,0,7.3,0.96,1,1,2,1,0,1,0,0,60,41,7,7,1,200,7,0
1563,27,1,2343,0,7.3,1.18,0,1,1,1,0,1,0,1,59,41,7,7,1,178,7,1
3640,29,1,5512,0,5.7,1.47,1,1,1,1,0,1,0,1,58,41,7,7,1,158,5,0
2909,20,3,4367,0,8.5,0.3,1,1,1,1,0,1,0,1,,41,8,8,1,,7,1
2877,19,8,4315,0,8.1,0.43,1,1,1,1,0,1,0,1,59,41,8,8,1,179,8,1
2878,19,9,4316,0,8.1,0.61,1,1,1,1,0,1,0,1,60,41,8,8,1,180,8,2
3597,27,2,5438,0,7.3,0.96,1,1,1,1,0,1,0,1,61,41,8,8,1,180,8,1
3257,22,2,4897,0,7.4,1.66,0,1,1,1,0,1,0,1,59,41,8,8,1,189,8,0
1338,13,8,2029,1,6,0.32,0,1,1,1,0,1,0,1,62,41,8,8,1,169,8,0
1028,10,8,1561,1,5.4,0.49,0,1,1,1,0,1,0,1,61,41,8,8,1,186,5,0
1136,20,7,1735,0,8.5,0.25,1,1,1,1,0,1,0,1,62,41,9,9,1,191,9,4
1141,20,6,1741,0,8.5,0.36,1,1,1,1,0,1,0,1,62,41,9,9,1,186,8,1
3225,23,4,4846,0,7.8,0.4,1,1,1,1,0,1,0,1,60,41,9,9,1,173,9,0
3218,22,5,4837,0,7.4,0.92,0,1,1,1,0,1,0,1,60,41,9,9,1,176,8,0
1158,11,1,1764,1,7,0.86,0,1,1,1,0,1,0,1,60,41,9,9,1,200,9,1
2829,18,7,4258,0,5.8,0.17,0,1,1,1,0,1,0,1,65,41,10,10,1,186,10,0
3429,25,1,5150,0,6.5,1,1,1,1,1,0,1,0,1,63,41,10,10,1,202,5,0
3536,27,6,5324,0,7.3,0.33,1,1,1,1,0,1,0,1,62,41,11,11,1,189,11,0
2550,20,9,3882,0,8.5,0.53,0,1,1,1,0,1,0,1,64,41,11,11,1,186,10,2
1200,12,1,1827,1,5.4,1.58,0,1,1,1,0,1,0,1,61,41,11,11,1,182,10,1
4188,29,1,6249,0,5.7,1.47,1,1,1,1,0,1,0,1,61,42,8,2,0.25,184,2,0
994,10,8,1519,1,5.4,0.49,1,1,2,1,0,1,0,0,56,42,4,3,0.75,194,3,1
2535,19,8,3859,0,8.1,0.43,0,1,1,1,0,1,0,1,63,42,9,7,0.78,186,6,0
2835,18,2,4265,0,5.8,1.39,0,1,1,1,0,1,0,1,63,42,6,5,0.83,190,5,1
759,7,6,1171,1,5.9,0.33,1,1,1,1,0,1,0,1,59,42,8,7,0.88,177,7,2
2560,20,6,3897,0,8.5,0.36,0,1,1,1,0,1,0,1,64,42,10,9,0.9,190,8,0
3656,29,9,5538,0,5.7,1.25,1,1,1,1,0,1,0,1,59,42,6,6,1,,0,0
3484,25,3,5230,0,6.5,0.33,1,1,1,1,0,1,0,1,62,42,7,7,1,195,6,1
1632,27,8,2464,0,7.3,0.45,0,1,1,1,0,1,0,1,63,42,7,7,1,191,7,0
2522,18,8,3837,0,5.8,0.54,0,1,1,1,0,1,0,1,61,42,7,7,1,,7,1
2709,42,6,4090,0,5.6,0.64,0,1,1,1,0,1,0,1,65,42,7,7,1,,0,0
4911,42,1,7411,0,5.6,1.58,1,1,1,1,0,1,0,1,60,42,7,7,1,169,7,0
997,10,4,1523,1,5.4,0.3,1,1,1,1,0,1,0,1,58,42,7,7,1,194,6,1
2843,19,4,4274,0,8.1,0.27,1,1,1,1,0,1,0,1,65,42,8,8,1,169,8,1
1633,27,8,2465,0,7.3,0.45,0,1,1,1,0,1,0,1,62,42,8,8,1,196,7,0
4378,42,8,6520,0,5.6,0.79,1,1,1,1,0,1,0,1,59,42,8,8,1,150,6,0
2979,27,4,4475,0,7.3,0.32,1,1,1,1,0,1,0,1,62,42,9,9,1,188,9,0
2917,20,1,4376,0,8.5,0.61,1,1,1,1,0,1,0,1,61,42,10,10,1,188,10,0
501,5,6,788,1,5.6,0.43,1,1,1,1,0,1,0,1,64,42,11,11,1,177,9,0
2562,20,8,3899,0,8.5,0.32,0,1,1,1,0,1,0,1,65,42,12,12,1,187,11,2
373,3,6,583,1,5.9,0.36,0,1,1,1,0,1,0,1,59,43,7,3,0.43,,0,0
940,10,4,1445,1,5.4,0.3,0,1,1,1,0,1,0,1,64,43,8,4,0.5,,4,1
3601,29,4,5444,0,5.7,0.48,1,1,1,1,0,1,0,1,62,43,6,4,0.67,,0,0
3117,22,5,4691,0,7.4,0.92,1,1,1,1,0,1,0,1,66,43,10,8,0.8,164,6,0
2536,19,8,3860,0,8.1,0.43,0,1,1,1,0,1,0,1,65,43,10,9,0.9,164,8,0
1412,22,2,2143,0,7.4,1.66,1,1,1,1,0,1,0,1,64,43,10,9,0.9,176,7,0
4205,29,8,6276,0,5.7,0.49,1,1,1,1,0,1,0,1,58,43,5,5,1,,0,0
3465,25,1,5200,0,6.5,1,1,1,1,1,0,1,0,1,61,43,5,5,1,191,3,0
1562,27,1,2342,0,7.3,1.18,0,1,1,1,0,1,0,1,61,43,7,7,1,195,7,1
840,9,8,1285,1,4.9,0.41,1,1,2,1,0,1,0,0,65,43,7,7,1,,7,0
3002,22,7,4514,0,7.4,0.25,1,1,1,1,0,1,0,1,59,43,8,8,1,184,8,0
3490,25,3,5240,0,6.5,0.33,1,1,2,1,0,1,0,0,63,43,8,8,1,191,8,0
3150,23,4,4743,0,7.8,0.4,0,1,1,1,0,1,0,1,61,43,8,8,1,189,7,0
4967,37,8,7492,0,5.5,0.58,1,1,1,1,0,1,0,1,63,43,8,8,1,181,7,0
3528,27,9,5311,0,7.3,0.87,1,1,1,1,0,1,0,1,63,43,8,8,1,200,7,1
1469,16,2,2212,1,5.7,1.34,0,1,1,1,0,1,0,1,63,43,8,8,1,159,8,0
1006,10,2,1533,1,5.4,0.53,0,1,1,1,0,1,0,1,,43,9,9,1,,9,0
3370,25,6,5064,0,6.5,0.36,1,1,1,1,0,1,0,1,67,43,10,10,1,132,0,0
2540,20,1,3866,0,8.5,0.61,0,1,1,1,0,1,0,1,65,43,10,10,1,176,9,0
3547,27,1,5341,0,7.3,1.18,1,1,1,1,0,1,0,1,63,43,10,10,1,178,9,3
2618,19,8,3986,0,8.1,0.43,0,1,1,1,0,1,0,1,64,43,11,11,1,,0,0
2571,20,2,3913,0,8.5,0.69,0,1,1,1,0,1,0,1,65,43,11,11,1,204,11,0
2537,20,6,3861,0,8.5,0.36,0,1,1,1,0,1,0,1,66,43,12,12,1,195,12,2
1387,16,8,2106,1,5.7,0.41,1,1,1,1,0,1,0,1,67,44,6,2,0.33,,0,0
1567,27,1,2350,0,7.3,1.18,0,1,1,1,0,1,0,1,62,44,7,6,0.86,194,5,0
4214,29,5,6289,0,5.7,1.27,1,1,1,1,0,1,0,1,61,44,8,7,0.88,184,4,0
3369,25,8,5063,0,6.5,0.39,1,1,1,1,0,1,0,1,65,44,6,6,1,174,4,0
3425,25,2,5146,0,6.5,0.48,1,1,1,1,0,1,0,1,62,44,7,7,1,193,7,0
1493,17,8,2245,0,6.8,0.15,1,1,2,1,0,1,0,0,62,44,8,8,1,,8,0
2804,17,2,4222,0,6.8,0.59,0,1,1,1,0,1,0,1,62,44,8,8,1,184,8,0
1630,27,4,2461,0,7.3,0.32,0,1,1,1,0,1,0,1,67,44,9,9,1,182,8,0
2561,20,8,3898,0,8.5,0.32,0,1,2,1,0,1,0,0,64,44,9,9,1,188,9,1
2910,20,8,4368,0,8.5,0.32,1,1,1,1,0,1,0,1,64,44,10,10,1,188,10,0
4126,29,1,6158,0,5.7,1.47,1,1,1,1,0,1,0,1,62,45,7,6,0.86,,0,0
212,25,9,324,0,6.5,1.33,0,1,1,1,0,1,0,1,62,45,4,4,1,185,4,0
2827,18,7,4256,0,5.8,0.17,0,1,1,1,0,1,0,1,63,45,6,6,1,211,6,0
3593,27,3,5432,0,7.3,0.5,1,1,1,1,0,1,0,1,62,45,6,6,1,201,6,1
1017,10,8,1545,1,5.4,0.49,0,1,1,1,0,1,0,1,63,45,6,6,1,,0,0
3463,25,6,5197,0,6.5,0.36,1,1,1,1,0,1,0,1,65,45,7,7,1,179,6,0
4193,29,4,6257,0,5.7,0.48,1,1,1,1,0,1,0,1,62,45,7,7,1,157,7,0
2567,20,1,3909,0,8.5,0.61,0,1,1,1,0,1,0,1,63,45,7,7,1,180,7,1
2913,20,8,4371,0,8.5,0.32,1,1,1,1,0,1,0,1,67,45,8,8,1,183,8,0
3339,23,6,5020,0,7.8,0.38,0,1,1,1,0,1,0,1,63,45,8,8,1,175,8,0
3521,27,4,5298,0,7.3,0.32,1,1,1,1,0,1,0,1,66,45,9,9,1,198,8,2
3368,25,4,5062,0,6.5,0.39,1,1,1,1,0,1,0,1,67,45,10,10,1,185,6,0
4938,37,1,7451,0,5.5,1.32,1,1,1,1,0,1,0,1,64,46,8,6,0.75,189,6,1
2853,18,8,4284,0,5.8,0.54,1,1,1,1,0,1,0,1,68,46,8,7,0.88,189,7,0
752,7,8,1162,1,5.9,0.45,1,1,2,1,0,1,0,0,61,46,5,5,1,204,2,0
125,25,4,182,0,6.5,0.39,0,1,1,1,0,1,0,1,65,46,6,6,1,190,6,0
1242,12,6,1888,1,5.4,0.38,0,1,1,1,0,1,0,1,62,46,6,6,1,181,6,0
400,5,5,620,1,5.6,0.52,1,1,1,1,0,1,0,1,64,46,6,6,1,182,6,1
184,25,4,271,0,6.5,0.39,0,1,1,1,0,1,0,1,71,46,7,7,1,177,6,0
4757,37,4,7160,0,5.5,0.73,1,1,1,1,0,1,0,1,60,46,7,7,1,210,7,0
559,8,8,870,1,4.5,0.34,0,1,1,1,0,1,0,1,63,46,7,7,1,178,3,1
919,10,8,1417,1,5.4,0.49,0,1,1,1,0,1,0,1,,46,7,7,1,,3,0
1625,27,6,2452,0,7.3,0.33,0,1,1,1,0,1,0,1,64,46,9,9,1,198,9,1
2886,20,8,4328,0,8.5,0.32,1,1,1,1,0,1,0,1,66,47,9,8,0.89,198,8,2
3618,27,4,5473,0,7.3,0.32,1,1,1,1,0,1,0,1,65,47,7,7,1,190,4,0
5031,37,6,7591,0,5.5,0.71,1,1,1,1,0,1,0,1,65,47,7,7,1,198,7,0
1029,10,8,1562,1,5.4,0.49,0,1,1,1,0,1,0,1,65,47,7,7,1,,5,0
736,7,1,1135,1,5.9,1.5,0,1,1,1,0,1,0,1,62,47,7,7,1,,0,0
123,25,6,178,0,6.5,0.36,0,1,1,1,0,1,0,1,66,47,8,8,1,178,8,0
1456,16,8,2196,1,5.7,0.41,0,1,1,1,0,1,0,1,65,47,8,8,1,192,6,0
1624,27,4,2451,0,7.3,0.32,0,1,1,1,0,1,0,1,67,47,9,9,1,206,8,0
705,7,8,1082,1,5.9,0.45,0,1,1,1,0,1,0,1,64,48,7,7,1,170,6,0
1670,27,4,2530,0,7.3,0.32,0,1,1,1,0,1,0,1,68,48,9,9,1,191,9,0
2901,19,2,4352,0,8.1,1.23,0,1,1,1,0,1,0,1,66,49,7,7,1,182,7,0
5024,37,9,7582,0,5.5,1.94,1,1,1,1,0,1,0,1,66,49,7,7,1,195,7,1
1251,16,8,1901,1,5.7,0.41,0,1,1,1,0,1,0,1,67,49,7,7,1,173,6,1
644,5,9,999,1,5.6,0.91,0,1,1,1,0,1,0,1,65,49,7,7,1,,0,0
3526,27,9,5308,0,7.3,0.87,1,1,1,1,0,1,0,1,69,49,9,9,1,190,8,1
3440,25,4,5164,0,6.5,0.39,1,1,1,1,0,1,0,1,67,50,4,4,1,188,2,0
443,5,3,683,1,5.6,0.4,1,1,1,1,0,1,0,1,67,50,6,6,1,179,3,0
3468,25,6,5207,0,6.5,0.36,1,1,1,1,0,1,0,1,70,50,9,9,1,168,6,0
3467,25,6,5206,0,6.5,0.36,1,1,1,1,0,1,0,1,,51,6,6,1,,4,0
3562,27,9,5369,0,7.3,0.87,1,1,1,1,0,1,0,1,71,51,9,9,1,162,8,0
1566,27,1,2349,0,7.3,1.18,0,1,1,1,0,1,0,1,69,52,7,7,1,147,5,0
182,25,4,269,0,6.5,0.39,0,1,1,1,0,1,0,1,72,52,9,9,1,171,9,0
708,7,2,1088,1,5.9,1.01,0,1,1,1,0,1,0,1,70,52,9,9,1,,0,0
183,25,4,270,0,6.5,0.39,0,1,1,1,0,1,0,1,71,53,7,7,1,164,7,0
3627,27,3,5492,0,7.3,0.5,1,1,1,1,0,1,0,1,74,56,9,9,1,181,9,0
1905,38,2,2863,0,7.4,1.39,0,1,2,1.5,-0.5,1,0,0,35,13,10,9,0.9,167,8,0
1739,30,4,2635,0,6.8,0.41,0,1,3,1.5,-0.5,1,0,0,41,17,10,9,0.9,189,8,1
2096,34,9,3175,0,7.6,1.56,0,1,2,1.5,-0.5,1,0,0,39,19,6,6,1,,0,0
3849,44,1,5811,0,5.1,1.83,1,1,2,1.5,-0.5,1,0,0,41,20,6,4,0.67,179,4,2
3497,28,4,5253,0,8.9,0.39,1,1,2,1.5,-0.5,1,0,0,41,20,11,11,1,182,11,0
5106,37,4,7705,0,5.5,0.73,1,1,2,1.5,-0.5,1,0,0,43,21,10,9,0.9,192,7,0
2470,41,4,3769,0,7,0.28,0,1,3,1.5,-0.5,1,0,0,43,21,8,8,1,197,8,1
3548,28,8,5342,0,8.9,0.43,1,1,2,1.5,-0.5,1,0,0,43,22,10,10,1,171,10,2
3883,44,1,5855,0,5.1,1.83,1,1,2,1.5,-0.5,1,0,0,42,23,8,7,0.88,186,6,1
4772,37,9,7182,0,5.5,1.94,1,1,2,1.5,-0.5,1,0,0,45,25,9,6,0.67,174,6,1
1963,35,8,2954,0,6.9,0.73,0,1,2,1.5,-0.5,1,0,0,46,26,8,8,1,182,8,0
4758,37,9,7161,0,5.5,1.94,1,1,2,1.5,-0.5,1,0,0,50,27,9,9,1,186,8,0
2294,37,9,3493,0,5.5,1.94,0,1,2,1.5,-0.5,1,0,0,50,28,7,6,0.86,194,6,1
4786,35,2,7200,0,6.9,1.28,1,1,2,1.5,-0.5,1,0,0,46,28,6,6,1,188,4,1
5110,37,9,7711,0,5.5,1.94,1,1,2,1.5,-0.5,1,0,0,50,28,9,9,1,173,8,1
738,25,7,1137,0,6.5,0.17,1,1,2,1.5,-0.5,1,0,0,53,32,6,6,1,188,6,0
3917,44,3,5902,0,5.1,0.73,1,1,2,1.5,-0.5,1,0,0,52,34,7,7,1,170,1,0
5110,38,9,7712,0,7.4,1.79,1,2,2,1.5,0.5,1,1,1,,,10,2,0.2,191,2,0
1905,39,2,2864,0,6.7,1.23,0,2,2,1.5,0.5,1,1,1,,,7,5,0.71,178,5,1
3497,29,4,5254,0,5.7,0.48,1,2,2,1.5,0.5,1,1,1,,,4,3,0.75,186,3,0
3849,45,1,5812,0,7.4,1.43,1,2,2,1.5,0.5,1,1,1,,,10,8,0.8,178,8,2
2470,42,3,3770,0,5.6,0.7,0,2,3,1.5,0.5,1,1,0,,,6,5,0.83,193,5,0
5106,38,4,7706,0,7.4,0.52,1,2,2,1.5,0.5,1,1,1,,,9,8,0.89,189,8,0
1963,36,8,2955,0,7.5,0.51,0,2,2,1.5,0.5,1,1,1,,,10,9,0.9,,0,0
4772,38,9,7183,0,7.4,1.79,1,2,2,1.5,0.5,1,1,1,,,11,10,0.91,186,10,4
3548,29,8,5343,0,5.7,0.49,1,2,2,1.5,0.5,1,1,1,,,3,3,1,181,3,1
3883,45,7,5856,0,7.4,0.42,1,2,2,1.5,0.5,1,1,1,,,6,6,1,188,6,1
4786,36,2,7201,0,7.5,1.18,1,2,2,1.5,0.5,1,1,1,,,6,6,1,183,6,1
2096,35,9,3176,0,6.9,1.75,0,2,2,1.5,0.5,1,1,1,,,6,6,1,193,6,1
3917,45,3,5903,0,7.4,0.43,1,2,2,1.5,0.5,1,1,1,,,7,7,1,179,7,2
738,26,7,1138,0,7.5,0.21,1,2,2,1.5,0.5,1,1,1,,,10,10,1,188,10,0
2294,38,9,3494,0,7.4,1.79,0,2,2,1.5,0.5,1,1,1,,,10,10,1,187,10,0
4758,38,9,7162,0,7.4,1.79,1,2,2,1.5,0.5,1,1,1,,,10,10,1,178,10,0
1739,31,4,2636,0,7.7,0.38,0,2,3,1.5,0.5,1,1,0,,,11,11,1,194,9,0
4113,28,9,6137,0,8.9,1.1,1,1,3,2,-1,1,0,0,41,24,6,5,0.83,203,5,0
883,9,4,1361,1,4.9,0.27,0,1,3,2,-1,1,0,0,48,24,6,5,0.83,194,4,2
2129,34,6,3237,0,7.6,0.53,0,1,3,2,-1,1,0,0,49,29,8,5,0.63,,0,0
3652,29,9,5532,0,5.7,1.25,1,1,3,2,-1,1,0,0,51,33,9,9,1,190,9,2
3596,27,7,5436,0,7.3,0.21,1,1,3,2,-1,1,0,0,66,48,7,7,1,190,6,1
883,11,4,1363,1,7,0.16,0,3,3,2,1,1,2,1,,,10,2,0.2,,2,0
2129,36,6,3238,0,7.5,0.65,0,3,3,2,1,1,2,1,,,7,4,0.57,186,4,1
4113,30,9,6138,0,6.8,1.22,1,3,3,2,1,1,2,1,,,3,2,0.67,209,2,0
3596,29,6,5437,0,5.7,0.47,1,3,3,2,1,1,2,1,,,5,5,1,188,5,0
3652,31,4,5533,0,7.7,0.38,1,3,3,2,1,1,2,1,,,10,10,1,194,10,1
2072,43,2,3140,0,6.8,1.98,0,2,2,1.5,0.5,1.5,0.5,1,28,5,9,4,0.44,196,3,0
1803,31,8,2727,0,7.7,0.39,1,1,2,1.5,-0.5,1.5,-0.5,0,38,5,9,7,0.78,195,7,1
3517,31,2,5289,0,7.7,1.18,1,2,2,1.5,0.5,1.5,0.5,1,26,5,8,8,1,171,8,2
5112,38,4,7715,0,7.4,0.52,1,2,2,1.5,0.5,1.5,0.5,1,28,5,11,11,1,180,11,1
2286,38,3,3480,0,7.4,0.83,0,2,2,1.5,0.5,1.5,0.5,1,30,5,11,11,1,138,0,0
4971,38,4,7498,0,7.4,0.52,1,2,2,1.5,0.5,1.5,0.5,1,33,6,11,8,0.73,186,8,1
1603,43,2,2421,0,6.8,1.98,0,2,2,1.5,0.5,1.5,0.5,1,26,6,8,7,0.88,183,5,2
4237,31,4,6320,0,7.7,0.38,1,2,2,1.5,0.5,1.5,0.5,1,30,6,10,9,0.9,192,9,1
4778,38,3,7191,0,7.4,0.83,1,2,2,1.5,0.5,1.5,0.5,1,29,7,10,9,0.9,190,9,2
4149,30,5,6188,0,6.8,1.01,1,2,4,1.5,0.5,1.5,0.5,0,34,7,11,10,0.91,167,10,2
5081,38,2,7665,0,7.4,1.39,1,1,2,1.5,-0.5,1.5,-0.5,0,28,7,9,9,1,185,9,0
4771,38,3,7181,0,7.4,0.83,1,2,2,1.5,0.5,1.5,0.5,1,32,7,11,11,1,,0,0
4228,31,2,6308,0,7.7,1.18,1,1,2,1.5,-0.5,1.5,-0.5,0,32,7,11,11,1,187,11,1
4869,38,5,7337,0,7.4,1.14,1,2,2,1.5,0.5,1.5,0.5,1,36,7,12,12,1,184,12,1
5265,43,5,7939,0,6.8,1.92,1,1,2,1.5,-0.5,1.5,-0.5,0,32,8,9,8,0.89,183,8,0
4297,31,4,6408,0,7.7,0.38,1,1,2,1.5,-0.5,1.5,-0.5,0,32,8,9,9,1,196,9,1
5014,38,4,7568,0,7.4,0.52,1,1,2,1.5,-0.5,1.5,-0.5,0,36,8,10,10,1,194,10,1
4309,31,4,6430,0,7.7,0.38,1,2,2,1.5,0.5,1.5,0.5,1,35,8,11,11,1,188,11,0
4408,43,8,6558,0,6.8,0.84,1,2,2,1.5,0.5,1.5,0.5,1,31,9,9,5,0.56,150,5,0
2342,43,1,3570,0,6.8,1.61,0,2,2,1.5,0.5,1.5,0.5,1,31,9,9,8,0.89,,0,0
5314,43,1,8021,0,6.8,1.61,1,2,2,1.5,0.5,1.5,0.5,1,31,9,9,8,0.89,,0,0
5457,39,1,8233,0,6.7,0.97,1,1,2,1.5,-0.5,1.5,-0.5,0,38,9,9,9,1,167,6,2
1658,30,1,2514,0,6.8,0.82,0,2,2,1.5,0.5,1.5,0.5,1,36,10,11,4,0.36,184,4,0
4368,43,4,6506,0,6.8,0.46,1,2,2,1.5,0.5,1.5,0.5,1,33,10,9,7,0.78,195,7,0
5267,43,7,7943,0,6.8,0.33,1,1,2,1.5,-0.5,1.5,-0.5,0,33,10,5,4,0.8,194,4,1
5144,38,4,7761,0,7.4,0.52,1,1,2,1.5,-0.5,1.5,-0.5,0,33,10,9,8,0.89,169,7,0
2385,38,8,3637,0,7.4,0.51,0,2,2,1.5,0.5,1.5,0.5,1,34,10,10,9,0.9,194,9,0
5430,40,2,8189,0,5.5,0.96,1,1,4,1.5,-0.5,1.5,-0.5,0,37,10,11,10,0.91,186,9,1
5300,43,1,7997,0,6.8,1.61,1,2,2,1.5,0.5,1.5,0.5,1,32,10,7,7,1,183,7,1
2394,40,8,3650,0,5.5,0.51,0,2,2,1.5,0.5,1.5,0.5,1,35,10,8,8,1,186,8,2
2297,38,9,3498,0,7.4,1.79,0,2,2,1.5,0.5,1.5,0.5,1,32,10,9,9,1,190,9,3
5044,38,9,7611,0,7.4,1.79,1,2,2,1.5,0.5,1.5,0.5,1,34,10,10,10,1,175,1,0
5036,38,4,7598,0,7.4,0.52,1,2,2,1.5,0.5,1.5,0.5,1,36,11,8,6,0.75,197,6,0
3793,46,6,5729,0,6.2,0.75,0,1,2,1.5,-0.5,1.5,-0.5,0,37,11,9,8,0.89,170,8,1
3949,46,5,5948,0,6.2,1.57,1,1,2,1.5,-0.5,1.5,-0.5,0,36,11,9,8,0.89,,0,0
2737,43,9,4123,0,6.8,1.67,0,1,4,1.5,-0.5,1.5,-0.5,0,34,11,9,8,0.89,175,8,1
4766,38,9,7172,0,7.4,1.79,1,2,2,1.5,0.5,1.5,0.5,1,34,11,9,8,0.89,189,8,0
4713,38,4,7085,0,7.4,0.52,1,2,3,1.5,0.5,1.5,0.5,0,36,11,10,9,0.9,189,9,1
4965,38,9,7490,0,7.4,1.79,1,2,2,1.5,0.5,1.5,0.5,1,36,11,11,10,0.91,194,10,1
4669,36,4,7016,0,7.5,0.46,1,2,2,1.5,0.5,1.5,0.5,1,35,11,12,11,0.92,,0,0
1903,38,2,2859,0,7.4,1.39,0,2,2,1.5,0.5,1.5,0.5,1,33,11,9,9,1,192,9,1
1207,13,4,1840,1,6,0.18,0,2,2,1.5,0.5,1.5,0.5,1,37,11,9,9,1,171,9,0
5457,40,1,8234,0,5.5,0.82,1,2,2,1.5,0.5,1.5,0.5,1,37,11,10,10,1,185,9,1
5265,44,5,7940,0,5.1,1.92,1,2,2,1.5,0.5,1.5,0.5,1,35,11,10,10,1,193,9,2
2164,36,3,3292,0,7.5,0.73,0,1,2,1.5,-0.5,1.5,-0.5,0,33,12,9,5,0.56,200,5,1
5057,38,4,7633,0,7.4,0.52,1,2,2,1.5,0.5,1.5,0.5,1,36,12,10,7,0.7,193,7,3
4995,40,6,7543,0,5.5,0.41,1,2,2,1.5,0.5,1.5,0.5,1,33,12,7,6,0.86,189,6,1
2222,38,9,3383,0,7.4,1.79,0,1,3,1.5,-0.5,1.5,-0.5,0,32,12,7,6,0.86,204,6,1
4458,34,1,6646,0,7.6,1.29,1,1,2,1.5,-0.5,1.5,-0.5,0,34,12,8,7,0.88,177,7,3
3693,45,3,5597,0,7.4,0.43,0,1,2,1.5,-0.5,1.5,-0.5,0,34,12,9,8,0.89,187,8,2
2226,38,4,3391,0,7.4,0.52,0,1,2,1.5,-0.5,1.5,-0.5,0,37,12,9,8,0.89,202,8,1
2165,36,4,3294,0,7.5,0.46,0,1,2,1.5,-0.5,1.5,-0.5,0,35,12,10,9,0.9,180,9,1
1907,38,2,2866,0,7.4,1.39,0,1,2,1.5,-0.5,1.5,-0.5,0,35,12,10,9,0.9,183,9,2
5200,40,9,7849,0,5.5,1.14,1,2,2,1.5,0.5,1.5,0.5,1,38,12,7,7,1,190,7,1
5066,40,5,7645,0,5.5,1.57,1,1,2,1.5,-0.5,1.5,-0.5,0,32,12,7,7,1,186,6,0
4403,46,6,6548,0,6.2,0.75,1,2,2,1.5,0.5,1.5,0.5,1,34,12,8,8,1,173,8,0
4708,36,5,7077,0,7.5,1.01,1,2,2,1.5,0.5,1.5,0.5,1,35,12,8,8,1,180,8,1
5200,39,9,7848,0,6.7,1.37,1,1,2,1.5,-0.5,1.5,-0.5,0,36,12,8,8,1,186,8,1
4888,36,4,7369,0,7.5,0.46,1,1,2,1.5,-0.5,1.5,-0.5,0,32,12,9,9,1,201,9,4
4728,36,5,7116,0,7.5,1.01,1,2,2,1.5,0.5,1.5,0.5,1,34,12,9,9,1,193,9,0
2450,40,5,3729,0,5.5,1.57,0,2,2,1.5,0.5,1.5,0.5,1,38,12,9,9,1,183,8,0
4754,38,4,7156,0,7.4,0.52,1,2,2,1.5,0.5,1.5,0.5,1,37,12,10,10,1,193,10,1
1908,38,2,2868,0,7.4,1.39,0,1,2,1.5,-0.5,1.5,-0.5,0,40,12,10,10,1,190,10,2
4828,36,4,7267,0,7.5,0.46,1,1,2,1.5,-0.5,1.5,-0.5,0,36,12,11,11,1,189,9,2
4675,36,8,7024,0,7.5,0.51,1,2,2,1.5,0.5,1.5,0.5,1,39,12,12,12,1,186,12,3
5041,38,4,7604,0,7.4,0.52,1,2,2,1.5,0.5,1.5,0.5,1,37,13,10,7,0.7,200,7,0
4458,35,1,6647,0,6.9,1.25,1,2,2,1.5,0.5,1.5,0.5,1,36,13,10,7,0.7,189,7,1
4830,36,3,7271,0,7.5,0.73,1,1,2,1.5,-0.5,1.5,-0.5,0,34,13,10,8,0.8,185,8,1
4607,40,5,6916,0,5.5,1.57,1,2,2,1.5,0.5,1.5,0.5,1,39,13,7,6,0.86,202,6,1
3517,30,2,5288,0,6.8,1.12,1,1,2,1.5,-0.5,1.5,-0.5,0,34,13,8,7,0.88,181,7,1
4257,31,4,6349,0,7.7,0.38,1,1,2,1.5,-0.5,1.5,-0.5,0,35,13,9,8,0.89,183,8,1
4755,38,3,7158,0,7.4,0.83,1,2,2,1.5,0.5,1.5,0.5,1,36,13,10,9,0.9,154,9,1
3637,30,4,5508,0,6.8,0.41,1,2,2,1.5,0.5,1.5,0.5,1,35,13,11,10,0.91,192,10,2
2230,38,9,3399,0,7.4,1.79,0,1,2,1.5,-0.5,1.5,-0.5,0,37,13,12,11,0.92,172,11,0
4861,36,3,7325,0,7.5,0.73,1,1,3,1.5,-0.5,1.5,-0.5,0,30,13,6,6,1,191,6,1
2440,38,5,3710,0,7.4,1.14,0,1,2,1.5,-0.5,1.5,-0.5,0,35,13,8,8,1,181,8,1
3915,45,2,5900,0,7.4,1.6,1,2,2,1.5,0.5,1.5,0.5,1,34,13,8,8,1,184,8,0
4717,38,6,7093,0,7.4,0.68,1,2,2,1.5,0.5,1.5,0.5,1,36,13,10,10,1,185,10,2
4599,36,5,6906,0,7.5,1.01,1,2,3,1.5,0.5,1.5,0.5,0,37,13,10,10,1,178,10,2
5281,46,9,7966,0,6.2,1.71,1,2,2,1.5,0.5,1.5,0.5,1,36,13,10,10,1,178,10,0
4530,34,6,6777,0,7.6,0.53,1,2,2,1.5,0.5,1.5,0.5,1,40,13,11,11,1,191,11,0
4228,32,2,6309,0,6.8,0.85,1,2,2,1.5,0.5,1.5,0.5,1,42,13,11,11,1,,0,0
1744,31,4,2643,0,7.7,0.38,0,2,2,1.5,0.5,1.5,0.5,1,39,13,12,12,1,196,12,1
1786,31,9,2702,0,7.7,0.87,0,1,2,1.5,-0.5,1.5,-0.5,0,37,14,5,4,0.8,201,3,0
4833,36,6,7277,0,7.5,0.65,1,1,2,1.5,-0.5,1.5,-0.5,0,38,14,10,8,0.8,189,8,4
2227,38,4,3393,0,7.4,0.52,0,1,2,1.5,-0.5,1.5,-0.5,0,37,14,8,7,0.88,188,7,0
5108,38,9,7709,0,7.4,1.79,1,2,2,1.5,0.5,1.5,0.5,1,36,14,6,6,1,209,6,0
4406,45,4,6553,0,7.4,0.42,1,1,3,1.5,-0.5,1.5,-0.5,0,35,14,8,8,1,189,8,1
2396,40,8,3652,0,5.5,0.51,0,1,2,1.5,-0.5,1.5,-0.5,0,35,14,8,8,1,,0,0
5150,38,1,7768,0,7.4,1.4,1,1,2,1.5,-0.5,1.5,-0.5,0,34,14,8,8,1,203,7,1
5413,40,5,8160,0,5.5,1.57,1,1,2,1.5,-0.5,1.5,-0.5,0,40,14,8,8,1,187,7,0
5162,38,9,7785,0,7.4,1.79,1,1,2,1.5,-0.5,1.5,-0.5,0,36,14,8,8,1,205,8,1
1714,39,4,2599,0,6.7,0.48,0,1,2,1.5,-0.5,1.5,-0.5,0,40,14,9,9,1,191,8,0
5009,38,4,7561,0,7.4,0.52,1,1,2,1.5,-0.5,1.5,-0.5,0,38,14,9,9,1,201,9,0
2137,36,4,3250,0,7.5,0.46,0,2,2,1.5,0.5,1.5,0.5,1,37,14,10,10,1,205,10,1
3394,26,4,5106,0,7.5,0.3,1,2,2,1.5,0.5,1.5,0.5,1,,14,11,11,1,,1,0
5430,41,2,8190,0,7,1.76,1,2,4,1.5,0.5,1.5,0.5,0,40,14,11,11,1,178,8,4
1786,32,9,2703,0,6.8,0.91,0,2,2,1.5,0.5,1.5,0.5,1,42,14,12,12,1,181,12,5
65,22,1,104,0,7.4,1.36,0,2,2,1.5,0.5,1.5,0.5,1,46,14,12,12,1,191,12,1
4337,46,2,6462,0,6.2,1.71,1,1,2,1.5,-0.5,1.5,-0.5,0,35,15,6,4,0.67,189,4,1
1944,34,5,2931,0,7.6,1.53,0,1,2,1.5,-0.5,1.5,-0.5,0,36,15,10,7,0.7,,0,0
2780,45,4,4197,0,7.4,0.42,0,2,2,1.5,0.5,1.5,0.5,1,41,15,10,8,0.8,195,8,3
4710,36,8,7081,0,7.5,0.51,1,2,2,1.5,0.5,1.5,0.5,1,38,15,10,8,0.8,179,8,2
1234,13,1,1876,1,6,1.15,0,2,2,1.5,0.5,1.5,0.5,1,42,15,10,8,0.8,194,6,0
2397,40,6,3654,0,5.5,0.41,0,1,3,1.5,-0.5,1.5,-0.5,0,37,15,7,6,0.86,194,6,0
1619,43,4,2446,0,6.8,0.46,0,2,2,1.5,0.5,1.5,0.5,1,35,15,7,6,0.86,191,6,0
5006,36,3,7556,0,7.5,0.73,1,1,2,1.5,-0.5,1.5,-0.5,0,36,15,8,7,0.88,199,7,4
4855,36,1,7317,0,7.5,0.75,1,1,2,1.5,-0.5,1.5,-0.5,0,36,15,8,7,0.88,177,6,1
4709,36,1,7079,0,7.5,0.75,1,2,2,1.5,0.5,1.5,0.5,1,39,15,8,7,0.88,188,7,2
2439,38,5,3708,0,7.4,1.14,0,1,2,1.5,-0.5,1.5,-0.5,0,35,15,8,7,0.88,179,5,1
2090,46,2,3162,0,6.2,1.71,0,2,2,1.5,0.5,1.5,0.5,1,35,15,8,7,0.88,177,7,0
5027,38,6,7586,0,7.4,0.68,1,2,2,1.5,0.5,1.5,0.5,1,37,15,9,8,0.89,189,8,0
1989,38,1,2991,0,7.4,1.4,0,1,2,1.5,-0.5,1.5,-0.5,0,37,15,9,8,0.89,187,7,0
4661,36,4,7004,0,7.5,0.46,1,2,2,1.5,0.5,1.5,0.5,1,39,15,11,10,0.91,190,10,0
4283,32,3,6385,0,6.8,0.23,1,2,2,1.5,0.5,1.5,0.5,1,42,15,12,11,0.92,141,11,0
4996,40,4,7545,0,5.5,0.38,1,2,2,1.5,0.5,1.5,0.5,1,41,15,5,5,1,165,4,0
4607,39,5,6915,0,6.7,1.05,1,1,2,1.5,-0.5,1.5,-0.5,0,37,15,7,7,1,209,7,0
4947,38,1,7463,0,7.4,1.4,1,1,2,1.5,-0.5,1.5,-0.5,0,36,15,7,7,1,178,7,1
2456,40,5,3746,0,5.5,1.57,0,1,3,1.5,-0.5,1.5,-0.5,0,36,15,7,7,1,197,7,0
4404,45,4,6549,0,7.4,0.42,1,1,2,1.5,-0.5,1.5,-0.5,0,36,15,8,8,1,185,8,1
4761,38,3,7166,0,7.4,0.83,1,2,2,1.5,0.5,1.5,0.5,1,37,15,8,8,1,194,8,0
4810,36,4,7237,0,7.5,0.46,1,1,2,1.5,-0.5,1.5,-0.5,0,40,15,9,9,1,185,9,3
4566,34,3,6845,0,7.6,0.83,1,2,2,1.5,0.5,1.5,0.5,1,37,15,9,9,1,174,9,0
2300,38,9,3502,0,7.4,1.79,0,2,2,1.5,0.5,1.5,0.5,1,35,15,9,9,1,198,9,2
2166,36,4,3296,0,7.5,0.46,0,1,2,1.5,-0.5,1.5,-0.5,0,37,15,10,10,1,182,10,3
5007,36,4,7558,0,7.5,0.46,1,1,2,1.5,-0.5,1.5,-0.5,0,38,15,10,10,1,185,10,1
2446,38,5,3722,0,7.4,1.14,0,1,2,1.5,-0.5,1.5,-0.5,0,38,15,10,10,1,175,10,1
3840,45,4,5794,0,7.4,0.42,1,2,2,1.5,0.5,1.5,0.5,1,38,15,11,11,1,174,11,4
4834,36,9,7279,0,7.5,1.25,1,1,2,1.5,-0.5,1.5,-0.5,0,42,15,11,11,1,182,11,1
4424,34,9,6591,0,7.6,1.56,1,2,2,1.5,0.5,1.5,0.5,1,37,16,8,4,0.5,202,3,0
4358,43,8,6488,0,6.8,0.84,1,2,2,1.5,0.5,1.5,0.5,1,41,16,12,8,0.67,150,7,0
3553,30,5,5350,0,6.8,1.01,1,2,3,1.5,0.5,1.5,0.5,0,39,16,8,6,0.75,185,6,0
5169,38,9,7800,0,7.4,1.79,1,1,2,1.5,-0.5,1.5,-0.5,0,38,16,8,6,0.75,198,6,0
3894,45,4,5870,0,7.4,0.42,1,2,2,1.5,0.5,1.5,0.5,1,36,16,8,7,0.88,184,7,2
2180,38,4,3319,0,7.4,0.52,0,2,2,1.5,0.5,1.5,0.5,1,40,16,9,8,0.89,198,8,2
2210,34,6,3365,0,7.6,0.53,0,1,2,1.5,-0.5,1.5,-0.5,0,38,16,9,8,0.89,186,8,1
4719,38,5,7097,0,7.4,1.14,1,1,2,1.5,-0.5,1.5,-0.5,0,38,16,9,8,0.89,187,8,2
4257,32,4,6350,0,6.8,0.2,1,2,2,1.5,0.5,1.5,0.5,1,39,16,10,9,0.9,158,9,0
4813,36,4,7242,0,7.5,0.46,1,1,2,1.5,-0.5,1.5,-0.5,0,38,16,10,9,0.9,175,9,1
4572,34,4,6854,0,7.6,0.44,1,2,2,1.5,0.5,1.5,0.5,1,39,16,11,10,0.91,206,10,2
2380,38,4,3630,0,7.4,0.52,0,2,2,1.5,0.5,1.5,0.5,1,40,16,11,10,0.91,190,10,0
4667,36,3,7011,0,7.5,0.73,1,2,2,1.5,0.5,1.5,0.5,1,40,16,11,10,0.91,191,10,2
2109,34,4,3200,0,7.6,0.44,0,1,2,1.5,-0.5,1.5,-0.5,0,42,16,14,13,0.93,191,13,1
3767,46,5,5701,0,6.2,1.57,0,1,2,1.5,-0.5,1.5,-0.5,0,34,16,6,6,1,179,6,0
2197,34,6,3340,0,7.6,0.53,0,2,2,1.5,0.5,1.5,0.5,1,36,16,7,7,1,194,7,0
5126,38,8,7731,0,7.4,0.51,1,1,2,1.5,-0.5,1.5,-0.5,0,37,16,8,8,1,185,8,1
1748,31,9,2648,0,7.7,0.87,0,2,3,1.5,0.5,1.5,0.5,0,36,16,8,8,1,196,7,1
4585,36,2,6877,0,7.5,1.18,1,2,2,1.5,0.5,1.5,0.5,1,40,16,8,8,1,182,8,1
1991,38,1,2994,0,7.4,1.4,0,1,2,1.5,-0.5,1.5,-0.5,0,36,16,8,8,1,193,8,1
1714,40,4,2600,0,5.5,0.38,0,2,2,1.5,0.5,1.5,0.5,1,41,16,9,9,1,178,9,0
1858,31,6,2798,0,7.7,0.49,0,2,2,1.5,0.5,1.5,0.5,1,42,16,9,9,1,198,9,0
4777,38,6,7189,0,7.4,0.68,1,2,2,1.5,0.5,1.5,0.5,1,36,16,9,9,1,154,9,1
5308,43,1,8010,0,6.8,1.61,1,2,2,1.5,0.5,1.5,0.5,1,36,16,9,9,1,161,9,1
4941,38,4,7454,0,7.4,0.52,1,1,2,1.5,-0.5,1.5,-0.5,0,39,16,10,10,1,166,10,0
2203,34,6,3350,0,7.6,0.53,0,2,2,1.5,0.5,1.5,0.5,1,40,16,10,10,1,202,9,0
4170,30,5,6219,0,6.8,1.01,1,2,2,1.5,0.5,1.5,0.5,1,39,16,10,10,1,177,10,2
4562,34,9,6836,0,7.6,1.56,1,2,2,1.5,0.5,1.5,0.5,1,37,16,10,10,1,201,10,3
4524,34,7,6763,0,7.6,0.29,1,1,2,1.5,-0.5,1.5,-0.5,0,41,16,11,11,1,173,9,0
1958,35,1,2949,0,6.9,1.25,0,2,2,1.5,0.5,1.5,0.5,1,44,16,11,11,1,190,11,0
1958,34,1,2948,0,7.6,1.29,0,1,2,1.5,-0.5,1.5,-0.5,0,42,16,11,11,1,182,11,1
4829,36,8,7269,0,7.5,0.51,1,1,2,1.5,-0.5,1.5,-0.5,0,40,17,9,6,0.67,185,6,3
4273,31,6,6371,0,7.7,0.49,1,2,2,1.5,0.5,1.5,0.5,1,41,17,8,6,0.75,194,6,0
3802,46,8,5740,0,6.2,0.84,0,1,2,1.5,-0.5,1.5,-0.5,0,44,17,10,8,0.8,184,8,1
2089,45,2,3160,0,7.4,1.6,0,2,2,1.5,0.5,1.5,0.5,1,35,17,6,5,0.83,177,4,0
5279,43,3,7961,0,6.8,0.77,1,2,2,1.5,0.5,1.5,0.5,1,36,17,7,6,0.86,170,5,0
5142,38,4,7758,0,7.4,0.52,1,1,2,1.5,-0.5,1.5,-0.5,0,37,17,8,7,0.88,190,7,2
3847,45,9,5809,0,7.4,1.14,1,2,2,1.5,0.5,1.5,0.5,1,38,17,9,8,0.89,181,8,2
1874,34,1,2818,0,7.6,1.29,0,2,2,1.5,0.5,1.5,0.5,1,39,17,9,8,0.89,187,8,3
3933,45,8,5926,0,7.4,0.62,1,1,2,1.5,-0.5,1.5,-0.5,0,37,17,10,9,0.9,172,9,3
1569,28,5,2354,0,8.9,1.05,0,2,2,1.5,0.5,1.5,0.5,1,40,17,11,10,0.91,183,10,1
3830,45,2,5774,0,7.4,1.6,1,2,2,1.5,0.5,1.5,0.5,1,37,17,6,6,1,185,6,1
4835,36,8,7281,0,7.5,0.51,1,1,2,1.5,-0.5,1.5,-0.5,0,39,17,7,7,1,174,7,1
4743,36,1,7136,0,7.5,0.75,1,1,2,1.5,-0.5,1.5,-0.5,0,40,17,7,7,1,184,7,4
2754,43,4,4153,0,6.8,0.46,0,1,3,1.5,-0.5,1.5,-0.5,0,40,17,8,8,1,184,8,3
4633,35,6,6954,0,6.9,0.7,1,2,2,1.5,0.5,1.5,0.5,1,39,17,8,8,1,181,8,0
2000,38,1,3008,0,7.4,1.4,0,1,2,1.5,-0.5,1.5,-0.5,0,38,17,8,8,1,180,8,0
2350,43,1,3582,0,6.8,1.61,0,2,2,1.5,0.5,1.5,0.5,1,36,17,8,8,1,178,8,2
5444,42,9,8215,0,5.6,1.79,1,2,2,1.5,0.5,1.5,0.5,1,43,17,8,8,1,187,8,1
3037,22,6,4579,0,7.4,0.49,1,2,2,1.5,0.5,1.5,0.5,1,46,17,9,9,1,192,8,0
5074,38,1,7656,0,7.4,1.4,1,1,2,1.5,-0.5,1.5,-0.5,0,38,17,9,9,1,197,9,1
2742,43,1,4134,0,6.8,1.61,0,1,2,1.5,-0.5,1.5,-0.5,0,38,17,9,9,1,185,9,1
3460,26,1,5194,0,7.5,0.97,1,2,2,1.5,0.5,1.5,0.5,1,41,17,10,10,1,181,10,2
2352,43,1,3585,0,6.8,1.61,0,2,2,1.5,0.5,1.5,0.5,1,37,17,10,10,1,191,10,3
4812,36,3,7240,0,7.5,0.73,1,1,2,1.5,-0.5,1.5,-0.5,0,42,17,11,11,1,186,11,0
202,26,4,308,0,7.5,0.3,0,2,2,1.5,0.5,1.5,0.5,1,43,17,12,12,1,128,11,2
3621,28,8,5481,0,8.9,0.43,1,2,3,1.5,0.5,1.5,0.5,0,39,17,12,12,1,188,12,3
4530,33,6,6776,0,8.1,0.4,1,1,2,1.5,-0.5,1.5,-0.5,0,41,18,10,2,0.2,188,2,0
1713,38,4,2597,0,7.4,0.52,0,1,2,1.5,-0.5,1.5,-0.5,0,39,18,8,4,0.5,197,4,0
4574,34,4,6857,0,7.6,0.44,1,2,2,1.5,0.5,1.5,0.5,1,39,18,9,6,0.67,,0,0
3724,45,5,5644,0,7.4,1.27,0,2,2,1.5,0.5,1.5,0.5,1,39,18,9,7,0.78,185,7,3
4612,36,4,6928,0,7.5,0.46,1,2,2,1.5,0.5,1.5,0.5,1,41,18,8,7,0.88,194,7,0
4324,46,2,6447,0,6.2,1.71,1,2,2,1.5,0.5,1.5,0.5,1,40,18,8,7,0.88,,0,0
4737,36,6,7126,0,7.5,0.65,1,2,2,1.5,0.5,1.5,0.5,1,42,18,9,8,0.89,163,7,0
1946,34,1,2934,0,7.6,1.29,0,1,2,1.5,-0.5,1.5,-0.5,0,41,18,10,9,0.9,196,9,4
111,22,2,162,0,7.4,1.66,0,2,2,1.5,0.5,1.5,0.5,1,48,18,10,9,0.9,188,9,0
3949,47,5,5949,0,6.7,1.66,1,2,2,1.5,0.5,1.5,0.5,1,42,18,10,9,0.9,183,9,1
4789,36,2,7207,0,7.5,1.18,1,2,2,1.5,0.5,1.5,0.5,1,43,18,11,10,0.91,167,10,0
2100,34,3,3184,0,7.6,0.83,0,1,2,1.5,-0.5,1.5,-0.5,0,41,18,13,12,0.92,193,12,1
5328,43,1,8043,0,6.8,1.61,1,1,2,1.5,-0.5,1.5,-0.5,0,36,18,6,6,1,196,5,1
5380,43,3,8117,0,6.8,0.77,1,1,2,1.5,-0.5,1.5,-0.5,0,36,18,7,7,1,196,6,0
4651,36,2,6982,0,7.5,1.18,1,1,2,1.5,-0.5,1.5,-0.5,0,37,18,7,7,1,188,7,0
3766,46,5,5699,0,6.2,1.57,0,1,1,1.5,-0.5,1.5,-0.5,1,39,18,7,7,1,155,6,0
3767,47,5,5702,0,6.7,1.66,0,2,2,1.5,0.5,1.5,0.5,1,36,18,7,7,1,182,7,0
5208,40,3,7863,0,5.5,0.4,1,2,2,1.5,0.5,1.5,0.5,1,38,18,8,8,1,196,8,0
2268,36,6,3453,0,7.5,0.65,0,2,2,1.5,0.5,1.5,0.5,1,40,18,8,8,1,194,8,1
5093,40,1,7687,0,5.5,0.82,1,2,2,1.5,0.5,1.5,0.5,1,41,18,8,8,1,185,8,2
7,2,1,10,1,6,2.33,1,2,2,1.5,0.5,1.5,0.5,1,36,18,8,8,1,191,8,0
4305,31,4,6425,0,7.7,0.38,1,2,2,1.5,0.5,1.5,0.5,1,42,18,9,9,1,164,8,0
4656,36,1,6990,0,7.5,0.75,1,1,2,1.5,-0.5,1.5,-0.5,0,40,18,9,9,1,182,9,1
5421,41,6,8175,0,7,0.37,1,2,4,1.5,0.5,1.5,0.5,0,43,18,10,10,1,181,10,1
58,22,4,95,0,7.4,0.42,0,2,2,1.5,0.5,1.5,0.5,1,45,18,10,10,1,,0,0
3697,45,8,5604,0,7.4,0.62,0,1,2,1.5,-0.5,1.5,-0.5,0,39,18,10,10,1,177,9,0
5128,38,3,7734,0,7.4,0.83,1,1,2,1.5,-0.5,1.5,-0.5,0,39,18,10,10,1,189,10,1
3635,30,5,5504,0,6.8,1.01,1,2,2,1.5,0.5,1.5,0.5,1,38,18,10,10,1,166,10,0
4507,35,5,6741,0,6.9,1.01,1,2,2,1.5,0.5,1.5,0.5,1,39,18,10,10,1,187,10,1
3558,28,4,5360,0,8.9,0.39,1,2,2,1.5,0.5,1.5,0.5,1,40,18,11,11,1,197,10,2
2357,39,4,3592,0,6.7,0.48,0,1,2,1.5,-0.5,1.5,-0.5,0,42,18,11,11,1,191,10,2
4557,33,6,6825,0,8.1,0.4,1,2,2,1.5,0.5,1.5,0.5,1,41,19,8,4,0.5,199,4,1
1685,34,4,2553,0,7.6,0.44,0,2,2,1.5,0.5,1.5,0.5,1,41,19,9,5,0.56,202,5,0
5163,38,8,7787,0,7.4,0.51,1,1,2,1.5,-0.5,1.5,-0.5,0,41,19,6,4,0.67,186,4,0
4019,46,9,6032,0,6.2,1.71,1,1,2,1.5,-0.5,1.5,-0.5,0,46,19,13,10,0.77,183,10,0
2212,34,6,3368,0,7.6,0.53,0,1,2,1.5,-0.5,1.5,-0.5,0,42,19,9,7,0.78,195,7,3
3636,30,6,5506,0,6.8,0.36,1,2,2,1.5,0.5,1.5,0.5,1,41,19,10,8,0.8,195,8,2
2105,34,9,3192,0,7.6,1.56,0,1,2,1.5,-0.5,1.5,-0.5,0,43,19,10,8,0.8,204,8,0
2155,36,4,3278,0,7.5,0.46,0,2,2,1.5,0.5,1.5,0.5,1,42,19,11,9,0.82,189,9,0
3686,45,9,5590,0,7.4,1.14,0,2,2,1.5,0.5,1.5,0.5,1,44,19,12,10,0.83,184,10,1
5448,40,6,8221,0,5.5,0.41,1,2,2,1.5,0.5,1.5,0.5,1,39,19,7,6,0.86,185,6,1
5066,41,5,7646,0,7,1.09,1,2,2,1.5,0.5,1.5,0.5,1,40,19,8,7,0.88,194,7,2
4475,34,9,6676,0,7.6,1.56,1,1,2,1.5,-0.5,1.5,-0.5,0,39,19,8,7,0.88,201,7,2
4141,30,6,6177,0,6.8,0.36,1,2,2,1.5,0.5,1.5,0.5,1,43,19,9,8,0.89,184,8,1
4518,34,1,6757,0,7.6,1.29,1,2,2,1.5,0.5,1.5,0.5,1,41,19,9,8,0.89,182,8,2
3828,45,2,5771,0,7.4,1.6,1,2,2,1.5,0.5,1.5,0.5,1,42,19,9,8,0.89,182,8,0
4708,35,5,7076,0,6.9,1.01,1,1,2,1.5,-0.5,1.5,-0.5,0,40,19,10,9,0.9,177,9,3
2761,43,9,4162,0,6.8,1.67,0,1,3,1.5,-0.5,1.5,-0.5,0,41,19,10,9,0.9,196,9,0
3802,47,8,5741,0,6.7,0.64,0,2,2,1.5,0.5,1.5,0.5,1,47,19,12,11,0.92,133,1,0
65,21,1,103,0,8.6,0.93,0,1,2,1.5,-0.5,1.5,-0.5,0,47,19,14,13,0.93,175,9,1
4633,34,6,6953,0,7.6,0.53,1,1,2,1.5,-0.5,1.5,-0.5,0,41,19,5,5,1,199,5,0
3918,44,6,5904,0,5.1,0.38,1,1,2,1.5,-0.5,1.5,-0.5,0,40,19,6,6,1,203,5,0
2003,40,1,3013,0,5.5,0.82,0,2,3,1.5,0.5,1.5,0.5,0,41,19,6,6,1,195,4,1
4878,40,5,7351,0,5.5,1.57,1,1,2,1.5,-0.5,1.5,-0.5,0,38,19,7,7,1,187,6,0
4324,45,2,6446,0,7.4,1.6,1,1,2,1.5,-0.5,1.5,-0.5,0,39,19,7,7,1,194,6,0
1477,17,5,2223,0,6.8,0.74,0,2,4,1.5,0.5,1.5,0.5,0,43,19,8,8,1,205,8,3
4552,33,2,6815,0,8.1,0.8,1,2,3,1.5,0.5,1.5,0.5,0,41,19,8,8,1,188,8,2
2246,41,9,3418,0,7,1.14,0,2,2,1.5,0.5,1.5,0.5,1,41,19,8,8,1,181,8,1
3673,45,6,5567,0,7.4,0.36,0,2,2,1.5,0.5,1.5,0.5,1,43,19,9,9,1,,0,0
3058,22,4,4613,0,7.4,0.42,1,2,2,1.5,0.5,1.5,0.5,1,44,19,9,9,1,188,9,0
3017,22,6,4541,0,7.4,0.49,1,1,3,1.5,-0.5,1.5,-0.5,0,43,19,9,9,1,195,9,0
3395,26,1,5108,0,7.5,0.97,1,2,2,1.5,0.5,1.5,0.5,1,43,19,9,9,1,158,9,1
2246,40,9,3417,0,5.5,1.14,0,1,2,1.5,-0.5,1.5,-0.5,0,41,19,9,9,1,182,9,0
1700,28,4,2578,0,8.9,0.39,0,2,2,1.5,0.5,1.5,0.5,1,40,19,10,10,1,180,10,0
3607,28,4,5455,0,8.9,0.39,1,1,2,1.5,-0.5,1.5,-0.5,0,40,19,10,10,1,186,10,2
4723,36,4,7107,0,7.5,0.46,1,2,2,1.5,0.5,1.5,0.5,1,43,19,10,10,1,194,10,2
1363,18,5,2075,0,5.8,0.48,0,2,2,1.5,0.5,1.5,0.5,1,42,19,10,10,1,177,10,2
4123,30,1,6152,0,6.8,0.82,1,2,2,1.5,0.5,1.5,0.5,1,43,19,10,10,1,185,10,2
4453,34,3,6636,0,7.6,0.83,1,1,2,1.5,-0.5,1.5,-0.5,0,42,19,10,10,1,193,10,2
1590,28,5,2396,0,8.9,1.05,0,2,2,1.5,0.5,1.5,0.5,1,39,19,10,10,1,191,10,0
3167,26,4,4774,0,7.5,0.3,1,1,2,1.5,-0.5,1.5,-0.5,0,43,19,11,11,1,174,9,1
2945,21,8,4423,0,8.6,0.56,1,2,2,1.5,0.5,1.5,0.5,1,43,19,12,12,1,193,12,4
3571,28,1,5394,0,8.9,1.15,1,2,2,1.5,0.5,1.5,0.5,1,43,19,12,12,1,170,12,2
4093,28,4,6110,0,8.9,0.39,1,1,2,1.5,-0.5,1.5,-0.5,0,40,20,10,4,0.4,,0,0
4101,28,6,6119,0,8.9,0.47,1,1,2,1.5,-0.5,1.5,-0.5,0,42,20,10,5,0.5,185,5,1
5248,46,2,7920,0,6.2,1.71,1,1,2,1.5,-0.5,1.5,-0.5,0,39,20,6,4,0.67,,0,0
3008,23,4,4526,0,7.8,0.4,1,2,2,1.5,0.5,1.5,0.5,1,49,20,12,10,0.83,191,10,1
3000,22,9,4507,0,7.4,0.95,1,1,2,1.5,-0.5,1.5,-0.5,0,52,20,13,11,0.85,186,10,0
5453,40,9,8229,0,5.5,1.14,1,2,2,1.5,0.5,1.5,0.5,1,41,20,8,7,0.88,189,7,0
4507,34,5,6740,0,7.6,1.53,1,1,2,1.5,-0.5,1.5,-0.5,0,41,20,8,7,0.88,189,7,0
1483,17,4,2231,0,6.8,0.2,1,1,2,1.5,-0.5,1.5,-0.5,0,42,20,9,8,0.89,192,8,3
2043,34,3,3087,0,7.6,0.83,0,2,2,1.5,0.5,1.5,0.5,1,42,20,9,8,0.89,197,8,1
3037,21,6,4578,0,8.6,0.46,1,1,2,1.5,-0.5,1.5,-0.5,0,48,20,11,10,0.91,196,10,1
12,2,4,17,1,6,0.37,1,2,2,1.5,0.5,1.5,0.5,1,37,20,6,6,1,201,6,1
5266,43,1,7941,0,6.8,1.61,1,1,2,1.5,-0.5,1.5,-0.5,0,42,20,8,8,1,184,8,1
228,2,6,346,1,6,0.38,1,1,3,1.5,-0.5,1.5,-0.5,0,39,20,8,8,1,179,8,0
2754,44,4,4154,0,5.1,0.41,0,2,3,1.5,0.5,1.5,0.5,0,42,20,9,9,1,187,9,1
5421,40,6,8174,0,5.5,0.41,1,1,4,1.5,-0.5,1.5,-0.5,0,40,20,9,9,1,185,7,0
2304,38,4,3507,0,7.4,0.52,0,2,2,1.5,0.5,1.5,0.5,1,42,20,9,9,1,174,9,0
2396,41,8,3653,0,7,0.54,0,2,2,1.5,0.5,1.5,0.5,1,42,20,9,9,1,179,8,0
3441,26,1,5166,0,7.5,0.97,0,2,2,1.5,0.5,1.5,0.5,1,42,20,9,9,1,178,7,1
3639,30,5,5511,0,6.8,1.01,1,2,2,1.5,0.5,1.5,0.5,1,44,20,9,9,1,177,8,0
3008,22,4,4525,0,7.4,0.42,1,1,2,1.5,-0.5,1.5,-0.5,0,44,20,10,10,1,168,5,0
3540,28,3,5328,0,8.9,0.5,1,1,2,1.5,-0.5,1.5,-0.5,0,42,20,10,10,1,189,10,1
1967,34,1,2966,0,7.6,1.29,0,2,2,1.5,0.5,1.5,0.5,1,43,20,10,10,1,197,10,2
2193,34,5,3334,0,7.6,1.53,0,2,2,1.5,0.5,1.5,0.5,1,41,20,10,10,1,198,10,0
3766,47,5,5700,0,6.7,1.66,0,2,1,1.5,0.5,1.5,0.5,0,44,20,10,10,1,,0,0
4828,37,4,7268,0,5.5,0.73,1,2,2,1.5,0.5,1.5,0.5,1,42,20,11,11,1,181,11,0
4609,46,6,6918,0,6.2,0.75,1,1,2,1.5,-0.5,1.5,-0.5,0,45,20,11,11,1,,0,0
3522,28,9,5300,0,8.9,1.1,1,2,2,1.5,0.5,1.5,0.5,1,42,20,11,11,1,184,11,1
3464,26,4,5199,0,7.5,0.3,1,2,2,1.5,0.5,1.5,0.5,1,45,20,12,12,1,177,6,0
740,26,6,1142,0,7.5,0.31,1,2,2,1.5,0.5,1.5,0.5,1,44,20,12,12,1,163,6,0
3566,28,3,5381,0,8.9,0.5,1,2,2,1.5,0.5,1.5,0.5,1,44,20,12,12,1,196,10,2
3184,24,4,4795,0,7.3,0.65,0,2,2,1.5,0.5,1.5,0.5,1,46,20,14,14,1,162,14,0
2103,34,9,3189,0,7.6,1.56,0,1,2,1.5,-0.5,1.5,-0.5,0,43,21,11,4,0.36,201,4,0
5075,38,8,7658,0,7.4,0.51,1,1,2,1.5,-0.5,1.5,-0.5,0,43,21,11,7,0.64,206,7,1
2199,33,6,3342,0,8.1,0.4,0,1,2,1.5,-0.5,1.5,-0.5,0,43,21,9,6,0.67,195,6,0
32,2,1,53,1,6,2.33,0,2,2,1.5,0.5,1.5,0.5,1,41,21,8,6,0.75,184,6,2
4337,47,2,6463,0,6.7,1.6,1,2,2,1.5,0.5,1.5,0.5,1,43,21,9,7,0.78,185,6,1
4531,34,6,6779,0,7.6,0.53,1,2,2,1.5,0.5,1.5,0.5,1,42,21,10,8,0.8,200,8,3
3830,44,2,5773,0,5.1,1.39,1,1,2,1.5,-0.5,1.5,-0.5,0,48,21,10,8,0.8,180,8,0
3686,44,9,5589,0,5.1,1.63,0,1,2,1.5,-0.5,1.5,-0.5,0,45,21,10,8,0.8,177,8,0
4103,28,7,6122,0,8.9,0.21,1,1,2,1.5,-0.5,1.5,-0.5,0,42,21,11,9,0.82,166,4,0
4834,37,9,7280,0,5.5,1.94,1,2,2,1.5,0.5,1.5,0.5,1,45,21,11,9,0.82,176,9,1
4861,37,3,7326,0,5.5,0.87,1,2,3,1.5,0.5,1.5,0.5,0,40,21,7,6,0.86,171,5,0
5380,44,3,8118,0,5.1,0.73,1,2,2,1.5,0.5,1.5,0.5,1,42,21,8,7,0.88,169,5,0
2639,46,6,4009,0,6.2,0.75,0,1,2,1.5,-0.5,1.5,-0.5,0,45,21,8,7,0.88,187,7,1
2212,35,6,3369,0,6.9,0.7,0,2,2,1.5,0.5,1.5,0.5,1,43,21,9,8,0.89,179,0,0
3544,28,2,5338,0,8.9,0.91,1,2,2,1.5,0.5,1.5,0.5,1,41,21,9,8,0.89,180,8,0
5253,46,9,7927,0,6.2,1.71,1,2,2,1.5,0.5,1.5,0.5,1,43,21,9,8,0.89,189,8,1
4445,34,4,6620,0,7.6,0.44,1,1,2,1.5,-0.5,1.5,-0.5,0,42,21,10,9,0.9,205,9,2
4561,34,4,6834,0,7.6,0.44,1,2,2,1.5,0.5,1.5,0.5,1,42,21,10,9,0.9,192,9,3
4710,35,5,7080,0,6.9,1.01,1,1,2,1.5,-0.5,1.5,-0.5,0,43,21,10,9,0.9,189,9,1
3103,22,1,4676,0,7.4,1.36,1,1,2,1.5,-0.5,1.5,-0.5,0,47,21,10,9,0.9,186,9,1
1684,34,4,2551,0,7.6,0.44,0,2,2,1.5,0.5,1.5,0.5,1,42,21,11,10,0.91,192,9,1
1600,28,6,2415,0,8.9,0.47,0,2,2,1.5,0.5,1.5,0.5,1,43,21,11,10,0.91,189,10,0
2199,34,6,3343,0,7.6,0.53,0,2,2,1.5,0.5,1.5,0.5,1,42,21,8,8,1,194,8,1
5233,42,3,7905,0,5.6,0.7,1,2,2,1.5,0.5,1.5,0.5,1,51,21,8,8,1,206,8,0
1989,39,1,2992,0,6.7,0.97,0,2,2,1.5,0.5,1.5,0.5,1,44,21,8,8,1,190,7,0
1949,34,1,2938,0,7.6,1.29,0,1,2,1.5,-0.5,1.5,-0.5,0,43,21,8,8,1,181,8,1
5458,40,5,8236,0,5.5,1.57,1,2,2,1.5,0.5,1.5,0.5,1,43,21,8,8,1,186,7,0
4475,35,9,6677,0,6.9,1.75,1,2,2,1.5,0.5,1.5,0.5,1,41,21,8,8,1,207,7,0
3058,21,4,4612,0,8.6,0.32,1,1,2,1.5,-0.5,1.5,-0.5,0,43,21,9,9,1,188,9,1
1139,21,6,1739,0,8.6,0.46,1,2,2,1.5,0.5,1.5,0.5,1,45,21,9,9,1,179,8,1
4283,31,3,6384,0,7.7,0.57,1,1,2,1.5,-0.5,1.5,-0.5,0,43,21,9,9,1,179,8,3
2446,39,5,3723,0,6.7,1.05,0,2,2,1.5,0.5,1.5,0.5,1,44,21,9,9,1,178,9,1
2456,41,5,3747,0,7,1.09,0,2,3,1.5,0.5,1.5,0.5,0,41,21,9,9,1,191,9,3
5413,41,5,8161,0,7,1.09,1,2,2,1.5,0.5,1.5,0.5,1,42,21,9,9,1,198,9,0
1568,28,1,2352,0,8.9,1.15,0,2,2,1.5,0.5,1.5,0.5,1,42,21,9,9,1,173,7,0
3560,28,1,5367,0,8.9,1.15,1,2,2,1.5,0.5,1.5,0.5,1,41,21,9,9,1,174,9,1
3737,47,1,5660,0,6.7,1.22,0,2,2,1.5,0.5,1.5,0.5,1,41,21,9,9,1,181,8,0
2453,40,5,3735,0,5.5,1.57,0,1,6,1.5,-0.5,1.5,-0.5,0,41,21,9,9,1,174,9,0
2737,44,9,4124,0,5.1,1.63,0,2,4,1.5,0.5,1.5,0.5,0,43,21,9,9,1,182,9,0
7,1,1,9,1,6.6,0.9,1,1,2,1.5,-0.5,1.5,-0.5,0,42,21,9,9,1,188,9,0
266,2,9,405,1,6,1.06,1,1,2,1.5,-0.5,1.5,-0.5,0,40,21,9,9,1,190,9,0
504,6,2,792,1,6.7,1.39,1,2,2,1.5,0.5,1.5,0.5,1,45,21,9,9,1,,0,0
3535,28,4,5323,0,8.9,0.39,1,2,2,1.5,0.5,1.5,0.5,1,41,21,10,10,1,186,9,0
198,26,1,299,0,7.5,0.97,0,2,2,1.5,0.5,1.5,0.5,1,46,21,10,10,1,176,9,0
498,6,1,785,1,6.7,1.4,1,2,2,1.5,0.5,1.5,0.5,1,46,21,10,10,1,191,10,0
2538,21,4,3863,0,8.6,0.32,0,2,2,1.5,0.5,1.5,0.5,1,44,21,11,11,1,187,9,2
3475,28,5,5217,0,8.9,1.05,1,1,2,1.5,-0.5,1.5,-0.5,0,42,21,11,11,1,194,11,1
3422,26,4,5143,0,7.5,0.3,1,2,2,1.5,0.5,1.5,0.5,1,46,21,12,12,1,196,8,1
2905,21,4,4361,0,8.6,0.32,1,2,2,1.5,0.5,1.5,0.5,1,46,21,12,12,1,188,11,2
1629,28,4,2460,0,8.9,0.39,0,2,2,1.5,0.5,1.5,0.5,1,44,21,12,12,1,182,12,2
3529,28,3,5313,0,8.9,0.5,1,2,2,1.5,0.5,1.5,0.5,1,44,21,13,13,1,184,12,0
3996,46,2,6003,0,6.2,1.71,1,1,2,1.5,-0.5,1.5,-0.5,0,46,22,8,5,0.63,194,5,0
1731,30,1,2624,0,6.8,0.82,0,2,2,1.5,0.5,1.5,0.5,1,44,22,9,6,0.67,179,6,1
2397,41,6,3655,0,7,0.37,0,2,3,1.5,0.5,1.5,0.5,0,43,22,9,7,0.78,196,7,2
1728,30,1,2619,0,6.8,0.82,0,2,2,1.5,0.5,1.5,0.5,1,44,22,10,8,0.8,190,8,3
739,26,1,1140,0,7.5,0.97,1,2,2,1.5,0.5,1.5,0.5,1,46,22,10,8,0.8,192,7,1
3967,47,3,5969,0,6.7,0.73,1,2,2,1.5,0.5,1.5,0.5,1,43,22,8,7,0.88,196,7,1
3773,46,6,5708,0,6.2,0.75,0,1,2,1.5,-0.5,1.5,-0.5,0,43,22,8,7,0.88,198,7,1
2110,34,4,3202,0,7.6,0.44,0,1,2,1.5,-0.5,1.5,-0.5,0,43,22,9,8,0.89,,0,0
4503,34,4,6729,0,7.6,0.44,1,1,2,1.5,-0.5,1.5,-0.5,0,43,22,9,8,0.89,191,8,3
3637,29,4,5507,0,5.7,0.48,1,1,2,1.5,-0.5,1.5,-0.5,0,45,22,9,8,0.89,193,8,0
2286,37,3,3479,0,5.5,0.87,0,1,2,1.5,-0.5,1.5,-0.5,0,43,22,9,8,0.89,169,8,0
1574,29,5,2362,0,5.7,1.27,0,2,2,1.5,0.5,1.5,0.5,1,43,22,9,8,0.89,181,8,0
1717,30,4,2605,0,6.8,0.41,0,2,2,1.5,0.5,1.5,0.5,1,47,22,10,9,0.9,,0,0
208,26,4,317,0,7.5,0.3,0,2,2,1.5,0.5,1.5,0.5,1,47,22,11,10,0.91,189,10,1
2370,40,9,3618,0,5.5,1.14,0,2,2,1.5,0.5,1.5,0.5,1,45,22,11,10,0.91,164,10,0
3595,28,4,5435,0,8.9,0.39,1,2,2,1.5,0.5,1.5,0.5,1,45,22,12,11,0.92,202,11,2
4408,42,8,6557,0,5.6,0.79,1,1,2,1.5,-0.5,1.5,-0.5,0,42,22,7,7,1,,0,0
4403,45,6,6547,0,7.4,0.36,1,1,2,1.5,-0.5,1.5,-0.5,0,45,22,8,8,1,181,7,1
2197,33,6,3339,0,8.1,0.4,0,1,2,1.5,-0.5,1.5,-0.5,0,44,22,8,8,1,197,8,3
2231,40,8,3402,0,5.5,0.51,0,2,2,1.5,0.5,1.5,0.5,1,42,22,8,8,1,142,6,0
5429,41,3,8188,0,7,0.53,1,2,3,1.5,0.5,1.5,0.5,0,43,22,8,8,1,197,8,1
4566,33,3,6844,0,8.1,0.57,1,1,2,1.5,-0.5,1.5,-0.5,0,45,22,8,8,1,182,8,1
4029,46,9,6045,0,6.2,1.71,1,1,2,1.5,-0.5,1.5,-0.5,0,43,22,8,8,1,186,8,1
3469,26,4,5209,0,7.5,0.3,1,2,2,1.5,0.5,1.5,0.5,1,44,22,9,9,1,,0,0
2203,33,6,3349,0,8.1,0.4,0,1,2,1.5,-0.5,1.5,-0.5,0,45,22,9,9,1,183,9,0
1744,30,4,2642,0,6.8,0.41,0,1,2,1.5,-0.5,1.5,-0.5,0,46,22,9,9,1,194,9,0
4653,36,6,6986,0,7.5,0.65,1,1,2,1.5,-0.5,1.5,-0.5,0,44,22,9,9,1,187,9,1
4394,43,3,6538,0,6.8,0.77,1,2,2,1.5,0.5,1.5,0.5,1,43,22,9,9,1,193,9,0
3622,28,2,5483,0,8.9,0.91,1,2,2,1.5,0.5,1.5,0.5,1,42,22,9,9,1,182,8,2
1574,28,5,2361,0,8.9,1.05,0,1,2,1.5,-0.5,1.5,-0.5,0,42,22,9,9,1,191,9,1
2450,39,5,3728,0,6.7,1.05,0,1,2,1.5,-0.5,1.5,-0.5,0,43,22,9,9,1,189,9,1
4109,28,4,6131,0,8.9,0.39,1,1,2,1.5,-0.5,1.5,-0.5,0,42,22,10,10,1,184,10,3
1691,28,6,2563,0,8.9,0.47,0,1,2,1.5,-0.5,1.5,-0.5,0,45,22,10,10,1,188,10,2
2193,33,5,3333,0,8.1,0.74,0,1,2,1.5,-0.5,1.5,-0.5,0,45,22,10,10,1,185,10,3
932,10,2,1432,1,5.4,0.53,1,1,2,1.5,-0.5,1.5,-0.5,0,,22,10,10,1,,9,2
854,10,1,1309,1,5.4,1.25,0,2,2,1.5,0.5,1.5,0.5,1,,22,10,10,1,,10,1
1558,28,6,2336,0,8.9,0.47,0,2,2,1.5,0.5,1.5,0.5,1,44,22,11,11,1,181,10,1
5112,37,4,7714,0,5.5,0.73,1,1,2,1.5,-0.5,1.5,-0.5,0,44,22,11,11,1,,0,0
4812,37,3,7241,0,5.5,0.87,1,2,2,1.5,0.5,1.5,0.5,1,47,22,11,11,1,169,11,1
4531,33,6,6778,0,8.1,0.4,1,1,2,1.5,-0.5,1.5,-0.5,0,44,22,12,12,1,184,12,1
3007,22,4,4523,0,7.4,0.42,1,1,2,1.5,-0.5,1.5,-0.5,0,52,22,12,12,1,171,11,0
2100,35,4,3185,0,6.9,0.45,0,2,2,1.5,0.5,1.5,0.5,1,46,22,13,13,1,193,13,1
420,5,9,651,1,5.6,0.91,0,2,2,1.5,0.5,1.5,0.5,1,44,23,9,0,0,,0,0
4101,29,6,6120,0,5.7,0.47,1,2,2,1.5,0.5,1.5,0.5,1,45,23,9,3,0.33,,0,0
3448,34,9,5178,0,7.6,1.56,1,1,2,1.5,-0.5,1.5,-0.5,0,43,23,9,5,0.56,,0,0
60,22,6,98,0,7.4,0.49,0,2,2,1.5,0.5,1.5,0.5,1,45,23,8,5,0.63,196,5,2
5229,41,1,7899,0,7,0.79,1,1,2,1.5,-0.5,1.5,-0.5,0,43,23,9,6,0.67,211,6,0
4830,37,3,7272,0,5.5,0.87,1,2,2,1.5,0.5,1.5,0.5,1,43,23,9,6,0.67,175,5,0
1819,46,9,2745,0,6.2,1.71,0,1,2,1.5,-0.5,1.5,-0.5,0,44,23,9,6,0.67,185,6,0
4209,30,1,6283,0,6.8,0.82,1,2,2,1.5,0.5,1.5,0.5,1,45,23,7,5,0.71,190,5,0
58,21,4,94,0,8.6,0.32,0,1,2,1.5,-0.5,1.5,-0.5,0,49,23,11,8,0.73,190,8,2
5459,39,4,8237,0,6.7,0.48,1,1,2,1.5,-0.5,1.5,-0.5,0,44,23,8,6,0.75,195,6,0
3066,22,6,4623,0,7.4,0.49,1,1,2,1.5,-0.5,1.5,-0.5,0,46,23,11,9,0.82,178,9,3
4574,33,4,6856,0,8.1,0.27,1,1,2,1.5,-0.5,1.5,-0.5,0,45,23,7,6,0.86,,0,0
2402,41,8,3662,0,7,0.54,0,2,3,1.5,0.5,1.5,0.5,0,48,23,7,6,0.86,193,6,0
3793,47,6,5730,0,6.7,0.68,0,2,2,1.5,0.5,1.5,0.5,1,,23,8,7,0.88,,0,0
4562,33,9,6835,0,8.1,1.29,1,1,2,1.5,-0.5,1.5,-0.5,0,46,23,8,7,0.88,197,7,1
2090,45,2,3161,0,7.4,1.6,0,1,2,1.5,-0.5,1.5,-0.5,0,43,23,8,7,0.88,189,7,0
4019,47,9,6033,0,6.7,2.05,1,2,2,1.5,0.5,1.5,0.5,1,47,23,8,7,0.88,193,7,1
342,4,6,534,1,8.2,0.37,0,2,2,1.5,0.5,1.5,0.5,1,46,23,8,7,0.88,194,6,0
1512,17,4,2272,0,6.8,0.2,0,1,2,1.5,-0.5,1.5,-0.5,0,45,23,9,8,0.89,176,8,1
1685,33,4,2552,0,8.1,0.27,0,1,2,1.5,-0.5,1.5,-0.5,0,44,23,9,8,0.89,195,8,0
5057,37,4,7632,0,5.5,0.73,1,1,2,1.5,-0.5,1.5,-0.5,0,44,23,9,8,0.89,184,8,0
5278,43,3,7959,0,6.8,0.77,1,2,2,1.5,0.5,1.5,0.5,1,44,23,10,9,0.9,194,9,1
4543,32,1,6803,0,6.8,0.54,1,1,2,1.5,-0.5,1.5,-0.5,0,49,23,11,10,0.91,185,9,1
5403,40,5,8145,0,5.5,1.57,1,1,3,1.5,-0.5,1.5,-0.5,0,42,23,7,7,1,194,7,0
5266,44,1,7942,0,5.1,1.83,1,2,2,1.5,0.5,1.5,0.5,1,45,23,7,7,1,,0,0
3573,26,3,5396,0,7.5,0.37,1,1,2,1.5,-0.5,1.5,-0.5,0,45,23,8,8,1,181,8,0
4995,39,6,7542,0,6.7,0.43,1,1,2,1.5,-0.5,1.5,-0.5,0,42,23,8,8,1,192,8,0
2559,21,6,3896,0,8.6,0.46,0,2,2,1.5,0.5,1.5,0.5,1,47,23,8,8,1,212,6,1
5144,39,4,7762,0,6.7,0.48,1,2,2,1.5,0.5,1.5,0.5,1,45,23,8,8,1,186,8,1
4017,46,4,6029,0,6.2,0.51,1,1,1,1.5,-0.5,1.5,-0.5,1,43,23,8,8,1,179,8,0
4579,34,8,6865,0,7.6,0.51,1,2,2,1.5,0.5,1.5,0.5,1,42,23,8,8,1,213,8,1
186,28,1,275,0,8.9,1.15,0,2,2,1.5,0.5,1.5,0.5,1,42,23,8,8,1,182,8,0
1682,29,9,2548,0,5.7,1.25,0,2,3,1.5,0.5,1.5,0.5,0,46,23,8,8,1,191,8,1
4444,34,1,6618,0,7.6,1.29,1,1,2,1.5,-0.5,1.5,-0.5,0,44,23,8,8,1,206,8,1
3835,45,2,5784,0,7.4,1.6,1,2,2,1.5,0.5,1.5,0.5,1,44,23,8,8,1,182,8,1
1580,28,8,2374,0,8.9,0.43,0,2,2,1.5,0.5,1.5,0.5,1,43,23,9,9,1,200,9,3
4443,34,4,6616,0,7.6,0.44,1,1,2,1.5,-0.5,1.5,-0.5,0,43,23,9,9,1,191,9,3
3044,22,6,4591,0,7.4,0.49,1,2,2,1.5,0.5,1.5,0.5,1,47,23,9,9,1,199,9,0
3487,26,9,5234,0,7.5,0.72,1,2,2,1.5,0.5,1.5,0.5,1,46,23,9,9,1,193,8,1
3527,28,1,5310,0,8.9,1.15,1,2,2,1.5,0.5,1.5,0.5,1,44,23,9,9,1,,0,0
4424,33,9,6590,0,8.1,1.29,1,1,2,1.5,-0.5,1.5,-0.5,0,46,23,9,9,1,193,9,0
4021,47,9,6036,0,6.7,2.05,1,2,2,1.5,0.5,1.5,0.5,1,45,23,9,9,1,187,9,3
818,9,9,1252,1,4.9,0.42,0,2,2,1.5,0.5,1.5,0.5,1,43,23,9,9,1,166,6,1
1367,14,5,2080,1,7,0.74,0,1,2,1.5,-0.5,1.5,-0.5,0,47,23,9,9,1,186,8,0
1483,18,4,2232,0,5.8,0.32,1,2,2,1.5,0.5,1.5,0.5,1,,23,10,10,1,,9,0
2116,34,4,3213,0,7.6,0.44,0,1,2,1.5,-0.5,1.5,-0.5,0,45,23,10,10,1,187,10,0
3673,44,8,5566,0,5.1,0.84,0,1,2,1.5,-0.5,1.5,-0.5,0,46,23,10,10,1,184,8,0
3523,28,9,5302,0,8.9,1.1,1,2,2,1.5,0.5,1.5,0.5,1,44,23,10,10,1,191,10,2
3557,28,1,5358,0,8.9,1.15,1,2,2,1.5,0.5,1.5,0.5,1,44,23,10,10,1,182,10,2
3475,29,5,5218,0,5.7,1.27,1,2,2,1.5,0.5,1.5,0.5,1,45,23,10,10,1,194,10,0
4591,34,5,6883,0,7.6,1.53,1,1,2,1.5,-0.5,1.5,-0.5,0,43,23,10,10,1,183,10,1
3592,28,6,5431,0,8.9,0.47,1,2,2,1.5,0.5,1.5,0.5,1,45,23,11,11,1,198,11,2
80,24,3,121,0,7.3,0.73,0,1,2,1.5,-0.5,1.5,-0.5,0,47,23,11,11,1,,0,0
354,4,5,554,1,8.2,0.39,0,2,2,1.5,0.5,1.5,0.5,1,,23,11,11,1,,11,2
338,4,9,522,1,8.2,0.61,1,2,2,1.5,0.5,1.5,0.5,1,45,23,11,11,1,189,9,0
1627,28,4,2457,0,8.9,0.39,0,2,2,1.5,0.5,1.5,0.5,1,46,23,12,12,1,195,11,1
1631,28,6,2463,0,8.9,0.47,0,2,2,1.5,0.5,1.5,0.5,1,46,23,12,12,1,182,12,1
4123,29,1,6151,0,5.7,1.47,1,1,2,1.5,-0.5,1.5,-0.5,0,47,24,9,3,0.33,,0,0
4017,47,4,6030,0,6.7,0.53,1,2,1,1.5,0.5,1.5,0.5,0,47,24,10,5,0.5,,0,0
2113,34,9,3206,0,7.6,1.56,0,1,2,1.5,-0.5,1.5,-0.5,0,45,24,9,5,0.56,188,4,1
4029,47,9,6046,0,6.7,2.05,1,2,2,1.5,0.5,1.5,0.5,1,47,24,9,5,0.56,,5,0
3554,30,4,5352,0,6.8,0.41,1,2,2,1.5,0.5,1.5,0.5,1,47,24,10,6,0.6,197,6,1
2222,39,9,3384,0,6.7,1.37,0,2,3,1.5,0.5,1.5,0.5,0,46,24,10,6,0.6,198,6,1
4406,46,4,6554,0,6.2,0.51,1,2,3,1.5,0.5,1.5,0.5,0,42,24,6,4,0.67,194,4,1
4328,46,6,6451,0,6.2,0.75,1,1,2,1.5,-0.5,1.5,-0.5,0,58,24,18,13,0.72,,0,0
2113,35,9,3207,0,6.9,1.75,0,2,2,1.5,0.5,1.5,0.5,1,45,24,8,6,0.75,184,5,2
2538,20,4,3862,0,8.5,0.25,0,1,2,1.5,-0.5,1.5,-0.5,0,47,24,9,7,0.78,176,7,1
2164,37,3,3293,0,5.5,0.87,0,2,2,1.5,0.5,1.5,0.5,1,47,24,9,7,0.78,185,4,0
3737,46,1,5659,0,6.2,1.04,0,1,2,1.5,-0.5,1.5,-0.5,0,43,24,9,7,0.78,176,7,0
1111,13,1,1690,1,6,1.15,0,1,2,1.5,-0.5,1.5,-0.5,0,45,24,5,4,0.8,203,4,0
3250,23,6,4885,0,7.8,0.38,1,1,2,1.5,-0.5,1.5,-0.5,0,51,24,8,7,0.88,202,7,0
5328,44,1,8044,0,5.1,1.83,1,2,2,1.5,0.5,1.5,0.5,1,51,24,8,7,0.88,,0,0
3017,23,6,4542,0,7.8,0.38,1,2,3,1.5,0.5,1.5,0.5,0,47,24,9,8,0.89,198,8,2
4221,33,2,6300,0,8.1,0.8,1,2,2,1.5,0.5,1.5,0.5,1,45,24,9,8,0.89,206,8,0
4599,35,5,6905,0,6.9,1.01,1,1,3,1.5,-0.5,1.5,-0.5,0,48,24,9,8,0.89,,8,1
4651,37,2,6983,0,5.5,1.39,1,2,2,1.5,0.5,1.5,0.5,1,43,24,9,8,0.89,143,5,0
3278,23,8,4936,0,7.8,0.49,0,1,2,1.5,-0.5,1.5,-0.5,0,46,24,10,9,0.9,182,9,0
2128,34,6,3235,0,7.6,0.53,0,1,2,1.5,-0.5,1.5,-0.5,0,45,24,10,9,0.9,189,9,0
913,10,1,1406,1,5.4,1.25,0,2,2,1.5,0.5,1.5,0.5,1,,24,10,9,0.9,,5,0
2109,35,4,3201,0,6.9,0.45,0,2,2,1.5,0.5,1.5,0.5,1,48,24,12,11,0.92,185,11,0
3007,23,4,4524,0,7.8,0.4,1,2,2,1.5,0.5,1.5,0.5,1,50,24,13,12,0.92,191,12,2
2606,22,9,3961,0,7.4,0.95,0,1,2,1.5,-0.5,1.5,-0.5,0,46,24,5,5,1,196,5,0
12,1,4,16,1,6.6,0.12,1,1,2,1.5,-0.5,1.5,-0.5,0,42,24,5,5,1,197,5,0
5163,39,8,7788,0,6.7,0.41,1,2,2,1.5,0.5,1.5,0.5,1,42,24,6,6,1,188,6,0
5473,41,8,8261,0,7,0.54,1,1,2,1.5,-0.5,1.5,-0.5,0,41,24,6,6,1,203,6,0
5248,47,2,7921,0,6.7,1.6,1,2,2,1.5,0.5,1.5,0.5,1,44,24,6,6,1,186,6,0
2204,34,8,3352,0,7.6,0.51,0,2,2,1.5,0.5,1.5,0.5,1,43,24,7,7,1,200,7,1
4877,40,1,7350,0,5.5,0.82,1,2,3,1.5,0.5,1.5,0.5,0,41,24,7,7,1,201,7,0
3082,22,2,4649,0,7.4,1.66,1,1,4,1.5,-0.5,1.5,-0.5,0,46,24,7,7,1,201,7,0
2214,34,7,3371,0,7.6,0.29,0,1,2,1.5,-0.5,1.5,-0.5,0,44,24,8,8,1,,0,0
3918,45,6,5905,0,7.4,0.36,1,2,2,1.5,0.5,1.5,0.5,1,46,24,8,8,1,192,8,3
4426,34,4,6598,0,7.6,0.44,0,2,2,1.5,0.5,1.5,0.5,1,44,24,8,8,1,199,8,2
4623,34,4,6940,0,7.6,0.44,1,1,2,1.5,-0.5,1.5,-0.5,0,43,24,8,8,1,199,8,2
4748,36,6,7144,0,7.5,0.65,1,1,2,1.5,-0.5,1.5,-0.5,0,44,24,8,8,1,190,8,3
5150,39,1,7769,0,6.7,0.97,1,2,2,1.5,0.5,1.5,0.5,1,44,24,8,8,1,192,8,0
4728,35,5,7115,0,6.9,1.01,1,1,2,1.5,-0.5,1.5,-0.5,0,43,24,8,8,1,198,8,1
5444,41,9,8214,0,7,1.14,1,1,2,1.5,-0.5,1.5,-0.5,0,46,24,8,8,1,166,8,1
4499,34,5,6723,0,7.6,1.53,1,1,2,1.5,-0.5,1.5,-0.5,0,44,24,8,8,1,176,8,0
3724,44,5,5643,0,5.1,1.92,0,1,2,1.5,-0.5,1.5,-0.5,0,45,24,8,8,1,181,5,0
2261,41,4,3438,0,7,0.28,0,1,3,1.5,-0.5,1.5,-0.5,0,45,24,9,9,1,187,8,3
4237,30,4,6319,0,6.8,0.41,1,1,2,1.5,-0.5,1.5,-0.5,0,45,24,9,9,1,191,9,1
1449,17,1,2187,0,6.8,0.43,0,2,2,1.5,0.5,1.5,0.5,1,46,24,9,9,1,196,9,4
2226,39,4,3392,0,6.7,0.48,0,2,2,1.5,0.5,1.5,0.5,1,46,24,9,9,1,208,9,3
2126,35,6,3233,0,6.9,0.7,0,2,2,1.5,0.5,1.5,0.5,1,45,24,9,9,1,178,9,0
4833,37,6,7278,0,5.5,0.71,1,2,2,1.5,0.5,1.5,0.5,1,50,24,9,9,1,193,9,0
3967,46,3,5968,0,6.2,0.83,1,1,2,1.5,-0.5,1.5,-0.5,0,46,24,9,9,1,165,9,2
4878,41,5,7352,0,7,1.09,1,2,2,1.5,0.5,1.5,0.5,1,44,24,9,9,1,188,9,4
3617,28,1,5471,0,8.9,1.15,1,1,2,1.5,-0.5,1.5,-0.5,0,43,24,9,9,1,195,9,1
1908,39,2,2869,0,6.7,1.23,0,2,2,1.5,0.5,1.5,0.5,1,49,24,9,9,1,,0,0
2105,35,9,3193,0,6.9,1.75,0,2,2,1.5,0.5,1.5,0.5,1,45,24,9,9,1,202,8,0
1207,12,4,1839,1,5.4,0.26,0,1,2,1.5,-0.5,1.5,-0.5,0,43,24,9,9,1,179,8,2
650,6,1,1009,1,6.7,1.4,0,1,2,1.5,-0.5,1.5,-0.5,0,48,24,9,9,1,189,8,1
3069,23,5,4628,0,7.8,0.26,1,2,2,1.5,0.5,1.5,0.5,1,45,24,10,10,1,192,10,2
3103,23,5,4677,0,7.8,0.26,1,2,2,1.5,0.5,1.5,0.5,1,44,24,10,10,1,176,10,0
3308,26,3,4980,0,7.5,0.37,1,2,2,1.5,0.5,1.5,0.5,1,49,24,10,10,1,195,9,3
4111,28,4,6134,0,8.9,0.39,0,1,2,1.5,-0.5,1.5,-0.5,0,45,24,10,10,1,193,10,1
4104,28,9,6124,0,8.9,1.1,1,1,2,1.5,-0.5,1.5,-0.5,0,45,24,10,10,1,192,10,0
1946,35,1,2935,0,6.9,1.25,0,2,2,1.5,0.5,1.5,0.5,1,44,24,10,10,1,181,4,0
2103,35,9,3190,0,6.9,1.75,0,2,2,1.5,0.5,1.5,0.5,1,45,24,10,10,1,188,10,1
4572,33,4,6853,0,8.1,0.27,1,1,2,1.5,-0.5,1.5,-0.5,0,47,24,11,11,1,202,11,0
1857,31,6,2796,0,7.7,0.49,0,2,2,1.5,0.5,1.5,0.5,1,46,24,11,11,1,164,11,0
5128,39,3,7735,0,6.7,0.57,1,2,2,1.5,0.5,1.5,0.5,1,48,24,11,11,1,173,11,1
3163,24,4,4769,0,7.3,0.65,0,2,2,1.5,0.5,1.5,0.5,1,46,24,11,11,1,157,11,0
4856,36,5,7319,0,7.5,1.01,1,1,2,1.5,-0.5,1.5,-0.5,0,47,24,11,11,1,184,11,0
1564,28,1,2345,0,8.9,1.15,0,2,2,1.5,0.5,1.5,0.5,1,45,24,11,11,1,167,11,1
3066,23,6,4624,0,7.8,0.38,1,2,2,1.5,0.5,1.5,0.5,1,49,24,12,12,1,180,12,5
325,4,9,496,1,8.2,0.61,1,2,3,1.5,0.5,1.5,0.5,0,48,24,12,12,1,197,12,4
5169,39,9,7801,0,6.7,1.37,1,2,2,1.5,0.5,1.5,0.5,1,46,25,7,3,0.43,205,3,0
5352,45,3,8077,0,7.4,0.43,1,2,3,1.5,0.5,1.5,0.5,0,48,25,8,4,0.5,185,4,1
3269,23,1,4916,0,7.8,1,1,1,2,1.5,-0.5,1.5,-0.5,0,45,25,8,4,0.5,203,4,0
4810,37,4,7238,0,5.5,0.73,1,2,2,1.5,0.5,1.5,0.5,1,46,25,8,5,0.63,193,5,0
4813,37,4,7243,0,5.5,0.73,1,2,2,1.5,0.5,1.5,0.5,1,46,25,9,6,0.67,,0,0
4168,30,4,6216,0,6.8,0.41,1,2,2,1.5,0.5,1.5,0.5,1,46,25,8,6,0.75,179,6,0
4854,36,8,7315,0,7.5,0.51,1,1,2,1.5,-0.5,1.5,-0.5,0,45,25,9,7,0.78,188,7,2
4167,30,2,6214,0,6.8,1.12,1,2,2,1.5,0.5,1.5,0.5,1,46,25,9,7,0.78,190,7,2
5253,45,9,7926,0,7.4,1.14,1,1,2,1.5,-0.5,1.5,-0.5,0,46,25,9,7,0.78,185,7,0
4021,46,9,6035,0,6.2,1.71,1,1,2,1.5,-0.5,1.5,-0.5,0,44,25,9,7,0.78,179,7,0
4492,34,2,6707,0,7.6,0.91,1,1,2,1.5,-0.5,1.5,-0.5,0,48,25,12,10,0.83,189,10,0
2381,38,6,3632,0,7.4,0.68,0,2,3,1.5,0.5,1.5,0.5,0,52,25,7,6,0.86,163,4,0
3693,46,3,5598,0,6.2,0.83,0,2,2,1.5,0.5,1.5,0.5,1,44,25,7,6,0.86,197,6,1
4552,32,2,6814,0,6.8,0.85,1,1,3,1.5,-0.5,1.5,-0.5,0,46,25,7,6,0.86,189,6,1
3727,45,1,5649,0,7.4,1.43,0,2,2,1.5,0.5,1.5,0.5,1,45,25,7,6,0.86,202,6,2
5453,39,9,8228,0,6.7,1.37,1,1,2,1.5,-0.5,1.5,-0.5,0,45,25,8,7,0.88,191,7,1
4499,35,7,6724,0,6.9,0.29,1,2,2,1.5,0.5,1.5,0.5,1,44,25,9,8,0.89,196,8,1
4565,33,6,6842,0,8.1,0.4,1,1,2,1.5,-0.5,1.5,-0.5,0,46,25,9,8,0.89,194,7,4
5429,40,3,8187,0,5.5,0.4,1,1,3,1.5,-0.5,1.5,-0.5,0,45,25,9,8,0.89,177,7,0
4888,37,4,7370,0,5.5,0.73,1,2,2,1.5,0.5,1.5,0.5,1,47,25,9,8,0.89,190,8,0
3635,29,5,5503,0,5.7,1.27,1,1,2,1.5,-0.5,1.5,-0.5,0,46,25,9,8,0.89,184,8,0
3056,22,4,4610,0,7.4,0.42,1,2,2,1.5,0.5,1.5,0.5,1,49,25,10,9,0.9,194,9,0
1833,47,4,2767,0,6.7,0.53,0,2,2,1.5,0.5,1.5,0.5,1,46,25,10,9,0.9,191,9,1
2639,47,6,4010,0,6.7,0.68,0,2,2,1.5,0.5,1.5,0.5,1,46,25,10,9,0.9,181,9,2
4971,37,4,7497,0,5.5,0.73,1,1,2,1.5,-0.5,1.5,-0.5,0,51,25,10,9,0.9,173,9,0
4591,35,5,6884,0,6.9,1.01,1,2,2,1.5,0.5,1.5,0.5,1,46,25,10,9,0.9,196,9,3
1682,28,9,2547,0,8.9,1.1,0,1,3,1.5,-0.5,1.5,-0.5,0,45,25,10,9,0.9,201,9,0
1669,28,9,2529,0,8.9,1.1,0,2,2,1.5,0.5,1.5,0.5,1,46,25,10,9,0.9,189,9,3
111,21,2,161,0,8.6,1.12,0,1,2,1.5,-0.5,1.5,-0.5,0,50,25,10,9,0.9,196,9,4
1174,13,1,1786,1,6,1.15,1,2,2,1.5,0.5,1.5,0.5,1,48,25,10,9,0.9,182,8,0
2146,36,9,3264,0,7.5,1.25,0,2,2,1.5,0.5,1.5,0.5,1,46,25,11,10,0.91,189,10,0
4609,47,6,6919,0,6.7,0.68,1,2,2,1.5,0.5,1.5,0.5,1,48,25,12,11,0.92,195,10,2
3055,22,6,4608,0,7.4,0.49,1,2,2,1.5,0.5,1.5,0.5,1,48,25,4,4,1,190,3,0
3478,30,2,5224,0,6.8,1.12,1,2,2,1.5,0.5,1.5,0.5,1,45,25,6,6,1,188,6,1
3581,26,3,5412,0,7.5,0.37,1,1,2,1.5,-0.5,1.5,-0.5,0,45,25,7,7,1,207,6,0
4872,40,4,7341,0,5.5,0.38,1,2,2,1.5,0.5,1.5,0.5,1,43,25,7,7,1,190,7,0
4509,34,6,6743,0,7.6,0.53,1,1,2,1.5,-0.5,1.5,-0.5,0,44,25,7,7,1,199,7,0
4585,35,2,6876,0,6.9,1.28,1,1,2,1.5,-0.5,1.5,-0.5,0,45,25,7,7,1,202,6,0
2761,44,9,4163,0,5.1,1.63,0,2,3,1.5,0.5,1.5,0.5,0,45,25,7,7,1,199,7,1
3986,46,9,5990,0,6.2,1.71,1,1,2,1.5,-0.5,1.5,-0.5,0,42,25,7,7,1,198,7,0
3266,23,3,4912,0,7.8,0.37,1,1,2,1.5,-0.5,1.5,-0.5,0,48,25,8,8,1,191,7,3
1713,39,4,2598,0,6.7,0.48,0,2,2,1.5,0.5,1.5,0.5,1,46,25,8,8,1,197,8,0
5009,39,4,7562,0,6.7,0.48,1,2,2,1.5,0.5,1.5,0.5,1,46,25,8,8,1,188,8,0
4565,34,6,6843,0,7.6,0.53,1,2,2,1.5,0.5,1.5,0.5,1,44,25,8,8,1,189,8,2
4483,35,8,6693,0,6.9,0.73,1,2,2,1.5,0.5,1.5,0.5,1,45,25,8,8,1,193,7,0
1709,30,1,2593,0,6.8,0.82,0,2,2,1.5,0.5,1.5,0.5,1,45,25,8,8,1,202,8,1
4294,31,9,6402,0,7.7,0.87,1,1,2,1.5,-0.5,1.5,-0.5,0,44,25,8,8,1,171,6,1
3223,23,1,4843,0,7.8,1,1,1,2,1.5,-0.5,1.5,-0.5,0,45,25,8,8,1,176,8,1
5226,41,5,7893,0,7,1.09,1,2,2,1.5,0.5,1.5,0.5,1,45,25,8,8,1,190,8,1
3448,35,9,5179,0,6.9,1.75,1,2,2,1.5,0.5,1.5,0.5,1,44,25,8,8,1,205,8,0
913,9,5,1405,1,4.9,0.35,0,1,2,1.5,-0.5,1.5,-0.5,0,45,25,8,8,1,,8,0
1687,29,4,2558,0,5.7,0.48,0,2,2,1.5,0.5,1.5,0.5,1,46,25,9,9,1,189,9,2
2165,37,4,3295,0,5.5,0.73,0,2,2,1.5,0.5,1.5,0.5,1,46,25,9,9,1,182,9,2
2166,37,4,3297,0,5.5,0.73,0,2,2,1.5,0.5,1.5,0.5,1,46,25,9,9,1,,0,0
3082,23,2,4650,0,7.8,1.01,1,2,4,1.5,0.5,1.5,0.5,0,47,25,9,9,1,201,9,0
5403,41,5,8146,0,7,1.09,1,2,3,1.5,0.5,1.5,0.5,0,46,25,9,9,1,197,9,1
1588,28,9,2391,0,8.9,1.1,0,2,2,1.5,0.5,1.5,0.5,1,45,25,9,9,1,182,9,1
4620,34,1,6936,0,7.6,1.29,1,1,2,1.5,-0.5,1.5,-0.5,0,45,25,9,9,1,182,9,1
1939,34,5,2923,0,7.6,1.53,0,2,2,1.5,0.5,1.5,0.5,1,44,25,9,9,1,182,9,0
4563,34,9,6838,0,7.6,1.56,1,2,2,1.5,0.5,1.5,0.5,1,45,25,9,9,1,193,9,1
1283,15,9,1944,1,5.7,0.65,0,2,2,1.5,0.5,1.5,0.5,1,48,25,9,9,1,195,9,1
4524,35,7,6764,0,6.9,0.29,1,2,2,1.5,0.5,1.5,0.5,1,47,25,10,10,1,189,9,1
202,25,4,307,0,6.5,0.39,0,1,2,1.5,-0.5,1.5,-0.5,0,54,25,10,10,1,193,8,0
3840,44,4,5793,0,5.1,0.41,1,1,2,1.5,-0.5,1.5,-0.5,0,49,25,10,10,1,171,10,0
3402,24,7,5120,0,7.3,0.5,1,1,2,1.5,-0.5,1.5,-0.5,0,47,25,10,10,1,151,9,1
2126,34,6,3232,0,7.6,0.53,0,1,2,1.5,-0.5,1.5,-0.5,0,45,25,10,10,1,181,10,0
3136,24,4,4716,0,7.3,0.65,1,2,2,1.5,0.5,1.5,0.5,1,47,25,10,10,1,185,10,2
1944,35,5,2932,0,6.9,1.01,0,2,2,1.5,0.5,1.5,0.5,1,45,25,10,10,1,181,10,1
818,8,9,1251,1,4.5,0.46,0,1,2,1.5,-0.5,1.5,-0.5,0,46,25,10,10,1,173,10,0
668,6,6,1030,1,6.7,0.46,1,1,2,1.5,-0.5,1.5,-0.5,0,47,25,10,10,1,205,10,2
3533,28,8,5320,0,8.9,0.43,1,2,2,1.5,0.5,1.5,0.5,1,48,25,11,11,1,191,11,2
1598,28,6,2409,0,8.9,0.47,0,2,2,1.5,0.5,1.5,0.5,1,46,25,11,11,1,182,11,2
3123,22,6,4697,0,7.4,0.49,1,1,2,1.5,-0.5,1.5,-0.5,0,52,25,11,11,1,171,9,1
3140,23,8,4722,0,7.8,0.49,1,1,2,1.5,-0.5,1.5,-0.5,0,51,25,11,11,1,185,11,2
4431,34,6,6604,0,7.6,0.53,0,2,2,1.5,0.5,1.5,0.5,1,48,25,11,11,1,207,11,1
5400,41,9,8141,0,7,1.14,1,2,2,1.5,0.5,1.5,0.5,1,47,25,11,11,1,181,11,1
949,11,4,1455,1,7,0.16,0,2,2,1.5,0.5,1.5,0.5,1,45,25,11,11,1,,11,0
4802,36,4,7227,0,7.5,0.46,1,2,2,1.5,0.5,1.5,0.5,1,48,26,8,1,0.13,201,1,0
2898,21,4,4348,0,8.6,0.32,1,2,2,1.5,0.5,1.5,0.5,1,51,26,12,3,0.25,195,3,1
4748,37,6,7145,0,5.5,0.71,1,2,2,1.5,0.5,1.5,0.5,1,49,26,9,4,0.44,210,4,0
2784,46,9,4201,0,6.2,1.71,0,1,2,1.5,-0.5,1.5,-0.5,0,54,26,12,7,0.58,143,7,1
4669,35,4,7015,0,6.9,0.45,1,1,2,1.5,-0.5,1.5,-0.5,0,50,26,10,6,0.6,183,6,3
3978,46,9,5980,0,6.2,1.71,1,1,2,1.5,-0.5,1.5,-0.5,0,45,26,9,6,0.67,174,6,0
4093,29,4,6111,0,5.7,0.48,1,2,2,1.5,0.5,1.5,0.5,1,48,26,7,5,0.71,191,5,1
3933,46,8,5927,0,6.2,0.84,1,2,2,1.5,0.5,1.5,0.5,1,46,26,7,5,0.71,181,5,1
3254,24,1,4893,0,7.3,1.47,1,2,2,1.5,0.5,1.5,0.5,1,,26,7,5,0.71,,5,0
1803,32,7,2728,0,6.8,0.04,1,2,2,1.5,0.5,1.5,0.5,1,51,26,8,6,0.75,183,6,0
2638,46,6,4008,0,6.2,0.75,0,2,2,1.5,0.5,1.5,0.5,1,47,26,8,6,0.75,186,6,0
4778,37,3,7190,0,5.5,0.87,1,1,2,1.5,-0.5,1.5,-0.5,0,46,26,8,6,0.75,199,6,2
1659,30,5,2516,0,6.8,1.01,0,2,2,1.5,0.5,1.5,0.5,1,49,26,9,7,0.78,,0,0
272,2,3,414,1,6,0.47,0,1,2,1.5,-0.5,1.5,-0.5,0,45,26,5,4,0.8,202,4,0
4648,36,6,6976,0,7.5,0.65,1,2,2,1.5,0.5,1.5,0.5,1,47,26,10,8,0.8,183,8,0
3978,47,9,5981,0,6.7,2.05,1,2,2,1.5,0.5,1.5,0.5,1,49,26,11,9,0.82,193,9,2
3894,44,4,5869,0,5.1,0.41,1,1,2,1.5,-0.5,1.5,-0.5,0,44,26,6,5,0.83,187,5,0
3184,23,4,4794,0,7.8,0.4,0,1,2,1.5,-0.5,1.5,-0.5,0,52,26,12,10,0.83,189,10,2
2907,21,6,4365,0,8.6,0.46,1,2,2,1.5,0.5,1.5,0.5,1,,26,8,7,0.88,,7,1
1874,33,1,2817,0,8.1,0.68,0,1,2,1.5,-0.5,1.5,-0.5,0,48,26,8,7,0.88,192,7,2
5473,42,8,8262,0,5.6,0.79,1,2,2,1.5,0.5,1.5,0.5,1,46,26,8,7,0.88,194,7,0
3915,44,2,5899,0,5.1,1.39,1,1,2,1.5,-0.5,1.5,-0.5,0,45,26,8,7,0.88,184,7,0
2072,42,2,3139,0,5.6,1.55,0,1,2,1.5,-0.5,1.5,-0.5,0,47,26,8,7,0.88,191,7,0
3847,44,9,5808,0,5.1,1.63,1,1,2,1.5,-0.5,1.5,-0.5,0,45,26,8,7,0.88,149,7,0
4297,32,4,6409,0,6.8,0.2,1,2,2,1.5,0.5,1.5,0.5,1,48,26,9,8,0.89,,0,0
2780,44,4,4196,0,5.1,0.41,0,1,2,1.5,-0.5,1.5,-0.5,0,49,26,9,8,0.89,134,7,0
3738,47,1,5662,0,6.7,1.22,0,2,2,1.5,0.5,1.5,0.5,1,47,26,9,8,0.89,184,8,2
3069,22,1,4627,0,7.4,1.36,1,1,2,1.5,-0.5,1.5,-0.5,0,50,26,9,8,0.89,189,8,0
1284,15,9,1946,1,5.7,0.65,0,2,2,1.5,0.5,1.5,0.5,1,47,26,9,8,0.89,194,8,0
3697,46,7,5605,0,6.2,0.5,0,2,2,1.5,0.5,1.5,0.5,1,48,26,10,9,0.9,165,9,0
2000,39,1,3009,0,6.7,0.97,0,2,2,1.5,0.5,1.5,0.5,1,46,26,10,9,0.9,180,6,1
114,30,4,168,0,6.8,0.41,0,2,2,1.5,0.5,1.5,0.5,1,48,26,11,10,0.91,175,10,0
4453,35,3,6637,0,6.9,0.6,1,2,2,1.5,0.5,1.5,0.5,1,48,26,11,10,0.91,203,10,1
1819,47,9,2746,0,6.7,2.05,0,2,2,1.5,0.5,1.5,0.5,1,48,26,11,10,0.91,192,9,1
5426,41,7,8181,0,7,0.25,1,2,2,1.5,0.5,1.5,0.5,1,47,26,5,5,1,178,5,1
2231,39,8,3401,0,6.7,0.41,0,1,2,1.5,-0.5,1.5,-0.5,0,45,26,7,7,1,192,7,1
4623,35,4,6941,0,6.9,0.45,1,2,2,1.5,0.5,1.5,0.5,1,45,26,7,7,1,199,7,3
87,24,8,131,0,7.3,0.84,0,1,2,1.5,-0.5,1.5,-0.5,0,47,26,7,7,1,,0,0
4855,37,1,7318,0,5.5,1.32,1,2,2,1.5,0.5,1.5,0.5,1,47,26,7,7,1,180,7,1
2089,44,2,3159,0,5.1,1.39,0,1,2,1.5,-0.5,1.5,-0.5,0,46,26,7,7,1,183,7,0
5063,41,6,7642,0,7,0.37,1,2,2,1.5,0.5,1.5,0.5,1,50,26,8,8,1,163,8,0
1692,28,6,2565,0,8.9,0.47,0,1,2,1.5,-0.5,1.5,-0.5,0,45,26,8,8,1,200,8,0
4483,34,8,6692,0,7.6,0.51,1,1,2,1.5,-0.5,1.5,-0.5,0,46,26,8,8,1,197,8,0
5233,41,3,7904,0,7,0.53,1,1,2,1.5,-0.5,1.5,-0.5,0,46,26,8,8,1,204,8,2
1939,33,1,2922,0,8.1,0.68,0,1,2,1.5,-0.5,1.5,-0.5,0,46,26,8,8,1,186,8,0
1967,33,1,2965,0,8.1,0.68,0,1,2,1.5,-0.5,1.5,-0.5,0,47,26,8,8,1,194,8,2
4294,32,9,6403,0,6.8,0.91,1,2,2,1.5,0.5,1.5,0.5,1,50,26,8,8,1,195,8,1
3072,23,1,4634,0,7.8,1,1,2,2,1.5,0.5,1.5,0.5,1,48,26,8,8,1,203,8,0
3845,45,2,5805,0,7.4,1.6,1,2,3,1.5,0.5,1.5,0.5,0,47,26,8,8,1,178,8,1
1056,12,4,1607,1,5.4,0.26,1,2,4,1.5,0.5,1.5,0.5,0,46,26,8,8,1,211,8,1
411,4,4,638,1,8.2,0.32,1,1,2,1.5,-0.5,1.5,-0.5,0,47,26,8,8,1,189,8,3
1538,17,6,2309,0,6.8,0.24,0,1,2,1.5,-0.5,1.5,-0.5,0,46,26,9,9,1,203,9,2
2394,39,8,3649,0,6.7,0.41,0,1,2,1.5,-0.5,1.5,-0.5,0,47,26,9,9,1,183,9,1
1383,17,9,2101,0,6.8,0.42,1,2,2,1.5,0.5,1.5,0.5,1,47,26,9,9,1,188,9,3
4612,35,4,6927,0,6.9,0.45,1,1,2,1.5,-0.5,1.5,-0.5,0,47,26,9,9,1,189,8,1
4719,39,5,7098,0,6.7,1.05,1,2,2,1.5,0.5,1.5,0.5,1,47,26,9,9,1,185,9,0
3763,47,5,5695,0,6.7,1.66,0,2,2,1.5,0.5,1.5,0.5,1,48,26,9,9,1,189,9,1
332,4,4,509,1,8.2,0.32,1,2,3,1.5,0.5,1.5,0.5,0,46,26,9,9,1,197,9,3
486,6,1,758,1,6.7,1.4,1,2,2,1.5,0.5,1.5,0.5,1,48,26,9,9,1,189,8,2
2043,33,4,3086,0,8.1,0.27,0,1,2,1.5,-0.5,1.5,-0.5,0,48,26,10,10,1,193,10,0
2254,41,4,3428,0,7,0.28,0,2,2,1.5,0.5,1.5,0.5,1,47,26,10,10,1,205,10,3
5445,41,4,8216,0,7,0.28,1,1,2,1.5,-0.5,1.5,-0.5,0,52,26,10,10,1,205,2,0
4941,39,4,7455,0,6.7,0.48,1,2,2,1.5,0.5,1.5,0.5,1,49,26,10,10,1,170,5,2
5014,39,4,7569,0,6.7,0.48,1,2,2,1.5,0.5,1.5,0.5,1,50,26,10,10,1,190,7,0
4518,33,1,6756,0,8.1,0.68,1,1,2,1.5,-0.5,1.5,-0.5,0,47,26,10,10,1,182,10,0
4815,36,3,7246,0,7.5,0.73,1,1,2,1.5,-0.5,1.5,-0.5,0,47,26,10,10,1,193,10,1
3266,24,3,4913,0,7.3,0.73,1,2,2,1.5,0.5,1.5,0.5,1,47,26,10,10,1,188,10,0
2252,40,9,3424,0,5.5,1.14,0,1,2,1.5,-0.5,1.5,-0.5,0,46,26,10,10,1,186,9,0
420,4,3,650,1,8.2,0.23,0,1,2,1.5,-0.5,1.5,-0.5,0,48,26,10,10,1,197,9,1
5194,40,4,7837,0,5.5,0.38,1,2,2,1.5,0.5,1.5,0.5,1,48,26,11,11,1,158,4,0
3499,28,8,5256,0,8.9,0.43,1,1,2,1.5,-0.5,1.5,-0.5,0,47,26,11,11,1,177,11,3
4667,35,3,7010,0,6.9,0.6,1,1,2,1.5,-0.5,1.5,-0.5,0,49,26,11,11,1,194,11,0
3403,24,4,5122,0,7.3,0.65,1,1,2,1.5,-0.5,1.5,-0.5,0,49,26,11,11,1,180,11,0
2612,22,9,3971,0,7.4,0.95,0,1,2,1.5,-0.5,1.5,-0.5,0,54,26,11,11,1,195,8,0
3016,23,1,4540,0,7.8,1,1,2,2,1.5,0.5,1.5,0.5,1,50,26,11,11,1,185,11,1
1581,28,1,2376,0,8.9,1.15,0,2,2,1.5,0.5,1.5,0.5,1,47,26,11,11,1,183,11,1
4492,35,2,6708,0,6.9,1.28,1,2,2,1.5,0.5,1.5,0.5,1,49,26,11,11,1,179,11,0
506,6,4,795,1,6.7,0.27,1,2,2,1.5,0.5,1.5,0.5,1,49,26,11,11,1,182,10,0
3738,46,1,5661,0,6.2,1.04,0,1,2,1.5,-0.5,1.5,-0.5,0,49,27,8,4,0.5,149,4,0
4328,47,6,6452,0,6.7,0.68,1,2,2,1.5,0.5,1.5,0.5,1,52,27,10,5,0.5,185,5,2
3994,47,4,6000,0,6.7,0.53,1,2,2,1.5,0.5,1.5,0.5,1,48,27,9,5,0.56,194,5,1
3254,23,1,4892,0,7.8,1,1,1,2,1.5,-0.5,1.5,-0.5,0,47,27,7,5,0.71,219,5,0
1051,12,4,1598,1,5.4,0.26,0,2,2,1.5,0.5,1.5,0.5,1,48,27,7,5,0.71,183,2,0
4754,37,4,7155,0,5.5,0.73,1,1,2,1.5,-0.5,1.5,-0.5,0,50,27,11,9,0.82,183,9,3
2214,35,2,3372,0,6.9,1.28,0,2,2,1.5,0.5,1.5,0.5,1,45,27,6,5,0.83,,0,0
32,1,1,52,1,6.6,0.9,0,1,2,1.5,-0.5,1.5,-0.5,0,46,27,7,6,0.86,186,6,2
5126,39,8,7732,0,6.7,0.41,1,2,2,1.5,0.5,1.5,0.5,1,49,27,8,7,0.88,193,7,1
5006,37,3,7557,0,5.5,0.87,1,2,2,1.5,0.5,1.5,0.5,1,48,27,8,7,0.88,,0,0
4709,35,1,7078,0,6.9,1.25,1,1,2,1.5,-0.5,1.5,-0.5,0,47,27,8,7,0.88,,0,0
4743,37,1,7137,0,5.5,1.32,1,2,2,1.5,0.5,1.5,0.5,1,48,27,8,7,0.88,166,7,1
3996,47,2,6004,0,6.7,1.6,1,2,2,1.5,0.5,1.5,0.5,1,49,27,8,7,0.88,192,6,0
60,21,6,97,0,8.6,0.46,0,1,2,1.5,-0.5,1.5,-0.5,0,48,27,9,8,0.89,196,8,1
3074,23,8,4637,0,7.8,0.49,1,2,2,1.5,0.5,1.5,0.5,1,50,27,9,8,0.89,184,8,1
855,9,1,1310,1,4.9,0.86,0,1,2,1.5,-0.5,1.5,-0.5,0,44,27,9,8,0.89,191,3,3
2905,20,4,4360,0,8.5,0.25,1,1,2,1.5,-0.5,1.5,-0.5,0,49,27,10,9,0.9,189,8,2
4561,33,4,6833,0,8.1,0.27,1,1,2,1.5,-0.5,1.5,-0.5,0,48,27,10,9,0.9,182,9,2
3123,23,6,4698,0,7.8,0.38,1,2,2,1.5,0.5,1.5,0.5,1,52,27,10,9,0.9,172,9,1
3531,28,8,5317,0,8.9,0.43,1,2,2,1.5,0.5,1.5,0.5,1,47,27,10,9,0.9,191,9,1
3994,46,4,5999,0,6.2,0.51,1,1,2,1.5,-0.5,1.5,-0.5,0,49,27,10,9,0.9,186,9,1
2116,35,4,3214,0,6.9,0.45,0,2,2,1.5,0.5,1.5,0.5,1,49,27,11,10,0.91,196,10,0
414,5,5,643,1,5.6,0.52,1,2,2,1.5,0.5,1.5,0.5,1,49,27,11,10,0.91,,0,0
2413,42,6,3676,0,5.6,0.64,0,2,2,1.5,0.5,1.5,0.5,1,53,27,4,4,1,173,4,0
4877,39,1,7349,0,6.7,0.97,1,1,3,1.5,-0.5,1.5,-0.5,0,46,27,6,6,1,168,3,0
3387,24,1,5096,0,7.3,1.47,1,1,2,1.5,-0.5,1.5,-0.5,0,46,27,6,6,1,199,5,2
3636,29,6,5505,0,5.7,0.47,1,1,2,1.5,-0.5,1.5,-0.5,0,47,27,7,7,1,199,7,1
5088,40,8,7679,0,5.5,0.51,1,2,2,1.5,0.5,1.5,0.5,1,46,27,7,7,1,158,0,0
4603,39,1,6910,0,6.7,0.97,1,1,2,1.5,-0.5,1.5,-0.5,0,46,27,7,7,1,192,7,0
3617,29,1,5472,0,5.7,1.47,1,2,2,1.5,0.5,1.5,0.5,1,46,27,7,7,1,192,7,2
1477,16,5,2222,1,5.7,0.66,0,1,4,1.5,-0.5,1.5,-0.5,0,47,27,7,7,1,194,6,1
3098,23,3,4669,0,7.8,0.37,1,2,2,1.5,0.5,1.5,0.5,1,48,27,8,8,1,186,7,1
2119,34,4,3224,0,7.6,0.44,0,1,2,1.5,-0.5,1.5,-0.5,0,47,27,8,8,1,207,8,1
2606,23,9,3962,0,7.8,0.72,0,2,2,1.5,0.5,1.5,0.5,1,48,27,8,8,1,201,8,2
2453,41,5,3736,0,7,1.09,0,2,6,1.5,0.5,1.5,0.5,0,46,27,8,8,1,187,8,0
5081,39,2,7666,0,6.7,1.23,1,2,2,1.5,0.5,1.5,0.5,1,47,27,8,8,1,177,8,0
2742,44,1,4135,0,5.1,1.83,0,2,2,1.5,0.5,1.5,0.5,1,49,27,8,8,1,169,3,0
3986,47,9,5991,0,6.7,2.05,1,2,2,1.5,0.5,1.5,0.5,1,45,27,8,8,1,195,8,0
548,6,6,855,1,6.7,0.46,0,1,2,1.5,-0.5,1.5,-0.5,0,49,27,8,8,1,211,8,0
914,10,5,1408,1,5.4,0.57,0,2,2,1.5,0.5,1.5,0.5,1,50,27,8,8,1,191,7,0
854,9,1,1308,1,4.9,0.86,0,1,2,1.5,-0.5,1.5,-0.5,0,48,27,8,8,1,176,6,0
837,9,1,1280,1,4.9,0.86,1,1,2,1.5,-0.5,1.5,-0.5,0,,27,8,8,1,,8,1
855,10,1,1311,1,5.4,1.25,0,2,2,1.5,0.5,1.5,0.5,1,45,27,8,8,1,,7,2
3075,23,6,4639,0,7.8,0.38,1,2,2,1.5,0.5,1.5,0.5,1,50,27,9,9,1,194,8,1
3359,25,8,5052,0,6.5,0.39,1,2,2,1.5,0.5,1.5,0.5,1,50,27,9,9,1,179,8,3
3163,23,4,4768,0,7.8,0.4,0,1,2,1.5,-0.5,1.5,-0.5,0,49,27,9,9,1,194,9,3
1833,46,4,2766,0,6.2,0.51,0,1,2,1.5,-0.5,1.5,-0.5,0,47,27,9,9,1,197,8,2
2402,40,8,3661,0,5.5,0.51,0,1,3,1.5,-0.5,1.5,-0.5,0,49,27,9,9,1,162,8,0
3773,47,6,5709,0,6.7,0.68,0,2,2,1.5,0.5,1.5,0.5,1,51,27,9,9,1,181,9,0
4869,37,5,7336,0,5.5,0.74,1,1,2,1.5,-0.5,1.5,-0.5,0,51,27,9,9,1,,0,0
5074,39,1,7657,0,6.7,0.97,1,2,2,1.5,0.5,1.5,0.5,1,48,27,9,9,1,177,9,1
5162,39,9,7786,0,6.7,1.37,1,2,2,1.5,0.5,1.5,0.5,1,47,27,9,9,1,190,9,0
521,11,1,819,1,7,0.86,1,2,2,1.5,0.5,1.5,0.5,1,47,27,9,9,1,199,8,2
1433,17,4,2168,0,6.8,0.2,1,2,2,1.5,0.5,1.5,0.5,1,49,27,10,10,1,197,10,1
1684,33,4,2550,0,8.1,0.27,0,1,2,1.5,-0.5,1.5,-0.5,0,48,27,10,10,1,186,10,1
2881,19,4,4321,0,8.1,0.27,1,1,2,1.5,-0.5,1.5,-0.5,0,49,27,10,10,1,170,10,1
2254,40,4,3427,0,5.5,0.38,0,1,2,1.5,-0.5,1.5,-0.5,0,48,27,10,10,1,165,5,0
3143,23,6,4729,0,7.8,0.38,1,1,2,1.5,-0.5,1.5,-0.5,0,50,27,10,10,1,191,9,3
2285,36,8,3477,0,7.5,0.51,0,1,2,1.5,-0.5,1.5,-0.5,0,47,27,10,10,1,168,9,1
5007,37,4,7559,0,5.5,0.73,1,2,2,1.5,0.5,1.5,0.5,1,50,27,10,10,1,,0,0
5402,41,1,8144,0,7,0.79,1,2,2,1.5,0.5,1.5,0.5,1,48,27,10,10,1,180,10,2
5400,40,9,8140,0,5.5,1.14,1,1,2,1.5,-0.5,1.5,-0.5,0,48,27,10,10,1,168,5,0
713,9,6,1098,1,4.9,0.24,1,2,2,1.5,0.5,1.5,0.5,1,50,27,10,10,1,,0,0
4538,33,4,6793,0,8.1,0.27,1,2,2,1.5,0.5,1.5,0.5,1,54,27,11,11,1,201,11,2
4431,33,6,6603,0,8.1,0.4,0,1,2,1.5,-0.5,1.5,-0.5,0,51,27,11,11,1,179,11,0
3146,23,4,4735,0,7.8,0.4,1,1,3,1.5,-0.5,1.5,-0.5,0,53,27,11,11,1,198,9,4
3166,24,4,4773,0,7.3,0.65,0,2,2,1.5,0.5,1.5,0.5,1,50,27,11,11,1,178,10,0
3146,24,4,4736,0,7.3,0.65,1,2,3,1.5,0.5,1.5,0.5,0,50,27,11,11,1,180,11,0
3250,24,6,4886,0,7.3,0.78,1,2,2,1.5,0.5,1.5,0.5,1,51,27,11,11,1,,0,0
149,24,9,221,0,7.3,1.25,0,1,2,1.5,-0.5,1.5,-0.5,0,48,27,11,11,1,196,11,1
2879,20,9,4318,0,8.5,0.53,1,2,2,1.5,0.5,1.5,0.5,1,54,27,12,12,1,186,12,2
2612,23,9,3972,0,7.8,0.72,0,2,2,1.5,0.5,1.5,0.5,1,52,27,12,12,1,196,12,0
3140,24,8,4723,0,7.3,0.84,1,2,2,1.5,0.5,1.5,0.5,1,52,27,12,12,1,171,10,0
429,5,4,662,1,5.6,0.28,1,2,3,1.5,0.5,1.5,0.5,0,50,27,13,13,1,184,13,0
1658,29,1,2513,0,5.7,1.47,0,1,2,1.5,-0.5,1.5,-0.5,0,50,28,8,3,0.38,,0,0
1603,42,2,2420,0,5.6,1.55,0,1,2,1.5,-0.5,1.5,-0.5,0,49,28,7,3,0.43,,0,0
3269,24,1,4917,0,7.3,1.47,1,2,2,1.5,0.5,1.5,0.5,1,50,28,9,4,0.44,184,4,0
2003,39,1,3012,0,6.7,0.97,0,1,3,1.5,-0.5,1.5,-0.5,0,49,28,8,4,0.5,184,4,0
4501,34,6,6726,0,7.6,0.53,1,1,2,1.5,-0.5,1.5,-0.5,0,50,28,10,5,0.5,193,5,1
3241,23,2,4874,0,7.8,1.01,0,2,2,1.5,0.5,1.5,0.5,1,50,28,9,5,0.56,189,5,0
3144,23,2,4731,0,7.8,1.01,1,1,2,1.5,-0.5,1.5,-0.5,0,49,28,9,5,0.56,207,5,1
4149,29,5,6187,0,5.7,1.27,1,1,4,1.5,-0.5,1.5,-0.5,0,53,28,8,6,0.75,186,6,1
3341,24,6,5023,0,7.3,0.78,0,2,2,1.5,0.5,1.5,0.5,1,51,28,9,7,0.78,184,6,0
3828,44,2,5770,0,5.1,1.39,1,1,2,1.5,-0.5,1.5,-0.5,0,48,28,9,7,0.78,152,4,0
2297,37,9,3497,0,5.5,1.94,0,1,2,1.5,-0.5,1.5,-0.5,0,52,28,9,7,0.78,186,7,1
4104,29,9,6125,0,5.7,1.25,1,2,2,1.5,0.5,1.5,0.5,1,49,28,5,4,0.8,195,4,0
3136,23,4,4715,0,7.8,0.4,1,1,2,1.5,-0.5,1.5,-0.5,0,50,28,10,8,0.8,194,8,5
2132,34,8,3243,0,7.6,0.51,0,1,2,1.5,-0.5,1.5,-0.5,0,49,28,11,9,0.82,203,9,1
3341,23,8,5022,0,7.8,0.49,0,1,2,1.5,-0.5,1.5,-0.5,0,50,28,8,7,0.88,189,4,0
829,10,1,1269,1,5.4,1.25,1,2,2,1.5,0.5,1.5,0.5,1,,28,8,7,0.88,,7,0
4538,32,4,6792,0,6.8,0.2,1,1,2,1.5,-0.5,1.5,-0.5,0,50,28,10,9,0.9,199,9,1
1687,28,8,2557,0,8.9,0.43,0,1,2,1.5,-0.5,1.5,-0.5,0,48,28,10,9,0.9,200,9,0
4443,35,4,6617,0,6.9,0.45,1,2,2,1.5,0.5,1.5,0.5,1,49,28,10,9,0.9,204,9,0
2261,42,4,3439,0,5.6,0.54,0,2,3,1.5,0.5,1.5,0.5,0,53,28,10,9,0.9,190,9,0
2528,19,6,3846,0,8.1,0.33,0,2,2,1.5,0.5,1.5,0.5,1,54,28,11,10,0.91,209,8,0
3726,45,1,5647,0,7.4,1.43,0,2,2,1.5,0.5,1.5,0.5,1,48,28,5,5,1,190,5,1
5088,39,7,7678,0,6.7,0.29,1,1,2,1.5,-0.5,1.5,-0.5,0,47,28,6,6,1,185,6,1
2227,39,4,3394,0,6.7,0.48,0,2,2,1.5,0.5,1.5,0.5,1,49,28,6,6,1,174,6,0
411,5,3,639,1,5.6,0.4,1,2,2,1.5,0.5,1.5,0.5,1,46,28,6,6,1,,0,0
4872,39,4,7340,0,6.7,0.48,1,1,2,1.5,-0.5,1.5,-0.5,0,48,28,7,7,1,190,7,0
4603,40,5,6911,0,5.5,1.57,1,2,2,1.5,0.5,1.5,0.5,1,47,28,7,7,1,149,4,0
1184,13,6,1799,1,6,0.12,1,2,2,1.5,0.5,1.5,0.5,1,52,28,7,7,1,181,7,0
2466,41,4,3764,0,7,0.28,0,1,3,1.5,-0.5,1.5,-0.5,0,48,28,8,8,1,184,8,3
2403,40,6,3663,0,5.5,0.41,0,1,2,1.5,-0.5,1.5,-0.5,0,48,28,8,8,1,181,8,0
2210,35,6,3366,0,6.9,0.7,0,2,2,1.5,0.5,1.5,0.5,1,50,28,8,8,1,191,7,1
3286,23,2,4950,0,7.8,1.01,0,1,2,1.5,-0.5,1.5,-0.5,0,48,28,8,8,1,188,6,3
1245,14,4,1893,1,7,0.22,1,2,2,1.5,0.5,1.5,0.5,1,48,28,8,8,1,184,6,1
354,3,5,553,1,5.9,0.52,0,1,2,1.5,-0.5,1.5,-0.5,0,49,28,8,8,1,160,3,0
1315,16,1,1999,1,5.7,1.15,1,2,2,1.5,0.5,1.5,0.5,1,48,28,8,8,1,174,6,0
1512,18,4,2273,0,5.8,0.32,0,2,2,1.5,0.5,1.5,0.5,1,51,28,9,9,1,205,8,1
4177,41,6,6229,0,7,0.37,1,2,2,1.5,0.5,1.5,0.5,1,50,28,9,9,1,190,8,2
4579,33,8,6864,0,8.1,0.41,1,1,2,1.5,-0.5,1.5,-0.5,0,49,28,9,9,1,194,9,1
5075,39,8,7659,0,6.7,0.41,1,2,2,1.5,0.5,1.5,0.5,1,49,28,9,9,1,,0,0
2137,35,4,3249,0,6.9,0.45,0,1,2,1.5,-0.5,1.5,-0.5,0,48,28,9,9,1,205,9,1
3055,21,6,4607,0,8.6,0.46,1,1,2,1.5,-0.5,1.5,-0.5,0,50,28,9,9,1,192,9,3
1688,28,3,2559,0,8.9,0.5,0,1,2,1.5,-0.5,1.5,-0.5,0,49,28,9,9,1,172,7,0
2180,37,4,3318,0,5.5,0.73,0,1,2,1.5,-0.5,1.5,-0.5,0,49,28,9,9,1,,0,0
3359,24,8,5051,0,7.3,0.84,1,1,2,1.5,-0.5,1.5,-0.5,0,48,28,9,9,1,191,6,1
5093,39,1,7686,0,6.7,0.97,1,1,2,1.5,-0.5,1.5,-0.5,0,49,28,9,9,1,172,9,0
3223,24,1,4844,0,7.3,1.47,1,2,2,1.5,0.5,1.5,0.5,1,50,28,9,9,1,186,9,1
2259,41,4,3436,0,7,0.28,0,2,2,1.5,0.5,1.5,0.5,1,49,28,10,10,1,192,9,2
2906,21,4,4363,0,8.6,0.32,1,2,2,1.5,0.5,1.5,0.5,1,50,28,10,10,1,196,9,0
2370,39,4,3617,0,6.7,0.48,0,1,2,1.5,-0.5,1.5,-0.5,0,51,28,10,10,1,169,8,0
4675,35,8,7023,0,6.9,0.73,1,1,2,1.5,-0.5,1.5,-0.5,0,50,28,10,10,1,177,10,0
2194,33,2,3336,0,8.1,0.8,0,2,3,1.5,0.5,1.5,0.5,0,49,28,10,10,1,192,10,0
2883,20,9,4325,0,8.5,0.53,1,2,2,1.5,0.5,1.5,0.5,1,52,28,11,11,1,199,11,3
4501,35,6,6727,0,6.9,0.7,1,2,2,1.5,0.5,1.5,0.5,1,49,29,9,7,0.78,200,5,0
3446,26,2,5175,0,7.5,0.48,1,1,2,1.5,-0.5,1.5,-0.5,0,54,29,10,8,0.8,205,8,2
1752,30,9,2653,0,6.8,1.22,0,2,2,1.5,0.5,1.5,0.5,1,49,29,10,8,0.8,196,8,0
198,25,1,298,0,6.5,1,0,1,2,1.5,-0.5,1.5,-0.5,0,53,29,6,5,0.83,189,5,0
3845,44,2,5804,0,5.1,1.39,1,1,3,1.5,-0.5,1.5,-0.5,0,50,29,6,5,0.83,,0,0
3142,23,8,4727,0,7.8,0.49,1,1,2,1.5,-0.5,1.5,-0.5,0,49,29,7,6,0.86,189,6,1
3553,29,5,5349,0,5.7,1.27,1,1,3,1.5,-0.5,1.5,-0.5,0,49,29,7,6,0.86,177,6,0
3763,46,5,5694,0,6.2,1.57,0,1,2,1.5,-0.5,1.5,-0.5,0,,29,7,6,0.86,,6,1
2067,41,2,3125,0,7,1.76,0,1,2,1.5,-0.5,1.5,-0.5,0,48,29,7,6,0.86,196,6,1
5044,37,9,7610,0,5.5,1.94,1,1,2,1.5,-0.5,1.5,-0.5,0,50,29,7,6,0.86,,0,0
4996,39,4,7544,0,6.7,0.48,1,1,2,1.5,-0.5,1.5,-0.5,0,49,29,8,7,0.88,171,1,0
2285,37,8,3478,0,5.5,0.58,0,2,2,1.5,0.5,1.5,0.5,1,51,29,9,8,0.89,191,8,0
2268,35,6,3452,0,6.9,0.7,0,1,2,1.5,-0.5,1.5,-0.5,0,50,29,9,8,0.89,171,6,1
2553,21,4,3887,0,8.6,0.32,0,2,2,1.5,0.5,1.5,0.5,1,54,29,11,10,0.91,187,10,2
5226,40,1,7892,0,5.5,0.82,1,1,2,1.5,-0.5,1.5,-0.5,0,47,29,6,6,1,193,6,1
881,10,4,1358,1,5.4,0.3,0,2,2,1.5,0.5,1.5,0.5,1,50,29,6,6,1,192,4,0
130,25,6,191,0,6.5,0.36,0,2,2,1.5,0.5,1.5,0.5,1,,29,7,7,1,,0,0
5408,41,1,8152,0,7,0.79,1,1,2,1.5,-0.5,1.5,-0.5,0,48,29,7,7,1,170,7,2
1525,18,2,2293,0,5.8,1.39,0,2,2,1.5,0.5,1.5,0.5,1,49,29,7,7,1,185,4,0
4103,29,1,6123,0,5.7,1.47,1,2,2,1.5,0.5,1.5,0.5,1,49,29,7,7,1,183,7,0
3589,26,9,5426,0,7.5,0.72,1,1,2,1.5,-0.5,1.5,-0.5,0,48,29,8,8,1,198,8,1
1991,39,1,2995,0,6.7,0.97,0,2,2,1.5,0.5,1.5,0.5,1,49,29,8,8,1,178,8,0
1949,35,1,2939,0,6.9,1.25,0,2,2,1.5,0.5,1.5,0.5,1,52,29,8,8,1,191,8,1
1382,16,3,2099,1,5.7,0.23,0,2,2,1.5,0.5,1.5,0.5,1,50,29,8,8,1,188,7,0
1315,15,1,1998,1,5.7,0.61,1,1,2,1.5,-0.5,1.5,-0.5,0,,29,8,8,1,,8,2
1289,15,2,1955,1,5.7,1.01,0,2,2,1.5,0.5,1.5,0.5,1,56,29,8,8,1,181,4,0
1074,13,1,1629,1,6,1.15,1,1,2,1.5,-0.5,1.5,-0.5,0,48,29,8,8,1,183,8,2
837,10,1,1281,1,5.4,1.25,1,2,2,1.5,0.5,1.5,0.5,1,,29,8,8,1,,8,3
1649,26,4,2496,0,7.5,0.3,0,1,2,1.5,-0.5,1.5,-0.5,0,50,29,9,9,1,203,9,1
160,25,4,237,0,6.5,0.39,0,2,2,1.5,0.5,1.5,0.5,1,50,29,9,9,1,179,6,0
3161,23,4,4765,0,7.8,0.4,0,1,2,1.5,-0.5,1.5,-0.5,0,52,29,9,9,1,203,8,2
3166,23,4,4772,0,7.8,0.4,0,1,2,1.5,-0.5,1.5,-0.5,0,51,29,9,9,1,181,9,3
4309,30,4,6429,0,6.8,0.41,1,1,2,1.5,-0.5,1.5,-0.5,0,49,29,9,9,1,165,9,1
3161,24,4,4766,0,7.3,0.65,0,2,2,1.5,0.5,1.5,0.5,1,52,29,9,9,1,187,9,1
4727,36,6,7114,0,7.5,0.65,1,2,2,1.5,0.5,1.5,0.5,1,48,29,9,9,1,189,9,5
4737,35,6,7125,0,6.9,0.7,1,1,2,1.5,-0.5,1.5,-0.5,0,48,29,9,9,1,184,9,1
3181,24,3,4790,0,7.3,0.73,1,1,2,1.5,-0.5,1.5,-0.5,0,50,29,9,9,1,191,7,0
2440,39,5,3711,0,6.7,1.05,0,2,2,1.5,0.5,1.5,0.5,1,50,29,9,9,1,131,4,0
5419,41,9,8172,0,7,1.14,1,2,2,1.5,0.5,1.5,0.5,1,50,29,9,9,1,193,8,2
2230,39,9,3400,0,6.7,1.37,0,2,2,1.5,0.5,1.5,0.5,1,50,29,9,9,1,177,8,0
410,5,3,637,1,5.6,0.4,1,2,2,1.5,0.5,1.5,0.5,1,47,29,9,9,1,204,7,1
497,6,5,783,1,6.7,0.48,1,2,2,1.5,0.5,1.5,0.5,1,51,29,9,9,1,192,9,0
335,4,9,516,1,8.2,0.61,1,2,5,1.5,0.5,1.5,0.5,0,50,29,9,9,1,199,9,0
733,8,1,1131,1,4.5,1.11,0,2,2,1.5,0.5,1.5,0.5,1,51,29,9,9,1,174,8,0
2638,45,6,4007,0,7.4,0.36,0,1,2,1.5,-0.5,1.5,-0.5,0,51,29,10,10,1,184,10,0
3630,28,4,5496,0,8.9,0.39,1,2,2,1.5,0.5,1.5,0.5,1,50,29,10,10,1,201,8,0
4445,35,4,6621,0,6.9,0.45,1,2,2,1.5,0.5,1.5,0.5,1,50,29,10,10,1,200,10,0
3139,23,8,4720,0,7.8,0.49,1,1,2,1.5,-0.5,1.5,-0.5,0,51,29,10,10,1,173,10,1
3000,23,9,4508,0,7.8,0.72,1,2,2,1.5,0.5,1.5,0.5,1,53,29,10,10,1,187,10,4
3278,24,8,4937,0,7.3,0.84,0,2,2,1.5,0.5,1.5,0.5,1,51,29,10,10,1,173,7,0
3325,24,8,5001,0,7.3,0.84,1,1,2,1.5,-0.5,1.5,-0.5,0,52,29,10,10,1,170,8,2
2989,21,5,4493,0,8.6,0.92,1,1,2,1.5,-0.5,1.5,-0.5,0,50,29,10,10,1,201,9,0
2252,41,9,3425,0,7,1.14,0,2,2,1.5,0.5,1.5,0.5,1,49,29,10,10,1,188,8,3
320,4,6,490,1,8.2,0.37,1,2,3,1.5,0.5,1.5,0.5,0,50,29,10,10,1,196,9,1
1383,16,9,2100,1,5.7,0.68,1,1,2,1.5,-0.5,1.5,-0.5,0,52,29,10,10,1,177,10,0
5159,45,6,7782,0,7.4,0.36,1,2,2,1.5,0.5,1.5,0.5,1,52,29,11,11,1,176,11,2
2978,23,6,4473,0,7.8,0.38,1,1,2,1.5,-0.5,1.5,-0.5,0,53,29,11,11,1,172,11,0
3226,23,6,4847,0,7.8,0.38,1,1,2,1.5,-0.5,1.5,-0.5,0,52,29,11,11,1,182,11,3
4798,35,8,7218,0,6.9,0.73,1,1,2,1.5,-0.5,1.5,-0.5,0,50,29,11,11,1,184,11,0
5402,40,1,8143,0,5.5,0.82,1,1,2,1.5,-0.5,1.5,-0.5,0,48,29,11,11,1,159,7,0
4856,37,5,7320,0,5.5,0.74,1,2,2,1.5,0.5,1.5,0.5,1,55,29,12,12,1,200,11,0
3143,24,6,4730,0,7.3,0.78,1,2,2,1.5,0.5,1.5,0.5,1,53,29,12,12,1,175,10,0
4221,32,2,6299,0,6.8,0.85,1,1,2,1.5,-0.5,1.5,-0.5,0,52,30,8,5,0.63,199,5,0
4158,30,8,6203,0,6.8,0.32,1,2,3,1.5,0.5,1.5,0.5,0,50,30,8,6,0.75,187,6,0
4798,36,4,7219,0,7.5,0.46,1,2,2,1.5,0.5,1.5,0.5,1,49,30,8,6,0.75,191,6,2
498,5,1,784,1,5.6,1.54,1,1,2,1.5,-0.5,1.5,-0.5,0,52,30,9,7,0.78,,0,0
504,5,2,791,1,5.6,1.76,1,1,2,1.5,-0.5,1.5,-0.5,0,51,30,9,7,0.78,205,7,0
5159,44,6,7781,0,5.1,0.38,1,1,2,1.5,-0.5,1.5,-0.5,0,53,30,10,8,0.8,150,2,0
4835,37,8,7282,0,5.5,0.58,1,2,2,1.5,0.5,1.5,0.5,1,55,30,6,5,0.83,183,5,0
1289,14,2,1954,1,7,0.75,0,1,2,1.5,-0.5,1.5,-0.5,0,54,30,6,5,0.83,189,4,0
5448,39,6,8220,0,6.7,0.43,1,1,2,1.5,-0.5,1.5,-0.5,0,49,30,7,6,0.86,193,6,0
5458,39,5,8235,0,6.7,1.05,1,1,2,1.5,-0.5,1.5,-0.5,0,49,30,7,6,0.86,141,5,1
4277,31,1,6375,0,7.7,1.11,1,1,2,1.5,-0.5,1.5,-0.5,0,47,30,7,6,0.86,153,6,0
2385,37,8,3636,0,5.5,0.58,0,1,2,1.5,-0.5,1.5,-0.5,0,53,30,8,7,0.88,,0,0
3331,24,4,5009,0,7.3,0.65,1,1,2,1.5,-0.5,1.5,-0.5,0,49,30,8,7,0.88,183,7,1
5419,40,9,8171,0,5.5,1.14,1,1,2,1.5,-0.5,1.5,-0.5,0,49,30,8,7,0.88,173,5,0
5229,42,1,7900,0,5.6,1.58,1,2,2,1.5,0.5,1.5,0.5,1,53,30,8,7,0.88,180,7,0
1234,12,1,1875,1,5.4,1.58,0,1,2,1.5,-0.5,1.5,-0.5,0,50,30,9,8,0.89,200,8,3
1365,17,2,2077,0,6.8,0.59,0,1,2,1.5,-0.5,1.5,-0.5,0,51,30,10,9,0.9,192,9,1
132,24,6,195,0,7.3,0.78,0,1,2,1.5,-0.5,1.5,-0.5,0,51,30,10,9,0.9,188,9,0
228,3,6,347,1,5.9,0.36,1,2,3,1.5,0.5,1.5,0.5,0,53,30,11,10,0.91,181,8,0
338,3,9,521,1,5.9,0.76,1,1,2,1.5,-0.5,1.5,-0.5,0,52,30,11,10,0.91,138,3,0
3144,24,2,4732,0,7.3,1.55,1,2,2,1.5,0.5,1.5,0.5,1,54,30,12,11,0.92,201,9,0
1347,15,3,2045,1,5.7,0.2,1,2,3,1.5,0.5,1.5,0.5,0,53,30,5,5,1,188,4,0
5445,42,4,8217,0,5.6,0.54,1,2,2,1.5,0.5,1.5,0.5,1,53,30,6,6,1,208,6,0
4653,37,6,6987,0,5.5,0.71,1,2,2,1.5,0.5,1.5,0.5,1,49,30,6,6,1,202,6,0
4947,39,1,7464,0,6.7,0.97,1,2,2,1.5,0.5,1.5,0.5,1,48,30,6,6,1,162,2,0
4281,31,1,6381,0,7.7,1.11,1,1,2,1.5,-0.5,1.5,-0.5,0,46,30,6,6,1,163,2,0
1748,30,9,2647,0,6.8,1.22,0,1,3,1.5,-0.5,1.5,-0.5,0,47,30,6,6,1,190,6,1
1290,14,2,1956,1,7,0.75,0,1,2,1.5,-0.5,1.5,-0.5,0,50,30,6,6,1,202,6,0
4111,29,4,6135,0,5.7,0.48,0,2,2,1.5,0.5,1.5,0.5,1,49,30,7,7,1,194,7,1
5142,39,4,7759,0,6.7,0.48,1,2,2,1.5,0.5,1.5,0.5,1,48,30,7,7,1,202,7,0
4713,37,4,7084,0,5.5,0.73,1,1,3,1.5,-0.5,1.5,-0.5,0,51,30,7,7,1,183,6,1
5352,44,3,8076,0,5.1,0.73,1,1,3,1.5,-0.5,1.5,-0.5,0,49,30,7,7,1,172,7,0
4766,37,9,7171,0,5.5,1.94,1,1,2,1.5,-0.5,1.5,-0.5,0,49,30,7,7,1,183,7,0
1293,14,2,1961,1,7,0.75,0,1,3,1.5,-0.5,1.5,-0.5,0,52,30,7,7,1,200,6,1
3270,23,3,4918,0,7.8,0.37,1,1,2,1.5,-0.5,1.5,-0.5,0,50,30,8,8,1,182,8,2
5063,40,6,7641,0,5.5,0.41,1,1,2,1.5,-0.5,1.5,-0.5,0,52,30,8,8,1,,0,0
3145,23,8,4733,0,7.8,0.49,1,1,2,1.5,-0.5,1.5,-0.5,0,51,30,8,8,1,188,8,2
4755,37,3,7157,0,5.5,0.87,1,1,2,1.5,-0.5,1.5,-0.5,0,52,30,8,8,1,163,7,1
4815,37,3,7247,0,5.5,0.87,1,2,2,1.5,0.5,1.5,0.5,1,57,30,8,8,1,186,8,0
213,27,2,326,0,7.3,0.96,0,2,2,1.5,0.5,1.5,0.5,1,52,30,8,8,1,185,7,2
3386,25,1,5095,0,6.5,1,1,2,2,1.5,0.5,1.5,0.5,1,53,30,8,8,1,188,7,1
2439,39,5,3709,0,6.7,1.05,0,2,2,1.5,0.5,1.5,0.5,1,49,30,8,8,1,,0,0
1903,37,2,2858,0,5.5,1.39,0,1,2,1.5,-0.5,1.5,-0.5,0,53,30,8,8,1,185,8,0
332,3,4,508,1,5.9,0.3,1,1,3,1.5,-0.5,1.5,-0.5,0,49,30,8,8,1,198,7,2
1538,18,6,2310,0,5.8,0.34,0,2,2,1.5,0.5,1.5,0.5,1,52,30,9,9,1,214,5,1
4305,30,4,6424,0,6.8,0.41,1,1,2,1.5,-0.5,1.5,-0.5,0,52,30,9,9,1,,0,0
3044,21,6,4590,0,8.6,0.46,1,1,2,1.5,-0.5,1.5,-0.5,0,52,30,9,9,1,184,9,1
4277,32,1,6376,0,6.8,0.54,1,2,2,1.5,0.5,1.5,0.5,1,51,30,9,9,1,183,9,2
5208,39,3,7862,0,6.7,0.57,1,1,2,1.5,-0.5,1.5,-0.5,0,49,30,9,9,1,191,9,0
157,24,4,230,0,7.3,0.65,0,1,2,1.5,-0.5,1.5,-0.5,0,52,30,9,9,1,193,8,0
3390,24,6,5100,0,7.3,0.78,1,1,2,1.5,-0.5,1.5,-0.5,0,54,30,9,9,1,180,8,0
3142,24,8,4728,0,7.3,0.84,1,2,2,1.5,0.5,1.5,0.5,1,51,30,9,9,1,186,8,0
3276,23,1,4933,0,7.8,1,0,1,2,1.5,-0.5,1.5,-0.5,0,51,30,9,9,1,191,9,2
2146,35,9,3263,0,6.9,1.75,0,1,2,1.5,-0.5,1.5,-0.5,0,50,30,9,9,1,181,9,2
458,6,4,701,1,6.7,0.27,1,2,3,1.5,0.5,1.5,0.5,0,53,30,9,9,1,194,7,0
3264,23,6,4909,0,7.8,0.38,1,1,2,1.5,-0.5,1.5,-0.5,0,53,30,10,10,1,188,10,4
4177,40,6,6228,0,5.5,0.41,1,1,2,1.5,-0.5,1.5,-0.5,0,50,30,10,10,1,155,6,0
2189,39,4,3328,0,6.7,0.48,0,1,4,1.5,-0.5,1.5,-0.5,0,52,30,10,10,1,193,10,1
5194,39,4,7836,0,6.7,0.48,1,1,2,1.5,-0.5,1.5,-0.5,0,50,30,10,10,1,179,8,0
3139,24,8,4721,0,7.3,0.84,1,2,2,1.5,0.5,1.5,0.5,1,51,30,10,10,1,171,9,1
1907,39,2,2867,0,6.7,1.23,0,2,2,1.5,0.5,1.5,0.5,1,50,30,10,10,1,186,8,0
149,25,9,222,0,6.5,1.33,0,2,2,1.5,0.5,1.5,0.5,1,52,30,10,10,1,195,9,1
429,4,4,661,1,8.2,0.32,1,1,3,1.5,-0.5,1.5,-0.5,0,53,30,10,10,1,185,9,2
421,4,2,652,1,8.2,0.8,1,1,2,1.5,-0.5,1.5,-0.5,0,51,30,10,10,1,193,10,1
487,6,1,760,1,6.7,1.4,1,2,3,1.5,0.5,1.5,0.5,0,52,30,10,10,1,198,10,0
650,7,1,1010,1,5.9,1.5,0,2,2,1.5,0.5,1.5,0.5,1,51,30,10,10,1,196,10,0
2189,40,4,3329,0,5.5,0.38,0,2,4,1.5,0.5,1.5,0.5,0,53,30,11,11,1,184,4,0
3151,24,4,4745,0,7.3,0.65,0,2,2,1.5,0.5,1.5,0.5,1,53,30,11,11,1,189,10,2
4543,33,1,6804,0,8.1,0.68,1,2,2,1.5,0.5,1.5,0.5,1,55,30,11,11,1,148,6,0
2380,37,6,3629,0,5.5,0.71,0,1,2,1.5,-0.5,1.5,-0.5,0,52,31,8,6,0.75,,0,0
5408,42,1,8153,0,5.6,1.58,1,2,2,1.5,0.5,1.5,0.5,1,53,31,6,5,0.83,190,5,0
2069,41,2,3128,0,7,1.76,0,1,3,1.5,-0.5,1.5,-0.5,0,51,31,7,6,0.86,202,6,3
1758,30,9,2668,0,6.8,1.22,0,2,2,1.5,0.5,1.5,0.5,1,51,31,8,7,0.88,200,7,1
881,9,4,1357,1,4.9,0.27,0,1,2,1.5,-0.5,1.5,-0.5,0,53,31,8,7,0.88,186,7,3
5435,40,6,8201,0,5.5,0.41,0,1,2,1.5,-0.5,1.5,-0.5,0,51,31,9,8,0.89,,0,0
3446,27,2,5176,0,7.3,0.96,1,2,2,1.5,0.5,1.5,0.5,1,53,31,9,8,0.89,161,8,0
798,9,4,1222,1,4.9,0.27,0,1,2,1.5,-0.5,1.5,-0.5,0,,31,9,8,0.89,,2,0
325,3,9,495,1,5.9,0.76,1,1,3,1.5,-0.5,1.5,-0.5,0,52,31,10,9,0.9,193,9,2
1590,27,5,2395,0,7.3,0.74,0,1,2,1.5,-0.5,1.5,-0.5,0,51,31,5,5,1,202,5,0
3274,23,1,4923,0,7.8,1,0,1,2,1.5,-0.5,1.5,-0.5,0,48,31,5,5,1,191,5,2
3726,44,1,5646,0,5.1,1.83,0,1,2,1.5,-0.5,1.5,-0.5,0,50,31,5,5,1,142,2,0
830,9,8,1270,1,4.9,0.41,1,1,2,1.5,-0.5,1.5,-0.5,0,52,31,5,5,1,,5,0
4717,37,6,7092,0,5.5,0.71,1,1,2,1.5,-0.5,1.5,-0.5,0,51,31,6,6,1,183,5,0
3098,22,3,4668,0,7.4,0.5,1,1,2,1.5,-0.5,1.5,-0.5,0,50,31,7,7,1,199,7,0
4771,37,3,7180,0,5.5,0.87,1,1,2,1.5,-0.5,1.5,-0.5,0,51,31,7,7,1,195,7,0
3395,25,1,5107,0,6.5,1,1,1,2,1.5,-0.5,1.5,-0.5,0,56,31,7,7,1,188,7,0
2110,35,9,3203,0,6.9,1.75,0,2,2,1.5,0.5,1.5,0.5,1,50,31,7,7,1,199,7,2
3727,44,1,5648,0,5.1,1.83,0,1,2,1.5,-0.5,1.5,-0.5,0,50,31,7,7,1,157,2,0
1034,13,5,1569,1,6,0.7,0,2,2,1.5,0.5,1.5,0.5,1,,31,7,7,1,,0,0
1111,14,1,1691,1,7,1.18,0,2,2,1.5,0.5,1.5,0.5,1,53,31,7,7,1,193,7,0
521,10,1,818,1,5.4,1.25,1,1,2,1.5,-0.5,1.5,-0.5,0,,31,7,7,1,,5,0
4426,33,4,6597,0,8.1,0.27,0,1,2,1.5,-0.5,1.5,-0.5,0,53,31,8,8,1,169,8,1
2986,21,8,4489,0,8.6,0.56,1,1,2,1.5,-0.5,1.5,-0.5,0,53,31,8,8,1,193,8,0
1363,17,5,2074,0,6.8,0.74,0,1,2,1.5,-0.5,1.5,-0.5,0,51,31,8,8,1,199,8,1
1916,40,2,2886,0,5.5,0.96,0,1,2,1.5,-0.5,1.5,-0.5,0,49,31,8,8,1,156,6,0
4444,35,1,6619,0,6.9,1.25,1,2,2,1.5,0.5,1.5,0.5,1,50,31,8,8,1,181,8,0
1293,15,2,1962,1,5.7,1.01,0,2,3,1.5,0.5,1.5,0.5,0,57,31,8,8,1,189,8,1
4854,37,7,7316,0,5.5,0.37,1,2,2,1.5,0.5,1.5,0.5,1,53,31,9,9,1,189,9,0
4503,35,4,6730,0,6.9,0.45,1,2,2,1.5,0.5,1.5,0.5,1,51,31,9,9,1,184,8,2
2507,20,9,3817,0,8.5,0.53,0,2,2,1.5,0.5,1.5,0.5,1,53,31,9,9,1,180,8,3
3074,22,8,4636,0,7.4,0.6,1,1,2,1.5,-0.5,1.5,-0.5,0,53,31,9,9,1,192,8,0
4404,46,3,6550,0,6.2,0.83,1,2,2,1.5,0.5,1.5,0.5,1,52,31,9,9,1,156,3,0
4620,35,1,6937,0,6.9,1.25,1,2,2,1.5,0.5,1.5,0.5,1,50,31,9,9,1,181,9,2
3286,24,2,4951,0,7.3,1.55,0,2,2,1.5,0.5,1.5,0.5,1,52,31,9,9,1,195,9,2
410,4,3,636,1,8.2,0.23,1,1,2,1.5,-0.5,1.5,-0.5,0,51,31,9,9,1,203,8,0
493,6,1,771,1,6.7,1.4,1,2,2,1.5,0.5,1.5,0.5,1,51,31,9,9,1,201,9,0
604,5,2,935,1,5.6,1.76,0,1,2,1.5,-0.5,1.5,-0.5,0,51,31,9,9,1,188,9,1
2879,19,9,4317,0,8.1,0.61,1,1,2,1.5,-0.5,1.5,-0.5,0,52,31,10,10,1,186,10,2
3299,24,9,4968,0,7.3,1.25,1,1,2,1.5,-0.5,1.5,-0.5,0,53,31,10,10,1,182,10,0
414,4,5,642,1,8.2,0.39,1,1,2,1.5,-0.5,1.5,-0.5,0,52,31,10,10,1,203,10,0
1857,30,6,2795,0,6.8,0.36,0,1,2,1.5,-0.5,1.5,-0.5,0,52,31,11,11,1,162,10,0
132,25,6,196,0,6.5,0.36,0,2,2,1.5,0.5,1.5,0.5,1,55,31,11,11,1,183,10,0
1139,20,6,1738,0,8.5,0.36,1,1,2,1.5,-0.5,1.5,-0.5,0,54,31,11,11,1,186,11,3
3287,24,8,4952,0,7.3,0.84,1,1,2,1.5,-0.5,1.5,-0.5,0,54,31,11,11,1,193,11,0
4789,35,2,7206,0,6.9,1.28,1,1,2,1.5,-0.5,1.5,-0.5,0,53,31,11,11,1,163,2,0
993,10,2,1517,1,5.4,0.53,1,1,3,1.5,-0.5,1.5,-0.5,0,,31,12,12,1,,11,1
3280,24,1,4941,0,7.3,1.47,0,2,2,1.5,0.5,1.5,0.5,1,56,32,8,3,0.38,198,3,1
3835,44,2,5783,0,5.1,1.39,1,1,2,1.5,-0.5,1.5,-0.5,0,49,32,6,3,0.5,,0,0
3226,24,6,4848,0,7.3,0.78,1,2,2,1.5,0.5,1.5,0.5,1,57,32,11,6,0.55,183,6,1
3499,29,8,5257,0,5.7,0.49,1,2,2,1.5,0.5,1.5,0.5,1,58,32,8,5,0.63,179,5,1
2067,42,2,3126,0,5.6,1.55,0,2,2,1.5,0.5,1.5,0.5,1,49,32,6,4,0.67,177,4,0
2132,35,8,3244,0,6.9,0.73,0,2,2,1.5,0.5,1.5,0.5,1,53,32,11,8,0.73,185,8,0
2381,37,6,3631,0,5.5,0.71,0,1,3,1.5,-0.5,1.5,-0.5,0,53,32,8,6,0.75,198,6,1
2310,26,1,3518,0,7.5,0.97,0,1,2,1.5,-0.5,1.5,-0.5,0,55,32,10,8,0.8,188,7,0
713,8,6,1097,1,4.5,0.27,1,1,2,1.5,-0.5,1.5,-0.5,0,53,32,10,8,0.8,200,7,0
4368,42,4,6505,0,5.6,0.54,1,1,2,1.5,-0.5,1.5,-0.5,0,61,32,7,6,0.86,173,6,0
4358,42,8,6487,0,5.6,0.79,1,1,2,1.5,-0.5,1.5,-0.5,0,54,32,7,6,0.86,181,6,0
272,3,3,415,1,5.9,0.2,0,2,2,1.5,0.5,1.5,0.5,1,50,32,7,6,0.86,199,5,0
3076,23,1,4641,0,7.8,1,1,2,2,1.5,0.5,1.5,0.5,1,51,32,8,7,0.88,189,7,1
160,24,9,236,0,7.3,1.25,0,1,2,1.5,-0.5,1.5,-0.5,0,51,32,8,7,0.88,200,6,1
2342,42,1,3569,0,5.6,1.58,0,1,2,1.5,-0.5,1.5,-0.5,0,53,32,8,7,0.88,201,7,2
5426,40,1,8180,0,5.5,0.82,1,1,2,1.5,-0.5,1.5,-0.5,0,53,32,9,8,0.89,175,5,0
4661,35,4,7003,0,6.9,0.45,1,1,2,1.5,-0.5,1.5,-0.5,0,52,32,10,9,0.9,194,9,3
3145,24,8,4734,0,7.3,0.84,1,2,2,1.5,0.5,1.5,0.5,1,55,32,10,9,0.9,183,8,0
266,3,9,406,1,5.9,0.76,1,2,2,1.5,0.5,1.5,0.5,1,54,32,10,9,0.9,200,8,0
4206,30,6,6278,0,6.8,0.36,1,2,2,1.5,0.5,1.5,0.5,1,53,32,11,10,0.91,188,10,0
2466,42,4,3765,0,5.6,0.54,0,2,3,1.5,0.5,1.5,0.5,0,50,32,6,6,1,192,6,0
1525,17,2,2292,0,6.8,0.59,0,1,2,1.5,-0.5,1.5,-0.5,0,49,32,6,6,1,199,6,1
128,26,4,188,0,7.5,0.3,0,2,2,1.5,0.5,1.5,0.5,1,50,32,7,7,1,198,7,1
5041,37,4,7603,0,5.5,0.73,1,1,2,1.5,-0.5,1.5,-0.5,0,53,32,7,7,1,172,4,0
3230,24,1,4852,0,7.3,1.47,1,1,2,1.5,-0.5,1.5,-0.5,0,50,32,7,7,1,193,7,0
5314,42,1,8020,0,5.6,1.58,1,1,2,1.5,-0.5,1.5,-0.5,0,50,32,7,7,1,191,7,2
1449,16,1,2186,1,5.7,1.15,0,1,2,1.5,-0.5,1.5,-0.5,0,,32,7,7,1,,0,0
1074,14,1,1630,1,7,1.18,1,2,2,1.5,0.5,1.5,0.5,1,,32,7,7,1,,7,0
2507,19,9,3816,0,8.1,0.61,0,1,2,1.5,-0.5,1.5,-0.5,0,52,32,8,8,1,183,8,1
4509,35,6,6744,0,6.9,0.7,1,2,2,1.5,0.5,1.5,0.5,1,56,32,8,8,1,189,7,1
548,7,6,856,1,5.9,0.33,0,2,2,1.5,0.5,1.5,0.5,1,52,32,8,8,1,198,8,0
1034,12,5,1568,1,5.4,0.7,0,1,2,1.5,-0.5,1.5,-0.5,0,50,32,8,8,1,195,8,1
2403,41,6,3664,0,7,0.37,0,2,2,1.5,0.5,1.5,0.5,1,53,32,9,9,1,186,9,2
2259,40,4,3435,0,5.5,0.38,0,1,2,1.5,-0.5,1.5,-0.5,0,55,32,9,9,1,182,2,1
3315,25,2,4989,0,6.5,0.48,0,2,2,1.5,0.5,1.5,0.5,1,56,32,9,9,1,171,5,0
2563,21,8,3901,0,8.6,0.56,0,2,2,1.5,0.5,1.5,0.5,1,55,32,9,9,1,192,9,1
2883,19,9,4324,0,8.1,0.61,1,1,2,1.5,-0.5,1.5,-0.5,0,53,32,9,9,1,191,9,3
3236,24,4,4862,0,7.3,0.65,1,1,2,1.5,-0.5,1.5,-0.5,0,53,32,9,9,1,187,8,0
3330,25,1,5008,0,6.5,1,1,2,2,1.5,0.5,1.5,0.5,1,56,32,9,9,1,200,9,0
2155,35,9,3277,0,6.9,1.75,0,1,2,1.5,-0.5,1.5,-0.5,0,53,32,9,9,1,182,7,0
962,12,6,1469,1,5.4,0.38,1,2,2,1.5,0.5,1.5,0.5,1,52,32,9,9,1,193,9,0
4727,35,4,7113,0,6.9,0.45,1,1,2,1.5,-0.5,1.5,-0.5,0,53,32,10,10,1,194,10,0
2881,20,9,4322,0,8.5,0.53,1,2,2,1.5,0.5,1.5,0.5,1,54,32,10,10,1,186,10,1
3133,24,4,4712,0,7.3,0.65,1,2,2,1.5,0.5,1.5,0.5,1,53,32,10,10,1,185,9,0
130,24,6,190,0,7.3,0.78,0,1,2,1.5,-0.5,1.5,-0.5,0,59,32,10,10,1,174,10,0
3264,24,6,4910,0,7.3,0.78,1,2,2,1.5,0.5,1.5,0.5,1,57,32,10,10,1,177,9,1
3318,25,1,4993,0,6.5,1,0,2,2,1.5,0.5,1.5,0.5,1,56,32,10,10,1,195,10,0
1051,11,4,1597,1,7,0.16,0,1,2,1.5,-0.5,1.5,-0.5,0,53,32,10,10,1,,9,1
1347,14,3,2044,1,7,0.23,1,1,3,1.5,-0.5,1.5,-0.5,0,59,32,10,10,1,186,9,0
839,9,3,1283,1,4.9,0.37,1,1,2,1.5,-0.5,1.5,-0.5,0,55,32,10,10,1,,0,0
421,5,2,653,1,5.6,1.76,1,2,2,1.5,0.5,1.5,0.5,1,52,32,10,10,1,193,10,0
3167,27,4,4775,0,7.3,0.32,1,2,2,1.5,0.5,1.5,0.5,1,56,32,11,11,1,194,11,1
4802,35,6,7226,0,6.9,0.7,1,1,2,1.5,-0.5,1.5,-0.5,0,53,32,11,11,1,188,10,0
2311,26,1,3520,0,7.5,0.97,0,1,2,1.5,-0.5,1.5,-0.5,0,58,32,11,11,1,195,10,1
372,4,6,582,1,8.2,0.37,0,2,2,1.5,0.5,1.5,0.5,1,55,32,11,11,1,203,10,0
458,5,4,700,1,5.6,0.28,1,1,3,1.5,-0.5,1.5,-0.5,0,55,32,12,12,1,187,0,0
3270,24,3,4919,0,7.3,0.73,1,2,2,1.5,0.5,1.5,0.5,1,54,33,5,2,0.4,186,1,0
2978,24,6,4474,0,7.3,0.78,1,2,2,1.5,0.5,1.5,0.5,1,56,33,10,6,0.6,184,6,0
3219,24,1,4838,0,7.3,1.47,1,1,2,1.5,-0.5,1.5,-0.5,0,53,33,8,5,0.63,202,5,0
3441,25,1,5165,0,6.5,1,0,1,2,1.5,-0.5,1.5,-0.5,0,57,33,6,4,0.67,187,3,1
1659,29,5,2515,0,5.7,1.27,0,1,2,1.5,-0.5,1.5,-0.5,0,54,33,9,6,0.67,193,6,1
1716,30,6,2603,0,6.8,0.36,0,2,3,1.5,0.5,1.5,0.5,0,55,33,11,8,0.73,173,8,0
3390,25,6,5101,0,6.5,0.36,1,2,2,1.5,0.5,1.5,0.5,1,55,33,9,7,0.78,183,7,0
1367,15,5,2081,1,5.7,0.61,0,2,2,1.5,0.5,1.5,0.5,1,,33,6,5,0.83,,5,0
3325,25,8,5002,0,6.5,0.39,1,2,2,1.5,0.5,1.5,0.5,1,59,33,9,8,0.89,203,8,0
4965,37,9,7489,0,5.5,1.94,1,1,2,1.5,-0.5,1.5,-0.5,0,59,33,9,8,0.89,189,8,0
4723,35,4,7106,0,6.9,0.45,1,1,2,1.5,-0.5,1.5,-0.5,0,54,33,10,9,0.9,180,9,0
213,26,2,325,0,7.5,0.48,0,1,2,1.5,-0.5,1.5,-0.5,0,54,33,11,10,0.91,197,10,2
3495,27,2,5249,0,7.3,0.96,1,2,2,1.5,0.5,1.5,0.5,1,52,33,6,6,1,162,6,0
5267,44,8,7944,0,5.1,0.84,1,2,2,1.5,0.5,1.5,0.5,1,52,33,7,7,1,,0,0
1104,13,4,1682,1,6,0.18,0,1,2,1.5,-0.5,1.5,-0.5,0,,33,7,7,1,,7,1
5459,40,4,8238,0,5.5,0.38,1,2,2,1.5,0.5,1.5,0.5,1,53,33,8,8,1,,0,0
4141,29,6,6176,0,5.7,0.47,1,1,2,1.5,-0.5,1.5,-0.5,0,52,33,8,8,1,188,8,0
2594,22,6,3949,0,7.4,0.49,0,2,2,1.5,0.5,1.5,0.5,1,54,33,8,8,1,197,8,0
5435,41,9,8202,0,7,1.14,0,2,2,1.5,0.5,1.5,0.5,1,53,33,8,8,1,180,8,2
1858,30,6,2797,0,6.8,0.36,0,1,2,1.5,-0.5,1.5,-0.5,0,53,33,9,9,1,190,9,1
3236,25,4,4863,0,6.5,0.39,1,2,2,1.5,0.5,1.5,0.5,1,54,33,9,9,1,186,9,0
1717,29,4,2604,0,5.7,0.48,0,1,2,1.5,-0.5,1.5,-0.5,0,52,33,9,9,1,188,9,0
2128,35,6,3236,0,6.9,0.7,0,2,2,1.5,0.5,1.5,0.5,1,55,33,9,9,1,177,8,0
2816,18,1,4239,0,5.8,0.79,0,1,2,1.5,-0.5,1.5,-0.5,0,54,33,9,9,1,207,9,0
3523,27,9,5301,0,7.3,0.87,1,1,2,1.5,-0.5,1.5,-0.5,0,55,33,9,9,1,202,9,0
3230,25,1,4853,0,6.5,1,1,2,2,1.5,0.5,1.5,0.5,1,56,33,9,9,1,196,9,0
2822,19,2,4251,0,8.1,1.23,0,2,2,1.5,0.5,1.5,0.5,1,55,33,9,9,1,202,9,1
4563,33,9,6837,0,8.1,1.29,1,1,2,1.5,-0.5,1.5,-0.5,0,53,33,9,9,1,169,5,0
2357,40,4,3593,0,5.5,0.38,0,2,2,1.5,0.5,1.5,0.5,1,54,33,10,10,1,145,4,0
3621,27,8,5480,0,7.3,0.45,1,1,3,1.5,-0.5,1.5,-0.5,0,56,33,10,10,1,186,10,1
3318,24,8,4992,0,7.3,0.84,0,1,2,1.5,-0.5,1.5,-0.5,0,55,33,10,10,1,193,10,0
2989,22,1,4494,0,7.4,1.36,1,2,2,1.5,0.5,1.5,0.5,1,54,33,10,10,1,189,10,0
3016,22,1,4539,0,7.4,1.36,1,1,2,1.5,-0.5,1.5,-0.5,0,55,33,11,11,1,197,11,1
164,24,4,241,0,7.3,0.65,0,1,2,1.5,-0.5,1.5,-0.5,0,53,34,8,4,0.5,180,4,0
5300,42,1,7996,0,5.6,1.58,1,1,2,1.5,-0.5,1.5,-0.5,0,55,34,8,4,0.5,191,3,1
3554,29,4,5351,0,5.7,0.48,1,1,2,1.5,-0.5,1.5,-0.5,0,54,34,9,6,0.67,190,6,0
3422,25,4,5142,0,6.5,0.39,1,1,2,1.5,-0.5,1.5,-0.5,0,54,34,8,6,0.75,197,6,0
3495,26,2,5248,0,7.5,0.48,1,1,2,1.5,-0.5,1.5,-0.5,0,54,34,9,7,0.78,202,5,1
5281,45,9,7965,0,7.4,1.14,1,1,2,1.5,-0.5,1.5,-0.5,0,53,34,10,8,0.8,177,8,2
1916,41,2,2887,0,7,1.76,0,2,2,1.5,0.5,1.5,0.5,1,51,34,6,5,0.83,,0,0
342,3,6,533,1,5.9,0.36,0,1,2,1.5,-0.5,1.5,-0.5,0,53,34,6,5,0.83,202,5,0
2204,33,8,3351,0,8.1,0.41,0,1,2,1.5,-0.5,1.5,-0.5,0,52,34,7,6,0.86,173,6,1
5278,42,3,7958,0,5.6,0.7,1,1,2,1.5,-0.5,1.5,-0.5,0,54,34,7,6,0.86,195,6,0
3072,22,1,4633,0,7.4,1.36,1,1,2,1.5,-0.5,1.5,-0.5,0,54,34,8,7,0.88,190,7,0
2069,42,2,3129,0,5.6,1.55,0,2,3,1.5,0.5,1.5,0.5,0,51,34,8,7,0.88,189,7,0
1465,17,2,2206,0,6.8,0.59,0,2,2,1.5,0.5,1.5,0.5,1,54,34,9,8,0.89,205,8,3
3280,23,1,4940,0,7.8,1,0,1,2,1.5,-0.5,1.5,-0.5,0,54,34,9,8,0.89,178,6,0
1174,12,1,1785,1,5.4,1.58,1,1,2,1.5,-0.5,1.5,-0.5,0,54,34,9,8,0.89,194,8,0
5279,42,3,7960,0,5.6,0.7,1,1,2,1.5,-0.5,1.5,-0.5,0,53,34,6,6,1,199,6,1
1730,30,1,2622,0,6.8,0.82,0,2,2,1.5,0.5,1.5,0.5,1,51,34,6,6,1,181,6,3
4209,29,1,6282,0,5.7,1.47,1,1,2,1.5,-0.5,1.5,-0.5,0,52,34,6,6,1,,0,0
2304,37,4,3506,0,5.5,0.73,0,1,2,1.5,-0.5,1.5,-0.5,0,62,34,7,7,1,191,7,0
3076,22,1,4640,0,7.4,1.36,1,1,2,1.5,-0.5,1.5,-0.5,0,53,34,7,7,1,198,7,0
3231,24,1,4854,0,7.3,1.47,1,1,2,1.5,-0.5,1.5,-0.5,0,53,34,7,7,1,205,6,0
1104,14,9,1683,1,7,1.06,0,2,2,1.5,0.5,1.5,0.5,1,,34,7,7,1,,6,0
3394,25,4,5105,0,6.5,0.39,1,1,2,1.5,-0.5,1.5,-0.5,0,55,34,8,8,1,184,8,0
214,26,2,328,0,7.5,0.48,0,2,2,1.5,0.5,1.5,0.5,1,52,34,8,8,1,189,8,1
4648,35,6,6975,0,6.9,0.7,1,1,2,1.5,-0.5,1.5,-0.5,0,53,34,8,8,1,166,8,0
2330,41,1,3552,0,7,0.79,0,1,2,1.5,-0.5,1.5,-0.5,0,52,34,8,8,1,191,8,0
2831,18,1,4260,0,5.8,0.79,0,1,2,1.5,-0.5,1.5,-0.5,0,54,34,8,8,1,194,8,1
1568,27,1,2351,0,7.3,1.18,0,1,2,1.5,-0.5,1.5,-0.5,0,54,34,8,8,1,185,8,3
1752,29,9,2652,0,5.7,1.25,0,1,2,1.5,-0.5,1.5,-0.5,0,52,34,8,8,1,189,8,0
3241,22,2,4873,0,7.4,1.66,0,1,2,1.5,-0.5,1.5,-0.5,0,55,34,8,8,1,148,8,0
3578,26,7,5404,0,7.5,0.21,1,1,2,1.5,-0.5,1.5,-0.5,0,55,34,9,9,1,190,9,0
3491,26,6,5243,0,7.5,0.31,1,2,2,1.5,0.5,1.5,0.5,1,57,34,9,9,1,184,9,1
101,24,8,149,0,7.3,0.84,0,1,3,1.5,-0.5,1.5,-0.5,0,58,34,9,9,1,172,5,1
200,26,1,302,0,7.5,0.97,0,2,2,1.5,0.5,1.5,0.5,1,54,34,9,9,1,193,6,0
3315,24,2,4988,0,7.3,1.55,0,1,2,1.5,-0.5,1.5,-0.5,0,56,34,9,9,1,188,8,0
839,10,3,1284,1,5.4,0.27,1,2,2,1.5,0.5,1.5,0.5,1,55,34,9,9,1,188,9,1
506,5,4,794,1,5.6,0.28,1,1,2,1.5,-0.5,1.5,-0.5,0,55,34,9,9,1,191,8,0
3464,25,4,5198,0,6.5,0.39,1,1,2,1.5,-0.5,1.5,-0.5,0,57,34,10,10,1,193,10,0
3386,24,7,5094,0,7.3,0.5,1,1,2,1.5,-0.5,1.5,-0.5,0,55,34,10,10,1,196,10,1
2986,22,8,4490,0,7.4,0.6,1,2,2,1.5,0.5,1.5,0.5,1,55,34,10,10,1,201,9,0
2816,19,1,4240,0,8.1,0.79,0,2,2,1.5,0.5,1.5,0.5,1,55,34,10,10,1,204,5,0
4273,30,6,6370,0,6.8,0.36,1,1,2,1.5,-0.5,1.5,-0.5,0,53,35,8,6,0.75,189,6,3
4761,37,3,7165,0,5.5,0.87,1,1,2,1.5,-0.5,1.5,-0.5,0,54,35,5,4,0.8,183,4,0
5308,42,1,8009,0,5.6,1.58,1,1,2,1.5,-0.5,1.5,-0.5,0,55,35,8,7,0.88,179,7,0
2518,19,6,3833,0,8.1,0.33,0,2,2,1.5,0.5,1.5,0.5,1,56,35,9,8,0.89,187,8,0
798,10,4,1223,1,5.4,0.3,0,2,2,1.5,0.5,1.5,0.5,1,55,35,9,8,0.89,188,8,0
2413,41,6,3675,0,7,0.37,0,1,2,1.5,-0.5,1.5,-0.5,0,47,35,4,4,1,189,4,1
214,25,2,327,0,6.5,0.48,0,1,2,1.5,-0.5,1.5,-0.5,0,55,35,6,6,1,187,5,0
1382,15,4,2098,1,5.7,0.12,0,1,2,1.5,-0.5,1.5,-0.5,0,53,35,6,6,1,189,4,0
1327,15,4,2013,1,5.7,0.12,0,2,2,1.5,0.5,1.5,0.5,1,56,35,7,7,1,196,7,0
1058,12,5,1611,1,5.4,0.7,1,2,2,1.5,0.5,1.5,0.5,1,52,35,7,7,1,183,6,1
3151,23,4,4744,0,7.8,0.4,0,1,2,1.5,-0.5,1.5,-0.5,0,53,35,8,8,1,198,8,3
2119,35,4,3225,0,6.9,0.45,0,2,2,1.5,0.5,1.5,0.5,1,53,35,8,8,1,187,8,1
3622,27,2,5482,0,7.3,0.96,1,1,2,1.5,-0.5,1.5,-0.5,0,56,35,8,8,1,181,8,0
829,9,1,1268,1,4.9,0.86,1,1,2,1.5,-0.5,1.5,-0.5,0,,35,8,8,1,,0,0
1569,27,5,2353,0,7.3,0.74,0,1,2,1.5,-0.5,1.5,-0.5,0,56,35,9,9,1,190,9,3
4656,37,1,6991,0,5.5,1.32,1,2,2,1.5,0.5,1.5,0.5,1,57,35,9,9,1,189,9,0
3168,24,1,4776,0,7.3,1.47,0,1,2,1.5,-0.5,1.5,-0.5,0,54,35,9,9,1,199,9,1
3276,24,1,4934,0,7.3,1.47,0,2,2,1.5,0.5,1.5,0.5,1,57,35,9,9,1,183,9,0
1056,11,4,1606,1,7,0.16,1,1,4,1.5,-0.5,1.5,-0.5,0,55,35,10,10,1,,9,0
932,11,2,1433,1,7,0.53,1,2,2,1.5,0.5,1.5,0.5,1,,35,10,10,1,,10,1
101,25,8,150,0,6.5,0.39,0,2,3,1.5,0.5,1.5,0.5,0,59,35,12,12,1,184,8,0
3639,29,5,5510,0,5.7,1.27,1,1,2,1.5,-0.5,1.5,-0.5,0,54,36,8,6,0.75,141,2,0
4394,42,3,6537,0,5.6,0.7,1,1,2,1.5,-0.5,1.5,-0.5,0,58,36,9,7,0.78,169,7,0
3491,25,4,5242,0,6.5,0.39,1,1,2,1.5,-0.5,1.5,-0.5,0,58,36,5,4,0.8,188,4,0
1327,14,4,2012,1,7,0.22,0,1,2,1.5,-0.5,1.5,-0.5,0,,36,7,6,0.86,,1,0
4170,29,5,6218,0,5.7,1.27,1,1,2,1.5,-0.5,1.5,-0.5,0,55,36,8,7,0.88,138,7,0
4557,32,6,6824,0,6.8,0.19,1,1,2,1.5,-0.5,1.5,-0.5,0,55,36,9,8,0.89,192,8,0
3571,27,7,5393,0,7.3,0.21,1,1,2,1.5,-0.5,1.5,-0.5,0,58,36,9,8,0.89,198,6,1
4109,29,3,6132,0,5.7,0.6,1,2,2,1.5,0.5,1.5,0.5,1,55,36,9,8,0.89,185,8,0
486,5,1,757,1,5.6,1.54,1,1,2,1.5,-0.5,1.5,-0.5,0,56,36,9,8,0.89,190,8,0
668,7,6,1031,1,5.9,0.33,1,2,2,1.5,0.5,1.5,0.5,1,54,36,6,6,1,200,6,0
2528,18,6,3845,0,5.8,0.34,0,1,2,1.5,-0.5,1.5,-0.5,0,58,36,7,7,1,191,3,1
573,6,6,888,1,6.7,0.46,0,2,2,1.5,0.5,1.5,0.5,1,57,36,7,7,1,196,6,0
487,5,1,759,1,5.6,1.54,1,1,3,1.5,-0.5,1.5,-0.5,0,56,36,7,7,1,191,6,0
3308,25,3,4979,0,6.5,0.33,1,1,2,1.5,-0.5,1.5,-0.5,0,60,36,8,8,1,188,8,0
1082,19,1,1644,0,8.1,0.79,1,2,2,1.5,0.5,1.5,0.5,1,55,36,8,8,1,193,8,1
3299,25,9,4969,0,6.5,1.33,1,2,2,1.5,0.5,1.5,0.5,1,59,36,8,8,1,,0,0
3255,24,2,4895,0,7.3,1.55,1,2,2,1.5,0.5,1.5,0.5,1,62,36,8,8,1,194,6,0
335,3,9,515,1,5.9,0.76,1,1,5,1.5,-0.5,1.5,-0.5,0,54,36,8,8,1,182,6,0
3581,27,3,5413,0,7.3,0.5,1,2,2,1.5,0.5,1.5,0.5,1,57,36,9,9,1,202,9,0
3589,27,9,5427,0,7.3,0.87,1,2,2,1.5,0.5,1.5,0.5,1,56,36,9,9,1,194,9,2
1728,29,1,2618,0,5.7,1.47,0,1,2,1.5,-0.5,1.5,-0.5,0,55,36,9,9,1,165,9,0
1433,16,4,2167,1,5.7,0.13,1,1,2,1.5,-0.5,1.5,-0.5,0,56,36,9,9,1,196,9,0
1058,11,5,1610,1,7,0.57,1,1,2,1.5,-0.5,1.5,-0.5,0,55,36,9,9,1,194,9,2
1283,14,9,1943,1,7,1.06,0,1,2,1.5,-0.5,1.5,-0.5,0,59,36,9,9,1,180,9,1
733,7,1,1130,1,5.9,1.5,0,1,2,1.5,-0.5,1.5,-0.5,0,56,36,9,9,1,175,7,0
2784,47,9,4202,0,6.7,2.05,0,2,2,1.5,0.5,1.5,0.5,1,57,36,10,10,1,158,10,0
1284,14,9,1945,1,7,1.06,0,1,2,1.5,-0.5,1.5,-0.5,0,,36,10,10,1,,10,1
739,25,1,1139,0,6.5,1,1,1,2,1.5,-0.5,1.5,-0.5,0,58,37,7,5,0.71,197,4,0
2594,21,6,3948,0,8.6,0.46,0,1,2,1.5,-0.5,1.5,-0.5,0,55,37,8,6,0.75,184,6,0
3540,29,3,5329,0,5.7,0.6,1,2,2,1.5,0.5,1.5,0.5,1,55,37,7,6,0.86,189,5,0
841,10,6,1288,1,5.4,0.28,1,2,2,1.5,0.5,1.5,0.5,1,55,37,8,7,0.88,190,7,1
3330,24,1,5007,0,7.3,1.47,1,1,2,1.5,-0.5,1.5,-0.5,0,57,37,9,8,0.89,187,8,0
3387,25,1,5097,0,6.5,1,1,2,2,1.5,0.5,1.5,0.5,1,56,37,6,6,1,201,5,0
4167,29,2,6213,0,5.7,1.23,1,1,2,1.5,-0.5,1.5,-0.5,0,56,37,6,6,1,183,6,0
3402,25,7,5121,0,6.5,0.17,1,2,2,1.5,0.5,1.5,0.5,1,59,37,7,7,1,184,6,0
2518,18,6,3832,0,5.8,0.34,0,1,2,1.5,-0.5,1.5,-0.5,0,57,37,7,7,1,178,6,0
740,25,6,1141,0,6.5,0.36,1,1,2,1.5,-0.5,1.5,-0.5,0,57,37,7,7,1,184,7,0
4168,29,4,6215,0,5.7,0.48,1,1,2,1.5,-0.5,1.5,-0.5,0,55,37,7,7,1,195,7,0
3607,29,4,5456,0,5.7,0.48,1,2,2,1.5,0.5,1.5,0.5,1,56,37,7,7,1,184,7,0
3478,29,2,5223,0,5.7,1.23,1,1,2,1.5,-0.5,1.5,-0.5,0,54,37,7,7,1,177,7,0
1700,27,4,2577,0,7.3,0.32,0,1,2,1.5,-0.5,1.5,-0.5,0,60,37,8,8,1,196,8,1
3287,25,8,4953,0,6.5,0.39,1,2,2,1.5,0.5,1.5,0.5,1,56,37,8,8,1,197,8,1
2857,19,2,4289,0,8.1,1.23,1,2,2,1.5,0.5,1.5,0.5,1,57,37,8,8,1,197,8,1
604,6,2,936,1,6.7,1.39,0,2,2,1.5,0.5,1.5,0.5,1,55,37,8,8,1,198,8,1
1649,27,4,2497,0,7.3,0.32,0,2,2,1.5,0.5,1.5,0.5,1,59,37,9,9,1,191,9,0
3133,23,4,4711,0,7.8,0.4,1,1,2,1.5,-0.5,1.5,-0.5,0,56,37,9,9,1,190,6,1
4206,29,6,6277,0,5.7,0.47,1,1,2,1.5,-0.5,1.5,-0.5,0,57,37,9,9,1,163,9,0
2820,18,1,4246,0,5.8,0.79,0,1,2,1.5,-0.5,1.5,-0.5,0,58,37,9,9,1,189,8,0
949,10,4,1454,1,5.4,0.3,0,1,2,1.5,-0.5,1.5,-0.5,0,57,37,9,9,1,195,9,0
3056,21,4,4609,0,8.6,0.32,1,1,2,1.5,-0.5,1.5,-0.5,0,56,37,10,10,1,188,10,1
1558,27,6,2335,0,7.3,0.33,0,1,2,1.5,-0.5,1.5,-0.5,0,60,37,10,10,1,194,10,1
2820,19,1,4247,0,8.1,0.79,0,2,2,1.5,0.5,1.5,0.5,1,58,37,10,10,1,186,10,1
3255,23,2,4894,0,7.8,1.01,1,1,2,1.5,-0.5,1.5,-0.5,0,59,37,10,10,1,174,10,0
2898,20,4,4347,0,8.5,0.25,1,1,2,1.5,-0.5,1.5,-0.5,0,61,37,11,11,1,191,11,3
114,29,4,167,0,5.7,0.48,0,1,2,1.5,-0.5,1.5,-0.5,0,59,38,10,7,0.7,159,6,0
157,25,4,231,0,6.5,0.39,0,2,2,1.5,0.5,1.5,0.5,1,64,38,8,7,0.88,191,7,0
2194,32,2,3335,0,6.8,0.85,0,1,3,1.5,-0.5,1.5,-0.5,0,59,38,9,8,0.89,184,8,0
1731,29,1,2623,0,5.7,1.47,0,1,2,1.5,-0.5,1.5,-0.5,0,58,38,9,8,0.89,127,2,0
3274,24,1,4924,0,7.3,1.47,0,2,2,1.5,0.5,1.5,0.5,1,58,38,5,5,1,198,4,0
2300,37,9,3501,0,5.5,1.94,0,1,2,1.5,-0.5,1.5,-0.5,0,56,38,5,5,1,207,5,0
5108,37,9,7708,0,5.5,1.94,1,1,2,1.5,-0.5,1.5,-0.5,0,57,38,5,5,1,198,5,1
1730,29,1,2621,0,5.7,1.47,0,1,2,1.5,-0.5,1.5,-0.5,0,56,38,6,6,1,175,5,0
87,25,8,132,0,6.5,0.39,0,2,2,1.5,0.5,1.5,0.5,1,57,38,7,7,1,190,7,1
1692,29,6,2566,0,5.7,0.47,0,2,2,1.5,0.5,1.5,0.5,1,55,38,7,7,1,170,7,0
3573,27,3,5397,0,7.3,0.5,1,2,2,1.5,0.5,1.5,0.5,1,58,38,7,7,1,200,7,1
4777,37,6,7188,0,5.5,0.71,1,1,2,1.5,-0.5,1.5,-0.5,0,57,38,7,7,1,191,7,0
5027,37,6,7585,0,5.5,0.71,1,1,2,1.5,-0.5,1.5,-0.5,0,56,38,7,7,1,,0,0
4281,32,1,6382,0,6.8,0.54,1,2,2,1.5,0.5,1.5,0.5,1,57,38,8,8,1,193,8,0
1465,16,2,2205,1,5.7,1.34,0,1,2,1.5,-0.5,1.5,-0.5,0,57,38,8,8,1,185,8,0
3558,27,4,5359,0,7.3,0.32,1,1,2,1.5,-0.5,1.5,-0.5,0,60,38,9,9,1,206,9,1
3075,22,6,4638,0,7.4,0.49,1,1,2,1.5,-0.5,1.5,-0.5,0,57,38,9,9,1,201,9,1
3544,27,2,5337,0,7.3,0.96,1,1,2,1.5,-0.5,1.5,-0.5,0,59,38,9,9,1,190,9,1
962,11,6,1468,1,7,0.24,1,1,2,1.5,-0.5,1.5,-0.5,0,57,38,9,9,1,,9,1
2831,19,1,4261,0,8.1,0.79,0,2,2,1.5,0.5,1.5,0.5,1,60,38,10,10,1,192,9,0
3529,27,3,5312,0,7.3,0.5,1,1,2,1.5,-0.5,1.5,-0.5,0,60,38,12,12,1,185,10,0
2311,27,1,3521,0,7.3,1.18,0,2,2,1.5,0.5,1.5,0.5,1,62,38,12,12,1,182,12,1
993,11,2,1518,1,7,0.53,1,2,3,1.5,0.5,1.5,0.5,0,,38,13,13,1,,13,0
2809,19,6,4228,0,8.1,0.33,1,1,4,1.5,-0.5,1.5,-0.5,0,60,39,9,7,0.78,190,6,2
1688,29,3,2560,0,5.7,0.6,0,2,2,1.5,0.5,1.5,0.5,1,57,39,8,7,0.88,140,2,0
2907,20,6,4364,0,8.5,0.36,1,1,2,1.5,-0.5,1.5,-0.5,0,61,39,9,8,0.89,195,7,0
1691,29,6,2564,0,5.7,0.47,0,2,2,1.5,0.5,1.5,0.5,1,58,39,9,8,0.89,155,8,1
106,24,8,155,0,7.3,0.84,0,1,2,1.5,-0.5,1.5,-0.5,0,59,39,5,5,1,200,4,0
1580,27,8,2373,0,7.3,0.45,0,1,2,1.5,-0.5,1.5,-0.5,0,60,39,7,7,1,200,7,4
208,25,4,316,0,6.5,0.39,0,1,2,1.5,-0.5,1.5,-0.5,0,60,39,8,8,1,202,7,2
1716,29,6,2602,0,5.7,0.47,0,1,3,1.5,-0.5,1.5,-0.5,0,57,39,8,8,1,179,8,0
2310,27,1,3519,0,7.3,1.18,0,2,2,1.5,0.5,1.5,0.5,1,59,39,8,8,1,189,7,3
2553,20,4,3886,0,8.5,0.25,0,1,2,1.5,-0.5,1.5,-0.5,0,60,39,9,9,1,191,9,2
3630,27,4,5495,0,7.3,0.32,1,1,2,1.5,-0.5,1.5,-0.5,0,60,39,9,9,1,199,9,4
3595,27,4,5434,0,7.3,0.32,1,1,2,1.5,-0.5,1.5,-0.5,0,61,39,10,10,1,197,10,0
3219,25,1,4839,0,6.5,1,1,2,2,1.5,0.5,1.5,0.5,1,63,39,10,10,1,213,5,0
3566,27,9,5380,0,7.3,0.87,1,1,2,1.5,-0.5,1.5,-0.5,0,62,39,11,11,1,183,11,0
4158,29,8,6202,0,5.7,0.49,1,1,3,1.5,-0.5,1.5,-0.5,0,61,40,8,6,0.75,159,6,0
2352,42,1,3584,0,5.6,1.58,0,1,2,1.5,-0.5,1.5,-0.5,0,60,40,9,7,0.78,181,5,1
1758,29,9,2667,0,5.7,1.25,0,1,2,1.5,-0.5,1.5,-0.5,0,56,40,6,5,0.83,180,5,1
497,5,5,782,1,5.6,0.52,1,1,2,1.5,-0.5,1.5,-0.5,0,58,40,9,8,0.89,174,6,0
1709,29,1,2592,0,5.7,1.47,0,1,2,1.5,-0.5,1.5,-0.5,0,59,40,10,9,0.9,168,4,1
5036,37,4,7597,0,5.5,0.73,1,1,2,1.5,-0.5,1.5,-0.5,0,59,40,7,7,1,199,7,1
1082,18,1,1643,0,5.8,0.79,1,1,2,1.5,-0.5,1.5,-0.5,0,60,40,8,8,1,204,7,1
3557,27,1,5357,0,7.3,1.18,1,1,2,1.5,-0.5,1.5,-0.5,0,60,40,8,8,1,,0,0
573,5,6,887,1,5.6,0.43,0,1,2,1.5,-0.5,1.5,-0.5,0,58,40,8,8,1,193,7,0
493,5,1,770,1,5.6,1.54,1,1,2,1.5,-0.5,1.5,-0.5,0,,40,8,8,1,,8,1
1245,13,4,1892,1,6,0.18,1,1,2,1.5,-0.5,1.5,-0.5,0,62,40,9,9,1,192,8,2
3403,25,4,5123,0,6.5,0.39,1,2,2,1.5,0.5,1.5,0.5,1,63,40,11,11,1,193,11,1
1619,42,4,2445,0,5.6,0.54,0,1,2,1.5,-0.5,1.5,-0.5,0,59,41,7,7,1,169,7,0
186,27,1,274,0,7.3,1.18,0,1,2,1.5,-0.5,1.5,-0.5,0,59,41,7,7,1,180,7,0
830,10,8,1271,1,5.4,0.49,1,2,2,1.5,0.5,1.5,0.5,1,60,41,7,7,1,,0,0
2508,19,4,3818,0,8.1,0.27,0,1,2,1.5,-0.5,1.5,-0.5,0,61,41,8,8,1,168,8,0
2945,20,8,4422,0,8.5,0.32,1,1,2,1.5,-0.5,1.5,-0.5,0,61,41,8,8,1,189,7,1
1564,27,1,2344,0,7.3,1.18,0,1,2,1.5,-0.5,1.5,-0.5,0,60,41,8,8,1,192,8,1
3487,25,9,5233,0,6.5,1.33,1,1,2,1.5,-0.5,1.5,-0.5,0,61,41,8,8,1,189,8,1
2822,18,2,4250,0,5.8,1.39,0,1,2,1.5,-0.5,1.5,-0.5,0,62,41,8,8,1,131,7,0
3535,27,4,5322,0,7.3,0.32,1,1,2,1.5,-0.5,1.5,-0.5,0,64,41,9,9,1,193,8,1
3522,27,9,5299,0,7.3,0.87,1,1,2,1.5,-0.5,1.5,-0.5,0,62,41,9,9,1,189,9,1
1581,27,1,2375,0,7.3,1.18,0,1,2,1.5,-0.5,1.5,-0.5,0,60,41,9,9,1,197,9,1
3527,27,1,5309,0,7.3,1.18,1,1,2,1.5,-0.5,1.5,-0.5,0,60,41,9,9,1,185,9,1
2890,20,9,4336,0,8.5,0.53,1,2,2,1.5,0.5,1.5,0.5,1,65,41,12,12,1,197,11,1
320,3,6,489,1,5.9,0.36,1,1,3,1.5,-0.5,1.5,-0.5,0,62,42,9,5,0.56,201,5,0
200,25,1,301,0,6.5,1,0,1,2,1.5,-0.5,1.5,-0.5,0,62,42,7,6,0.86,207,6,1
2857,18,2,4288,0,5.8,1.39,1,1,2,1.5,-0.5,1.5,-0.5,0,62,42,7,6,0.86,192,4,1
3231,25,1,4855,0,6.5,1,1,2,2,1.5,0.5,1.5,0.5,1,62,42,8,7,0.88,196,7,0
2330,42,1,3553,0,5.6,1.58,0,2,2,1.5,0.5,1.5,0.5,1,61,42,8,7,0.88,172,7,0
1588,27,4,2390,0,7.3,0.32,0,1,2,1.5,-0.5,1.5,-0.5,0,62,42,5,5,1,197,5,1
2350,42,1,3581,0,5.6,1.58,0,1,2,1.5,-0.5,1.5,-0.5,0,59,42,5,5,1,158,3,0
1290,15,2,1957,1,5.7,1.01,0,2,2,1.5,0.5,1.5,0.5,1,59,42,6,6,1,192,6,1
3331,25,4,5010,0,6.5,0.39,1,2,2,1.5,0.5,1.5,0.5,1,63,42,7,7,1,169,4,0
2890,19,9,4335,0,8.1,0.61,1,1,2,1.5,-0.5,1.5,-0.5,0,60,42,8,8,1,183,8,0
2809,20,6,4229,0,8.5,0.36,1,2,4,1.5,0.5,1.5,0.5,0,63,42,9,9,1,188,8,0
3578,27,8,5405,0,7.3,0.45,1,2,2,1.5,0.5,1.5,0.5,1,63,42,10,10,1,193,7,1
1627,27,6,2456,0,7.3,0.33,0,1,2,1.5,-0.5,1.5,-0.5,0,63,42,11,11,1,194,11,0
3469,25,4,5208,0,6.5,0.39,1,1,2,1.5,-0.5,1.5,-0.5,0,60,43,5,5,1,197,4,0
1170,11,6,1780,1,7,0.24,0,1,2,1.5,-0.5,1.5,-0.5,0,60,43,7,7,1,,7,0
1184,12,6,1798,1,5.4,0.38,1,1,2,1.5,-0.5,1.5,-0.5,0,63,43,8,8,1,161,7,0
2559,20,6,3895,0,8.5,0.36,0,1,2,1.5,-0.5,1.5,-0.5,0,62,43,9,9,1,187,9,0
3533,27,8,5319,0,7.3,0.45,1,1,2,1.5,-0.5,1.5,-0.5,0,64,43,9,9,1,191,9,2
3560,27,1,5366,0,7.3,1.18,1,1,2,1.5,-0.5,1.5,-0.5,0,62,44,7,7,1,186,7,1
2508,20,4,3819,0,8.5,0.25,0,2,2,1.5,0.5,1.5,0.5,1,66,44,9,9,1,198,7,1
1598,27,6,2408,0,7.3,0.33,0,1,2,1.5,-0.5,1.5,-0.5,0,64,44,9,9,1,181,8,1
1600,27,6,2414,0,7.3,0.33,0,1,2,1.5,-0.5,1.5,-0.5,0,64,44,9,9,1,194,5,1
2906,20,4,4362,0,8.5,0.25,1,1,2,1.5,-0.5,1.5,-0.5,0,66,44,10,10,1,195,9,0
1629,27,4,2459,0,7.3,0.32,0,1,2,1.5,-0.5,1.5,-0.5,0,67,44,10,10,1,179,10,1
1170,12,6,1781,1,5.4,0.38,0,2,2,1.5,0.5,1.5,0.5,1,60,45,6,5,0.83,,0,0
1669,27,9,2528,0,7.3,0.87,0,1,2,1.5,-0.5,1.5,-0.5,0,65,45,10,10,1,194,10,0
1365,18,2,2078,0,5.8,1.39,0,2,2,1.5,0.5,1.5,0.5,1,65,46,9,8,0.89,167,7,0
1631,27,4,2462,0,7.3,0.32,0,1,2,1.5,-0.5,1.5,-0.5,0,71,46,9,9,1,177,5,2
3181,25,3,4791,0,6.5,0.33,1,2,2,1.5,0.5,1.5,0.5,1,66,46,9,9,1,204,9,1
3531,27,8,5316,0,7.3,0.45,1,1,2,1.5,-0.5,1.5,-0.5,0,66,46,9,9,1,197,9,0
4829,37,8,7270,0,5.5,0.58,1,2,2,1.5,0.5,1.5,0.5,1,66,47,8,7,0.88,171,7,0
3592,27,6,5430,0,7.3,0.33,1,1,2,1.5,-0.5,1.5,-0.5,0,68,47,10,10,1,197,9,1
80,25,3,122,0,6.5,0.33,0,2,2,1.5,0.5,1.5,0.5,1,68,48,8,6,0.75,193,6,0
841,9,6,1287,1,4.9,0.24,1,1,2,1.5,-0.5,1.5,-0.5,0,,48,7,7,1,,5,0
914,9,5,1407,1,4.9,0.35,0,1,2,1.5,-0.5,1.5,-0.5,0,66,49,8,5,0.63,181,5,0
106,25,8,156,0,6.5,0.39,0,2,2,1.5,0.5,1.5,0.5,1,72,49,5,4,0.8,189,3,0
2563,20,8,3900,0,8.5,0.32,0,1,2,1.5,-0.5,1.5,-0.5,0,71,49,9,8,0.89,192,8,0
372,3,6,581,1,5.9,0.36,0,1,2,1.5,-0.5,1.5,-0.5,0,69,50,8,7,0.88,198,7,0
128,25,4,187,0,6.5,0.39,0,1,2,1.5,-0.5,1.5,-0.5,0,68,52,6,6,1,183,6,0
164,25,4,242,0,6.5,0.39,0,2,2,1.5,0.5,1.5,0.5,1,71,52,9,9,1,179,9,0
3460,25,1,5193,0,6.5,1,1,1,2,1.5,-0.5,1.5,-0.5,0,,53,9,9,1,,9,0
3168,25,1,4777,0,6.5,1,0,2,2,1.5,0.5,1.5,0.5,1,71,54,6,6,1,132,5,0
1787,30,2,2705,0,6.8,1.12,0,2,3,2,0,1.5,0.5,0,36,14,8,8,1,183,8,4
4790,36,6,7209,0,7.5,0.65,1,2,3,2,0,1.5,0.5,0,40,16,8,3,0.38,184,3,1
4946,38,4,7460,0,7.4,0.52,1,1,3,2,-1,1.5,-0.5,0,40,16,10,10,1,192,10,0
4124,30,3,6154,0,6.8,0.63,1,2,3,2,0,1.5,0.5,0,43,17,10,9,0.9,184,9,0
3568,28,2,5386,0,8.9,0.91,1,2,3,2,0,1.5,0.5,0,39,20,9,8,0.89,184,8,0
3525,28,8,5306,0,8.9,0.43,1,2,3,2,0,1.5,0.5,0,41,22,7,7,1,193,7,0
4808,37,9,7234,0,5.5,1.94,1,2,3,2,0,1.5,0.5,0,48,24,8,8,1,184,8,0
4790,35,6,7208,0,6.9,0.7,1,1,3,2,-1,1.5,-0.5,0,46,25,8,8,1,,0,0
4171,30,9,6221,0,6.8,1.22,1,2,4,2,0,1.5,0.5,0,45,25,8,8,1,194,8,3
4946,39,4,7461,0,6.7,0.48,1,2,3,2,0,1.5,0.5,0,47,27,7,7,1,196,7,0
4808,36,9,7233,0,7.5,1.25,1,1,3,2,-1,1.5,-0.5,0,48,30,5,4,0.8,183,4,0
3568,27,2,5385,0,7.3,0.96,1,1,3,2,-1,1.5,-0.5,0,53,33,6,6,1,188,5,2
4171,29,9,6220,0,5.7,1.25,1,1,4,2,-1,1.5,-0.5,0,51,33,8,8,1,185,8,0
1787,29,2,2704,0,5.7,1.23,0,1,3,2,-1,1.5,-0.5,0,54,34,8,6,0.75,185,6,0
1437,16,2,2172,1,5.7,1.34,0,1,3,2,-1,1.5,-0.5,0,58,37,10,10,1,181,10,0
1437,17,2,2173,0,6.8,0.59,0,2,3,2,0,1.5,0.5,0,58,38,10,10,1,178,10,0
4124,29,3,6153,0,5.7,0.6,1,1,3,2,-1,1.5,-0.5,0,57,40,7,6,0.86,,0,0
3525,27,8,5305,0,7.3,0.45,1,1,3,2,-1,1.5,-0.5,0,60,41,7,7,1,154,6,0
4790,37,6,7210,0,5.5,0.71,1,3,3,2,1,1.5,1.5,1,,,6,2,0.33,,0,0
3568,29,2,5387,0,5.7,1.23,1,3,3,2,1,1.5,1.5,1,,,8,3,0.38,175,3,0
1437,18,2,2174,0,5.8,1.39,0,3,3,2,1,1.5,1.5,1,,,8,5,0.63,197,4,1
4808,38,9,7235,0,7.4,1.79,1,3,3,2,1,1.5,1.5,1,,,10,8,0.8,195,7,2
3525,29,8,5307,0,5.7,0.49,1,3,3,2,1,1.5,1.5,1,,,6,6,1,177,6,1
4171,31,9,6222,0,7.7,0.87,1,3,4,2,1,1.5,1.5,0,,,7,7,1,193,6,0
1787,31,2,2706,0,7.7,1.18,0,3,3,2,1,1.5,1.5,1,,,8,8,1,177,8,0
4946,40,4,7462,0,5.5,0.38,1,3,3,2,1,1.5,1.5,1,,,10,10,1,186,3,0
4124,31,3,6155,0,7.7,0.57,1,3,3,2,1,1.5,1.5,1,,,10,10,1,189,10,0
5286,43,4,7973,0,6.8,0.46,1,2,4,2.333333333,-0.333333333,1.5,0.5,0,31,5,10,10,1,183,10,1
5286,42,4,7972,0,5.6,0.54,1,1,4,2.333333333,-1.333333333,1.5,-0.5,0,49,27,7,5,0.71,199,5,0
5286,45,4,7974,0,7.4,0.42,1,4,4,2.333333333,1.666666667,1.5,2.5,1,,,10,10,1,190,10,2
3878,45,5,5850,0,7.4,1.27,1,2,2,1.5,0.5,2,0,1,31,6,12,12,1,177,8,0
2343,43,1,3572,0,6.8,1.61,0,2,2,1.5,0.5,2,0,1,39,18,9,8,0.89,190,8,0
3723,45,5,5642,0,7.4,1.27,0,2,2,1.5,0.5,2,0,1,38,19,7,7,1,184,7,1
1721,30,2,2610,0,6.8,1.12,0,2,2,1.5,0.5,2,0,1,42,20,7,6,0.86,184,6,0
1636,28,1,2471,0,8.9,1.15,0,2,2,1.5,0.5,2,0,1,42,21,10,10,1,164,9,2
2731,44,3,4117,0,5.1,0.73,0,2,2,1.5,0.5,2,0,1,44,22,9,9,1,191,9,1
2401,41,8,3660,0,7,0.54,0,2,3,1.5,0.5,2,0,0,46,24,9,7,0.78,194,7,1
3530,28,9,5315,0,8.9,1.1,1,2,2,1.5,0.5,2,0,1,47,25,10,10,1,176,8,0
3761,47,5,5691,0,6.7,1.66,0,2,2,1.5,0.5,2,0,1,48,26,10,10,1,186,10,2
4741,37,1,7133,0,5.5,1.32,1,2,2,1.5,0.5,2,0,1,50,28,9,7,0.78,169,6,0
3764,47,5,5697,0,6.7,1.66,0,2,2,1.5,0.5,2,0,1,47,28,6,6,1,191,6,0
4498,35,6,6722,0,6.9,0.7,1,2,2,1.5,0.5,2,0,1,49,29,9,9,1,183,9,0
2160,37,4,3288,0,5.5,0.73,0,2,2,1.5,0.5,2,0,1,51,31,8,7,0.88,178,7,0
4749,37,8,7147,0,5.5,0.58,1,2,2,1.5,0.5,2,0,1,56,31,6,6,1,176,5,0
1811,30,8,2737,0,6.8,0.32,0,2,2,1.5,0.5,2,0,1,51,33,7,6,0.86,152,6,0
1721,29,2,2609,0,5.7,1.23,0,1,2,1.5,-0.5,2,-1,0,,,2,1,0.5,188,1,0
2160,36,4,3287,0,7.5,0.46,0,1,2,1.5,-0.5,2,-1,0,,,7,6,0.86,180,6,0
3761,46,5,5690,0,6.2,1.57,0,1,2,1.5,-0.5,2,-1,0,,,9,8,0.89,183,8,0
3878,44,5,5849,0,5.1,1.92,1,1,2,1.5,-0.5,2,-1,0,,,10,9,0.9,,0,0
4741,36,1,7132,0,7.5,0.75,1,1,2,1.5,-0.5,2,-1,0,,,4,4,1,194,4,3
1811,29,8,2736,0,5.7,0.49,0,1,2,1.5,-0.5,2,-1,0,,,5,5,1,177,5,1
4749,36,8,7146,0,7.5,0.51,1,1,2,1.5,-0.5,2,-1,0,,,5,5,1,183,5,1
3764,46,5,5696,0,6.2,1.57,0,1,2,1.5,-0.5,2,-1,0,,,6,6,1,192,6,1
2343,42,1,3571,0,5.6,1.58,0,1,2,1.5,-0.5,2,-1,0,,,6,6,1,191,6,0
2401,40,8,3659,0,5.5,0.51,0,1,3,1.5,-0.5,2,-1,0,,,7,7,1,159,5,0
2731,43,3,4116,0,6.8,0.77,0,1,2,1.5,-0.5,2,-1,0,,,7,7,1,192,7,0
3530,27,9,5314,0,7.3,0.87,1,1,2,1.5,-0.5,2,-1,0,,,7,7,1,,0,0
3723,44,5,5641,0,5.1,1.92,0,1,2,1.5,-0.5,2,-1,0,,,7,7,1,193,7,0
4498,34,6,6721,0,7.6,0.53,1,1,2,1.5,-0.5,2,-1,0,,,9,9,1,182,9,0
1636,27,1,2470,0,7.3,1.18,0,1,2,1.5,-0.5,2,-1,0,,,9,9,1,167,8,0
1859,31,1,2799,0,7.7,1.11,0,2,2,2,0,2,0,1,34,4,12,6,0.5,191,4,0
4154,31,4,6195,0,7.7,0.38,1,3,4,2,1,2,1,0,24,4,11,11,1,168,10,2
5288,43,4,7976,0,6.8,0.46,1,2,2,2,0,2,0,1,29,5,10,9,0.9,175,9,1
5440,43,2,8208,0,6.8,1.98,1,3,3,2,1,2,1,1,25,6,9,7,0.78,184,6,0
1793,31,2,2717,0,7.7,1.18,0,3,3,2,1,2,1,1,30,6,8,7,0.88,187,7,0
4931,38,3,7443,0,7.4,0.83,1,2,3,2,0,2,0,0,29,6,9,8,0.89,190,8,1
2336,43,1,3562,0,6.8,1.61,0,2,2,2,0,2,0,1,31,6,10,9,0.9,150,9,0
4928,38,1,7438,0,7.4,1.4,1,2,3,2,0,2,0,0,30,6,9,9,1,156,7,0
2080,44,2,3149,0,5.1,1.39,0,2,3,2,0,2,0,0,44,6,10,10,1,192,10,0
5030,38,3,7590,0,7.4,0.83,1,2,2,2,0,2,0,1,33,6,12,12,1,194,12,2
4334,43,2,6459,0,6.8,1.98,1,2,2,2,0,2,0,1,31,7,5,4,0.8,178,4,3
4284,31,2,6387,0,7.7,1.18,1,2,3,2,0,2,0,0,33,7,10,8,0.8,191,8,0
1896,38,2,2845,0,7.4,1.39,0,3,3,2,1,2,1,1,28,7,10,8,0.8,180,8,0
5301,43,1,7999,0,6.8,1.61,1,2,3,2,0,2,0,0,30,7,9,8,0.89,170,8,0
5441,43,9,8211,0,6.8,1.67,1,3,3,2,1,2,1,1,32,7,11,10,0.91,180,10,1
2732,43,4,4118,0,6.8,0.46,0,2,2,2,0,2,0,1,29,7,10,10,1,186,10,1
1769,31,4,2682,0,7.7,0.38,0,2,3,2,0,2,0,0,,7,11,11,1,,11,2
1754,31,4,2663,0,7.7,0.38,0,3,4,2,1,2,1,0,35,7,11,11,1,201,9,0
4523,34,5,6762,0,7.6,1.53,1,2,2,2,0,2,0,1,33,7,11,11,1,178,11,4
4605,40,5,6913,0,5.5,1.57,1,2,2,2,0,2,0,1,33,7,12,12,1,191,12,0
4916,40,5,7419,0,5.5,1.57,1,2,5,2,0,2,0,0,29,8,9,8,0.89,185,8,1
4912,43,2,7412,0,6.8,1.98,1,2,2,2,0,2,0,1,31,8,9,9,1,179,9,1
3620,38,2,5479,0,7.4,1.39,1,3,3,2,1,2,1,1,30,8,10,10,1,194,10,1
3717,46,5,5632,0,6.2,1.57,0,3,3,2,1,2,1,1,32,8,11,11,1,175,11,0
4293,31,9,6399,0,7.7,0.87,1,1,3,2,-1,2,-1,0,37,8,13,13,1,182,13,1
2711,43,8,4092,0,6.8,0.84,0,2,2,2,0,2,0,1,31,9,9,7,0.78,179,7,1
4364,43,4,6496,0,6.8,0.46,1,2,2,2,0,2,0,1,40,9,9,8,0.89,196,8,0
5177,38,4,7811,0,7.4,0.52,1,1,3,2,-1,2,-1,0,32,9,10,9,0.9,192,9,2
5287,43,6,7975,0,6.8,0.56,1,2,2,2,0,2,0,1,33,9,10,9,0.9,176,8,3
2695,43,8,4070,0,6.8,0.84,0,2,2,2,0,2,0,1,32,9,10,9,0.9,171,9,4
1799,31,1,2723,0,7.7,1.11,0,2,3,2,0,2,0,0,34,9,9,9,1,178,9,0
4715,38,2,7090,0,7.4,1.39,1,2,2,2,0,2,0,1,34,9,9,9,1,174,9,1
1917,43,2,2888,0,6.8,1.98,0,2,2,2,0,2,0,1,31,9,9,9,1,169,9,0
2287,38,4,3482,0,7.4,0.52,0,2,3,2,0,2,0,0,32,9,10,10,1,190,10,3
5285,44,4,7971,0,5.1,0.41,1,3,3,2,1,2,1,1,33,9,11,11,1,147,9,0
3477,30,5,5222,0,6.8,1.01,1,3,3,2,1,2,1,1,35,9,11,11,1,185,11,4
5073,38,1,7653,0,7.4,1.4,1,1,3,2,-1,2,-1,0,34,9,11,11,1,173,10,2
1712,38,4,2596,0,7.4,0.52,0,2,2,2,0,2,0,1,37,9,12,12,1,178,9,2
4904,38,6,7400,0,7.4,0.68,1,2,2,2,0,2,0,1,50,10,18,12,0.67,,0,0
2476,43,4,3777,0,6.8,0.46,0,3,3,2,1,2,1,1,31,10,8,6,0.75,,0,0
2444,38,5,3720,0,7.4,1.14,0,2,2,2,0,2,0,1,32,10,8,7,0.88,169,7,1
4463,36,3,6659,0,7.5,0.73,1,3,3,2,1,2,1,1,32,10,10,9,0.9,182,9,4
1727,31,1,2617,0,7.7,1.11,0,3,3,2,1,2,1,1,35,10,10,9,0.9,188,9,0
2355,40,9,3589,0,5.5,1.14,0,2,3,2,0,2,0,0,38,10,12,11,0.92,190,11,1
4816,38,3,7250,0,7.4,0.83,1,3,3,2,1,2,1,1,33,10,8,8,1,201,8,1
5268,43,1,7945,0,6.8,1.61,1,1,3,2,-1,2,-1,0,32,10,8,8,1,196,8,0
2167,38,3,3299,0,7.4,0.83,0,3,3,2,1,2,1,1,35,11,11,9,0.82,195,9,4
5199,40,2,7846,0,5.5,0.96,1,2,3,2,0,2,0,0,34,11,9,8,0.89,181,8,2
1987,38,1,2987,0,7.4,1.4,0,1,3,2,-1,2,-1,0,33,11,9,8,0.89,184,8,1
5446,40,5,8218,0,5.5,1.57,1,2,2,2,0,2,0,1,38,11,8,8,1,183,7,0
4756,38,9,7159,0,7.4,1.79,1,2,2,2,0,2,0,1,34,11,8,8,1,200,8,2
5056,38,9,7631,0,7.4,1.79,1,2,2,2,0,2,0,1,32,11,8,8,1,199,8,3
4957,38,4,7475,0,7.4,0.52,1,2,2,2,0,2,0,1,37,11,10,10,1,185,10,3
4155,31,2,6198,0,7.7,1.18,1,3,3,2,1,2,1,1,40,11,10,10,1,189,10,1
4934,38,1,7447,0,7.4,1.4,1,2,2,2,0,2,0,1,35,11,10,10,1,177,10,0
3604,30,5,5449,0,6.8,1.01,1,3,3,2,1,2,1,1,38,11,11,11,1,182,11,1
4966,38,8,7491,0,7.4,0.51,1,2,2,2,0,2,0,1,34,12,6,2,0.33,184,2,0
4832,38,4,7276,0,7.4,0.52,1,3,4,2,1,2,1,0,38,12,10,7,0.7,185,7,0
4384,43,4,6526,0,6.8,0.46,1,2,2,2,0,2,0,1,37,12,11,8,0.73,193,8,1
4864,38,6,7329,0,7.4,0.68,1,2,2,2,0,2,0,1,33,12,8,6,0.75,197,5,2
2142,36,4,3256,0,7.5,0.46,0,2,3,2,0,2,0,0,35,12,9,7,0.78,188,7,1
2324,43,5,3539,0,6.8,1.92,0,3,3,2,1,2,1,1,37,12,11,9,0.82,188,9,2
4154,30,4,6194,0,6.8,0.41,1,2,4,2,0,2,0,0,37,12,9,8,0.89,192,8,2
5040,38,6,7602,0,7.4,0.68,1,2,2,2,0,2,0,1,36,12,9,8,0.89,184,8,1
5115,38,9,7719,0,7.4,1.79,1,2,3,2,0,2,0,0,34,12,10,9,0.9,196,9,1
2063,43,2,3117,0,6.8,1.98,0,3,3,2,1,2,1,1,34,12,10,9,0.9,174,8,1
5047,38,6,7616,0,7.4,0.68,1,2,2,2,0,2,0,1,37,12,9,9,1,182,9,1
2163,36,3,3291,0,7.5,0.73,0,2,2,2,0,2,0,1,33,12,9,9,1,183,9,2
4916,41,5,7420,0,7,1.09,1,3,5,2,1,2,1,0,33,12,9,9,1,181,9,0
5050,38,2,7621,0,7.4,1.39,1,2,2,2,0,2,0,1,34,12,9,9,1,194,9,4
4617,36,4,6933,0,7.5,0.46,1,2,2,2,0,2,0,1,35,12,10,10,1,185,10,2
4975,38,4,7507,0,7.4,0.52,1,2,3,2,0,2,0,0,35,12,10,10,1,210,10,1
2355,39,9,3588,0,6.7,1.37,0,1,3,2,-1,2,-1,0,37,12,10,10,1,178,9,1
5046,38,6,7614,0,7.4,0.68,1,2,3,2,0,2,0,0,35,12,11,11,1,193,11,0
5374,43,2,8107,0,6.8,1.98,0,1,3,2,-1,2,-1,0,34,12,11,11,1,174,11,2
2460,41,5,3755,0,7,1.09,0,2,4,2,0,2,0,0,38,12,12,12,1,193,12,0
3888,45,5,5863,0,7.4,1.27,1,2,2,2,0,2,0,1,35,13,10,1,0.1,,0,0
1784,31,4,2700,0,7.7,0.38,0,2,2,2,0,2,0,1,36,13,10,8,0.8,192,8,0
1870,31,2,2813,0,7.7,1.18,0,2,2,2,0,2,0,1,36,13,7,6,0.86,,0,0
5415,40,1,8163,0,5.5,0.82,1,1,3,2,-1,2,-1,0,35,13,8,7,0.88,179,7,2
5412,40,2,8157,0,5.5,0.96,1,1,3,2,-1,2,-1,0,37,13,8,7,0.88,194,6,3
4916,39,5,7418,0,6.7,1.05,1,1,5,2,-1,2,-1,0,35,13,8,7,0.88,190,7,0
2266,36,4,3449,0,7.5,0.46,0,2,3,2,0,2,0,0,35,13,9,8,0.89,178,8,2
2388,38,6,3641,0,7.4,0.68,0,2,3,2,0,2,0,0,38,13,9,8,0.89,192,8,1
1571,30,5,2358,0,6.8,1.01,0,3,3,2,1,2,1,1,38,13,9,8,0.89,171,8,1
2443,38,5,3717,0,7.4,1.14,0,1,3,2,-1,2,-1,0,34,13,9,8,0.89,187,8,1
4824,43,2,7263,0,6.8,1.98,1,2,2,2,0,2,0,1,34,13,9,8,0.89,182,8,0
4208,30,5,6281,0,6.8,1.01,1,2,4,2,0,2,0,0,42,13,11,10,0.91,183,10,0
2410,43,8,3672,0,6.8,0.84,0,3,3,2,1,2,1,1,33,13,6,6,1,189,6,2
5183,40,3,7819,0,5.5,0.4,1,2,2,2,0,2,0,1,37,13,7,7,1,192,7,1
5319,43,5,8032,0,6.8,1.92,1,2,2,2,0,2,0,1,33,13,7,7,1,,0,0
5361,45,6,8091,0,7.4,0.36,1,2,2,2,0,2,0,1,33,13,8,8,1,170,8,1
2696,43,6,4071,0,6.8,0.56,0,2,2,2,0,2,0,1,36,13,8,8,1,197,8,1
2223,38,3,3385,0,7.4,0.83,0,2,2,2,0,2,0,1,34,13,8,8,1,181,8,0
4932,38,1,7445,0,7.4,1.4,1,2,3,2,0,2,0,0,33,13,8,8,1,197,8,1
4335,43,2,6460,0,6.8,1.98,1,2,2,2,0,2,0,1,35,13,8,8,1,186,8,0
4825,43,2,7264,0,6.8,1.98,1,2,2,2,0,2,0,1,33,13,8,8,1,184,8,2
3911,45,4,5892,0,7.4,0.42,1,2,3,2,0,2,0,0,34,13,9,9,1,194,8,0
4699,36,4,7057,0,7.5,0.46,1,2,3,2,0,2,0,0,35,13,9,9,1,192,8,5
5151,38,4,7770,0,7.4,0.52,0,1,3,2,-1,2,-1,0,36,13,9,9,1,197,9,1
2487,38,6,3790,0,7.4,0.68,0,2,2,2,0,2,0,1,36,13,9,9,1,181,9,1
2277,38,6,3466,0,7.4,0.68,0,3,3,2,1,2,1,1,34,13,9,9,1,190,9,2
4463,34,3,6657,0,7.6,0.83,1,1,3,2,-1,2,-1,0,33,13,9,9,1,151,9,0
2097,35,9,3178,0,6.9,1.75,0,2,3,2,0,2,0,0,40,13,9,9,1,191,9,2
5073,39,1,7654,0,6.7,0.97,1,2,3,2,0,2,0,0,38,13,10,10,1,191,10,0
1734,30,4,2629,0,6.8,0.41,0,2,2,2,0,2,0,1,39,13,11,11,1,180,11,2
4484,36,5,6696,0,7.5,1.01,1,3,3,2,1,2,1,1,38,13,11,11,1,204,11,1
4909,43,2,7409,0,6.8,1.98,1,3,3,2,1,2,1,1,32,14,5,3,0.6,189,3,0
4698,36,5,7055,0,7.5,1.01,1,2,2,2,0,2,0,1,38,14,9,7,0.78,191,7,0
4657,36,4,6993,0,7.5,0.46,1,2,3,2,0,2,0,0,37,14,10,8,0.8,190,8,1
5138,38,8,7753,0,7.4,0.51,1,1,3,2,-1,2,-1,0,35,14,10,8,0.8,187,8,2
5440,41,2,8207,0,7,1.76,1,1,3,2,-1,2,-1,0,34,14,6,5,0.83,181,5,2
5090,40,5,7682,0,5.5,1.57,1,2,3,2,0,2,0,0,39,14,7,6,0.86,182,4,1
4959,38,6,7477,0,7.4,0.68,1,2,3,2,0,2,0,0,36,14,8,7,0.88,188,7,0
5053,38,3,7625,0,7.4,0.83,1,2,3,2,0,2,0,0,35,14,8,7,0.88,187,7,0
4296,31,9,6405,0,7.7,0.87,1,1,3,2,-1,2,-1,0,36,14,8,7,0.88,214,7,0
5268,45,5,7946,0,7.4,1.27,1,3,3,2,1,2,1,1,37,14,8,7,0.88,181,7,0
2328,43,1,3547,0,6.8,1.61,0,3,3,2,1,2,1,1,35,14,8,7,0.88,173,7,0
4366,43,1,6500,0,6.8,1.61,1,2,2,2,0,2,0,1,34,14,8,7,0.88,190,7,4
4897,38,9,7393,0,7.4,1.79,1,3,3,2,1,2,1,1,36,14,9,8,0.89,194,8,2
5155,45,3,7777,0,7.4,0.43,1,2,2,2,0,2,0,1,33,14,8,8,1,183,7,0
1987,40,1,2989,0,5.5,0.82,0,3,3,2,1,2,1,1,37,14,8,8,1,180,8,1
2098,36,3,3182,0,7.5,0.73,0,3,3,2,1,2,1,1,35,14,9,9,1,176,9,0
4642,34,2,6966,0,7.6,0.91,1,2,3,2,0,2,0,0,35,14,9,9,1,194,9,4
1801,30,5,2725,0,6.8,1.01,0,2,2,2,0,2,0,1,38,14,9,9,1,178,9,2
4711,36,5,7082,0,7.5,1.01,1,2,2,2,0,2,0,1,35,14,9,9,1,175,9,4
4494,35,5,6713,0,6.9,1.01,1,2,3,2,0,2,0,0,39,14,9,9,1,191,9,1
4716,38,1,7091,0,7.4,1.4,1,2,2,2,0,2,0,1,36,14,9,9,1,201,8,0
2077,43,2,3145,0,6.8,1.98,0,2,2,2,0,2,0,1,35,14,10,10,1,176,10,2
4210,31,8,6285,0,7.7,0.39,1,3,3,2,1,2,1,1,38,14,11,11,1,187,1,0
4647,36,6,6974,0,7.5,0.65,1,2,2,2,0,2,0,1,40,14,11,11,1,171,11,0
2218,38,6,3376,0,7.4,0.68,0,2,2,2,0,2,0,1,35,15,10,8,0.8,171,8,0
2460,40,5,3754,0,5.5,1.57,0,1,4,2,-1,2,-1,0,41,15,10,8,0.8,187,8,0
5176,40,6,7810,0,5.5,0.41,1,3,3,2,1,2,1,1,38,15,7,6,0.86,168,5,1
5176,38,6,7808,0,7.4,0.68,1,1,3,2,-1,2,-1,0,35,15,7,6,0.86,195,6,0
4179,36,9,6232,0,7.5,1.25,1,2,3,2,0,2,0,0,37,15,7,6,0.86,193,6,1
4493,36,8,6711,0,7.5,0.51,1,3,3,2,1,2,1,1,38,15,8,7,0.88,,0,0
4851,38,8,7312,0,7.4,0.51,1,3,4,2,1,2,1,0,37,15,8,7,0.88,187,6,0
3655,31,6,5537,0,7.7,0.49,1,3,3,2,1,2,1,1,36,15,9,8,0.89,189,8,0
4889,36,4,7371,0,7.5,0.46,1,1,3,2,-1,2,-1,0,37,15,10,9,0.9,177,9,0
5277,43,4,7957,0,6.8,0.46,1,2,2,2,0,2,0,1,36,15,10,9,0.9,202,9,2
2744,43,2,4137,0,6.8,1.98,0,2,2,2,0,2,0,1,33,15,3,3,1,192,3,0
296,2,6,449,1,6,0.38,0,2,2,2,0,2,0,1,36,15,7,7,1,191,7,0
4595,36,1,6897,0,7.5,0.75,1,3,3,2,1,2,1,1,36,15,8,8,1,164,8,0
4494,36,5,6714,0,7.5,1.01,1,3,3,2,1,2,1,1,35,15,8,8,1,188,8,0
66,22,1,105,0,7.4,1.36,0,2,2,2,0,2,0,1,44,15,8,8,1,183,8,1
5043,38,1,7608,0,7.4,1.4,1,2,3,2,0,2,0,0,36,15,8,8,1,192,8,0
2080,43,2,3148,0,6.8,1.98,0,1,3,2,-1,2,-1,0,36,15,8,8,1,191,8,0
4832,36,4,7274,0,7.5,0.46,1,1,4,2,-1,2,-1,0,38,15,9,9,1,190,9,2
2228,38,4,3395,0,7.4,0.52,0,2,2,2,0,2,0,1,36,15,9,9,1,211,9,3
4627,36,3,6946,0,7.5,0.73,1,2,3,2,0,2,0,0,36,15,9,9,1,,0,0
4791,36,5,7211,0,7.5,1.01,1,2,2,2,0,2,0,1,37,15,9,9,1,200,9,0
4801,36,5,7225,0,7.5,1.01,1,2,2,2,0,2,0,1,41,15,9,9,1,197,9,2
2443,40,5,3719,0,5.5,1.57,0,3,3,2,1,2,1,1,39,15,9,9,1,181,9,0
2347,43,1,3576,0,6.8,1.61,0,2,2,2,0,2,0,1,36,15,9,9,1,187,9,2
5073,40,1,7655,0,5.5,0.82,1,3,3,2,1,2,1,1,43,15,10,10,1,146,2,0
1988,38,1,2990,0,7.4,1.4,0,2,2,2,0,2,0,1,37,15,10,10,1,200,10,0
4476,36,4,6679,0,7.5,0.46,1,3,3,2,1,2,1,1,39,15,11,11,1,180,11,0
168,26,5,247,0,7.5,0.52,0,2,2,2,0,2,0,1,41,15,14,14,1,182,8,1
1926,34,3,2903,0,7.6,0.83,0,3,3,2,1,2,1,1,37,16,10,7,0.7,193,7,2
4361,43,4,6493,0,6.8,0.46,1,2,2,2,0,2,0,1,37,16,8,6,0.75,191,6,0
5311,43,5,8014,0,6.8,1.92,1,2,3,2,0,2,0,0,38,16,8,6,0.75,185,6,1
2632,46,7,4001,0,6.2,0.5,0,2,1,2,0,2,0,0,38,16,9,7,0.78,,0,0
4520,34,5,6759,0,7.6,1.53,1,2,2,2,0,2,0,1,36,16,10,8,0.8,184,8,0
4850,38,6,7309,0,7.4,0.68,1,3,3,2,1,2,1,1,37,16,7,6,0.86,190,6,0
1911,41,2,2874,0,7,1.76,0,3,3,2,1,2,1,1,36,16,7,6,0.86,188,6,0
4990,38,6,7536,0,7.4,0.68,1,2,2,2,0,2,0,1,39,16,8,7,0.88,188,7,0
4616,36,9,6932,0,7.5,1.25,1,2,2,2,0,2,0,1,39,16,8,7,0.88,186,7,1
4494,34,5,6712,0,7.6,1.53,1,1,3,2,-1,2,-1,0,37,16,8,7,0.88,196,7,0
4665,36,2,7008,0,7.5,1.18,1,2,2,2,0,2,0,1,38,16,9,8,0.89,188,8,2
5189,41,9,7829,0,7,1.14,1,3,4,2,1,2,1,0,39,16,11,10,0.91,178,10,3
2556,22,6,3892,0,7.4,0.49,0,3,3,2,1,2,1,1,48,16,12,11,0.92,181,11,2
2714,44,6,4097,0,5.1,0.38,0,2,2,2,0,2,0,1,37,16,7,7,1,180,7,0
4893,38,3,7385,0,7.4,0.83,1,3,3,2,1,2,1,1,36,16,7,7,1,193,7,1
5291,43,4,7980,0,6.8,0.46,1,2,3,2,0,2,0,0,50,16,8,8,1,174,8,1
4642,35,2,6967,0,6.9,1.28,1,3,3,2,1,2,1,1,37,16,8,8,1,192,6,1
5087,40,5,7677,0,5.5,1.57,1,2,2,2,0,2,0,1,35,16,8,8,1,189,8,0
2348,43,1,3578,0,6.8,1.61,0,2,3,2,0,2,0,0,35,16,8,8,1,186,8,1
5362,45,6,8093,0,7.4,0.36,1,2,2,2,0,2,0,1,38,16,9,9,1,179,9,1
3632,30,5,5498,0,6.8,1.01,1,2,3,2,0,2,0,0,40,16,9,9,1,195,9,5
3642,31,1,5516,0,7.7,1.11,1,3,3,2,1,2,1,1,38,16,9,9,1,179,9,1
1995,38,1,3003,0,7.4,1.4,0,2,2,2,0,2,0,1,38,16,9,9,1,183,9,0
300,2,2,457,1,6,0.96,0,2,2,2,0,2,0,1,38,16,9,9,1,,7,0
1924,33,4,2896,0,8.1,0.27,0,2,2,2,0,2,0,1,40,16,10,10,1,202,10,2
2718,43,8,4101,0,6.8,0.84,0,2,2,2,0,2,0,1,37,16,10,10,1,178,8,2
986,13,6,1506,1,6,0.12,1,2,2,2,0,2,0,1,,16,10,10,1,,4,2
2097,36,4,3179,0,7.5,0.46,0,3,3,2,1,2,1,1,40,16,11,11,1,184,11,3
2932,22,5,4398,0,7.4,0.92,0,2,2,2,0,2,0,1,43,16,11,11,1,196,11,1
4139,31,1,6174,0,7.7,1.11,1,3,3,2,1,2,1,1,41,16,12,12,1,176,12,0
3509,30,9,5274,0,6.8,1.22,1,3,3,2,1,2,1,1,43,17,9,1,0.11,193,1,0
4139,30,5,6173,0,6.8,1.01,1,2,3,2,0,2,0,0,42,17,9,5,0.56,182,5,0
4293,32,9,6400,0,6.8,0.91,1,2,3,2,0,2,0,0,50,17,14,8,0.57,174,8,0
3642,30,1,5515,0,6.8,0.82,1,2,3,2,0,2,0,0,42,17,8,5,0.63,174,5,1
4889,38,4,7373,0,7.4,0.52,1,3,3,2,1,2,1,1,39,17,10,7,0.7,201,7,0
2748,43,4,4141,0,6.8,0.46,0,2,2,2,0,2,0,1,39,17,10,8,0.8,196,8,1
2547,22,5,3876,0,7.4,0.92,0,3,3,2,1,2,1,1,47,17,10,8,0.8,185,8,0
1707,31,1,2590,0,7.7,1.11,0,3,3,2,1,2,1,1,40,17,10,8,0.8,193,8,0
2097,34,9,3177,0,7.6,1.56,0,1,3,2,-1,2,-1,0,40,17,10,8,0.8,,0,0
2216,45,6,3374,0,7.4,0.36,0,2,2,2,0,2,0,1,41,17,7,6,0.86,181,6,1
4580,34,1,6867,0,7.6,1.29,1,2,3,2,0,2,0,0,39,17,9,8,0.89,179,8,2
5152,45,8,7773,0,7.4,0.62,1,2,2,2,0,2,0,1,39,17,10,9,0.9,173,9,0
2957,22,9,4442,0,7.4,0.95,1,2,3,2,0,2,0,0,43,17,10,9,0.9,193,8,0
5269,44,5,7947,0,5.1,1.92,1,2,2,2,0,2,0,1,39,17,10,9,0.9,,0,0
3496,30,8,5252,0,6.8,0.32,1,3,3,2,1,2,1,1,45,17,11,10,0.91,,0,0
3870,45,7,5837,0,7.4,0.42,1,2,3,2,0,2,0,0,39,17,11,10,0.91,181,10,4
4773,38,3,7184,0,7.4,0.83,1,2,2,2,0,2,0,1,39,17,11,10,0.91,172,10,2
5371,44,8,8104,0,5.1,0.84,1,2,2,2,0,2,0,1,35,17,4,4,1,183,4,0
3749,46,4,5673,0,6.2,0.51,0,2,3,2,0,2,0,0,40,17,7,7,1,171,6,0
4851,36,8,7310,0,7.5,0.51,1,1,4,2,-1,2,-1,0,38,17,7,7,1,200,7,2
4787,36,6,7203,0,7.5,0.65,1,2,3,2,0,2,0,0,42,17,7,7,1,190,7,1
4449,36,1,6627,0,7.5,0.75,1,3,3,2,1,2,1,1,41,17,7,7,1,182,7,2
3827,45,2,5769,0,7.4,1.6,1,2,2,2,0,2,0,1,38,17,7,7,1,190,6,1
4896,38,9,7390,0,7.4,1.79,1,3,3,2,1,2,1,1,42,17,7,7,1,185,7,2
4649,36,6,6977,0,7.5,0.65,1,2,2,2,0,2,0,1,41,17,8,8,1,193,8,0
3700,46,6,5610,0,6.2,0.75,0,2,2,2,0,2,0,1,41,17,8,8,1,189,8,0
4515,34,5,6753,0,7.6,1.53,1,2,2,2,0,2,0,1,38,17,8,8,1,196,8,2
4510,36,4,6746,0,7.5,0.46,1,2,3,2,0,2,0,0,38,17,9,9,1,177,9,0
113,31,6,166,0,7.7,0.49,0,3,3,2,1,2,1,1,40,17,9,9,1,197,9,0
3795,46,6,5732,0,6.2,0.75,0,2,1,2,0,2,0,0,41,17,9,9,1,,0,0
3796,46,6,5733,0,6.2,0.75,0,2,1,2,0,2,0,0,40,17,9,9,1,,0,0
3910,45,9,5890,0,7.4,1.14,1,2,2,2,0,2,0,1,37,17,9,9,1,194,9,2
2741,43,9,4131,0,6.8,1.67,0,1,3,2,-1,2,-1,0,37,17,9,9,1,198,9,1
1891,43,2,2838,0,6.8,1.98,0,2,2,2,0,2,0,1,37,17,9,9,1,186,9,2
8,2,9,11,1,6,1.06,1,2,2,2,0,2,0,1,38,17,9,9,1,194,9,1
1769,32,4,2683,0,6.8,0.2,0,3,3,2,1,2,1,1,41,17,10,10,1,156,3,0
4688,36,4,7041,0,7.5,0.46,1,2,2,2,0,2,0,1,38,17,10,10,1,141,4,1
4478,36,8,6683,0,7.5,0.51,1,3,3,2,1,2,1,1,38,17,10,10,1,188,10,3
1660,31,3,2519,0,7.7,0.57,0,3,3,2,1,2,1,1,41,17,10,10,1,177,10,0
4564,34,1,6840,0,7.6,1.29,1,2,3,2,0,2,0,0,40,17,10,10,1,188,10,3
1754,30,4,2662,0,6.8,0.41,0,2,4,2,0,2,0,0,42,17,11,11,1,192,11,0
4726,36,6,7112,0,7.5,0.65,1,2,2,2,0,2,0,1,43,17,11,11,1,186,10,4
1707,30,1,2589,0,6.8,0.82,0,2,3,2,0,2,0,0,44,17,12,12,1,191,12,0
5441,42,9,8210,0,5.6,1.79,1,2,3,2,0,2,0,0,40,18,7,5,0.71,173,5,2
287,2,4,432,1,6,0.37,0,1,3,2,-1,2,-1,0,36,18,8,6,0.75,195,6,0
2651,46,1,4025,0,6.2,1.04,0,2,1,2,0,2,0,0,41,18,9,7,0.78,,0,0
3586,30,3,5422,0,6.8,0.63,0,3,3,2,1,2,1,1,46,18,11,9,0.82,,0,0
1735,30,3,2630,0,6.8,0.63,0,2,2,2,0,2,0,1,40,18,7,6,0.86,190,6,0
3901,45,3,5878,0,7.4,0.43,1,2,2,2,0,2,0,1,37,18,8,7,0.88,181,7,0
2167,36,3,3298,0,7.5,0.73,0,1,3,2,-1,2,-1,0,38,18,8,7,0.88,186,7,1
3934,45,1,5928,0,7.4,1.43,1,1,3,2,-1,2,-1,0,,18,9,8,0.89,,4,0
1926,32,3,2901,0,6.8,0.23,0,1,3,2,-1,2,-1,0,40,18,10,9,0.9,161,9,0
2741,45,9,4133,0,7.4,1.14,0,3,3,2,1,2,1,1,42,18,10,9,0.9,195,9,0
1933,34,1,2914,0,7.6,1.29,0,3,3,2,1,2,1,1,41,18,10,9,0.9,202,9,1
2172,38,9,3308,0,7.4,1.79,0,3,3,2,1,2,1,1,41,18,10,9,0.9,196,9,1
5051,38,3,7622,0,7.4,0.83,1,2,2,2,0,2,0,1,39,18,7,7,1,184,7,1
4729,36,3,7117,0,7.5,0.73,1,2,2,2,0,2,0,1,40,18,8,8,1,199,8,4
4555,34,9,6822,0,7.6,1.56,1,3,3,2,1,2,1,1,39,18,8,8,1,204,8,1
27,1,9,46,1,6.6,0.3,0,2,2,2,0,2,0,1,38,18,8,8,1,191,8,0
2777,45,4,4191,0,7.4,0.42,0,2,3,2,0,2,0,0,39,18,9,9,1,187,9,1
2201,34,6,3346,0,7.6,0.53,0,2,3,2,0,2,0,0,41,18,9,9,1,193,9,0
2349,43,1,3580,0,6.8,1.61,0,2,2,2,0,2,0,1,40,18,9,9,1,191,9,1
5330,46,9,8047,0,6.2,1.71,1,3,3,2,1,2,1,1,39,18,9,9,1,187,7,1
1050,13,4,1596,1,6,0.18,0,3,3,2,1,2,1,1,40,18,9,9,1,170,8,0
5355,45,8,8080,0,7.4,0.62,1,2,2,2,0,2,0,1,42,18,10,10,1,179,10,3
4724,36,6,7109,0,7.5,0.65,1,2,3,2,0,2,0,0,41,18,10,10,1,186,10,1
2546,22,9,3873,0,7.4,0.95,0,3,4,2,1,2,1,0,47,18,10,10,1,195,9,0
574,6,4,889,1,6.7,0.27,0,2,2,2,0,2,0,1,42,18,10,10,1,199,10,1
908,8,2,1399,1,4.5,0.69,0,2,2,2,0,2,0,1,39,18,10,10,1,189,7,1
1704,28,3,2585,0,8.9,0.5,0,2,2,2,0,2,0,1,40,18,11,11,1,180,11,1
4718,38,8,7094,0,7.4,0.51,1,1,3,2,-1,2,-1,0,41,18,11,11,1,195,11,0
4484,35,5,6695,0,6.9,1.01,1,2,3,2,0,2,0,0,42,18,11,11,1,196,11,4
3477,28,5,5220,0,8.9,1.05,1,1,3,2,-1,2,-1,0,41,18,11,11,1,196,11,0
1594,28,5,2403,0,8.9,1.05,0,2,3,2,0,2,0,0,41,18,12,12,1,183,12,0
3604,28,5,5447,0,8.9,1.05,1,1,3,2,-1,2,-1,0,40,18,12,12,1,174,12,1
1710,31,2,2594,0,7.7,1.18,0,2,2,2,0,2,0,1,38,19,5,3,0.6,191,3,0
2644,45,5,4015,0,7.4,1.27,0,1,3,2,-1,2,-1,0,37,19,6,4,0.67,,0,0
1589,28,5,2393,0,8.9,1.05,0,2,3,2,0,2,0,0,42,19,10,7,0.7,184,7,1
2098,34,3,3180,0,7.6,0.83,0,1,3,2,-1,2,-1,0,39,19,9,7,0.78,186,7,3
2338,44,5,3565,0,5.1,1.92,0,3,3,2,1,2,1,1,40,19,9,7,0.78,187,7,0
13,2,4,18,1,6,0.37,1,2,2,2,0,2,0,1,39,19,9,7,0.78,201,7,0
1183,13,2,1797,1,6,0.53,1,2,2,2,0,2,0,1,40,19,9,7,0.78,185,7,1
5374,45,2,8108,0,7.4,1.6,0,3,3,2,1,2,1,1,43,19,10,8,0.8,172,8,0
2720,43,6,4103,0,6.8,0.56,0,2,2,2,0,2,0,1,40,19,8,7,0.88,190,7,1
4529,34,1,6775,0,7.6,1.29,1,3,3,2,1,2,1,1,41,19,8,7,0.88,,0,0
2755,43,3,4155,0,6.8,0.77,0,2,2,2,0,2,0,1,43,19,9,8,0.89,171,4,0
1080,14,5,1641,1,7,0.74,1,2,2,2,0,2,0,1,42,19,9,8,0.89,191,7,1
2049,34,2,3096,0,7.6,0.91,0,2,2,2,0,2,0,1,42,19,10,9,0.9,190,9,2
1896,36,2,2843,0,7.5,1.18,0,1,3,2,-1,2,-1,0,41,19,10,9,0.9,182,9,1
3934,47,1,5930,0,6.7,1.22,1,3,3,2,1,2,1,1,44,19,11,10,0.91,179,10,0
3508,30,4,5272,0,6.8,0.41,1,3,3,2,1,2,1,1,42,19,6,6,1,201,6,1
2059,41,2,3110,0,7,1.76,0,2,3,2,0,2,0,0,39,19,6,6,1,185,6,1
3925,45,4,5915,0,7.4,0.42,1,2,2,2,0,2,0,1,42,19,7,7,1,186,7,1
2277,36,6,3465,0,7.5,0.65,0,1,3,2,-1,2,-1,0,39,19,7,7,1,180,7,1
5119,38,6,7724,0,7.4,0.68,1,2,2,2,0,2,0,1,40,19,7,7,1,192,7,0
5274,43,3,7954,0,6.8,0.77,1,3,4,2,1,2,1,0,36,19,7,7,1,,0,0
2099,34,3,3183,0,7.6,0.83,0,2,2,2,0,2,0,1,39,19,7,7,1,199,7,1
3015,22,9,4536,0,7.4,0.95,1,1,3,2,-1,2,-1,0,45,19,7,7,1,199,7,2
5361,44,6,8090,0,5.1,0.38,1,1,2,2,-1,2,-1,0,39,19,8,8,1,183,8,0
3003,22,3,4515,0,7.4,0.5,1,1,3,2,-1,2,-1,0,42,19,8,8,1,189,8,1
1793,30,2,2716,0,6.8,1.12,0,2,3,2,0,2,0,0,41,19,8,8,1,186,8,1
4314,44,9,6435,0,5.1,1.63,0,2,2,2,0,2,0,1,42,19,8,8,1,171,8,0
961,13,1,1467,1,6,1.15,0,2,2,2,0,2,0,1,39,19,8,8,1,,0,0
4476,34,4,6678,0,7.6,0.44,1,1,3,2,-1,2,-1,0,43,19,9,9,1,190,9,1
1660,30,3,2518,0,6.8,0.63,0,2,3,2,0,2,0,0,43,19,9,9,1,189,9,1
3647,31,1,5527,0,7.7,1.11,1,3,3,2,1,2,1,1,40,19,9,9,1,195,8,2
4385,43,9,6527,0,6.8,1.67,1,2,2,2,0,2,0,1,39,19,9,9,1,184,9,3
2782,45,6,4199,0,7.4,0.36,0,2,2,2,0,2,0,1,40,19,10,10,1,182,10,2
3575,28,4,5401,0,8.9,0.39,1,3,3,2,1,2,1,1,39,19,10,10,1,183,10,1
3624,28,3,5488,0,8.9,0.5,1,2,3,2,0,2,0,0,39,19,10,10,1,178,10,3
4118,30,3,6144,0,6.8,0.63,1,2,2,2,0,2,0,1,42,19,10,10,1,181,10,1
76,24,4,117,0,7.3,0.65,0,2,2,2,0,2,0,1,44,19,11,11,1,172,11,1
3004,24,4,4520,0,7.3,0.65,1,3,3,2,1,2,1,1,43,19,11,11,1,185,10,0
2922,21,1,4384,0,8.6,0.93,1,2,3,2,0,2,0,0,42,19,11,11,1,,0,0
2313,43,1,3523,0,6.8,1.61,0,2,2,2,0,2,0,1,42,19,11,11,1,164,11,1
3844,46,9,5803,0,6.2,1.71,1,3,3,2,1,2,1,1,51,19,11,11,1,162,9,1
124,26,6,180,0,7.5,0.31,0,2,3,2,0,2,0,0,46,19,12,12,1,160,10,0
1420,21,1,2153,0,8.6,0.93,1,3,3,2,1,2,1,1,43,19,12,12,1,199,12,1
1634,28,1,2467,0,8.9,1.15,0,2,3,2,0,2,0,0,42,19,12,12,1,177,12,1
3450,35,9,5181,0,6.9,1.75,1,2,2,2,0,2,0,1,40,20,7,3,0.43,,0,0
273,2,3,416,1,6,0.47,0,2,2,2,0,2,0,1,33,20,5,3,0.6,192,1,0
5361,46,6,8092,0,6.2,0.75,1,3,2,2,1,2,1,0,41,20,9,6,0.67,,0,0
3079,22,8,4644,0,7.4,0.6,1,1,3,2,-1,2,-1,0,43,20,10,7,0.7,184,7,0
4339,47,1,6465,0,6.7,1.22,1,2,2,2,0,2,0,1,43,20,12,9,0.75,158,9,1
3500,30,6,5260,0,6.8,0.36,1,3,3,2,1,2,1,1,49,20,13,10,0.77,181,10,1
1182,13,2,1795,1,6,0.53,1,2,2,2,0,2,0,1,42,20,9,7,0.78,191,7,0
1814,46,4,2740,0,6.2,0.51,0,2,3,2,0,2,0,0,41,20,5,4,0.8,191,4,2
5138,40,8,7754,0,5.5,0.51,1,3,3,2,1,2,1,1,41,20,5,4,0.8,195,3,0
3486,26,3,5232,0,7.5,0.37,1,2,2,2,0,2,0,1,47,20,10,8,0.8,187,7,3
2035,33,3,3066,0,8.1,0.57,0,2,2,2,0,2,0,1,44,20,11,9,0.82,202,9,0
4816,36,3,7248,0,7.5,0.73,1,1,3,2,-1,2,-1,0,41,20,6,5,0.83,201,5,0
16,2,4,22,1,6,0.37,1,2,3,2,0,2,0,0,38,20,6,5,0.83,188,5,0
5301,44,1,8000,0,5.1,1.83,1,3,3,2,1,2,1,1,43,20,7,6,0.86,180,6,0
2353,43,1,3586,0,6.8,1.61,0,2,2,2,0,2,0,1,40,20,8,7,0.88,192,7,1
4179,35,9,6231,0,6.9,1.75,1,1,3,2,-1,2,-1,0,39,20,8,7,0.88,205,7,0
1237,13,5,1880,1,6,0.7,0,2,2,2,0,2,0,1,40,20,8,7,0.88,202,7,0
3911,46,4,5893,0,6.2,0.51,1,3,3,2,1,2,1,1,41,20,9,8,0.89,184,8,3
4896,36,9,7388,0,7.5,1.25,1,1,3,2,-1,2,-1,0,45,20,9,8,0.89,172,8,1
4725,36,9,7111,0,7.5,1.25,1,2,2,2,0,2,0,1,42,20,9,8,0.89,202,8,1
1733,30,1,2627,0,6.8,0.82,0,2,3,2,0,2,0,0,44,20,10,9,0.9,181,9,1
180,28,2,266,0,8.9,0.91,0,3,3,2,1,2,1,1,41,20,10,9,0.9,179,8,1
3114,22,5,4688,0,7.4,0.92,0,2,2,2,0,2,0,1,46,20,10,9,0.9,203,9,0
2741,44,9,4132,0,5.1,1.63,0,2,3,2,0,2,0,0,43,20,10,9,0.9,192,9,1
297,2,2,450,1,6,0.96,0,2,2,2,0,2,0,1,40,20,10,9,0.9,197,9,0
4645,34,8,6971,0,7.6,0.51,1,2,3,2,0,2,0,0,43,20,11,10,0.91,195,10,3
2001,38,8,3010,0,7.4,0.51,0,2,2,2,0,2,0,1,38,20,4,4,1,188,4,2
2083,43,2,3153,0,6.8,1.98,0,2,2,2,0,2,0,1,38,20,6,6,1,182,6,1
4914,40,6,7415,0,5.5,0.41,1,2,3,2,0,2,0,0,38,20,7,7,1,166,2,1
4258,31,6,6351,0,7.7,0.49,1,1,3,2,-1,2,-1,0,40,20,7,7,1,196,7,0
4578,34,6,6862,0,7.6,0.53,1,2,3,2,0,2,0,0,40,20,7,7,1,199,7,1
4387,43,3,6529,0,6.8,0.77,1,2,2,2,0,2,0,1,43,20,7,7,1,184,7,1
2007,40,1,3023,0,5.5,0.82,0,1,3,2,-1,2,-1,0,41,20,7,7,1,196,7,0
1083,17,3,1645,0,6.8,0.17,0,2,2,2,0,2,0,1,,20,8,8,1,,8,1
5394,44,6,8134,0,5.1,0.38,1,2,2,2,0,2,0,1,41,20,8,8,1,192,8,2
3911,44,4,5891,0,5.1,0.41,1,1,3,2,-1,2,-1,0,41,20,8,8,1,199,8,2
4360,44,4,6492,0,5.1,0.41,1,3,3,2,1,2,1,1,43,20,8,8,1,133,8,0
4740,36,5,7130,0,7.5,1.01,1,2,3,2,0,2,0,0,39,20,8,8,1,180,8,3
4595,34,1,6895,0,7.6,1.29,1,1,3,2,-1,2,-1,0,40,20,8,8,1,187,8,3
3251,24,2,4888,0,7.3,1.55,1,2,3,2,0,2,0,0,42,20,8,8,1,187,5,0
5412,41,2,8158,0,7,1.76,1,2,3,2,0,2,0,0,41,20,8,8,1,185,8,2
4983,40,6,7525,0,5.5,0.41,1,2,4,2,0,2,0,0,41,20,9,9,1,199,9,1
167,26,5,245,0,7.5,0.52,0,2,3,2,0,2,0,0,43,20,9,9,1,183,7,1
2715,44,8,4098,0,5.1,0.84,0,2,2,2,0,2,0,1,43,20,9,9,1,183,9,1
3822,46,1,5762,0,6.2,1.04,0,2,2,2,0,2,0,1,42,20,9,9,1,161,8,0
3887,46,1,5862,0,6.2,1.04,1,3,3,2,1,2,1,1,43,20,9,9,1,180,2,0
1559,28,1,2338,0,8.9,1.15,0,2,3,2,0,2,0,0,41,20,9,9,1,179,7,1
284,2,4,429,1,6,0.37,0,2,2,2,0,2,0,1,39,20,9,9,1,184,9,0
1190,13,1,1808,1,6,1.15,0,2,2,2,0,2,0,1,40,20,9,9,1,184,8,2
3102,23,5,4674,0,7.8,0.26,1,2,3,2,0,2,0,0,42,20,10,10,1,194,10,1
5452,41,4,8227,0,7,0.28,1,3,3,2,1,2,1,1,42,20,10,10,1,188,10,5
1249,18,5,1899,0,5.8,0.48,0,3,4,2,1,2,1,0,53,20,10,10,1,186,7,1
2951,22,3,4433,0,7.4,0.5,1,2,2,2,0,2,0,1,47,20,10,10,1,177,8,1
4642,33,2,6965,0,8.1,0.8,1,1,3,2,-1,2,-1,0,41,20,10,10,1,178,10,1
3844,45,9,5802,0,7.4,1.14,1,2,3,2,0,2,0,0,43,20,10,10,1,189,10,0
4241,30,9,6325,0,6.8,1.22,1,1,3,2,-1,2,-1,0,44,20,10,10,1,186,10,0
1935,34,1,2918,0,7.6,1.29,0,3,3,2,1,2,1,1,43,20,10,10,1,188,10,0
5189,39,9,7828,0,6.7,1.37,1,1,4,2,-1,2,-1,0,42,20,10,10,1,194,9,0
2326,43,1,3543,0,6.8,1.61,0,3,3,2,1,2,1,1,41,20,10,10,1,177,10,1
466,6,6,712,1,6.7,0.46,1,2,3,2,0,2,0,0,43,20,10,10,1,187,10,0
3623,28,4,5485,0,8.9,0.39,1,2,3,2,0,2,0,0,42,20,11,11,1,188,11,2
1883,34,2,2829,0,7.6,0.91,0,2,2,2,0,2,0,1,43,20,11,11,1,185,11,0
1571,28,5,2356,0,8.9,1.05,0,1,3,2,-1,2,-1,0,42,20,11,11,1,174,10,1
489,6,5,765,1,6.7,0.48,1,2,2,2,0,2,0,1,43,20,11,11,1,187,11,0
2556,21,6,3891,0,8.6,0.46,0,2,3,2,0,2,0,0,46,20,12,12,1,173,12,1
4997,39,4,7546,0,6.7,0.48,1,1,3,2,-1,2,-1,0,43,21,9,6,0.67,192,6,0
1733,31,1,2628,0,7.7,1.11,0,3,3,2,1,2,1,1,43,21,9,6,0.67,179,6,0
3677,45,2,5574,0,7.4,1.6,0,2,2,2,0,2,0,1,42,21,9,6,0.67,196,6,2
4931,39,3,7444,0,6.7,0.57,1,3,3,2,1,2,1,1,41,21,4,3,0.75,204,3,0
4234,32,6,6316,0,6.8,0.19,1,3,3,2,1,2,1,1,48,21,8,6,0.75,199,6,4
5415,41,1,8164,0,7,0.79,1,2,3,2,0,2,0,0,41,21,8,6,0.75,196,4,1
243,2,1,364,1,6,2.33,1,1,4,2,-1,2,-1,0,40,21,8,6,0.75,195,6,0
1415,17,3,2146,0,6.8,0.17,0,2,2,2,0,2,0,1,48,21,10,8,0.8,190,6,2
2985,22,1,4488,0,7.4,1.36,1,2,2,2,0,2,0,1,48,21,10,8,0.8,192,8,0
4550,33,3,6811,0,8.1,0.57,1,2,2,2,0,2,0,1,43,21,10,9,0.9,180,9,1
4284,32,2,6388,0,6.8,0.85,1,3,3,2,1,2,1,1,50,21,10,9,0.9,189,9,0
5258,44,5,7932,0,5.1,1.92,0,2,2,2,0,2,0,1,44,21,10,9,0.9,158,7,0
5,1,1,7,1,6.6,0.9,0,2,3,2,0,2,0,0,43,21,10,9,0.9,,0,0
1880,34,2,2825,0,7.6,0.91,0,2,3,2,0,2,0,0,43,21,11,10,0.91,171,3,0
3620,36,2,5477,0,7.5,1.18,1,1,3,2,-1,2,-1,0,39,21,6,6,1,202,6,0
4166,30,3,6212,0,6.8,0.63,1,2,2,2,0,2,0,1,42,21,7,7,1,202,7,0
1583,28,1,2379,0,8.9,1.15,0,2,3,2,0,2,0,0,42,21,7,7,1,151,5,0
4998,40,6,7548,0,5.5,0.41,1,2,2,2,0,2,0,1,43,21,8,8,1,,0,0
4570,34,3,6850,0,7.6,0.83,1,2,3,2,0,2,0,0,41,21,8,8,1,193,8,0
4928,39,1,7439,0,6.7,0.97,1,3,3,2,1,2,1,1,45,21,8,8,1,186,4,1
5090,39,5,7681,0,6.7,1.05,1,1,3,2,-1,2,-1,0,42,21,8,8,1,178,8,1
5084,39,5,7672,0,6.7,1.05,1,2,2,2,0,2,0,1,42,21,8,8,1,201,8,3
2965,22,2,4455,0,7.4,1.66,1,2,2,2,0,2,0,1,47,21,8,8,1,194,8,0
1218,13,3,1852,1,6,0.23,0,2,3,2,0,2,0,0,43,21,8,8,1,189,8,0
2411,41,6,3673,0,7,0.37,0,2,2,2,0,2,0,1,45,21,9,9,1,186,9,3
5100,39,4,7694,0,6.7,0.48,1,2,2,2,0,2,0,1,45,21,9,9,1,197,9,0
4991,38,8,7537,0,7.4,0.51,1,2,2,2,0,2,0,1,43,21,9,9,1,182,9,0
3444,28,2,5171,0,8.9,0.91,1,3,3,2,1,2,1,1,40,21,9,9,1,177,9,4
5199,39,2,7845,0,6.7,1.23,1,1,3,2,-1,2,-1,0,42,21,9,9,1,186,9,0
3991,47,2,5996,0,6.7,1.6,1,2,2,2,0,2,0,1,41,21,9,9,1,195,9,2
2428,43,1,3696,0,6.8,1.61,0,2,2,2,0,2,0,1,41,21,9,9,1,183,9,2
5217,46,9,7880,0,6.2,1.71,1,2,2,2,0,2,0,1,45,21,9,9,1,189,9,1
287,4,4,433,1,8.2,0.32,0,3,3,2,1,2,1,1,42,21,9,9,1,196,9,2
3436,26,6,5160,0,7.5,0.31,1,2,2,2,0,2,0,1,49,21,10,10,1,181,10,0
3569,28,4,5388,0,8.9,0.39,1,2,2,2,0,2,0,1,43,21,10,10,1,187,8,0
3770,47,1,5705,0,6.7,1.22,0,2,2,2,0,2,0,1,43,21,10,10,1,186,10,0
5326,44,9,8041,0,5.1,1.63,1,2,2,2,0,2,0,1,42,21,10,10,1,191,2,0
3585,28,4,5419,0,8.9,0.39,1,3,3,2,1,2,1,1,42,21,11,11,1,186,10,1
3754,45,3,5680,0,7.4,0.43,0,1,3,2,-1,2,-1,0,43,21,11,11,1,191,11,1
3532,28,8,5318,0,8.9,0.43,1,2,2,2,0,2,0,1,42,21,11,11,1,193,11,1
1672,28,6,2532,0,8.9,0.47,0,1,3,2,-1,2,-1,0,43,21,11,11,1,175,0,0
3079,23,8,4645,0,7.8,0.49,1,2,3,2,0,2,0,0,47,21,11,11,1,183,8,3
3003,24,3,4517,0,7.3,0.73,1,3,3,2,1,2,1,1,44,21,11,11,1,179,10,2
5474,40,2,8263,0,5.5,0.96,0,2,2,2,0,2,0,1,43,21,11,11,1,182,11,0
1551,28,9,2328,0,8.9,1.1,0,3,3,2,1,2,1,1,42,21,11,11,1,191,11,1
2472,41,9,3772,0,7,1.14,0,2,4,2,0,2,0,0,44,21,11,11,1,193,10,4
2924,21,5,4387,0,8.6,0.92,0,2,2,2,0,2,0,1,,21,12,12,1,,12,2
3543,30,1,5336,0,6.8,0.82,1,2,2,2,0,2,0,1,44,22,8,4,0.5,181,4,1
330,4,4,505,1,8.2,0.32,0,2,2,2,0,2,0,1,43,22,10,6,0.6,201,5,1
4296,33,9,6407,0,8.1,1.29,1,3,3,2,1,2,1,1,42,22,8,5,0.63,199,5,2
2433,46,8,3702,0,6.2,0.84,0,3,3,2,1,2,1,1,44,22,11,7,0.64,187,7,2
4293,33,9,6401,0,8.1,1.29,1,3,3,2,1,2,1,1,48,22,14,9,0.64,175,9,2
3718,44,5,5633,0,5.1,1.92,0,2,2,2,0,2,0,1,43,22,8,6,0.75,176,5,0
270,2,9,412,1,6,1.06,0,2,2,2,0,2,0,1,42,22,8,6,0.75,,0,0
1202,13,5,1830,1,6,0.7,0,2,3,2,0,2,0,0,43,22,9,7,0.78,190,7,0
4449,34,1,6625,0,7.6,1.29,1,1,3,2,-1,2,-1,0,41,22,5,4,0.8,,4,1
1471,17,4,2216,0,6.8,0.2,0,2,2,2,0,2,0,1,44,22,8,7,0.88,190,7,2
4914,41,6,7416,0,7,0.37,1,3,3,2,1,2,1,1,42,22,8,7,0.88,185,6,1
2266,37,4,3450,0,5.5,0.73,0,3,3,2,1,2,1,1,43,22,9,8,0.89,147,2,0
2627,44,7,3995,0,5.1,0.58,0,2,2,2,0,2,0,1,52,22,10,9,0.9,,0,0
5241,47,9,7913,0,6.7,2.05,1,2,2,2,0,2,0,1,45,22,10,9,0.9,191,9,5
2080,45,2,3150,0,7.4,1.6,0,3,3,2,1,2,1,1,48,22,11,10,0.91,178,10,1
4122,30,8,6150,0,6.8,0.32,1,2,2,2,0,2,0,1,44,22,7,7,1,199,7,0
5404,41,3,8147,0,7,0.53,1,2,2,2,0,2,0,1,40,22,7,7,1,203,7,2
4529,33,1,6774,0,8.1,0.68,1,2,3,2,0,2,0,0,45,22,7,7,1,187,7,1
4420,34,3,6581,0,7.6,0.83,1,2,3,2,0,2,0,0,40,22,7,7,1,192,7,0
4449,35,1,6626,0,6.9,1.25,1,2,3,2,0,2,0,0,42,22,7,7,1,187,6,0
2140,35,9,3253,0,6.9,1.75,0,2,2,2,0,2,0,1,42,22,7,7,1,191,7,1
4592,36,8,6887,0,7.5,0.51,1,3,3,2,1,2,1,1,44,22,8,8,1,184,8,0
3890,45,8,5865,0,7.4,0.62,1,2,2,2,0,2,0,1,43,22,8,8,1,171,8,1
1626,28,2,2454,0,8.9,0.91,0,2,3,2,0,2,0,0,42,22,8,8,1,180,8,2
2322,41,5,3535,0,7,1.09,0,2,2,2,0,2,0,1,42,22,8,8,1,188,8,0
2135,47,1,3247,0,6.7,1.22,0,2,2,2,0,2,0,1,42,22,8,8,1,159,8,0
4157,30,9,6201,0,6.8,1.22,1,2,2,2,0,2,0,1,44,22,8,8,1,189,8,1
1626,29,2,2455,0,5.7,1.23,0,3,3,2,1,2,1,1,45,22,8,8,1,184,8,0
2172,36,9,3306,0,7.5,1.25,0,1,3,2,-1,2,-1,0,43,22,8,8,1,196,8,5
46,2,6,76,1,6,0.38,0,2,2,2,0,2,0,1,40,22,8,8,1,197,8,2
4439,33,4,6612,0,8.1,0.27,0,2,2,2,0,2,0,1,46,22,9,9,1,193,9,4
113,30,6,165,0,6.8,0.36,0,2,3,2,0,2,0,0,41,22,9,9,1,180,9,1
4578,33,6,6861,0,8.1,0.4,1,1,3,2,-1,2,-1,0,45,22,9,9,1,192,9,0
2206,34,8,3355,0,7.6,0.51,0,2,3,2,0,2,0,0,42,22,9,9,1,195,9,1
4493,34,8,6709,0,7.6,0.51,1,1,3,2,-1,2,-1,0,43,22,9,9,1,192,9,1
4488,35,6,6703,0,6.9,0.7,1,2,2,2,0,2,0,1,43,22,9,9,1,182,9,0
2982,22,5,4483,0,7.4,0.92,1,2,2,2,0,2,0,1,46,22,9,9,1,186,7,0
2305,26,1,3508,0,7.5,0.97,0,2,2,2,0,2,0,1,46,22,9,9,1,182,9,1
2443,39,5,3718,0,6.7,1.05,0,2,3,2,0,2,0,0,45,22,9,9,1,144,6,0
4521,34,5,6760,0,7.6,1.53,1,2,2,2,0,2,0,1,44,22,9,9,1,189,9,1
2940,22,2,4416,0,7.4,1.66,0,2,3,2,0,2,0,0,48,22,9,9,1,195,9,0
5199,41,2,7847,0,7,1.76,1,3,3,2,1,2,1,1,46,22,9,9,1,198,9,0
4179,37,9,6233,0,5.5,1.94,1,3,3,2,1,2,1,1,45,22,9,9,1,159,4,0
2315,1,1,3525,1,6.6,0.9,0,2,4,2,0,2,0,0,42,22,9,9,1,170,8,1
1935,33,7,2917,0,8.1,0.08,0,2,3,2,0,2,0,0,46,22,10,10,1,175,10,0
3374,26,3,5069,0,7.5,0.37,1,2,2,2,0,2,0,1,44,22,10,10,1,205,9,1
2215,44,6,3373,0,5.1,0.38,0,2,2,2,0,2,0,1,43,22,10,10,1,172,8,1
174,26,8,253,0,7.5,0.41,0,1,3,2,-1,2,-1,0,44,22,10,10,1,169,9,1
1848,33,8,2784,0,8.1,0.41,0,2,2,2,0,2,0,1,43,22,10,10,1,203,10,5
2589,21,6,3941,0,8.6,0.46,0,1,3,2,-1,2,-1,0,47,22,10,10,1,210,10,1
3567,28,6,5383,0,8.9,0.47,1,2,3,2,0,2,0,0,45,22,10,10,1,188,10,2
174,28,9,255,0,8.9,1.1,0,3,3,2,1,2,1,1,43,22,10,10,1,192,9,0
768,9,4,1182,1,4.9,0.27,1,3,3,2,1,2,1,1,45,22,10,10,1,173,9,0
4997,41,4,7547,0,7,0.28,1,3,3,2,1,2,1,1,47,22,11,11,1,196,11,2
1701,28,4,2580,0,8.9,0.39,0,2,3,2,0,2,0,0,42,22,11,11,1,194,11,4
339,4,4,524,1,8.2,0.32,0,2,3,2,0,2,0,0,46,22,11,11,1,172,7,0
473,6,6,724,1,6.7,0.46,1,2,2,2,0,2,0,1,47,22,11,11,1,,7,0
3500,28,6,5258,0,8.9,0.47,1,1,3,2,-1,2,-1,0,45,22,12,12,1,186,11,1
1933,33,1,2913,0,8.1,0.68,0,2,3,2,0,2,0,0,46,22,12,12,1,193,12,1
2940,21,2,4415,0,8.6,1.12,0,1,3,2,-1,2,-1,0,48,22,12,12,1,191,11,1
4329,47,1,6453,0,6.7,1.22,1,2,2,2,0,2,0,1,45,22,12,12,1,192,7,1
537,6,3,837,1,6.7,0.3,0,2,2,2,0,2,0,1,47,22,12,12,1,186,12,2
3555,28,4,5354,0,8.9,0.39,1,2,3,2,0,2,0,0,45,22,13,13,1,192,11,0
3045,22,2,4592,0,7.4,1.66,1,2,2,2,0,2,0,1,54,22,13,13,1,191,7,2
1855,30,6,2793,0,6.8,0.36,0,2,2,2,0,2,0,1,46,23,8,3,0.38,173,3,0
5327,44,9,8042,0,5.1,1.63,1,2,2,2,0,2,0,1,45,23,6,3,0.5,188,3,2
2788,47,3,4206,0,6.7,0.73,0,2,2,2,0,2,0,1,41,23,7,4,0.57,187,4,1
4908,42,2,7407,0,5.6,1.55,1,2,2,2,0,2,0,1,,23,3,2,0.67,,2,0
2142,37,4,3257,0,5.5,0.73,0,3,3,2,1,2,1,1,42,23,9,6,0.67,180,5,0
4234,30,4,6315,0,6.8,0.41,1,1,3,2,-1,2,-1,0,43,23,8,6,0.75,,0,0
2745,44,8,4138,0,5.1,0.84,0,2,2,2,0,2,0,1,45,23,8,6,0.75,135,5,0
1926,33,3,2902,0,8.1,0.57,0,2,3,2,0,2,0,0,43,23,9,7,0.78,199,7,3
2007,41,1,3024,0,7,0.79,0,2,3,2,0,2,0,0,44,23,9,7,0.78,,0,0
2940,23,2,4417,0,7.8,1.01,0,3,3,2,1,2,1,1,46,23,10,8,0.8,154,8,0
5412,42,2,8159,0,5.6,1.55,1,3,3,2,1,2,1,1,49,23,10,8,0.8,184,8,0
704,9,1,1080,1,4.9,0.86,1,2,3,2,0,2,0,0,45,23,10,8,0.8,142,4,1
4850,36,6,7308,0,7.5,0.65,1,1,3,2,-1,2,-1,0,43,23,7,6,0.86,164,1,0
4660,36,9,7001,0,7.5,1.25,1,2,3,2,0,2,0,0,45,23,8,7,0.88,200,7,2
5452,39,4,8225,0,6.7,0.48,1,1,3,2,-1,2,-1,0,45,23,9,8,0.89,184,7,0
4247,31,1,6335,0,7.7,1.11,1,2,2,2,0,2,0,1,43,23,9,8,0.89,189,8,0
4484,34,5,6694,0,7.6,1.53,1,1,3,2,-1,2,-1,0,43,23,9,8,0.89,207,8,0
1987,39,1,2988,0,6.7,0.97,0,2,3,2,0,2,0,0,45,23,10,9,0.9,178,9,1
3717,44,5,5631,0,5.1,1.92,0,1,3,2,-1,2,-1,0,44,23,10,9,0.9,175,8,0
1249,16,5,1897,1,5.7,0.66,0,1,4,2,-1,2,-1,0,48,23,10,9,0.9,197,8,2
3619,28,8,5475,0,8.9,0.43,1,2,5,2,0,2,0,0,45,23,11,10,0.91,190,10,0
4807,37,9,7232,0,5.5,1.94,1,2,2,2,0,2,0,1,46,23,11,10,0.91,171,10,2
5017,39,4,7572,0,6.7,0.48,1,2,2,2,0,2,0,1,49,23,12,11,0.92,182,7,1
3567,29,6,5384,0,5.7,0.47,1,3,3,2,1,2,1,1,45,23,6,6,1,180,6,1
31,1,3,51,1,6.6,0.07,0,2,3,2,0,2,0,0,41,23,6,6,1,195,6,2
4914,39,6,7414,0,6.7,0.43,1,1,3,2,-1,2,-1,0,44,23,7,7,1,201,6,0
4721,41,5,7103,0,7,1.09,1,3,7,2,1,2,1,0,43,23,7,7,1,189,7,1
2922,22,1,4385,0,7.4,1.36,1,3,3,2,1,2,1,1,46,23,7,7,1,197,6,1
699,14,5,1073,1,7,0.74,0,1,3,2,-1,2,-1,0,44,23,7,7,1,191,6,1
3094,22,4,4662,0,7.4,0.42,1,1,3,2,-1,2,-1,0,46,23,8,8,1,,0,0
1759,31,3,2671,0,7.7,0.57,0,3,4,2,1,2,1,0,41,23,8,8,1,179,7,0
3647,30,1,5526,0,6.8,0.82,1,2,3,2,0,2,0,0,44,23,8,8,1,196,8,4
3029,22,5,4560,0,7.4,0.92,1,2,2,2,0,2,0,1,49,23,8,8,1,183,8,1
5090,41,5,7683,0,7,1.09,1,3,3,2,1,2,1,1,45,23,8,8,1,180,8,0
5441,41,9,8209,0,7,1.14,1,1,3,2,-1,2,-1,0,45,23,8,8,1,198,7,2
3505,28,1,5265,0,8.9,1.15,1,1,3,2,-1,2,-1,0,42,23,8,8,1,183,8,1
3785,47,1,5721,0,6.7,1.22,0,2,2,2,0,2,0,1,45,23,8,8,1,184,8,2
3633,30,9,5500,0,6.8,1.22,1,2,3,2,0,2,0,0,44,23,8,8,1,195,8,0
1880,35,2,2826,0,6.9,1.28,0,3,3,2,1,2,1,1,43,23,8,8,1,185,8,0
2727,45,1,4110,0,7.4,1.43,0,2,2,2,0,2,0,1,46,23,8,8,1,175,8,1
5330,44,9,8046,0,5.1,1.63,1,1,3,2,-1,2,-1,0,45,23,8,8,1,189,8,1
2063,41,2,3115,0,7,1.76,0,1,3,2,-1,2,-1,0,43,23,8,8,1,192,8,0
4641,34,7,6964,0,7.6,0.29,1,2,2,2,0,2,0,1,43,23,9,9,1,,0,0
1672,30,6,2534,0,6.8,0.36,0,3,3,2,1,2,1,1,44,23,9,9,1,194,9,0
3420,26,2,5140,0,7.5,0.48,1,2,2,2,0,2,0,1,51,23,9,9,1,184,7,2
1852,31,6,2789,0,7.7,0.49,0,2,2,2,0,2,0,1,44,23,9,9,1,,0,0
4886,37,4,7367,0,5.5,0.73,1,2,2,2,0,2,0,1,43,23,9,9,1,158,9,0
2551,22,1,3884,0,7.4,1.36,0,3,3,2,1,2,1,1,50,23,9,9,1,190,9,1
2062,41,2,3113,0,7,1.76,0,2,3,2,0,2,0,0,43,23,9,9,1,193,9,2
1093,13,1,1656,1,6,1.15,1,1,3,2,-1,2,-1,0,44,23,9,9,1,191,9,1
2589,23,6,3942,0,7.8,0.38,0,3,3,2,1,2,1,1,48,23,10,10,1,204,10,0
3474,28,4,5216,0,8.9,0.39,1,3,3,2,1,2,1,1,43,23,10,10,1,199,10,3
4258,33,6,6352,0,8.1,0.4,1,3,3,2,1,2,1,1,47,23,10,10,1,199,10,0
3496,28,8,5250,0,8.9,0.43,1,1,3,2,-1,2,-1,0,45,23,10,10,1,189,10,1
4356,43,4,6485,0,6.8,0.46,1,2,2,2,0,2,0,1,44,23,10,10,1,197,10,1
4548,33,9,6809,0,8.1,1.29,1,2,2,2,0,2,0,1,44,23,10,10,1,197,10,0
1125,15,2,1719,1,5.7,1.01,1,2,3,2,0,2,0,0,47,23,10,10,1,198,10,1
3575,26,4,5399,0,7.5,0.3,1,1,3,2,-1,2,-1,0,46,23,11,11,1,175,10,1
2876,20,3,4314,0,8.5,0.3,1,2,2,2,0,2,0,1,49,23,11,11,1,182,11,0
1693,28,6,2567,0,8.9,0.47,0,1,3,2,-1,2,-1,0,45,23,11,11,1,202,11,3
4821,39,3,7258,0,6.7,0.57,0,2,2,2,0,2,0,1,46,23,11,11,1,191,10,0
1880,33,2,2824,0,8.1,0.8,0,1,3,2,-1,2,-1,0,46,23,11,11,1,174,11,0
4243,31,9,6328,0,7.7,0.87,1,2,2,2,0,2,0,1,44,23,11,11,1,181,10,0
144,7,5,214,1,5.9,0.52,0,2,2,2,0,2,0,1,45,23,11,11,1,176,10,2
2601,22,4,3956,0,7.4,0.42,0,2,2,2,0,2,0,1,47,24,8,4,0.5,195,4,0
4559,33,3,6831,0,8.1,0.57,1,2,2,2,0,2,0,1,46,24,5,3,0.6,188,3,0
3462,26,3,5196,0,7.5,0.37,1,2,2,2,0,2,0,1,45,24,8,5,0.63,186,5,1
3660,30,1,5544,0,6.8,0.82,1,2,2,2,0,2,0,1,45,24,6,4,0.67,195,4,1
3870,44,8,5836,0,5.1,0.84,1,1,3,2,-1,2,-1,0,45,24,9,6,0.67,176,6,0
3755,45,9,5683,0,7.4,1.14,0,1,3,2,-1,2,-1,0,47,24,10,7,0.7,129,7,0
2915,22,6,4374,0,7.4,0.49,1,3,3,2,1,2,1,1,47,24,7,5,0.71,195,5,1
4463,35,3,6658,0,6.9,0.6,1,2,3,2,0,2,0,0,42,24,7,5,0.71,188,5,0
2476,41,4,3776,0,7,0.28,0,1,3,2,-1,2,-1,0,46,24,8,6,0.75,,0,0
2287,37,4,3481,0,5.5,0.73,0,1,3,2,-1,2,-1,0,44,24,8,6,0.75,187,6,0
5436,41,8,8203,0,7,0.54,1,2,2,2,0,2,0,1,46,24,9,7,0.78,183,7,2
2265,36,6,3446,0,7.5,0.65,0,2,3,2,0,2,0,0,45,24,9,7,0.78,175,7,0
4832,37,4,7275,0,5.5,0.73,1,2,4,2,0,2,0,0,47,24,9,7,0.78,159,7,0
2671,47,9,4046,0,6.7,2.05,0,2,2,2,0,2,0,1,47,24,9,7,0.78,181,8,1
275,2,4,418,1,6,0.37,0,1,3,2,-1,2,-1,0,43,24,10,8,0.8,194,8,1
711,9,1,1093,1,4.9,0.86,1,2,3,2,0,2,0,0,48,24,10,8,0.8,194,8,0
85,26,3,129,0,7.5,0.37,0,3,3,2,1,2,1,1,47,24,11,9,0.82,167,9,0
1911,39,2,2873,0,6.7,1.23,0,1,3,2,-1,2,-1,0,43,24,7,6,0.86,194,6,0
2635,45,6,4004,0,7.4,0.36,0,2,2,2,0,2,0,1,45,24,8,7,0.88,190,7,0
4311,33,6,6432,0,8.1,0.4,1,2,2,2,0,2,0,1,48,24,8,7,0.88,198,7,1
3251,25,2,4889,0,6.5,0.48,1,3,3,2,1,2,1,1,47,24,8,7,0.88,176,4,0
1654,28,1,2507,0,8.9,1.15,0,3,3,2,1,2,1,1,45,24,8,7,0.88,139,5,0
4580,35,1,6868,0,6.9,1.25,1,3,3,2,1,2,1,1,43,24,8,7,0.88,196,6,0
879,9,4,1353,1,4.9,0.27,0,2,2,2,0,2,0,1,47,24,8,7,0.88,205,7,0
2248,40,4,3420,0,5.5,0.38,0,2,2,2,0,2,0,1,45,24,9,8,0.89,187,8,0
4556,33,3,6823,0,8.1,0.57,1,2,2,2,0,2,0,1,47,24,9,8,0.89,161,8,2
4903,38,6,7399,0,7.4,0.68,1,2,2,2,0,2,0,1,44,24,9,8,0.89,183,8,0
4645,35,8,6972,0,6.9,0.73,1,3,3,2,1,2,1,1,45,24,9,8,0.89,190,8,2
3477,29,5,5221,0,5.7,1.27,1,2,3,2,0,2,0,0,45,24,9,8,0.89,188,8,0
1896,37,2,2844,0,5.5,1.39,0,2,3,2,0,2,0,0,44,24,9,8,0.89,,0,0
418,4,4,647,1,8.2,0.32,1,1,3,2,-1,2,-1,0,46,24,9,8,0.89,191,6,0
4015,47,4,6027,0,6.7,0.53,1,2,2,2,0,2,0,1,49,24,11,10,0.91,180,10,1
494,6,8,773,1,6.7,0.49,1,2,4,2,0,2,0,0,50,24,11,10,0.91,203,10,2
316,4,4,482,1,8.2,0.32,1,2,4,2,0,2,0,0,47,24,5,5,1,208,4,0
5396,40,6,8136,0,5.5,0.41,1,2,2,2,0,2,0,1,42,24,7,7,1,205,7,0
2960,22,8,4449,0,7.4,0.6,1,2,2,2,0,2,0,1,45,24,7,7,1,197,7,2
4578,35,6,6863,0,6.9,0.7,1,3,3,2,1,2,1,1,43,24,7,7,1,189,7,0
5205,40,9,7859,0,5.5,1.14,1,2,2,2,0,2,0,1,42,24,7,7,1,185,7,0
3451,35,2,5182,0,6.9,1.28,1,2,2,2,0,2,0,1,43,24,7,7,1,,0,0
2644,47,5,4016,0,6.7,1.66,0,3,3,2,1,2,1,1,45,24,7,7,1,195,7,2
2190,39,6,3330,0,6.7,0.43,0,2,2,2,0,2,0,1,45,24,8,8,1,187,8,1
2046,34,4,3092,0,7.6,0.44,0,2,3,2,0,2,0,0,43,24,8,8,1,187,8,0
5151,39,4,7771,0,6.7,0.48,0,2,3,2,0,2,0,0,46,24,8,8,1,189,8,0
4720,41,8,7101,0,7,0.54,1,3,3,2,1,2,1,1,44,24,8,8,1,166,8,0
3810,47,6,5750,0,6.7,0.68,0,2,2,2,0,2,0,1,44,24,8,8,1,199,8,0
3251,23,2,4887,0,7.8,1.01,1,1,3,2,-1,2,-1,0,42,24,8,8,1,182,7,1
4555,33,9,6821,0,8.1,1.29,1,2,3,2,0,2,0,0,45,24,8,8,1,202,8,0
2628,44,1,3996,0,5.1,1.83,0,2,2,2,0,2,0,1,45,24,8,8,1,154,1,0
558,9,5,869,1,4.9,0.35,0,2,2,2,0,2,0,1,45,24,8,8,1,193,8,2
3700,45,6,5609,0,7.4,0.36,0,1,2,2,-1,2,-1,0,45,24,9,9,1,194,9,0
2633,45,6,4002,0,7.4,0.36,0,2,2,2,0,2,0,1,45,24,9,9,1,188,9,0
1628,28,4,2458,0,8.9,0.39,0,2,2,2,0,2,0,1,44,24,9,9,1,189,9,3
2576,23,8,3922,0,7.8,0.49,0,2,3,2,0,2,0,0,47,24,9,9,1,183,9,1
2131,36,6,3242,0,7.5,0.65,0,3,3,2,1,2,1,1,45,24,9,9,1,189,8,1
1565,28,1,2347,0,8.9,1.15,0,2,3,2,0,2,0,0,44,24,9,9,1,175,9,0
33,1,4,54,1,6.6,0.12,0,2,2,2,0,2,0,1,45,24,9,9,1,211,9,0
358,3,5,558,1,5.9,0.52,0,2,2,2,0,2,0,1,44,24,9,9,1,181,6,1
1354,16,5,2062,1,5.7,0.66,1,3,3,2,1,2,1,1,45,24,9,9,1,186,7,0
4874,41,4,7345,0,7,0.28,1,3,3,2,1,2,1,1,46,24,10,10,1,206,10,1
1421,19,3,2154,0,8.1,0.3,0,2,2,2,0,2,0,1,47,24,10,10,1,177,8,0
3004,23,4,4519,0,7.8,0.4,1,2,3,2,0,2,0,0,46,24,10,10,1,196,10,1
5285,42,4,7970,0,5.6,0.54,1,1,3,2,-1,2,-1,0,47,24,10,10,1,204,10,1
3208,26,9,4825,0,7.5,0.72,1,3,3,2,1,2,1,1,48,24,10,10,1,184,9,0
1548,26,1,2322,0,7.5,0.97,0,2,2,2,0,2,0,1,48,24,10,10,1,193,10,1
5157,45,9,7779,0,7.4,1.14,1,2,2,2,0,2,0,1,45,24,10,10,1,178,10,2
1218,14,3,1853,1,7,0.23,0,3,3,2,1,2,1,1,,24,10,10,1,,10,3
1233,13,5,1873,1,6,0.7,0,2,3,2,0,2,0,0,43,24,10,10,1,182,3,0
1686,28,7,2555,0,8.9,0.21,0,2,3,2,0,2,0,0,45,24,11,11,1,186,11,3
2506,20,4,3815,0,8.5,0.25,0,2,2,2,0,2,0,1,49,24,11,11,1,182,10,2
2870,20,4,4304,0,8.5,0.25,1,2,2,2,0,2,0,1,50,24,11,11,1,190,11,4
1482,19,5,2230,0,8.1,0.48,1,3,3,2,1,2,1,1,47,24,11,11,1,186,8,1
2449,39,5,3727,0,6.7,1.05,0,2,2,2,0,2,0,1,46,24,11,11,1,178,11,1
2914,21,2,4372,0,8.6,1.12,1,2,2,2,0,2,0,1,51,24,11,11,1,204,8,1
873,11,4,1347,1,7,0.16,0,3,3,2,1,2,1,1,47,24,11,11,1,,11,3
322,4,3,492,1,8.2,0.23,1,2,2,2,0,2,0,1,46,24,11,11,1,188,11,3
700,14,5,1076,1,7,0.74,0,2,2,2,0,2,0,1,49,24,11,11,1,186,10,0
1862,33,4,2802,0,8.1,0.27,0,2,2,2,0,2,0,1,48,24,12,12,1,191,12,1
2355,41,9,3590,0,7,1.14,0,3,3,2,1,2,1,1,50,24,14,14,1,180,13,2
2242,2,9,3413,1,6,1.06,0,2,3,2,0,2,0,0,45,25,9,3,0.33,195,3,0
2235,47,4,3406,0,6.7,0.53,0,2,2,2,0,2,0,1,47,25,7,3,0.43,201,3,0
4889,37,4,7372,0,5.5,0.73,1,2,3,2,0,2,0,0,47,25,10,5,0.5,181,5,1
3974,47,9,5976,0,6.7,2.05,1,2,2,2,0,2,0,1,,25,8,5,0.63,,0,0
2499,40,4,3806,0,5.5,0.38,0,2,2,2,0,2,0,1,46,25,10,7,0.7,160,5,0
2723,43,8,4106,0,6.8,0.84,0,2,2,2,0,2,0,1,46,25,7,5,0.71,,0,0
5415,42,1,8165,0,5.6,1.58,1,3,3,2,1,2,1,1,47,25,7,5,0.71,188,5,1
4580,33,1,6866,0,8.1,0.68,1,1,3,2,-1,2,-1,0,50,25,8,6,0.75,177,5,3
4740,35,5,7129,0,6.9,1.01,1,1,3,2,-1,2,-1,0,46,25,9,7,0.78,182,7,1
806,9,6,1232,1,4.9,0.24,0,2,2,2,0,2,0,1,49,25,9,7,0.78,200,6,0
5291,44,4,7981,0,5.1,0.41,1,3,3,2,1,2,1,1,48,25,10,8,0.8,182,8,0
2751,43,4,4149,0,6.8,0.46,0,2,2,2,0,2,0,1,48,25,7,6,0.86,194,6,1
5043,39,1,7609,0,6.7,0.97,1,3,3,2,1,2,1,1,45,25,7,6,0.86,195,6,2
4897,36,9,7391,0,7.5,1.25,1,1,3,2,-1,2,-1,0,46,25,7,6,0.86,191,6,2
4421,33,9,6583,0,8.1,1.29,1,1,3,2,-1,2,-1,0,44,25,7,6,0.86,200,6,2
1559,29,1,2339,0,5.7,1.47,0,3,3,2,1,2,1,1,43,25,7,6,0.86,,0,0
1020,10,1,1548,1,5.4,1.25,0,2,4,2,0,2,0,0,46,25,8,7,0.88,,7,1
2265,35,6,3445,0,6.9,0.7,0,1,3,2,-1,2,-1,0,47,25,9,8,0.89,185,8,0
3119,23,9,4693,0,7.8,0.72,1,2,2,2,0,2,0,1,49,25,9,8,0.89,205,8,0
2324,41,5,3538,0,7,1.09,0,1,3,2,-1,2,-1,0,48,25,9,8,0.89,173,8,0
1593,29,5,2401,0,5.7,1.27,0,3,3,2,1,2,1,1,52,25,9,8,0.89,163,8,0
5203,40,5,7856,0,5.5,1.57,1,2,3,2,0,2,0,0,45,25,9,8,0.89,181,7,0
2026,47,2,3052,0,6.7,1.6,0,2,2,2,0,2,0,1,47,25,9,8,0.89,177,8,0
4740,37,5,7131,0,5.5,0.74,1,3,3,2,1,2,1,1,47,25,10,9,0.9,174,4,0
2348,44,1,3579,0,5.1,1.83,0,3,3,2,1,2,1,1,47,25,10,9,0.9,145,1,0
873,9,4,1345,1,4.9,0.27,0,1,3,2,-1,2,-1,0,49,25,10,9,0.9,176,7,2
987,14,1,1509,1,7,1.18,1,3,3,2,1,2,1,1,47,25,10,9,0.9,174,9,1
4414,35,6,6565,0,6.9,0.7,1,3,3,2,1,2,1,1,46,25,4,4,1,194,4,3
268,2,1,408,1,6,2.33,0,1,4,2,-1,2,-1,0,43,25,5,5,1,155,4,0
4421,34,9,6584,0,7.6,1.56,1,2,3,2,0,2,0,0,43,25,6,6,1,,0,0
37,1,4,62,1,6.6,0.12,0,2,2,2,0,2,0,1,43,25,6,6,1,192,6,1
2388,39,6,3642,0,6.7,0.43,0,3,3,2,1,2,1,1,45,25,7,7,1,197,7,1
4720,40,8,7100,0,5.5,0.51,1,2,3,2,0,2,0,0,43,25,7,7,1,195,7,3
4420,33,3,6580,0,8.1,0.57,1,1,3,2,-1,2,-1,0,45,25,7,7,1,201,7,0
5219,45,1,7882,0,7.4,1.43,1,1,3,2,-1,2,-1,0,45,25,7,7,1,158,5,1
16,1,4,21,1,6.6,0.12,1,1,3,2,-1,2,-1,0,44,25,7,7,1,202,7,1
1218,12,3,1851,1,5.4,0.33,0,1,3,2,-1,2,-1,0,47,25,7,7,1,200,7,1
1093,15,1,1658,1,5.7,0.61,1,3,3,2,1,2,1,1,,25,7,7,1,,6,1
834,10,1,1276,1,5.4,1.25,1,2,4,2,0,2,0,0,46,25,7,7,1,,6,0
1526,17,9,2294,0,6.8,0.42,0,1,3,2,-1,2,-1,0,45,25,8,8,1,187,6,0
1551,26,9,2326,0,7.5,0.72,0,1,3,2,-1,2,-1,0,46,25,8,8,1,195,8,0
4493,35,8,6710,0,6.9,0.73,1,2,3,2,0,2,0,0,45,25,8,8,1,188,8,1
3784,47,1,5720,0,6.7,1.22,0,2,2,2,0,2,0,1,46,25,8,8,1,186,8,0
5219,47,1,7883,0,6.7,1.22,1,3,3,2,1,2,1,1,45,25,8,8,1,152,8,0
2460,42,5,3756,0,5.6,1.75,0,3,4,2,1,2,1,0,50,25,8,8,1,,0,0
2621,44,5,3989,0,5.1,1.92,0,2,2,2,0,2,0,1,45,25,8,8,1,180,8,1
4983,41,6,7526,0,7,0.37,1,3,4,2,1,2,1,0,46,25,9,9,1,188,9,1
3015,23,9,4537,0,7.8,0.72,1,2,3,2,0,2,0,0,46,25,9,9,1,194,9,1
2577,24,3,3925,0,7.3,0.73,0,3,3,2,1,2,1,1,46,25,9,9,1,179,9,3
1395,17,5,2122,0,6.8,0.74,0,3,3,2,1,2,1,1,47,25,9,9,1,193,6,0
3015,24,9,4538,0,7.3,1.25,1,3,3,2,1,2,1,1,45,25,9,9,1,173,9,0
4951,39,9,7468,0,6.7,1.37,0,2,2,2,0,2,0,1,46,25,9,9,1,189,8,0
3003,23,3,4516,0,7.8,0.37,1,2,3,2,0,2,0,0,48,25,10,10,1,197,9,2
3377,23,4,5073,0,7.8,0.4,1,2,3,2,0,2,0,0,50,25,10,10,1,186,10,1
3235,26,8,4861,0,7.5,0.41,1,3,3,2,1,2,1,1,45,25,10,10,1,177,8,0
4467,35,6,6663,0,6.9,0.7,1,2,2,2,0,2,0,1,47,25,10,10,1,175,10,0
3014,23,9,4534,0,7.8,0.72,1,2,3,2,0,2,0,0,46,25,10,10,1,204,10,2
3079,24,8,4646,0,7.3,0.84,1,3,3,2,1,2,1,1,47,25,10,10,1,174,2,0
3014,22,9,4533,0,7.4,0.95,1,1,3,2,-1,2,-1,0,50,25,10,10,1,199,8,1
2325,41,5,3540,0,7,1.09,0,2,2,2,0,2,0,1,47,25,10,10,1,183,7,1
3604,29,5,5448,0,5.7,1.27,1,2,3,2,0,2,0,0,48,25,10,10,1,127,9,0
1823,46,9,2751,0,6.2,1.71,0,2,2,2,0,2,0,1,45,25,10,10,1,186,10,1
827,9,4,1263,1,4.9,0.27,1,1,4,2,-1,2,-1,0,48,25,10,10,1,182,3,0
873,10,4,1346,1,5.4,0.3,0,2,3,2,0,2,0,0,47,25,10,10,1,181,10,0
405,6,3,627,1,6.7,0.3,1,2,6,2,0,2,0,0,47,25,10,10,1,190,10,3
2801,19,4,4219,0,8.1,0.27,1,2,2,2,0,2,0,1,49,25,12,12,1,197,11,0
4627,37,4,6947,0,5.5,0.73,1,3,3,2,1,2,1,1,58,25,12,12,1,192,12,1
275,4,4,420,1,8.2,0.32,0,3,3,2,1,2,1,1,49,25,13,13,1,181,12,2
2777,44,4,4190,0,5.1,0.41,0,1,3,2,-1,2,-1,0,47,26,6,2,0.33,,0,0
3914,44,4,5897,0,5.1,0.41,1,1,3,2,-1,2,-1,0,57,26,12,4,0.33,,0,0
2368,40,9,3611,0,5.5,1.14,0,2,2,2,0,2,0,1,46,26,9,5,0.56,152,5,0
3792,47,3,5728,0,6.7,0.73,0,2,2,2,0,2,0,1,47,26,8,5,0.63,194,5,2
3555,29,4,5355,0,5.7,0.48,1,3,3,2,1,2,1,1,48,26,10,7,0.7,,0,0
2360,39,3,3597,0,6.7,0.57,0,1,3,2,-1,2,-1,0,46,26,7,5,0.71,189,5,0
4510,37,4,6747,0,5.5,0.73,1,3,3,2,1,2,1,1,48,26,7,5,0.71,,0,0
2175,36,9,3312,0,7.5,1.25,0,2,2,2,0,2,0,1,45,26,7,5,0.71,183,5,0
2201,33,6,3345,0,8.1,0.4,0,1,3,2,-1,2,-1,0,50,26,8,6,0.75,150,6,0
4423,34,9,6588,0,7.6,1.56,1,2,3,2,0,2,0,0,47,26,11,9,0.82,207,9,1
2007,42,1,3025,0,5.6,1.58,0,3,3,2,1,2,1,1,49,26,6,5,0.83,,0,0
3816,47,8,5756,0,6.7,0.64,0,2,2,2,0,2,0,1,46,26,7,6,0.86,,0,0
4928,37,1,7437,0,5.5,1.32,1,1,3,2,-1,2,-1,0,50,26,7,6,0.86,179,6,2
1583,29,1,2380,0,5.7,1.47,0,3,3,2,1,2,1,1,47,26,7,6,0.86,163,6,2
3968,47,9,5970,0,6.7,2.05,1,2,2,2,0,2,0,1,45,26,7,6,0.86,198,6,0
2328,41,1,3545,0,7,0.79,0,1,3,2,-1,2,-1,0,48,26,8,7,0.88,,0,0
2729,47,1,4113,0,6.7,1.22,0,3,3,2,1,2,1,1,48,26,8,7,0.88,159,7,2
2674,47,2,4049,0,6.7,1.6,0,2,2,2,0,2,0,1,46,26,8,7,0.88,187,7,1
2622,44,1,3990,0,5.1,1.83,0,2,2,2,0,2,0,1,48,26,8,7,0.88,179,6,0
2968,22,4,4460,0,7.4,0.42,1,2,2,2,0,2,0,1,51,26,9,8,0.89,199,7,0
3760,47,1,5689,0,6.7,1.22,0,2,2,2,0,2,0,1,47,26,9,8,0.89,192,8,4
1589,29,5,2394,0,5.7,1.27,0,3,3,2,1,2,1,1,46,26,9,8,0.89,165,7,0
4423,33,9,6587,0,8.1,1.29,1,1,3,2,-1,2,-1,0,47,26,9,8,0.89,199,8,2
3755,47,9,5684,0,6.7,2.05,0,3,3,2,1,2,1,1,49,26,9,8,0.89,169,8,0
2743,44,1,4136,0,5.1,1.83,0,2,2,2,0,2,0,1,53,26,10,9,0.9,131,4,0
356,3,5,556,1,5.9,0.52,0,2,2,2,0,2,0,1,48,26,10,9,0.9,168,8,0
2863,19,4,4296,0,8.1,0.27,0,2,2,2,0,2,0,1,49,26,11,10,0.91,191,10,0
1693,30,6,2569,0,6.8,0.36,0,3,3,2,1,2,1,1,49,26,11,10,0.91,179,10,0
2555,20,8,3889,0,8.5,0.32,0,2,2,2,0,2,0,1,55,26,12,11,0.92,189,10,2
1978,37,1,2978,0,5.5,1.32,0,2,2,2,0,2,0,1,47,26,5,5,1,186,5,0
4880,41,1,7354,0,7,0.79,1,2,2,2,0,2,0,1,45,26,6,6,1,194,6,0
4322,47,2,6444,0,6.7,1.6,1,3,3,2,1,2,1,1,44,26,6,6,1,141,6,0
4909,41,2,7408,0,7,1.76,1,1,3,2,-1,2,-1,0,44,26,6,6,1,196,3,0
3800,46,6,5738,0,6.2,0.75,0,2,2,2,0,2,0,1,45,26,7,7,1,191,7,0
88,24,8,133,0,7.3,0.84,0,2,2,2,0,2,0,1,47,26,7,7,1,183,6,0
1948,35,5,2937,0,6.9,1.01,0,2,2,2,0,2,0,1,43,26,7,7,1,196,7,1
5468,40,3,8254,0,5.5,0.4,1,2,2,2,0,2,0,1,46,26,8,8,1,177,7,0
5015,39,4,7570,0,6.7,0.48,1,2,2,2,0,2,0,1,46,26,8,8,1,187,8,0
4570,33,3,6849,0,8.1,0.57,1,1,3,2,-1,2,-1,0,45,26,8,8,1,192,8,1
2098,35,3,3181,0,6.9,0.6,0,2,3,2,0,2,0,0,44,26,8,8,1,195,8,3
3937,47,8,5933,0,6.7,0.64,1,2,2,2,0,2,0,1,46,26,8,8,1,181,8,1
2201,35,6,3347,0,6.9,0.7,0,3,3,2,1,2,1,1,46,26,8,8,1,191,7,0
4724,37,6,7110,0,5.5,0.71,1,3,3,2,1,2,1,1,53,26,8,8,1,183,4,0
3979,47,3,5982,0,6.7,0.73,1,2,2,2,0,2,0,1,46,26,8,8,1,201,8,3
3070,23,1,4630,0,7.8,1,1,2,3,2,0,2,0,0,46,26,8,8,1,193,8,5
2994,23,6,4501,0,7.8,0.38,1,2,2,2,0,2,0,1,49,26,9,9,1,182,9,1
3160,23,4,4764,0,7.8,0.4,0,2,2,2,0,2,0,1,47,26,9,9,1,191,9,3
3094,23,4,4663,0,7.8,0.4,1,2,3,2,0,2,0,0,46,26,9,9,1,187,9,1
2123,47,4,3229,0,6.7,0.53,0,2,2,2,0,2,0,1,47,26,9,9,1,199,9,1
4555,32,9,6820,0,6.8,0.91,1,1,3,2,-1,2,-1,0,49,26,9,9,1,193,9,7
3245,22,1,4880,0,7.4,1.36,0,2,2,2,0,2,0,1,50,26,9,9,1,191,8,0
874,10,4,1348,1,5.4,0.3,0,2,2,2,0,2,0,1,48,26,9,9,1,178,5,0
3113,23,5,4687,0,7.8,0.26,1,2,2,2,0,2,0,1,49,26,10,10,1,197,10,0
1522,19,3,2289,0,8.1,0.3,0,2,2,2,0,2,0,1,48,26,10,10,1,183,7,2
1693,29,6,2568,0,5.7,0.47,0,2,3,2,0,2,0,0,47,26,10,10,1,181,10,1
2287,39,4,3483,0,6.7,0.48,0,3,3,2,1,2,1,1,46,26,10,10,1,192,10,0
4975,39,4,7508,0,6.7,0.48,1,3,3,2,1,2,1,1,47,26,10,10,1,205,10,1
3377,24,4,5074,0,7.3,0.65,1,3,3,2,1,2,1,1,48,26,10,10,1,171,10,1
4490,35,8,6705,0,6.9,0.73,1,2,2,2,0,2,0,1,48,26,10,10,1,187,10,0
461,6,2,707,1,6.7,1.39,1,2,2,2,0,2,0,1,48,26,10,10,1,,0,0
5192,40,3,7833,0,5.5,0.4,1,2,3,2,0,2,0,0,47,26,11,11,1,146,5,0
3500,29,6,5259,0,5.7,0.47,1,2,3,2,0,2,0,0,51,26,11,11,1,184,11,0
3586,28,3,5420,0,8.9,0.5,0,1,3,2,-1,2,-1,0,48,26,11,11,1,173,11,1
4107,28,3,6128,0,8.9,0.5,1,1,3,2,-1,2,-1,0,49,26,11,11,1,203,9,1
321,4,9,491,1,8.2,0.61,1,2,2,2,0,2,0,1,48,26,11,11,1,196,11,1
5201,40,4,7851,0,5.5,0.38,1,2,3,2,0,2,0,0,49,26,12,12,1,174,9,0
3042,22,8,4588,0,7.4,0.6,1,2,2,2,0,2,0,1,51,26,12,12,1,182,10,1
544,6,9,850,1,6.7,0.57,0,2,4,2,0,2,0,0,49,26,12,12,1,182,12,1
470,6,6,720,1,6.7,0.46,0,2,2,2,0,2,0,1,43,27,6,2,0.33,165,2,0
1250,16,5,1900,1,5.7,0.66,0,2,2,2,0,2,0,1,48,27,8,6,0.75,197,6,2
3887,44,1,5861,0,5.1,1.83,1,1,3,2,-1,2,-1,0,47,27,5,4,0.8,153,2,0
2234,47,3,3405,0,6.7,0.73,0,2,2,2,0,2,0,1,45,27,6,5,0.83,193,5,0
2371,40,4,3619,0,5.5,0.38,0,2,2,2,0,2,0,1,46,27,7,6,0.86,186,6,1
3814,47,6,5754,0,6.7,0.68,0,2,2,2,0,2,0,1,45,27,7,6,0.86,200,6,1
2677,47,8,4052,0,6.7,0.64,0,2,2,2,0,2,0,1,48,27,8,7,0.88,159,7,1
4018,47,3,6031,0,6.7,0.73,1,2,2,2,0,2,0,1,49,27,10,9,0.9,184,9,1
2529,19,4,3847,0,8.1,0.27,0,2,2,2,0,2,0,1,50,27,11,10,0.91,189,9,0
3041,22,8,4587,0,7.4,0.6,1,2,2,2,0,2,0,1,52,27,11,10,0.91,189,10,1
3508,29,9,5271,0,5.7,1.25,1,2,3,2,0,2,0,0,46,27,4,4,1,208,4,0
2629,44,1,3997,0,5.1,1.83,0,2,2,2,0,2,0,1,49,27,4,4,1,181,3,0
2757,44,4,4158,0,5.1,0.41,0,2,2,2,0,2,0,1,46,27,6,6,1,195,6,1
2395,39,6,3651,0,6.7,0.43,0,2,2,2,0,2,0,1,48,27,6,6,1,194,6,2
59,21,6,96,0,8.6,0.46,0,2,2,2,0,2,0,1,48,27,6,6,1,192,2,0
4931,37,3,7442,0,5.5,0.87,1,1,3,2,-1,2,-1,0,46,27,6,6,1,193,6,2
3004,22,4,4518,0,7.4,0.42,1,1,3,2,-1,2,-1,0,48,27,7,7,1,201,7,0
5353,45,3,8078,0,7.4,0.43,1,2,2,2,0,2,0,1,45,27,7,7,1,195,7,2
4154,29,4,6193,0,5.7,0.48,1,1,4,2,-1,2,-1,0,51,27,7,7,1,174,4,0
2410,41,8,3671,0,7,0.54,0,1,3,2,-1,2,-1,0,43,27,7,7,1,196,7,2
4570,35,3,6851,0,6.9,0.6,1,3,3,2,1,2,1,1,46,27,7,7,1,191,7,4
2266,35,6,3448,0,6.9,0.7,0,1,3,2,-1,2,-1,0,46,27,7,7,1,186,7,1
1771,31,9,2686,0,7.7,0.87,0,2,3,2,0,2,0,0,46,27,7,7,1,199,7,0
3052,23,2,4601,0,7.8,1.01,1,3,3,2,1,2,1,1,52,27,7,7,1,184,7,0
1775,31,4,2691,0,7.7,0.38,0,2,2,2,0,2,0,1,45,27,8,8,1,181,8,0
3445,26,5,5172,0,7.5,0.52,1,1,3,2,-1,2,-1,0,50,27,8,8,1,,0,0
2576,22,8,3921,0,7.4,0.6,0,1,3,2,-1,2,-1,0,49,27,8,8,1,195,8,1
4948,39,1,7465,0,6.7,0.97,1,2,2,2,0,2,0,1,46,27,8,8,1,181,8,1
3261,23,1,4903,0,7.8,1,1,1,3,2,-1,2,-1,0,48,27,8,8,1,200,8,2
5203,39,5,7855,0,6.7,1.05,1,1,3,2,-1,2,-1,0,47,27,8,8,1,184,8,3
5202,40,9,7854,0,5.5,1.14,1,2,2,2,0,2,0,1,46,27,8,8,1,184,7,0
3506,29,1,5268,0,5.7,1.47,1,2,2,2,0,2,0,1,46,27,8,8,1,178,8,1
4660,37,9,7002,0,5.5,1.94,1,3,3,2,1,2,1,1,48,27,8,8,1,184,8,0
1331,16,3,2017,1,5.7,0.23,0,2,2,2,0,2,0,1,48,27,8,8,1,172,8,0
1151,11,5,1754,1,7,0.57,0,1,3,2,-1,2,-1,0,49,27,8,8,1,205,7,3
406,6,1,631,1,6.7,1.4,1,2,2,2,0,2,0,1,47,27,8,8,1,198,7,0
2564,21,6,3903,0,8.6,0.46,0,2,3,2,0,2,0,0,51,27,9,9,1,198,8,0
4478,35,8,6682,0,6.9,0.73,1,2,3,2,0,2,0,0,46,27,9,9,1,187,9,0
3284,23,1,4947,0,7.8,1,0,2,2,2,0,2,0,1,50,27,9,9,1,191,9,1
2992,23,2,4498,0,7.8,1.01,1,2,3,2,0,2,0,0,51,27,9,9,1,182,9,2
4155,30,2,6197,0,6.8,1.12,1,2,3,2,0,2,0,0,48,27,9,9,1,,9,0
3445,28,1,5174,0,8.9,1.15,1,3,3,2,1,2,1,1,48,27,9,9,1,186,8,2
2028,47,2,3054,0,6.7,1.6,0,2,2,2,0,2,0,1,49,27,9,9,1,189,9,0
465,6,3,711,1,6.7,0.3,1,2,3,2,0,2,0,0,46,27,9,9,1,,0,0
329,5,8,503,1,5.6,0.34,1,3,3,2,1,2,1,1,48,27,9,9,1,,0,0
643,6,6,998,1,6.7,0.46,0,2,2,2,0,2,0,1,50,27,9,9,1,,0,0
1078,12,5,1639,1,5.4,0.7,0,3,3,2,1,2,1,1,49,27,9,9,1,190,7,1
3064,23,7,4620,0,7.8,0.12,0,2,3,2,0,2,0,0,52,27,10,10,1,179,9,1
5177,40,4,7813,0,5.5,0.38,1,3,3,2,1,2,1,1,48,27,10,10,1,172,9,0
1640,28,4,2477,0,8.9,0.39,0,3,3,2,1,2,1,1,48,27,10,10,1,195,10,1
4718,39,8,7095,0,6.7,0.41,1,2,3,2,0,2,0,0,47,27,10,10,1,187,10,2
180,26,2,264,0,7.5,0.48,0,1,3,2,-1,2,-1,0,50,27,10,10,1,190,6,0
5177,39,4,7812,0,6.7,0.48,1,2,3,2,0,2,0,0,48,27,10,10,1,179,8,2
4718,40,8,7096,0,5.5,0.51,1,3,3,2,1,2,1,1,48,27,10,10,1,174,7,0
1933,32,1,2912,0,6.8,0.54,0,1,3,2,-1,2,-1,0,51,27,10,10,1,201,10,2
3014,24,9,4535,0,7.3,1.25,1,3,3,2,1,2,1,1,47,27,10,10,1,187,9,1
5115,39,9,7720,0,6.7,1.37,1,3,3,2,1,2,1,1,48,27,10,10,1,189,10,0
404,6,4,625,1,6.7,0.27,1,2,2,2,0,2,0,1,48,27,10,10,1,195,10,1
16,3,4,23,1,5.9,0.3,1,3,3,2,1,2,1,1,48,27,10,10,1,170,3,0
361,4,6,561,1,8.2,0.37,0,2,3,2,0,2,0,0,49,27,10,10,1,194,10,0
376,4,2,587,1,8.2,0.8,0,2,3,2,0,2,0,0,48,27,10,10,1,187,8,0
375,6,2,586,1,6.7,1.39,0,3,3,2,1,2,1,1,49,27,10,10,1,,0,0
1423,19,4,2157,0,8.1,0.27,0,2,4,2,0,2,0,0,50,27,11,11,1,187,11,0
827,11,4,1265,1,7,0.16,1,3,4,2,1,2,1,0,48,27,11,11,1,,10,3
317,4,4,485,1,8.2,0.32,1,2,2,2,0,2,0,1,52,27,11,11,1,194,11,2
5467,40,4,8253,0,5.5,0.38,1,2,2,2,0,2,0,1,49,27,12,12,1,143,5,1
2620,44,1,3988,0,5.1,1.83,0,2,2,2,0,2,0,1,51,28,8,3,0.38,185,3,0
2918,22,4,4378,0,7.4,0.42,1,3,3,2,1,2,1,1,53,28,7,3,0.43,189,3,1
3844,44,9,5801,0,5.1,1.63,1,1,3,2,-1,2,-1,0,48,28,9,5,0.56,183,5,0
268,4,1,410,1,8.2,1.32,0,3,4,2,1,2,1,0,49,28,10,6,0.6,190,6,2
1482,17,5,2229,0,6.8,0.74,1,1,3,2,-1,2,-1,0,49,28,6,4,0.67,200,2,1
127,26,3,185,0,7.5,0.37,0,2,3,2,0,2,0,0,49,28,9,7,0.78,179,7,4
3754,47,3,5682,0,6.7,0.73,0,3,3,2,1,2,1,1,49,28,10,8,0.8,205,8,1
850,9,8,1302,1,4.9,0.41,0,1,3,2,-1,2,-1,0,54,28,10,8,0.8,,8,0
3474,26,4,5214,0,7.5,0.3,1,1,3,2,-1,2,-1,0,47,28,7,6,0.86,191,6,0
3508,28,9,5270,0,8.9,1.1,1,1,3,2,-1,2,-1,0,46,28,7,6,0.86,202,6,1
3505,29,9,5266,0,5.7,1.25,1,2,3,2,0,2,0,0,49,28,7,6,0.86,195,5,0
857,10,8,1315,1,5.4,0.49,0,2,3,2,0,2,0,0,49,28,8,7,0.88,191,7,0
734,9,1,1133,1,4.9,0.86,0,3,3,2,1,2,1,1,53,28,8,7,0.88,191,6,1
5046,39,6,7615,0,6.7,0.43,1,3,3,2,1,2,1,1,49,28,9,8,0.89,175,8,0
2777,46,4,4192,0,6.2,0.51,0,3,3,2,1,2,1,1,49,28,9,8,0.89,180,8,2
4592,34,8,6885,0,7.6,0.51,1,1,3,2,-1,2,-1,0,48,28,9,8,0.89,198,8,0
3281,23,1,4942,0,7.8,1,0,1,3,2,-1,2,-1,0,51,28,9,8,0.89,206,7,2
1354,14,5,2060,1,7,0.74,1,1,3,2,-1,2,-1,0,49,28,9,8,0.89,197,7,1
1836,46,9,2770,0,6.2,1.71,0,2,2,2,0,2,0,1,48,28,10,9,0.9,197,9,1
1936,32,1,2919,0,6.8,0.54,0,2,3,2,0,2,0,0,51,28,11,10,0.91,190,10,3
438,5,4,674,1,5.6,0.28,1,2,2,2,0,2,0,1,48,28,11,10,0.91,187,9,3
1547,17,1,2320,0,6.8,0.43,0,1,3,2,-1,2,-1,0,46,28,5,5,1,205,5,4
2625,44,1,3993,0,5.1,1.83,0,2,2,2,0,2,0,1,47,28,6,6,1,185,6,2
1759,30,3,2670,0,6.8,0.63,0,2,4,2,0,2,0,0,47,28,7,7,1,186,7,0
5053,37,3,7624,0,5.5,0.87,1,1,3,2,-1,2,-1,0,47,28,7,7,1,184,6,0
2257,41,9,3432,0,7,1.14,0,2,4,2,0,2,0,0,47,28,7,7,1,199,7,0
4783,37,1,7197,0,5.5,1.32,1,3,3,2,1,2,1,1,50,28,7,7,1,168,7,0
5424,41,4,8178,0,7,0.28,1,2,2,2,0,2,0,1,48,28,8,8,1,184,8,2
2250,40,4,3422,0,5.5,0.38,0,2,2,2,0,2,0,1,46,28,8,8,1,190,8,0
4529,32,1,6773,0,6.8,0.54,1,1,3,2,-1,2,-1,0,50,28,8,8,1,166,3,0
4893,36,3,7384,0,7.5,0.73,1,1,3,2,-1,2,-1,0,47,28,8,8,1,189,8,2
5203,41,5,7857,0,7,1.09,1,3,3,2,1,2,1,1,48,28,8,8,1,182,8,2
3505,30,9,5267,0,6.8,1.22,1,3,3,2,1,2,1,1,47,28,8,8,1,186,8,0
3128,24,2,4705,0,7.3,1.55,1,3,3,2,1,2,1,1,47,28,8,8,1,,0,0
857,9,8,1314,1,4.9,0.41,0,1,3,2,-1,2,-1,0,50,28,8,8,1,,8,3
816,8,9,1246,1,4.5,0.46,0,2,2,2,0,2,0,1,48,28,8,8,1,,0,0
711,8,1,1092,1,4.5,1.11,1,1,3,2,-1,2,-1,0,49,28,8,8,1,187,8,0
1304,16,1,1984,1,5.7,1.15,0,3,3,2,1,2,1,1,50,28,8,8,1,153,4,0
1300,14,1,1975,1,7,1.18,0,2,2,2,0,2,0,1,,28,8,8,1,,8,0
1125,16,2,1720,1,5.7,1.34,1,3,3,2,1,2,1,1,50,28,8,8,1,180,8,0
3585,26,4,5417,0,7.5,0.3,1,1,3,2,-1,2,-1,0,48,28,9,9,1,181,9,2
5339,45,6,8058,0,7.4,0.36,1,2,2,2,0,2,0,1,51,28,9,9,1,157,5,0
2630,40,4,3998,0,5.5,0.38,0,2,2,2,0,2,0,1,48,28,9,9,1,173,8,0
5452,40,4,8226,0,5.5,0.38,1,2,3,2,0,2,0,0,48,28,9,9,1,186,8,2
3147,23,4,4738,0,7.8,0.4,1,1,3,2,-1,2,-1,0,50,28,9,9,1,203,9,2
4470,35,4,6667,0,6.9,0.45,1,2,2,2,0,2,0,1,49,28,9,9,1,187,9,0
2364,39,4,3605,0,6.7,0.48,0,2,6,2,0,2,0,0,50,28,9,9,1,,0,0
4564,33,1,6839,0,8.1,0.68,1,1,3,2,-1,2,-1,0,49,28,9,9,1,186,9,4
4345,47,6,6471,0,6.7,0.68,1,2,2,2,0,2,0,1,49,28,9,9,1,,0,0
3157,23,9,4761,0,7.8,0.72,0,2,2,2,0,2,0,1,48,28,9,9,1,187,7,5
1381,16,4,2097,1,5.7,0.13,0,2,5,2,0,2,0,0,48,28,9,9,1,190,8,2
607,6,8,940,1,6.7,0.49,0,2,2,2,0,2,0,1,50,28,9,9,1,181,9,1
1233,14,5,1874,1,7,0.74,0,3,3,2,1,2,1,1,49,28,9,9,1,193,8,1
1090,14,5,1653,1,7,0.74,1,2,2,2,0,2,0,1,49,28,9,9,1,192,9,1
375,4,2,585,1,8.2,0.8,0,1,3,2,-1,2,-1,0,49,28,9,9,1,193,9,0
5192,39,3,7832,0,6.7,0.57,1,1,3,2,-1,2,-1,0,51,28,10,10,1,136,2,0
3070,24,1,4631,0,7.3,1.47,1,3,3,2,1,2,1,1,50,28,10,10,1,184,10,0
2576,24,2,3923,0,7.3,1.55,0,3,3,2,1,2,1,1,51,28,10,10,1,181,10,1
894,10,4,1379,1,5.4,0.3,0,2,2,2,0,2,0,1,49,28,10,10,1,194,10,2
5201,41,4,7852,0,7,0.28,1,3,3,2,1,2,1,1,51,28,11,11,1,193,11,5
2842,20,5,4273,0,8.5,0.48,1,2,2,2,0,2,0,1,51,28,11,11,1,189,11,3
3222,23,8,4842,0,7.8,0.49,0,2,2,2,0,2,0,1,51,28,11,11,1,190,11,1
3064,24,7,4621,0,7.3,0.5,0,3,3,2,1,2,1,1,53,28,11,11,1,180,11,2
3155,24,3,4756,0,7.3,0.73,0,2,2,2,0,2,0,1,50,28,11,11,1,184,10,1
3870,46,8,5838,0,6.2,0.84,1,3,3,2,1,2,1,1,50,28,11,11,1,157,11,0
976,14,4,1493,1,7,0.22,1,3,3,2,1,2,1,1,,28,11,11,1,,7,0
390,4,6,607,1,8.2,0.37,0,2,2,2,0,2,0,1,53,28,11,11,1,196,9,0
318,4,6,486,1,8.2,0.37,1,2,3,2,0,2,0,0,51,28,11,11,1,205,11,2
5201,39,4,7850,0,6.7,0.48,1,1,3,2,-1,2,-1,0,52,28,12,12,1,175,11,0
158,24,4,232,0,7.3,0.65,0,1,3,2,-1,2,-1,0,52,28,12,12,1,170,11,0
418,6,4,648,1,6.7,0.27,1,3,3,2,1,2,1,1,53,28,12,12,1,193,12,0
393,4,2,610,1,8.2,0.8,0,2,3,2,0,2,0,0,52,28,12,12,1,201,11,3
2131,34,6,3240,0,7.6,0.53,0,1,3,2,-1,2,-1,0,51,29,10,2,0.2,,0,0
2669,47,5,4044,0,6.7,1.66,0,2,2,2,0,2,0,1,50,29,8,5,0.63,190,5,0
90,24,8,135,0,7.3,0.84,0,1,3,2,-1,2,-1,0,53,29,9,6,0.67,182,6,0
4139,29,1,6172,0,5.7,1.47,1,1,3,2,-1,2,-1,0,50,29,9,6,0.67,186,6,0
4874,39,4,7343,0,6.7,0.48,1,1,3,2,-1,2,-1,0,49,29,9,7,0.78,187,7,1
3700,47,6,5611,0,6.7,0.68,0,3,2,2,1,2,1,0,50,29,10,8,0.8,,0,0
2672,47,2,4047,0,6.7,1.6,0,2,2,2,0,2,0,1,48,29,6,5,0.83,190,5,0
4660,35,9,7000,0,6.9,1.75,1,1,3,2,-1,2,-1,0,48,29,6,5,0.83,206,5,1
2265,37,6,3447,0,5.5,0.71,0,3,3,2,1,2,1,1,56,29,7,6,0.86,195,6,0
3633,29,9,5499,0,5.7,1.25,1,1,3,2,-1,2,-1,0,48,29,7,6,0.86,201,6,0
1594,29,5,2404,0,5.7,1.27,0,3,3,2,1,2,1,1,50,29,7,6,0.86,171,6,0
2206,33,8,3354,0,8.1,0.41,0,1,3,2,-1,2,-1,0,49,29,8,7,0.88,180,7,0
3260,24,4,4901,0,7.3,0.65,1,2,3,2,0,2,0,0,49,29,8,7,0.88,179,7,1
3052,22,2,4600,0,7.4,1.66,1,2,3,2,0,2,0,0,53,29,8,7,0.88,183,7,0
2943,21,8,4420,0,8.6,0.56,1,2,2,2,0,2,0,1,51,29,9,8,0.89,188,6,0
3633,31,9,5501,0,7.7,0.87,1,3,3,2,1,2,1,1,48,29,9,8,0.89,184,8,1
4874,40,4,7344,0,5.5,0.38,1,2,3,2,0,2,0,0,50,29,10,9,0.9,156,2,0
3141,24,7,4725,0,7.3,0.5,1,2,3,2,0,2,0,0,58,29,10,9,0.9,184,9,1
3820,47,6,5760,0,6.7,0.68,0,2,2,2,0,2,0,1,,29,10,9,0.9,,9,0
1634,29,1,2468,0,5.7,1.47,0,3,3,2,1,2,1,1,51,29,11,10,0.91,179,10,0
4720,39,8,7099,0,6.7,0.41,1,1,3,2,-1,2,-1,0,47,29,6,6,1,195,6,0
1846,30,6,2781,0,6.8,0.36,0,1,3,2,-1,2,-1,0,47,29,7,7,1,197,7,0
3900,44,4,5876,0,5.1,0.41,1,1,3,2,-1,2,-1,0,48,29,7,7,1,172,7,0
1935,32,1,2916,0,6.8,0.54,0,1,3,2,-1,2,-1,0,49,29,7,7,1,188,6,3
4107,30,3,6129,0,6.8,0.63,1,3,3,2,1,2,1,1,49,29,7,7,1,191,7,3
1391,17,5,2117,0,6.8,0.74,0,3,3,2,1,2,1,1,47,29,7,7,1,204,7,1
3128,23,2,4704,0,7.8,1.01,1,2,3,2,0,2,0,0,49,29,7,7,1,198,7,1
5274,41,9,7953,0,7,1.14,1,1,4,2,-1,2,-1,0,48,29,7,7,1,187,6,2
4595,35,1,6896,0,6.9,1.25,1,2,3,2,0,2,0,0,48,29,7,7,1,192,7,0
4423,35,9,6589,0,6.9,1.75,1,3,3,2,1,2,1,1,51,29,7,7,1,197,6,0
3962,47,9,5963,0,6.7,2.05,1,2,2,2,0,2,0,1,48,29,7,7,1,185,7,0
469,6,8,717,1,6.7,0.49,1,2,3,2,0,2,0,0,49,29,7,7,1,206,7,0
4657,37,4,6994,0,5.5,0.73,1,3,3,2,1,2,1,1,52,29,8,8,1,179,8,0
1123,14,2,1713,1,7,0.75,0,1,3,2,-1,2,-1,0,52,29,8,8,1,195,6,0
3064,22,7,4619,0,7.4,0.25,0,1,3,2,-1,2,-1,0,52,29,9,9,1,193,8,1
2046,35,4,3093,0,6.9,0.45,0,3,3,2,1,2,1,1,49,29,9,9,1,201,9,0
4657,35,4,6992,0,6.9,0.45,1,1,3,2,-1,2,-1,0,50,29,9,9,1,178,8,2
5053,39,3,7626,0,6.7,0.57,1,3,3,2,1,2,1,1,49,29,9,9,1,177,9,2
4489,35,8,6704,0,6.9,0.73,1,2,2,2,0,2,0,1,51,29,9,9,1,195,8,0
4317,46,8,6438,0,6.2,0.84,1,2,1,2,0,2,0,0,49,29,9,9,1,,0,0
936,9,6,1441,1,4.9,0.24,0,2,2,2,0,2,0,1,53,29,9,9,1,191,9,3
371,4,6,580,1,8.2,0.37,0,2,2,2,0,2,0,1,51,29,9,9,1,205,9,1
551,6,9,860,1,6.7,0.57,0,2,2,2,0,2,0,1,49,29,9,9,1,188,8,0
797,14,9,1221,1,7,1.06,0,2,2,2,0,2,0,1,51,29,9,9,1,191,9,0
2856,17,6,4287,0,6.8,0.24,0,2,3,2,0,2,0,0,51,29,10,10,1,196,9,5
3396,26,4,5110,0,7.5,0.3,1,2,3,2,0,2,0,0,52,29,10,10,1,196,9,3
3334,26,8,5015,0,7.5,0.41,1,3,3,2,1,2,1,1,51,29,10,10,1,197,10,4
85,24,4,127,0,7.3,0.65,0,1,3,2,-1,2,-1,0,49,29,10,10,1,179,10,2
3244,23,2,4878,0,7.8,1.01,0,2,3,2,0,2,0,0,53,29,10,10,1,171,10,1
4536,35,1,6790,0,6.9,1.25,1,2,2,2,0,2,0,1,50,29,10,10,1,190,10,0
3416,25,9,5136,0,6.5,1.33,1,2,2,2,0,2,0,1,58,29,10,10,1,192,8,0
2333,42,1,3558,0,5.6,1.58,0,2,2,2,0,2,0,1,52,29,10,10,1,191,10,1
976,12,4,1491,1,5.4,0.26,1,1,3,2,-1,2,-1,0,48,29,10,10,1,188,10,0
1131,16,8,1727,1,5.7,0.41,1,2,2,2,0,2,0,1,51,29,10,10,1,191,10,1
891,9,9,1375,1,4.9,0.42,0,2,2,2,0,2,0,1,55,29,10,10,1,188,8,0
3235,24,7,4859,0,7.3,0.5,1,1,3,2,-1,2,-1,0,52,29,11,11,1,185,6,1
2925,21,1,4389,0,8.6,0.93,0,2,3,2,0,2,0,0,52,29,11,11,1,201,11,0
464,6,4,710,1,6.7,0.27,1,2,2,2,0,2,0,1,53,29,11,11,1,188,10,0
275,3,4,419,1,5.9,0.3,0,2,3,2,0,2,0,0,52,29,11,11,1,178,11,1
1244,14,9,1891,1,7,1.06,1,2,2,2,0,2,0,1,51,29,11,11,1,178,11,0
4210,29,7,6284,0,5.7,0.33,1,1,3,2,-1,2,-1,0,52,30,9,2,0.22,175,2,0
1727,29,1,2616,0,5.7,1.47,0,1,3,2,-1,2,-1,0,52,30,7,2,0.29,,0,0
2298,37,9,3499,0,5.5,1.94,0,2,2,2,0,2,0,1,53,30,8,4,0.5,190,4,0
4405,46,3,6551,0,6.2,0.83,1,2,2,2,0,2,0,1,48,30,3,2,0.67,185,2,0
2552,21,4,3885,0,8.6,0.32,0,2,2,2,0,2,0,1,52,30,9,6,0.67,195,6,0
1287,14,9,1950,1,7,1.06,0,1,3,2,-1,2,-1,0,50,30,7,5,0.71,198,2,0
2046,33,4,3091,0,8.1,0.27,0,1,3,2,-1,2,-1,0,50,30,8,6,0.75,186,6,0
2299,37,4,3500,0,5.5,0.73,0,2,2,2,0,2,0,1,53,30,9,7,0.78,137,7,0
4627,35,4,6945,0,6.9,0.45,1,1,3,2,-1,2,-1,0,51,30,10,8,0.8,168,8,1
1701,29,4,2581,0,5.7,0.48,0,3,3,2,1,2,1,1,48,30,7,6,0.86,199,6,1
4884,37,4,7363,0,5.5,0.73,1,2,2,2,0,2,0,1,50,30,7,6,0.86,161,6,1
2256,41,9,3430,0,7,1.14,0,2,2,2,0,2,0,1,49,30,7,6,0.86,192,6,2
4497,35,4,6720,0,6.9,0.45,1,2,2,2,0,2,0,1,50,30,8,7,0.88,208,7,1
4819,41,3,7256,0,7,0.53,1,2,3,2,0,2,0,0,50,30,8,7,0.88,199,7,3
2142,35,3,3255,0,6.9,0.6,0,1,3,2,-1,2,-1,0,49,30,8,7,0.88,,0,0
1771,32,9,2687,0,6.8,0.91,0,3,3,2,1,2,1,1,51,30,8,7,0.88,192,7,2
2729,45,1,4112,0,7.4,1.43,0,1,3,2,-1,2,-1,0,51,30,8,7,0.88,,0,0
4897,37,9,7392,0,5.5,1.94,1,2,3,2,0,2,0,0,53,30,8,7,0.88,179,7,1
4510,35,4,6745,0,6.9,0.45,1,1,3,2,-1,2,-1,0,51,30,9,8,0.89,188,7,1
1059,13,1,1613,1,6,1.15,1,3,3,2,1,2,1,1,51,30,9,8,0.89,189,8,2
4478,34,8,6681,0,7.6,0.51,1,1,3,2,-1,2,-1,0,50,30,10,9,0.9,186,9,1
4724,35,6,7108,0,6.9,0.7,1,1,3,2,-1,2,-1,0,51,30,10,9,0.9,186,9,1
1202,14,5,1831,1,7,0.74,0,3,3,2,1,2,1,1,55,30,10,9,0.9,185,9,0
495,6,1,776,1,6.7,1.4,1,2,3,2,0,2,0,0,51,30,10,9,0.9,202,9,0
1770,30,4,2684,0,6.8,0.41,0,2,2,2,0,2,0,1,50,30,11,10,0.91,180,9,1
2206,35,8,3356,0,6.9,0.73,0,3,3,2,1,2,1,1,51,30,11,10,0.91,199,10,1
2331,42,5,3554,0,5.6,1.75,0,2,3,2,0,2,0,0,52,30,5,5,1,205,5,0
647,6,5,1004,1,6.7,0.48,1,1,3,2,-1,2,-1,0,51,30,5,5,1,167,4,0
2511,19,6,3822,0,8.1,0.33,0,2,2,2,0,2,0,1,,30,6,6,1,,5,0
2517,18,6,3829,0,5.8,0.34,0,1,4,2,-1,2,-1,0,55,30,6,6,1,192,6,0
1344,16,8,2040,1,5.7,0.41,1,3,3,2,1,2,1,1,,30,6,6,1,,0,0
1846,32,6,2782,0,6.8,0.19,0,3,3,2,1,2,1,1,51,30,7,7,1,189,7,0
5176,39,6,7809,0,6.7,0.43,1,2,3,2,0,2,0,0,49,30,7,7,1,168,7,1
1932,32,1,2911,0,6.8,0.54,0,2,2,2,0,2,0,1,52,30,7,7,1,200,7,0
5417,41,8,8169,0,7,0.54,1,2,2,2,0,2,0,1,50,30,7,7,1,198,7,2
4322,45,2,6443,0,7.4,1.6,1,1,3,2,-1,2,-1,0,56,30,7,7,1,175,7,0
310,9,6,471,1,4.9,0.24,0,2,3,2,0,2,0,0,54,30,7,7,1,183,5,2
1349,15,1,2049,1,5.7,0.61,1,2,3,2,0,2,0,0,,30,7,7,1,,0,0
1349,16,1,2050,1,5.7,1.15,1,3,3,2,1,2,1,1,49,30,7,7,1,190,7,0
2478,41,4,3781,0,7,0.28,0,2,2,2,0,2,0,1,49,30,8,8,1,181,8,2
2326,42,1,3542,0,5.6,1.58,0,2,3,2,0,2,0,0,50,30,8,8,1,178,7,2
5115,37,9,7718,0,5.5,1.94,1,1,3,2,-1,2,-1,0,51,30,8,8,1,203,8,1
1304,14,1,1982,1,7,1.18,0,1,3,2,-1,2,-1,0,,30,8,8,1,,8,1
711,10,1,1094,1,5.4,1.25,1,3,3,2,1,2,1,1,,30,8,8,1,,7,1
3141,23,7,4724,0,7.8,0.12,1,1,3,2,-1,2,-1,0,52,30,9,9,1,182,9,0
2640,47,4,4011,0,6.7,0.53,0,2,2,2,0,2,0,1,51,30,9,9,1,187,9,1
4624,35,8,6942,0,6.9,0.73,1,2,2,2,0,2,0,1,51,30,9,9,1,,0,0
5083,39,1,7671,0,6.7,0.97,1,2,2,2,0,2,0,1,50,30,9,9,1,163,9,1
3208,24,9,4823,0,7.3,1.25,1,1,3,2,-1,2,-1,0,52,30,9,9,1,181,7,3
243,4,1,365,1,8.2,1.32,1,3,4,2,1,2,1,0,50,30,9,9,1,194,7,4
3914,46,4,5898,0,6.2,0.51,1,3,3,2,1,2,1,1,51,30,10,10,1,145,3,0
4629,37,6,6949,0,5.5,0.71,0,2,2,2,0,2,0,1,55,30,10,10,1,,0,0
4673,35,8,7020,0,6.9,0.73,1,1,3,2,-1,2,-1,0,52,30,10,10,1,180,9,1
3102,24,1,4675,0,7.3,1.47,1,3,3,2,1,2,1,1,56,30,10,10,1,195,7,0
1103,13,4,1681,1,6,0.18,0,2,2,2,0,2,0,1,50,30,10,10,1,199,10,1
381,5,1,595,1,5.6,1.54,0,2,2,2,0,2,0,1,51,30,10,10,1,204,9,0
158,26,4,234,0,7.5,0.3,0,3,3,2,1,2,1,1,54,30,11,11,1,193,10,4
367,4,1,572,1,8.2,1.32,0,2,2,2,0,2,0,1,53,30,11,11,1,194,10,0
2260,41,4,3437,0,7,0.28,0,2,2,2,0,2,0,1,51,31,7,5,0.71,177,3,0
1467,17,9,2209,0,6.8,0.42,0,2,3,2,0,2,0,0,48,31,7,5,0.71,191,5,1
2785,46,3,4203,0,6.2,0.83,0,2,2,2,0,2,0,1,57,31,8,6,0.75,,0,0
4787,37,6,7204,0,5.5,0.71,1,3,3,2,1,2,1,1,58,31,9,7,0.78,201,7,0
4851,37,8,7311,0,5.5,0.58,1,2,4,2,0,2,0,0,52,31,6,5,0.83,200,5,0
4699,37,4,7058,0,5.5,0.73,1,3,3,2,1,2,1,1,55,31,6,5,0.83,196,5,2
1981,37,1,2981,0,5.5,1.32,0,2,2,2,0,2,0,1,57,31,12,10,0.83,170,9,1
2208,35,8,3362,0,6.9,0.73,0,3,3,2,1,2,1,1,50,31,7,6,0.86,181,6,0
911,8,5,1403,1,4.5,0.26,0,2,2,2,0,2,0,1,51,31,7,6,0.86,187,4,0
2685,47,6,4060,0,6.7,0.68,0,2,2,2,0,2,0,1,,31,8,7,0.88,,7,1
3988,47,1,5993,0,6.7,1.22,1,2,2,2,0,2,0,1,52,31,9,8,0.89,,0,0
1173,13,8,1784,1,6,0.32,1,2,2,2,0,2,0,1,54,31,9,8,0.89,193,7,2
2547,20,3,3875,0,8.5,0.3,0,1,3,2,-1,2,-1,0,54,31,10,9,0.9,184,9,2
2339,42,1,3566,0,5.6,1.58,0,2,2,2,0,2,0,1,51,31,3,3,1,195,3,0
4721,39,5,7102,0,6.7,1.05,1,1,7,2,-1,2,-1,0,49,31,6,6,1,184,6,1
329,3,2,501,1,5.9,0.64,1,1,3,2,-1,2,-1,0,52,31,6,6,1,208,3,1
4983,39,6,7524,0,6.7,0.43,1,1,4,2,-1,2,-1,0,49,31,7,7,1,180,6,1
4673,37,8,7021,0,5.5,0.58,1,3,3,2,1,2,1,1,53,31,7,7,1,188,7,1
5196,40,9,7842,0,5.5,1.14,1,2,2,2,0,2,0,1,49,31,7,7,1,171,7,1
4783,35,1,7196,0,6.9,1.25,1,1,3,2,-1,2,-1,0,49,31,7,7,1,190,7,0
2148,35,9,3266,0,6.9,1.75,0,2,2,2,0,2,0,1,51,31,7,7,1,191,6,0
309,8,6,467,1,4.5,0.27,0,2,4,2,0,2,0,0,53,31,7,7,1,191,5,0
442,4,2,680,1,8.2,0.8,0,1,4,2,-1,2,-1,0,49,31,7,7,1,197,6,0
2502,41,6,3809,0,7,0.37,0,2,2,2,0,2,0,1,51,31,8,8,1,195,6,2
4699,35,4,7056,0,6.9,0.45,1,1,3,2,-1,2,-1,0,51,31,8,8,1,190,8,0
5135,39,4,7750,0,6.7,0.48,1,2,2,2,0,2,0,1,52,31,8,8,1,166,8,0
4975,37,4,7506,0,5.5,0.73,1,1,3,2,-1,2,-1,0,51,31,8,8,1,215,8,1
2257,40,9,3431,0,5.5,1.14,0,1,4,2,-1,2,-1,0,49,31,8,8,1,185,3,0
1372,15,8,2087,1,5.7,0.21,0,2,2,2,0,2,0,1,51,31,8,8,1,206,8,0
699,16,5,1075,1,5.7,0.66,0,3,3,2,1,2,1,1,51,31,8,8,1,204,8,0
1287,16,9,1951,1,5.7,0.68,0,3,3,2,1,2,1,1,52,31,8,8,1,192,6,1
1233,12,5,1872,1,5.4,0.7,0,1,3,2,-1,2,-1,0,53,31,8,8,1,197,7,3
1176,12,1,1789,1,5.4,1.58,0,2,2,2,0,2,0,1,51,31,8,8,1,,0,0
1686,29,7,2556,0,5.7,0.33,0,3,3,2,1,2,1,1,52,31,9,9,1,172,9,0
2564,22,6,3904,0,7.4,0.49,0,3,3,2,1,2,1,1,53,31,9,9,1,200,9,1
3754,46,3,5681,0,6.2,0.83,0,2,3,2,0,2,0,0,50,31,9,9,1,189,9,1
163,24,9,240,0,7.3,1.25,0,2,2,2,0,2,0,1,54,31,9,9,1,194,9,1
3285,24,2,4949,0,7.3,1.55,0,2,2,2,0,2,0,1,54,31,9,9,1,183,8,0
915,10,5,1409,1,5.4,0.57,0,2,3,2,0,2,0,0,,31,9,9,1,,9,1
1089,14,1,1651,1,7,1.18,1,2,2,2,0,2,0,1,,31,9,9,1,,0,0
3900,46,4,5877,0,6.2,0.51,1,3,3,2,1,2,1,1,,31,10,10,1,,10,1
5192,41,3,7834,0,7,0.53,1,3,3,2,1,2,1,1,55,31,10,10,1,,0,0
3208,25,9,4824,0,6.5,1.33,1,2,3,2,0,2,0,0,53,31,10,10,1,,0,0
4841,37,2,7296,0,5.5,1.39,1,2,2,2,0,2,0,1,53,31,10,10,1,179,10,0
768,7,4,1180,1,5.9,0.22,1,1,3,2,-1,2,-1,0,54,31,10,10,1,181,10,1
1337,13,2,2026,1,6,0.53,0,1,3,2,-1,2,-1,0,55,31,10,10,1,186,7,1
662,7,1,1024,1,5.9,1.5,1,2,2,2,0,2,0,1,58,31,10,10,1,170,6,0
1417,19,4,2148,0,8.1,0.27,1,2,2,2,0,2,0,1,53,31,11,11,1,195,9,2
2556,20,6,3890,0,8.5,0.36,0,1,3,2,-1,2,-1,0,56,31,11,11,1,187,11,2
494,5,8,772,1,5.6,0.34,1,1,4,2,-1,2,-1,0,56,31,11,11,1,188,2,0
1526,19,9,2295,0,8.1,0.61,0,3,3,2,1,2,1,1,54,31,12,12,1,170,11,0
1076,11,3,1635,1,7,0.2,0,2,2,2,0,2,0,1,54,31,12,12,1,,12,0
1123,16,2,1715,1,5.7,1.34,0,3,3,2,1,2,1,1,53,32,8,4,0.5,198,3,0
4896,37,9,7389,0,5.5,1.94,1,2,3,2,0,2,0,0,56,32,10,7,0.7,173,6,0
3261,24,1,4904,0,7.3,1.47,1,2,3,2,0,2,0,0,56,32,8,6,0.75,182,4,0
2338,42,5,3564,0,5.6,1.75,0,1,3,2,-1,2,-1,0,50,32,5,4,0.8,192,4,0
2131,35,6,3241,0,6.9,0.7,0,2,3,2,0,2,0,0,53,32,10,8,0.8,170,8,0
2433,44,8,3701,0,5.1,0.84,0,1,3,2,-1,2,-1,0,52,32,7,6,0.86,,0,0
5179,40,9,7815,0,5.5,1.14,1,2,2,2,0,2,0,1,51,32,7,6,0.86,148,3,0
2992,24,2,4499,0,7.3,1.55,1,3,3,2,1,2,1,1,54,32,7,6,0.86,183,6,0
3624,29,3,5489,0,5.7,0.6,1,3,3,2,1,2,1,1,51,32,8,7,0.88,175,7,0
5094,40,1,7688,0,5.5,0.82,1,2,2,2,0,2,0,1,51,32,8,7,0.88,169,6,0
1354,15,5,2061,1,5.7,0.61,1,2,3,2,0,2,0,0,,32,8,7,0.88,,7,1
253,3,2,381,1,5.9,0.64,1,2,2,2,0,2,0,1,50,32,8,7,0.88,198,4,1
1385,16,1,2103,1,5.7,1.15,0,2,2,2,0,2,0,1,53,32,8,7,0.88,188,6,0
1506,19,8,2266,0,8.1,0.43,1,2,2,2,0,2,0,1,54,32,9,8,0.89,187,8,1
1660,29,3,2517,0,5.7,0.6,0,1,3,2,-1,2,-1,0,53,32,9,8,0.89,180,7,0
2326,41,1,3541,0,7,0.79,0,1,3,2,-1,2,-1,0,52,32,9,8,0.89,189,8,0
1505,17,8,2265,0,6.8,0.15,0,2,2,2,0,2,0,1,53,32,10,9,0.9,186,9,2
3116,21,5,4690,0,8.6,0.92,0,2,2,2,0,2,0,1,53,32,10,9,0.9,195,9,0
1086,17,4,1648,0,6.8,0.2,0,2,2,2,0,2,0,1,,32,5,5,1,,5,0
1514,17,4,2275,0,6.8,0.2,0,2,2,2,0,2,0,1,,32,6,6,1,,6,2
1860,30,2,2800,0,6.8,1.12,0,2,2,2,0,2,0,1,50,32,6,6,1,187,6,0
709,8,5,1089,1,4.5,0.26,1,1,3,2,-1,2,-1,0,51,32,6,6,1,190,4,0
682,7,6,1050,1,5.9,0.33,0,2,2,2,0,2,0,1,51,32,6,6,1,194,6,0
1133,16,2,1731,1,5.7,1.34,0,3,3,2,1,2,1,1,51,32,6,6,1,191,6,0
5151,40,4,7772,0,5.5,0.38,0,3,3,2,1,2,1,1,51,32,7,7,1,147,7,0
4858,37,1,7322,0,5.5,1.32,1,2,2,2,0,2,0,1,50,32,7,7,1,167,7,1
2257,42,9,3433,0,5.6,1.79,0,3,4,2,1,2,1,0,52,32,7,7,1,196,7,0
1064,12,6,1619,1,5.4,0.38,1,2,2,2,0,2,0,1,52,32,7,7,1,203,3,0
3567,27,6,5382,0,7.3,0.33,1,1,3,2,-1,2,-1,0,55,32,8,8,1,188,8,2
89,24,8,134,0,7.3,0.84,0,2,2,2,0,2,0,1,52,32,8,8,1,186,7,1
5375,44,8,8109,0,5.1,0.84,1,2,2,2,0,2,0,1,49,32,8,8,1,162,8,0
3147,24,9,4739,0,7.3,1.25,1,2,3,2,0,2,0,0,52,32,8,8,1,184,8,1
1834,46,9,2768,0,6.2,1.71,0,2,2,2,0,2,0,1,50,32,8,8,1,165,8,0
1344,14,8,2038,1,7,0.3,1,1,3,2,-1,2,-1,0,52,32,8,8,1,192,8,0
256,3,5,387,1,5.9,0.52,1,2,2,2,0,2,0,1,50,32,8,8,1,196,8,1
302,2,2,459,1,6,0.96,0,2,2,2,0,2,0,1,52,32,8,8,1,,0,0
1448,16,1,2185,1,5.7,1.15,0,2,2,2,0,2,0,1,,32,8,8,1,,0,0
1391,16,1,2116,1,5.7,1.15,0,2,3,2,0,2,0,0,50,32,8,8,1,193,8,0
1376,17,6,2091,0,6.8,0.24,1,2,2,2,0,2,0,1,53,32,9,9,1,195,8,0
1640,26,4,2475,0,7.5,0.3,0,1,3,2,-1,2,-1,0,52,32,9,9,1,184,9,0
3281,25,4,4944,0,6.5,0.39,0,3,3,2,1,2,1,1,54,32,9,9,1,196,9,0
4645,33,8,6970,0,8.1,0.41,1,1,3,2,-1,2,-1,0,52,32,9,9,1,180,9,1
4284,30,2,6386,0,6.8,1.12,1,1,3,2,-1,2,-1,0,52,32,9,9,1,153,8,0
3174,24,1,4783,0,7.3,1.47,0,2,2,2,0,2,0,1,56,32,9,9,1,194,9,0
857,11,8,1316,1,7,0.26,0,3,3,2,1,2,1,1,52,32,9,9,1,,4,1
1304,15,1,1983,1,5.7,0.61,0,2,3,2,0,2,0,0,,32,9,9,1,,7,3
1202,12,5,1829,1,5.4,0.7,0,1,3,2,-1,2,-1,0,52,32,9,9,1,194,8,1
3377,22,4,5072,0,7.4,0.42,1,1,3,2,-1,2,-1,0,54,32,10,10,1,183,10,0
3624,27,3,5487,0,7.3,0.5,1,1,3,2,-1,2,-1,0,53,32,10,10,1,194,9,2
3175,24,1,4784,0,7.3,1.47,0,2,2,2,0,2,0,1,53,32,10,10,1,185,9,1
3380,26,4,5081,0,7.5,0.3,1,2,2,2,0,2,0,1,54,32,11,11,1,184,11,2
377,4,4,589,1,8.2,0.32,0,2,2,2,0,2,0,1,56,32,11,11,1,176,11,0
1125,14,2,1718,1,7,0.75,1,1,3,2,-1,2,-1,0,54,32,13,13,1,203,8,2
1774,30,6,2690,0,6.8,0.36,0,2,2,2,0,2,0,1,52,33,8,5,0.63,184,5,0
3739,47,3,5663,0,6.7,0.73,0,2,2,2,0,2,0,1,54,33,9,7,0.78,195,7,0
1672,29,6,2533,0,5.7,0.47,0,2,3,2,0,2,0,0,53,33,10,8,0.8,184,8,0
234,3,6,354,1,5.9,0.36,1,2,3,2,0,2,0,0,60,33,10,8,0.8,198,5,0
2922,20,1,4383,0,8.5,0.61,1,1,3,2,-1,2,-1,0,55,33,8,7,0.88,173,6,1
2623,44,1,3991,0,5.1,1.83,0,2,2,2,0,2,0,1,53,33,8,7,0.88,139,2,1
217,3,1,335,1,5.9,1.4,0,2,3,2,0,2,0,0,51,33,8,7,0.88,181,6,1
3334,24,8,5013,0,7.3,0.84,1,1,3,2,-1,2,-1,0,54,33,9,8,0.89,192,8,2
2988,22,1,4492,0,7.4,1.36,1,2,2,2,0,2,0,1,54,33,11,10,0.91,195,10,1
2008,40,1,3026,0,5.5,0.82,0,2,2,2,0,2,0,1,48,33,6,6,1,,0,0
1222,13,8,1858,1,6,0.32,0,2,2,2,0,2,0,1,52,33,6,6,1,181,6,2
3260,23,4,4900,0,7.8,0.4,1,1,3,2,-1,2,-1,0,53,33,7,7,1,202,7,4
1654,26,1,2505,0,7.5,0.97,0,1,3,2,-1,2,-1,0,51,33,7,7,1,195,7,2
2568,23,1,3910,0,7.8,1,0,2,2,2,0,2,0,1,52,33,7,7,1,183,7,1
1403,17,6,2131,0,6.8,0.24,1,2,2,2,0,2,0,1,55,33,8,8,1,182,5,1
2208,33,8,3361,0,8.1,0.41,0,1,3,2,-1,2,-1,0,54,33,8,8,1,155,3,0
4592,35,8,6886,0,6.9,0.73,1,2,3,2,0,2,0,0,52,33,8,8,1,179,8,0
1050,12,4,1595,1,5.4,0.26,0,2,3,2,0,2,0,0,54,33,8,8,1,189,6,1
244,3,5,366,1,5.9,0.52,1,2,2,2,0,2,0,1,53,33,8,8,1,180,8,0
1395,15,5,2121,1,5.7,0.61,0,1,3,2,-1,2,-1,0,,33,8,8,1,,8,1
222,3,2,340,1,5.9,0.64,1,2,2,2,0,2,0,1,51,33,8,8,1,179,6,2
1359,15,2,2069,1,5.7,1.01,1,2,2,2,0,2,0,1,54,33,8,8,1,185,8,1
442,6,2,681,1,6.7,1.39,0,3,4,2,1,2,1,0,50,33,8,8,1,,0,0
3343,23,6,5028,0,7.8,0.38,0,1,3,2,-1,2,-1,0,54,33,9,9,1,185,9,1
2585,22,6,3937,0,7.4,0.49,0,2,2,2,0,2,0,1,54,33,9,9,1,197,9,0
135,24,4,199,0,7.3,0.65,0,2,2,2,0,2,0,1,56,33,9,9,1,191,9,1
3600,30,9,5443,0,6.8,1.22,1,2,2,2,0,2,0,1,52,33,9,9,1,175,9,0
965,12,6,1472,1,5.4,0.38,1,2,2,2,0,2,0,1,55,33,9,9,1,196,9,3
1010,10,1,1537,1,5.4,1.25,0,2,2,2,0,2,0,1,,33,9,9,1,,8,1
481,6,1,745,1,6.7,1.4,1,2,2,2,0,2,0,1,54,33,9,9,1,210,9,0
196,27,8,296,0,7.3,0.45,0,3,3,2,1,2,1,1,57,33,10,10,1,182,10,2
2590,22,8,3943,0,7.4,0.6,0,2,2,2,0,2,0,1,54,33,10,10,1,187,10,1
1047,11,4,1590,1,7,0.16,0,2,2,2,0,2,0,1,54,33,10,10,1,,10,4
689,7,4,1060,1,5.9,0.22,0,2,2,2,0,2,0,1,56,33,10,10,1,175,10,1
543,7,9,849,1,5.9,0.34,0,2,3,2,0,2,0,0,54,33,10,10,1,188,10,1
773,8,8,1189,1,4.5,0.34,1,2,3,2,0,2,0,0,54,33,10,10,1,188,10,0
4421,35,9,6585,0,6.9,1.75,1,3,3,2,1,2,1,1,64,34,12,7,0.58,,0,0
925,12,1,1425,1,5.4,1.58,1,3,3,2,1,2,1,1,54,34,9,7,0.78,203,7,2
3586,29,3,5421,0,5.7,0.6,0,2,3,2,0,2,0,0,56,34,10,8,0.8,,0,0
4420,35,3,6582,0,6.9,0.6,1,3,3,2,1,2,1,1,52,34,7,6,0.86,191,6,0
2172,37,9,3307,0,5.5,1.94,0,2,3,2,0,2,0,0,58,34,7,6,0.86,184,6,0
463,6,8,709,1,6.7,0.49,1,2,2,2,0,2,0,1,,34,7,6,0.86,,5,0
4414,33,6,6564,0,8.1,0.4,1,1,3,2,-1,2,-1,0,53,34,8,7,0.88,177,7,1
1769,30,4,2681,0,6.8,0.41,0,1,3,2,-1,2,-1,0,53,34,9,8,0.89,165,7,0
609,5,5,942,1,5.6,0.52,0,2,4,2,0,2,0,0,52,34,9,8,0.89,194,7,0
90,26,8,136,0,7.5,0.41,0,3,3,2,1,2,1,1,57,34,10,9,0.9,178,8,0
391,4,4,608,1,8.2,0.32,0,2,2,2,0,2,0,1,56,34,10,9,0.9,200,9,1
2925,22,1,4390,0,7.4,1.36,0,3,3,2,1,2,1,1,60,34,3,3,1,197,2,0
2818,18,2,4242,0,5.8,1.39,0,1,3,2,-1,2,-1,0,53,34,6,6,1,216,6,0
747,9,8,1154,1,4.9,0.41,1,3,4,2,1,2,1,0,55,34,6,6,1,,5,0
196,25,8,294,0,6.5,0.39,0,1,3,2,-1,2,-1,0,62,34,8,8,1,169,7,0
2598,22,3,3953,0,7.4,0.5,0,2,2,2,0,2,0,1,56,34,8,8,1,178,7,0
4155,29,2,6196,0,5.7,1.23,1,1,3,2,-1,2,-1,0,54,34,8,8,1,153,8,0
1134,16,6,1732,1,5.7,0.07,1,2,3,2,0,2,0,0,,34,8,8,1,,5,0
747,8,8,1153,1,4.5,0.34,1,2,4,2,0,2,0,0,54,34,8,8,1,182,8,1
632,7,8,979,1,5.9,0.45,0,2,2,2,0,2,0,1,53,34,8,8,1,196,6,0
612,6,6,948,1,6.7,0.46,0,2,2,2,0,2,0,1,53,34,8,8,1,190,4,0
485,6,1,754,1,6.7,1.4,1,2,4,2,0,2,0,0,53,34,8,8,1,198,8,0
2577,22,8,3924,0,7.4,0.6,0,1,3,2,-1,2,-1,0,54,34,9,9,1,167,8,0
3094,24,4,4664,0,7.3,0.65,1,3,3,2,1,2,1,1,54,34,9,9,1,204,9,0
1551,27,9,2327,0,7.3,0.87,0,2,3,2,0,2,0,0,55,34,9,9,1,202,8,2
1078,11,5,1638,1,7,0.57,0,2,3,2,0,2,0,0,55,34,9,9,1,200,4,1
475,6,1,729,1,6.7,1.4,1,2,2,2,0,2,0,1,53,34,9,9,1,200,9,1
1332,19,8,2018,0,8.1,0.43,1,2,2,2,0,2,0,1,57,34,10,10,1,189,9,0
850,11,8,1304,1,7,0.26,0,3,3,2,1,2,1,1,55,34,10,10,1,204,10,1
337,4,6,519,1,8.2,0.37,0,2,3,2,0,2,0,0,56,34,10,10,1,198,10,0
1078,10,5,1637,1,5.4,0.57,0,1,3,2,-1,2,-1,0,57,34,10,10,1,,9,0
2818,20,2,4244,0,8.5,0.69,0,3,3,2,1,2,1,1,56,34,11,11,1,,11,2
1285,14,9,1947,1,7,1.06,0,2,3,2,0,2,0,0,55,34,11,11,1,182,10,0
591,5,2,916,1,5.6,1.76,0,2,3,2,0,2,0,0,56,34,11,11,1,149,9,0
3240,22,2,4872,0,7.4,1.66,0,2,2,2,0,2,0,1,54,35,9,7,0.78,190,7,3
258,3,9,390,1,5.9,0.76,1,2,2,2,0,2,0,1,56,35,10,8,0.8,190,8,0
665,6,2,1027,1,6.7,1.39,0,2,2,2,0,2,0,1,55,35,10,8,0.8,195,4,0
4816,37,3,7249,0,5.5,0.87,1,2,3,2,0,2,0,0,56,35,7,6,0.86,201,6,0
1594,27,5,2402,0,7.3,0.74,0,1,3,2,-1,2,-1,0,60,35,8,7,0.88,190,7,0
5043,37,1,7607,0,5.5,1.32,1,1,3,2,-1,2,-1,0,56,35,5,5,1,192,5,0
3260,25,4,4902,0,6.5,0.39,1,3,3,2,1,2,1,1,61,35,6,6,1,203,6,0
1771,30,9,2685,0,6.8,1.22,0,1,3,2,-1,2,-1,0,52,35,6,6,1,191,6,1
5062,41,2,7640,0,7,1.76,1,2,2,2,0,2,0,1,53,35,6,6,1,168,6,1
925,10,1,1423,1,5.4,1.25,1,1,3,2,-1,2,-1,0,,35,6,6,1,,6,1
4993,40,7,7539,0,5.5,0.12,1,2,2,2,0,2,0,1,53,35,7,7,1,157,5,1
4271,32,6,6367,0,6.8,0.19,1,2,2,2,0,2,0,1,54,35,7,7,1,199,7,1
113,29,6,164,0,5.7,0.47,0,1,3,2,-1,2,-1,0,53,35,7,7,1,193,7,0
1757,29,4,2666,0,5.7,0.48,0,2,2,2,0,2,0,1,53,35,7,7,1,195,7,0
1759,29,3,2669,0,5.7,0.6,0,1,4,2,-1,2,-1,0,53,35,7,7,1,155,4,0
3396,25,9,5109,0,6.5,1.33,1,1,3,2,-1,2,-1,0,57,35,7,7,1,199,7,2
3128,22,2,4703,0,7.4,1.66,1,1,3,2,-1,2,-1,0,53,35,7,7,1,201,7,0
773,9,8,1190,1,4.9,0.41,1,3,3,2,1,2,1,1,58,35,7,7,1,,7,1
633,7,8,981,1,5.9,0.45,0,2,2,2,0,2,0,1,59,35,7,7,1,166,6,0
937,10,1,1442,1,5.4,1.25,0,2,2,2,0,2,0,1,,35,7,7,1,,7,1
4787,35,8,7202,0,6.9,0.73,1,1,3,2,-1,2,-1,0,55,35,8,8,1,161,6,0
3214,22,9,4831,0,7.4,0.95,0,2,2,2,0,2,0,1,53,35,8,8,1,192,8,1
1626,27,2,2453,0,7.3,0.96,0,1,3,2,-1,2,-1,0,58,35,8,8,1,199,7,1
3070,22,1,4629,0,7.4,1.36,1,1,3,2,-1,2,-1,0,54,35,8,8,1,200,8,0
469,7,8,718,1,5.9,0.45,1,3,3,2,1,2,1,1,55,35,8,8,1,195,8,2
1091,14,1,1654,1,7,1.18,1,2,2,2,0,2,0,1,,35,8,8,1,,8,0
1754,29,4,2661,0,5.7,0.48,0,1,4,2,-1,2,-1,0,55,35,9,9,1,179,9,1
3061,22,8,4616,0,7.4,0.6,1,2,2,2,0,2,0,1,56,35,9,9,1,188,9,0
1249,17,5,1898,0,6.8,0.74,0,2,4,2,0,2,0,0,56,35,9,9,1,203,6,0
1547,19,1,2321,0,8.1,0.79,0,3,3,2,1,2,1,1,54,35,9,9,1,193,8,0
1345,16,1,2042,1,5.7,1.15,1,3,3,2,1,2,1,1,56,35,9,9,1,191,7,0
196,26,8,295,0,7.5,0.41,0,2,3,2,0,2,0,0,58,35,10,10,1,200,10,1
3575,27,3,5400,0,7.3,0.5,1,2,3,2,0,2,0,0,56,35,10,10,1,186,7,1
2792,19,1,4210,0,8.1,0.79,1,2,2,2,0,2,0,1,56,35,10,10,1,184,10,1
4564,35,1,6841,0,6.9,1.25,1,3,3,2,1,2,1,1,56,35,10,10,1,,0,0
1224,12,6,1860,1,5.4,0.38,0,2,4,2,0,2,0,0,52,35,10,10,1,184,8,0
268,3,1,409,1,5.9,1.4,0,2,4,2,0,2,0,0,56,35,10,10,1,181,9,0
3666,27,4,5552,0,7.3,0.32,0,2,2,2,0,2,0,1,59,35,11,11,1,180,9,0
3244,24,2,4879,0,7.3,1.55,0,3,3,2,1,2,1,1,58,35,11,11,1,182,11,1
517,11,1,812,1,7,0.86,1,2,2,2,0,2,0,1,55,35,11,11,1,196,11,0
1011,11,6,1538,1,7,0.24,1,2,2,2,0,2,0,1,57,36,11,6,0.55,,6,1
2824,19,2,4253,0,8.1,1.23,0,2,2,2,0,2,0,1,57,36,9,6,0.67,191,6,0
1391,15,5,2115,1,5.7,0.61,0,1,3,2,-1,2,-1,0,,36,6,5,0.83,,5,1
3062,24,1,4617,0,7.3,1.47,0,2,2,2,0,2,0,1,57,36,8,7,0.88,206,7,1
124,27,6,181,0,7.3,0.33,0,3,3,2,1,2,1,1,61,36,11,10,0.91,197,10,1
2832,19,2,4262,0,8.1,1.23,0,2,2,2,0,2,0,1,59,36,12,11,0.92,157,11,0
1418,19,2,2149,0,8.1,1.23,1,2,2,2,0,2,0,1,59,36,13,12,0.92,186,12,0
4360,42,4,6491,0,5.6,0.54,1,1,3,2,-1,2,-1,0,54,36,6,6,1,202,6,0
856,9,8,1312,1,4.9,0.41,0,1,3,2,-1,2,-1,0,55,36,6,6,1,,6,2
747,7,8,1152,1,5.9,0.45,1,1,4,2,-1,2,-1,0,56,36,6,6,1,184,6,0
3655,29,6,5536,0,5.7,0.47,1,1,3,2,-1,2,-1,0,53,36,7,7,1,182,7,1
2388,37,6,3640,0,5.5,0.71,0,1,3,2,-1,2,-1,0,57,36,7,7,1,192,7,0
2619,19,2,3987,0,8.1,1.23,0,2,2,2,0,2,0,1,55,36,7,7,1,198,7,0
1593,27,5,2399,0,7.3,0.74,0,1,3,2,-1,2,-1,0,58,36,8,8,1,193,8,3
3444,27,2,5170,0,7.3,0.96,1,2,3,2,0,2,0,0,55,36,8,8,1,181,7,1
2798,19,2,4216,0,8.1,1.23,1,2,2,2,0,2,0,1,60,36,8,8,1,193,8,1
205,25,9,311,0,6.5,1.33,0,1,3,2,-1,2,-1,0,56,36,8,8,1,195,8,1
1344,15,8,2039,1,5.7,0.21,1,2,3,2,0,2,0,0,,36,8,8,1,,8,2
1523,19,3,2290,0,8.1,0.3,0,2,2,2,0,2,0,1,56,36,9,9,1,179,9,2
1703,27,3,2583,0,7.3,0.5,0,2,2,2,0,2,0,1,59,36,9,9,1,168,7,0
3343,24,6,5029,0,7.3,0.78,0,2,3,2,0,2,0,0,57,36,9,9,1,187,7,0
925,11,1,1424,1,7,0.86,1,2,3,2,0,2,0,0,55,36,9,9,1,198,9,2
1151,13,1,1756,1,6,1.15,0,3,3,2,1,2,1,1,56,36,9,9,1,193,8,1
987,12,1,1507,1,5.4,1.58,1,1,3,2,-1,2,-1,0,56,36,9,9,1,205,8,0
3585,27,4,5418,0,7.3,0.32,1,2,3,2,0,2,0,0,58,36,10,10,1,186,10,0
205,26,9,312,0,7.5,0.72,0,2,3,2,0,2,0,0,57,36,10,10,1,199,10,1
2818,19,2,4243,0,8.1,1.23,0,2,3,2,0,2,0,0,57,36,10,10,1,208,9,1
3173,24,1,4782,0,7.3,1.47,0,2,2,2,0,2,0,1,58,36,10,10,1,192,6,1
688,7,4,1057,1,5.9,0.22,0,2,4,2,0,2,0,0,57,36,10,10,1,182,8,0
1593,28,5,2400,0,8.9,1.05,0,2,3,2,0,2,0,0,56,36,11,11,1,180,9,1
67,22,1,107,0,7.4,1.36,0,2,2,2,0,2,0,1,56,36,11,11,1,190,11,0
310,10,6,472,1,5.4,0.28,0,3,3,2,1,2,1,1,55,37,7,3,0.43,207,3,0
649,7,4,1008,1,5.9,0.22,0,2,2,2,0,2,0,1,55,37,7,4,0.57,199,4,0
2360,41,4,3598,0,7,0.28,0,3,3,2,1,2,1,1,60,37,9,6,0.67,190,6,2
4241,32,9,6326,0,6.8,0.91,1,3,3,2,1,2,1,1,60,37,11,9,0.82,192,8,1
4312,33,8,6433,0,8.1,0.41,1,2,2,2,0,2,0,1,56,37,8,7,0.88,180,7,2
2348,42,1,3577,0,5.6,1.58,0,1,3,2,-1,2,-1,0,55,37,8,7,0.88,179,7,0
799,10,4,1224,1,5.4,0.3,0,2,2,2,0,2,0,1,56,37,8,7,0.88,,0,0
850,10,8,1303,1,5.4,0.49,0,2,3,2,0,2,0,0,57,37,8,7,0.88,192,4,0
249,3,5,371,1,5.9,0.52,1,2,2,2,0,2,0,1,58,37,10,9,0.9,185,9,3
5301,42,1,7998,0,5.6,1.58,1,1,3,2,-1,2,-1,0,57,37,6,6,1,172,6,0
3444,26,8,5169,0,7.5,0.41,1,1,3,2,-1,2,-1,0,57,37,7,7,1,179,7,0
4092,29,3,6109,0,5.7,0.6,1,2,2,2,0,2,0,1,55,37,7,7,1,175,7,0
133,24,6,197,0,7.3,0.78,0,2,2,2,0,2,0,1,56,37,7,7,1,189,7,0
1467,18,9,2210,0,5.8,1.03,0,3,3,2,1,2,1,1,53,37,7,7,1,171,6,1
848,9,8,1298,1,4.9,0.41,0,1,3,2,-1,2,-1,0,58,37,7,7,1,,7,1
709,10,5,1090,1,5.4,0.57,1,3,3,2,1,2,1,1,55,37,7,7,1,,7,0
734,7,1,1132,1,5.9,1.5,0,1,3,2,-1,2,-1,0,56,37,7,7,1,187,7,1
485,7,1,755,1,5.9,1.5,1,3,4,2,1,2,1,0,58,37,7,7,1,156,6,0
1577,29,6,2366,0,5.7,0.47,0,2,2,2,0,2,0,1,55,37,8,8,1,179,8,0
3619,29,8,5476,0,5.7,0.49,1,3,5,2,1,2,1,0,56,37,8,8,1,164,8,1
1487,18,1,2239,0,5.8,0.79,1,2,2,2,0,2,0,1,57,37,8,8,1,196,7,1
5231,42,1,7902,0,5.6,1.58,1,2,2,2,0,2,0,1,59,37,8,8,1,149,4,0
4026,47,9,6041,0,6.7,2.05,1,2,2,2,0,2,0,1,56,37,8,8,1,168,8,0
1189,13,6,1807,1,6,0.12,0,2,2,2,0,2,0,1,,37,8,8,1,,8,0
694,7,4,1068,1,5.9,0.22,0,2,2,2,0,2,0,1,57,37,8,8,1,179,8,0
1397,16,8,2124,1,5.7,0.41,0,2,2,2,0,2,0,1,58,37,8,8,1,186,7,0
1349,14,1,2048,1,7,1.18,1,1,3,2,-1,2,-1,0,,37,8,8,1,,8,0
485,5,1,753,1,5.6,1.54,1,1,4,2,-1,2,-1,0,56,37,8,8,1,175,7,1
3474,27,4,5215,0,7.3,0.32,1,2,3,2,0,2,0,0,58,37,9,9,1,209,8,3
5291,42,4,7979,0,5.6,0.54,1,1,3,2,-1,2,-1,0,56,37,9,9,1,185,9,1
3052,21,2,4599,0,8.6,1.12,1,1,3,2,-1,2,-1,0,58,37,9,9,1,193,8,1
2992,22,2,4497,0,7.4,1.66,1,1,3,2,-1,2,-1,0,57,37,9,9,1,188,8,1
848,11,8,1300,1,7,0.26,0,3,3,2,1,2,1,1,57,37,9,9,1,204,7,1
856,11,8,1313,1,7,0.26,0,3,3,2,1,2,1,1,57,37,9,9,1,204,9,4
1298,14,1,1969,1,7,1.18,0,2,2,2,0,2,0,1,,37,9,9,1,,9,0
2517,19,6,3830,0,8.1,0.33,0,2,4,2,0,2,0,0,60,37,10,10,1,172,7,0
2915,20,6,4373,0,8.5,0.36,1,1,3,2,-1,2,-1,0,58,37,10,10,1,161,10,1
158,25,4,233,0,6.5,0.39,0,2,3,2,0,2,0,0,62,37,10,10,1,195,8,0
209,25,4,318,0,6.5,0.39,0,2,2,2,0,2,0,1,60,37,11,11,1,187,10,0
2546,20,3,3872,0,8.5,0.3,0,1,4,2,-1,2,-1,0,58,38,7,5,0.71,,0,0
2847,20,7,4278,0,8.5,0.25,1,2,2,2,0,2,0,1,59,38,10,9,0.9,190,9,3
3623,29,4,5486,0,5.7,0.48,1,3,3,2,1,2,1,1,57,38,8,8,1,183,8,0
3244,22,2,4877,0,7.4,1.66,0,1,3,2,-1,2,-1,0,57,38,9,9,1,187,9,0
679,7,4,1046,1,5.9,0.22,0,2,2,2,0,2,0,1,59,38,9,9,1,156,2,0
1069,11,6,1624,1,7,0.24,0,2,2,2,0,2,0,1,57,38,9,9,1,,9,1
788,14,1,1210,1,7,1.18,0,2,2,2,0,2,0,1,59,38,9,9,1,177,9,0
1518,17,6,2279,0,6.8,0.24,0,2,4,2,0,2,0,0,57,38,10,10,1,174,10,1
3209,25,3,4826,0,6.5,0.33,1,2,2,2,0,2,0,1,64,38,10,10,1,,0,0
1707,29,1,2588,0,5.7,1.47,0,1,3,2,-1,2,-1,0,58,38,10,10,1,,0,0
1000,11,8,1527,1,7,0.26,1,2,2,2,0,2,0,1,57,38,10,10,1,194,10,2
1420,19,1,2152,0,8.1,0.79,1,1,3,2,-1,2,-1,0,60,38,11,11,1,181,11,1
1059,11,1,1612,1,7,0.86,1,1,3,2,-1,2,-1,0,59,38,11,11,1,193,4,2
3642,29,1,5514,0,5.7,1.47,1,1,3,2,-1,2,-1,0,57,39,6,3,0.5,,0,0
68,22,5,108,0,7.4,0.92,0,2,2,2,0,2,0,1,57,39,6,4,0.67,,0,0
1733,29,1,2626,0,5.7,1.47,0,1,3,2,-1,2,-1,0,58,39,7,5,0.71,,0,0
3496,29,8,5251,0,5.7,0.49,1,2,3,2,0,2,0,0,59,39,8,6,0.75,185,6,0
5046,37,6,7613,0,5.5,0.71,1,1,3,2,-1,2,-1,0,59,39,5,4,0.8,205,4,0
4096,29,6,6114,0,5.7,0.47,1,2,2,2,0,2,0,1,57,39,8,7,0.88,159,7,0
606,5,8,938,1,5.6,0.34,0,2,2,2,0,2,0,1,59,39,10,9,0.9,194,8,0
2839,20,7,4269,0,8.5,0.25,0,2,2,2,0,2,0,1,61,39,11,10,0.91,198,10,2
683,7,9,1051,1,5.9,0.34,0,2,2,2,0,2,0,1,53,39,3,3,1,195,3,0
2942,21,2,4419,0,8.6,1.12,0,2,2,2,0,2,0,1,58,39,8,8,1,196,8,0
3647,29,1,5525,0,5.7,1.47,1,1,3,2,-1,2,-1,0,57,39,8,8,1,148,8,0
469,5,8,716,1,5.6,0.34,1,1,3,2,-1,2,-1,0,57,39,8,8,1,187,8,1
3619,27,8,5474,0,7.3,0.45,1,1,5,2,-1,2,-1,0,61,39,9,9,1,195,9,0
2690,47,8,4065,0,6.7,0.64,0,2,2,2,0,2,0,1,59,39,9,9,1,158,9,1
933,11,6,1434,1,7,0.24,1,2,2,2,0,2,0,1,60,39,10,10,1,,8,0
1345,14,1,2041,1,7,1.18,1,1,3,2,-1,2,-1,0,,39,10,10,1,,10,0
1016,11,2,1544,1,7,0.53,0,2,2,2,0,2,0,1,,39,11,11,1,,10,0
2517,20,6,3831,0,8.5,0.36,0,3,4,2,1,2,1,0,63,39,12,12,1,197,12,2
2826,18,1,4255,0,5.8,0.79,0,2,2,2,0,2,0,1,65,40,7,3,0.43,180,2,0
1565,29,1,2348,0,5.7,1.47,0,3,3,2,1,2,1,1,58,40,7,5,0.71,,0,0
963,10,6,1470,1,5.4,0.28,0,2,2,2,0,2,0,1,56,40,4,3,0.75,188,1,0
2858,17,6,4290,0,6.8,0.24,0,2,2,2,0,2,0,1,,40,6,6,1,,3,0
1559,27,1,2337,0,7.3,1.18,0,1,3,2,-1,2,-1,0,59,40,6,6,1,,0,0
1361,15,8,2071,1,5.7,0.21,1,2,2,2,0,2,0,1,,40,6,6,1,,6,0
3623,27,4,5484,0,7.3,0.32,1,1,3,2,-1,2,-1,0,61,40,7,7,1,199,5,0
1467,16,9,2208,1,5.7,0.68,0,1,3,2,-1,2,-1,0,59,40,7,7,1,182,7,0
2848,19,4,4279,0,8.1,0.27,1,2,2,2,0,2,0,1,59,40,8,8,1,188,8,1
1648,27,6,2495,0,7.3,0.33,0,2,2,2,0,2,0,1,60,40,8,8,1,198,8,0
189,25,8,278,0,6.5,0.39,0,2,2,2,0,2,0,1,56,40,8,8,1,194,6,0
1589,27,5,2392,0,7.3,0.74,0,1,3,2,-1,2,-1,0,61,40,8,8,1,192,8,1
796,13,4,1219,1,6,0.18,0,2,2,2,0,2,0,1,,40,8,8,1,,8,2
690,7,6,1061,1,5.9,0.33,0,2,2,2,0,2,0,1,60,40,8,8,1,,0,0
1151,12,1,1755,1,5.4,1.58,0,2,3,2,0,2,0,0,57,40,9,9,1,170,9,1
2873,20,9,4311,0,8.5,0.53,1,2,2,2,0,2,0,1,62,40,10,10,1,,0,0
1634,27,1,2466,0,7.3,1.18,0,1,3,2,-1,2,-1,0,62,40,10,10,1,183,9,0
1571,29,5,2357,0,5.7,1.27,0,2,3,2,0,2,0,0,58,41,6,3,0.5,181,3,0
685,7,9,1054,1,5.9,0.34,0,2,2,2,0,2,0,1,60,41,10,9,0.9,175,7,0
127,27,3,186,0,7.3,0.5,0,3,3,2,1,2,1,1,60,41,6,6,1,202,4,0
2984,22,5,4487,0,7.4,0.92,1,2,2,2,0,2,0,1,60,41,6,6,1,189,6,0
2900,19,2,4350,0,8.1,1.23,0,2,4,2,0,2,0,0,59,41,7,7,1,179,7,1
1431,15,6,2165,1,5.7,0.16,0,2,2,2,0,2,0,1,,41,7,7,1,,6,0
773,7,8,1188,1,5.9,0.45,1,1,3,2,-1,2,-1,0,59,41,7,7,1,161,7,0
1133,14,2,1729,1,7,0.75,0,1,3,2,-1,2,-1,0,59,41,7,7,1,191,6,0
3147,25,9,4740,0,6.5,1.33,1,3,3,2,1,2,1,1,63,41,8,8,1,185,7,0
1701,27,4,2579,0,7.3,0.32,0,1,3,2,-1,2,-1,0,60,41,9,9,1,202,9,0
3281,24,4,4943,0,7.3,0.65,0,2,3,2,0,2,0,0,,41,9,9,1,,6,0
1546,19,3,2319,0,8.1,0.3,1,2,2,2,0,2,0,1,61,41,10,10,1,187,9,0
2852,19,2,4283,0,8.1,1.23,1,2,2,2,0,2,0,1,64,41,11,11,1,138,7,0
365,4,2,567,1,8.2,0.8,0,2,4,2,0,2,0,0,61,41,11,11,1,196,11,0
3102,22,5,4673,0,7.4,0.92,1,1,3,2,-1,2,-1,0,57,42,8,6,0.75,180,6,0
1337,15,2,2028,1,5.7,1.01,0,3,3,2,1,2,1,1,68,42,10,8,0.8,181,6,0
1686,27,7,2554,0,7.3,0.21,0,1,3,2,-1,2,-1,0,62,42,9,8,0.89,178,8,2
1583,27,1,2378,0,7.3,1.18,0,1,3,2,-1,2,-1,0,62,42,7,7,1,182,5,1
842,10,1,1289,1,5.4,1.25,1,2,2,2,0,2,0,1,,42,8,8,1,,8,1
3509,28,4,5273,0,8.9,0.39,1,1,3,2,-1,2,-1,0,60,42,9,9,1,148,7,0
1050,11,4,1594,1,7,0.16,0,1,3,2,-1,2,-1,0,61,42,9,9,1,,8,0
468,6,4,715,1,6.7,0.27,1,2,2,2,0,2,0,1,59,42,9,9,1,174,9,0
848,10,8,1299,1,5.4,0.49,0,2,3,2,0,2,0,0,61,42,9,9,1,183,9,1
2860,19,6,4293,0,8.1,0.33,1,2,2,2,0,2,0,1,64,42,10,10,1,176,10,0
310,8,6,470,1,4.5,0.27,0,1,3,2,-1,2,-1,0,56,43,5,4,0.8,198,4,0
3141,25,1,4726,0,6.5,1,1,3,3,2,1,2,1,1,65,43,7,7,1,195,7,0
1565,27,1,2346,0,7.3,1.18,0,1,3,2,-1,2,-1,0,62,43,8,8,1,186,6,1
647,8,1,1006,1,4.5,1.11,1,3,3,2,1,2,1,1,60,43,8,8,1,179,4,1
2564,20,6,3902,0,8.5,0.36,0,1,3,2,-1,2,-1,0,63,43,9,9,1,204,9,2
205,27,9,313,0,7.3,0.87,0,3,3,2,1,2,1,1,62,43,9,9,1,180,6,0
494,7,8,774,1,5.9,0.45,1,3,4,2,1,2,1,0,62,43,9,9,1,186,6,0
1356,15,4,2065,1,5.7,0.12,1,2,2,2,0,2,0,1,,43,10,10,1,,5,1
417,5,6,646,1,5.6,0.43,0,2,2,2,0,2,0,1,63,43,10,10,1,195,9,0
560,6,8,871,1,6.7,0.49,0,2,2,2,0,2,0,1,63,43,10,10,1,193,8,0
2918,20,6,4377,0,8.5,0.36,1,1,3,2,-1,2,-1,0,67,44,11,9,0.82,183,8,1
3399,25,4,5116,0,6.5,0.39,1,1,3,2,-1,2,-1,0,64,44,8,8,1,188,8,0
1640,27,4,2476,0,7.3,0.32,0,2,3,2,0,2,0,0,65,44,10,10,1,198,10,0
3555,27,4,5353,0,7.3,0.32,1,1,3,2,-1,2,-1,0,65,44,10,10,1,187,10,0
570,5,9,882,1,5.6,0.91,0,2,2,2,0,2,0,1,66,45,11,9,0.82,,0,0
127,25,3,184,0,6.5,0.33,0,1,3,2,-1,2,-1,0,67,45,9,8,0.89,185,8,1
561,9,1,872,1,4.9,0.86,1,2,2,2,0,2,0,1,64,45,7,7,1,165,7,0
3334,25,8,5014,0,6.5,0.39,1,2,3,2,0,2,0,0,66,45,9,9,1,180,9,0
124,25,6,179,0,6.5,0.36,0,1,3,2,-1,2,-1,0,70,46,9,9,1,166,9,0
1654,27,1,2506,0,7.3,1.18,0,2,3,2,0,2,0,0,66,46,9,9,1,189,9,1
2925,20,1,4388,0,8.5,0.61,0,1,3,2,-1,2,-1,0,67,46,10,10,1,188,10,1
1793,29,2,2715,0,5.7,1.23,0,1,3,2,-1,2,-1,0,63,47,6,5,0.83,153,5,1
2795,19,4,4213,0,8.1,0.27,1,2,2,2,0,2,0,1,69,47,7,7,1,195,3,0
1368,25,4,2082,0,6.5,0.39,0,2,3,2,0,2,0,0,64,47,8,8,1,189,5,0
2551,20,1,3883,0,8.5,0.61,0,1,3,2,-1,2,-1,0,67,47,9,9,1,193,7,1
869,10,6,1340,1,5.4,0.28,1,2,2,2,0,2,0,1,65,48,6,5,0.83,,0,0
3399,27,6,5117,0,7.3,0.33,1,3,3,2,1,2,1,1,67,48,10,10,1,187,9,1
85,25,4,128,0,6.5,0.39,0,2,3,2,0,2,0,0,69,49,9,8,0.89,176,8,0
3261,25,1,4905,0,6.5,1,1,3,3,2,1,2,1,1,70,49,9,8,0.89,178,7,0
180,27,2,265,0,7.3,0.96,0,2,3,2,0,2,0,0,71,51,10,6,0.6,180,5,0
3343,25,6,5030,0,6.5,0.36,0,3,3,2,1,2,1,1,68,53,6,6,1,181,5,1
3396,27,9,5111,0,7.3,0.87,1,3,3,2,1,2,1,1,76,58,8,8,1,183,7,0
4296,32,9,6406,0,6.8,0.91,1,2,3,2,0,2,0,0,,,5,2,0.4,206,2,0
3620,37,2,5478,0,5.5,1.39,1,2,3,2,0,2,0,0,,,5,4,0.8,204,4,0
2328,42,1,3546,0,5.6,1.58,0,2,3,2,0,2,0,0,,,9,8,0.89,165,6,0
1337,14,2,2027,1,7,0.75,0,2,3,2,0,2,0,0,,,11,10,0.91,,10,1
174,27,4,254,0,7.3,0.32,0,2,3,2,0,2,0,0,,,8,8,1,178,8,1
3445,27,1,5173,0,7.3,1.18,1,2,3,2,0,2,0,0,,,8,8,1,151,7,0
4393,43,9,6535,0,6.8,1.67,1,2,3,2.5,-0.5,2,0,0,35,14,9,8,0.89,194,8,2
4116,30,3,6141,0,6.8,0.63,1,2,3,2.5,-0.5,2,0,0,39,15,9,9,1,187,9,0
3550,30,3,5345,0,6.8,0.63,1,2,3,2.5,-0.5,2,0,0,40,16,9,7,0.78,202,7,3
1737,30,3,2632,0,6.8,0.63,0,2,4,2.5,-0.5,2,0,0,39,16,6,5,0.83,209,5,1
3863,45,1,5827,0,7.4,1.43,1,2,3,2.5,-0.5,2,0,0,41,16,9,8,0.89,183,8,0
2170,36,4,3303,0,7.5,0.46,0,2,3,2.5,-0.5,2,0,0,39,16,8,8,1,188,8,0
1975,36,1,2974,0,7.5,0.75,0,2,3,2.5,-0.5,2,0,0,39,18,8,7,0.88,193,7,1
4511,36,6,6748,0,7.5,0.65,1,2,3,2.5,-0.5,2,0,0,39,19,7,7,1,199,7,1
2756,43,3,4156,0,6.8,0.77,0,2,3,2.5,-0.5,2,0,0,43,22,7,6,0.86,194,6,0
4814,37,9,7244,0,5.5,1.94,1,2,3,2.5,-0.5,2,0,0,49,24,9,7,0.78,136,6,1
4814,38,9,7245,0,7.4,1.79,1,3,3,2.5,0.5,2,1,1,,,9,2,0.22,,0,0
2170,37,4,3304,0,5.5,0.73,0,3,3,2.5,0.5,2,1,1,,,6,4,0.67,190,4,0
2756,44,3,4157,0,5.1,0.73,0,3,3,2.5,0.5,2,1,1,,,5,4,0.8,201,4,1
4393,44,9,6536,0,5.1,1.63,1,3,3,2.5,0.5,2,1,1,,,8,7,0.88,178,7,0
4511,37,6,6749,0,5.5,0.71,1,3,3,2.5,0.5,2,1,1,,,6,6,1,,0,0
1737,31,3,2633,0,7.7,0.57,0,3,4,2.5,0.5,2,1,0,,,7,7,1,206,6,0
1975,37,1,2975,0,5.5,1.32,0,3,3,2.5,0.5,2,1,1,,,7,7,1,,0,0
3550,31,3,5346,0,7.7,0.57,1,3,3,2.5,0.5,2,1,1,,,10,10,1,205,9,0
4116,31,3,6142,0,7.7,0.57,1,3,3,2.5,0.5,2,1,1,,,10,10,1,190,10,0
3863,46,5,5828,0,6.2,1.57,1,3,3,2.5,0.5,2,1,1,,,12,12,1,151,0,0
3926,46,6,5917,0,6.2,0.75,1,3,4,2.666666667,0.333333333,2,1,0,48,27,8,7,0.88,198,7,1
3926,44,4,5916,0,5.1,0.41,1,1,4,2.666666667,-1.666666667,2,-1,0,52,33,7,7,1,160,1,0
3926,47,6,5918,0,6.7,0.68,1,4,4,2.666666667,1.333333333,2,2,1,,,9,8,0.89,199,8,1
1864,36,4,2806,0,7.5,0.46,0,4,4,2.333333333,1.666666667,2.333333333,1.666666667,1,35,12,9,9,1,194,9,1
2224,38,9,3386,0,7.4,1.79,0,1,4,2.333333333,-1.333333333,2.333333333,-1.333333333,0,35,13,10,6,0.6,197,6,1
4885,39,2,7366,0,6.7,1.23,1,4,4,2.333333333,1.666666667,2.333333333,1.666666667,1,37,13,10,9,0.9,179,9,0
3054,22,3,4604,0,7.4,0.5,1,2,4,2.333333333,-0.333333333,2.333333333,-0.333333333,0,40,15,9,8,0.89,201,7,0
2012,43,1,3032,0,6.8,1.61,0,4,4,2.333333333,1.666666667,2.333333333,1.666666667,1,37,17,8,6,0.75,197,6,0
2770,45,9,4182,0,7.4,1.14,0,2,4,2.333333333,-0.333333333,2.333333333,-0.333333333,0,44,17,10,8,0.8,189,8,2
5060,43,6,7638,0,6.8,0.56,1,4,4,2.333333333,1.666666667,2.333333333,1.666666667,1,42,17,10,10,1,188,10,0
3054,24,3,4606,0,7.3,0.73,1,4,4,2.333333333,1.666666667,2.333333333,1.666666667,1,40,18,11,11,1,184,10,0
5416,43,8,8168,0,6.8,0.84,1,4,4,2.333333333,1.666666667,2.333333333,1.666666667,1,37,19,7,7,1,,0,0
4594,34,1,6892,0,7.6,1.29,1,1,4,2.333333333,-1.333333333,2.333333333,-1.333333333,0,39,19,8,8,1,190,8,1
3054,21,3,4603,0,8.6,0.33,1,1,4,2.333333333,-1.333333333,2.333333333,-1.333333333,0,43,19,10,10,1,191,9,3
2708,43,8,4088,0,6.8,0.84,0,2,4,2.333333333,-0.333333333,2.333333333,-0.333333333,0,43,20,10,7,0.7,178,7,1
1864,34,4,2805,0,7.6,0.44,0,2,4,2.333333333,-0.333333333,2.333333333,-0.333333333,0,42,20,9,9,1,198,9,1
1192,13,6,1812,1,6,0.12,0,2,4,2.333333333,-0.333333333,2.333333333,-0.333333333,0,43,21,10,7,0.7,,0,0
2770,44,9,4181,0,5.1,1.63,0,1,4,2.333333333,-1.333333333,2.333333333,-1.333333333,0,43,21,10,9,0.9,197,9,0
2054,34,4,3101,0,7.6,0.44,0,1,4,2.333333333,-1.333333333,2.333333333,-1.333333333,0,42,21,9,9,1,198,9,0
3489,28,6,5239,0,8.9,0.47,1,4,4,2.333333333,1.666666667,2.333333333,1.666666667,1,43,21,11,11,1,200,11,5
2224,39,9,3387,0,6.7,1.37,0,2,4,2.333333333,-0.333333333,2.333333333,-0.333333333,0,45,22,9,8,0.89,188,8,1
2708,45,8,4089,0,7.4,0.62,0,4,4,2.333333333,1.666666667,2.333333333,1.666666667,1,46,23,10,7,0.7,184,7,0
3489,26,6,5238,0,7.5,0.31,1,2,4,2.333333333,-0.333333333,2.333333333,-0.333333333,0,45,23,9,9,1,182,8,2
4120,30,1,6147,0,6.8,0.82,1,2,4,2.333333333,-0.333333333,2.333333333,-0.333333333,0,44,23,9,9,1,201,9,1
2770,47,9,4183,0,6.7,2.05,0,4,4,2.333333333,1.666666667,2.333333333,1.666666667,1,48,24,11,9,0.82,190,9,5
1864,33,9,2804,0,8.1,1.29,0,1,4,2.333333333,-1.333333333,2.333333333,-1.333333333,0,47,24,8,7,0.88,195,7,1
4594,35,1,6893,0,6.9,1.25,1,2,4,2.333333333,-0.333333333,2.333333333,-0.333333333,0,43,25,7,7,1,191,7,1
4885,36,2,7364,0,7.5,1.18,1,1,4,2.333333333,-1.333333333,2.333333333,-1.333333333,0,46,25,8,8,1,174,8,1
2496,40,6,3801,0,5.5,0.41,0,2,4,2.333333333,-0.333333333,2.333333333,-0.333333333,0,44,27,6,6,1,192,5,1
1470,17,6,2214,0,6.8,0.24,0,2,4,2.333333333,-0.333333333,2.333333333,-0.333333333,0,48,27,8,8,1,199,7,1
5416,41,8,8167,0,7,0.54,1,2,4,2.333333333,-0.333333333,2.333333333,-0.333333333,0,46,27,8,8,1,190,8,1
1192,15,6,1813,1,5.7,0.16,0,4,4,2.333333333,1.666666667,2.333333333,1.666666667,1,,27,8,8,1,,0,0
5060,40,6,7636,0,5.5,0.41,1,1,4,2.333333333,-1.333333333,2.333333333,-1.333333333,0,47,27,9,9,1,148,4,0
1192,12,4,1811,1,5.4,0.26,0,1,4,2.333333333,-1.333333333,2.333333333,-1.333333333,0,47,27,10,10,1,,0,0
2054,35,4,3102,0,6.9,0.45,0,2,4,2.333333333,-0.333333333,2.333333333,-0.333333333,0,49,28,8,7,0.88,203,7,2
2937,21,2,4409,0,8.6,1.12,1,1,4,2.333333333,-1.333333333,2.333333333,-1.333333333,0,48,28,8,7,0.88,202,7,0
2937,24,2,4411,0,7.3,1.55,1,4,4,2.333333333,1.666666667,2.333333333,1.666666667,1,50,28,9,9,1,197,5,0
2954,21,4,4437,0,8.6,0.32,1,2,4,2.333333333,-0.333333333,2.333333333,-0.333333333,0,53,29,11,11,1,187,11,0
2012,41,1,3031,0,7,0.79,0,2,4,2.333333333,-0.333333333,2.333333333,-0.333333333,0,49,30,8,7,0.88,208,6,3
4885,37,2,7365,0,5.5,1.39,1,2,4,2.333333333,-0.333333333,2.333333333,-0.333333333,0,53,30,9,8,0.89,,0,0
2496,39,6,3800,0,6.7,0.43,0,1,4,2.333333333,-1.333333333,2.333333333,-1.333333333,0,49,30,5,5,1,,0,0
1454,17,1,2193,0,6.8,0.43,0,2,4,2.333333333,-0.333333333,2.333333333,-0.333333333,0,50,30,6,6,1,199,6,2
4635,37,8,6958,0,5.5,0.58,1,4,4,2.333333333,1.666666667,2.333333333,1.666666667,1,51,30,6,6,1,197,6,3
5416,40,8,8166,0,5.5,0.51,1,1,4,2.333333333,-1.333333333,2.333333333,-1.333333333,0,48,30,7,7,1,149,5,1
2954,23,9,4438,0,7.8,0.72,1,4,4,2.333333333,1.666666667,2.333333333,1.666666667,1,51,30,8,8,1,,0,0
5060,41,8,7637,0,7,0.54,1,2,4,2.333333333,-0.333333333,2.333333333,-0.333333333,0,52,30,9,9,1,187,7,1
2054,37,4,3103,0,5.5,0.73,0,4,4,2.333333333,1.666666667,2.333333333,1.666666667,1,51,30,9,9,1,201,9,2
4120,32,1,6148,0,6.8,0.54,1,4,4,2.333333333,1.666666667,2.333333333,1.666666667,1,52,30,10,10,1,196,10,1
2954,20,4,4436,0,8.5,0.25,1,1,4,2.333333333,-1.333333333,2.333333333,-1.333333333,0,54,31,10,10,1,194,9,0
2012,40,1,3030,0,5.5,0.82,0,1,4,2.333333333,-1.333333333,2.333333333,-1.333333333,0,52,32,7,7,1,,0,0
4594,37,1,6894,0,5.5,1.32,1,4,4,2.333333333,1.666666667,2.333333333,1.666666667,1,54,32,8,8,1,,0,0
4635,34,8,6956,0,7.6,0.51,1,1,4,2.333333333,-1.333333333,2.333333333,-1.333333333,0,52,32,9,9,1,199,9,2
1454,19,1,2194,0,8.1,0.79,0,4,4,2.333333333,1.666666667,2.333333333,1.666666667,1,52,33,9,9,1,185,9,1
4635,35,8,6957,0,6.9,0.73,1,2,4,2.333333333,-0.333333333,2.333333333,-0.333333333,0,53,34,8,8,1,184,8,0
2937,22,2,4410,0,7.4,1.66,1,2,4,2.333333333,-0.333333333,2.333333333,-0.333333333,0,55,35,9,9,1,185,9,0
1454,16,1,2192,1,5.7,1.15,0,1,4,2.333333333,-1.333333333,2.333333333,-1.333333333,0,56,36,8,8,1,195,8,1
2708,42,8,4087,0,5.6,0.79,0,1,4,2.333333333,-1.333333333,2.333333333,-1.333333333,0,57,37,9,7,0.78,171,3,0
1470,16,2,2213,1,5.7,1.34,0,1,4,2.333333333,-1.333333333,2.333333333,-1.333333333,0,59,38,9,9,1,190,8,0
2224,41,9,3388,0,7,1.14,0,4,4,2.333333333,1.666666667,2.333333333,1.666666667,1,58,39,8,7,0.88,188,5,0
2496,42,6,3802,0,5.6,0.64,0,4,4,2.333333333,1.666666667,2.333333333,1.666666667,1,64,42,7,6,0.86,192,6,1
1470,19,8,2215,0,8.1,0.43,0,4,4,2.333333333,1.666666667,2.333333333,1.666666667,1,63,42,8,7,0.88,167,7,1
4120,29,1,6146,0,5.7,1.47,1,1,4,2.333333333,-1.333333333,2.333333333,-1.333333333,0,60,42,8,8,1,,0,0
3489,25,4,5237,0,6.5,0.39,1,1,4,2.333333333,-1.333333333,2.333333333,-1.333333333,0,66,47,9,9,1,191,8,2
2071,43,2,3136,0,6.8,1.98,0,2,4,2.5,-0.5,2.333333333,-0.333333333,0,30,8,10,9,0.9,168,9,1
2071,45,2,3138,0,7.4,1.6,0,4,4,2.5,1.5,2.333333333,1.666666667,1,36,14,9,8,0.89,175,6,0
4456,34,9,6640,0,7.6,1.56,1,1,4,2.5,-1.5,2.333333333,-1.333333333,0,40,17,6,4,0.67,,0,0
4907,44,9,7406,0,5.1,1.63,1,4,4,2.5,1.5,2.333333333,1.666666667,1,39,17,9,8,0.89,193,8,0
2071,42,2,3135,0,5.6,1.55,0,1,4,2.5,-1.5,2.333333333,-1.333333333,0,43,20,8,7,0.88,178,7,0
4907,42,9,7404,0,5.6,1.79,1,2,4,2.5,-0.5,2.333333333,-0.333333333,0,47,23,10,8,0.8,194,8,1
4907,41,9,7403,0,7,1.14,1,1,4,2.5,-1.5,2.333333333,-1.333333333,0,46,23,9,9,1,191,9,4
4456,35,9,6641,0,6.9,1.75,1,2,4,2.5,-0.5,2.333333333,-0.333333333,0,43,26,6,5,0.83,,0,0
4456,37,9,6643,0,5.5,1.94,1,4,4,2.5,1.5,2.333333333,1.666666667,1,50,27,9,8,0.89,188,7,2
4456,36,9,6642,0,7.5,1.25,1,3,4,2.5,0.5,2.333333333,0.666666667,0,,,7,6,0.86,186,6,0
2071,44,2,3137,0,5.1,1.39,0,3,4,2.5,0.5,2.333333333,0.666666667,0,,,5,5,1,,0,0
4907,43,9,7405,0,6.8,1.67,1,3,4,2.5,0.5,2.333333333,0.666666667,0,,,10,10,1,184,10,0
5215,46,2,7876,0,6.2,1.71,1,2,3,2,0,2.5,-0.5,0,27,2,11,8,0.73,176,8,1
1791,31,2,2713,0,7.7,1.18,0,3,3,2,1,2.5,0.5,1,30,7,8,8,1,186,8,1
5054,38,9,7628,0,7.4,1.79,1,2,3,2,0,2.5,-0.5,0,34,11,10,9,0.9,200,9,2
4148,31,2,6186,0,7.7,1.18,1,3,3,2,1,2.5,0.5,1,42,16,12,12,1,144,12,0
4267,32,4,6362,0,6.8,0.2,1,2,3,2,0,2.5,-0.5,0,40,17,10,8,0.8,180,7,4
5215,47,2,7877,0,6.7,1.6,1,3,3,2,1,2.5,0.5,1,41,18,12,9,0.75,183,9,0
3510,30,4,5277,0,6.8,0.41,1,3,3,2,1,2.5,0.5,1,42,20,8,7,0.88,192,7,2
3612,30,2,5466,0,6.8,1.12,1,3,3,2,1,2.5,0.5,1,40,21,6,6,1,198,6,0
3612,29,2,5465,0,5.7,1.23,1,2,3,2,0,2.5,-0.5,0,43,23,6,6,1,188,6,1
1791,30,2,2712,0,6.8,1.12,0,2,3,2,0,2.5,-0.5,0,46,23,7,7,1,199,7,0
4267,33,4,6363,0,8.1,0.27,1,3,3,2,1,2.5,0.5,1,46,24,10,9,0.9,189,9,1
5054,39,9,7629,0,6.7,1.37,1,3,3,2,1,2.5,0.5,1,45,24,8,8,1,195,8,0
2057,46,7,3107,0,6.2,0.5,0,2,3,2,0,2.5,-0.5,0,47,24,10,10,1,170,10,0
4148,30,2,6185,0,6.8,1.12,1,2,3,2,0,2.5,-0.5,0,51,25,11,10,0.91,175,10,0
5223,41,1,7888,0,7,0.79,1,2,3,2,0,2.5,-0.5,0,47,26,8,7,0.88,183,7,3
3833,46,8,5780,0,6.2,0.84,0,2,3,2,0,2.5,-0.5,0,44,26,7,7,1,188,7,0
5102,39,6,7697,0,6.7,0.43,1,2,3,2,0,2.5,-0.5,0,47,26,9,9,1,192,9,0
2057,47,7,3108,0,6.7,0.33,0,3,3,2,1,2.5,0.5,1,49,28,10,9,0.9,181,9,1
4882,42,9,7358,0,5.6,1.79,1,3,4,2,1,2.5,0.5,0,48,28,7,7,1,198,7,3
3833,47,8,5781,0,6.7,0.64,0,3,3,2,1,2.5,0.5,1,,30,6,6,1,,6,0
5102,40,6,7698,0,5.5,0.41,1,3,3,2,1,2.5,0.5,1,50,30,7,7,1,168,6,1
5223,42,1,7889,0,5.6,1.58,1,3,3,2,1,2.5,0.5,1,51,31,7,6,0.86,187,2,0
4882,41,3,7357,0,7,0.53,1,2,4,2,0,2.5,-0.5,0,51,31,7,7,1,199,6,0
3510,29,4,5276,0,5.7,0.48,1,2,3,2,0,2.5,-0.5,0,52,34,8,6,0.75,186,6,0
4882,40,2,7356,0,5.5,0.96,1,1,4,2,-1,2.5,-1.5,0,,,5,3,0.6,169,3,0
5054,37,9,7627,0,5.5,1.94,1,1,3,2,-1,2.5,-1.5,0,,,7,6,0.86,186,6,1
1791,29,2,2711,0,5.7,1.23,0,1,3,2,-1,2.5,-1.5,0,,,5,5,1,184,4,0
5223,40,8,7887,0,5.5,0.51,1,1,3,2,-1,2.5,-1.5,0,,,6,6,1,,0,0
3833,45,8,5779,0,7.4,0.62,0,1,3,2,-1,2.5,-1.5,0,,,6,6,1,175,6,0
3612,28,2,5464,0,8.9,0.91,1,1,3,2,-1,2.5,-1.5,0,,,6,6,1,204,6,0
3510,28,4,5275,0,8.9,0.39,1,1,3,2,-1,2.5,-1.5,0,,,7,7,1,183,5,0
5215,45,2,7875,0,7.4,1.6,1,1,3,2,-1,2.5,-1.5,0,,,8,8,1,178,8,1
5102,38,6,7696,0,7.4,0.68,1,1,3,2,-1,2.5,-1.5,0,,,9,9,1,203,9,0
4148,29,2,6184,0,5.7,1.23,1,1,3,2,-1,2.5,-1.5,0,,,9,9,1,157,7,1
4267,31,4,6361,0,7.7,0.38,1,1,3,2,-1,2.5,-1.5,0,,,10,10,1,190,9,1
2057,45,7,3106,0,7.4,0.42,0,1,3,2,-1,2.5,-1.5,0,,,10,10,1,180,10,2
2143,38,9,3260,0,7.4,1.79,0,4,4,2.333333333,1.666666667,2.5,1.5,1,36,13,9,9,1,193,9,2
2143,35,3,3258,0,6.9,0.6,0,1,4,2.333333333,-1.333333333,2.5,-1.5,0,50,32,8,8,1,,0,0
2143,36,9,3259,0,7.5,1.25,0,2,4,2.333333333,-0.333333333,2.5,-0.5,0,,,10,7,0.7,189,6,3
4883,38,6,7361,0,7.4,0.68,1,3,4,2.5,0.5,2.5,0.5,0,31,4,11,9,0.82,170,9,1
2291,38,3,3488,0,7.4,0.83,0,2,4,2.5,-0.5,2.5,-0.5,0,30,4,12,10,0.83,183,10,1
4742,38,5,7135,0,7.4,1.14,1,3,3,2.5,0.5,2.5,0.5,1,32,6,9,9,1,172,9,0
4333,43,4,6457,0,6.8,0.46,1,2,3,2.5,-0.5,2.5,-0.5,0,29,7,8,7,0.88,175,6,0
4892,38,6,7382,0,7.4,0.68,1,3,4,2.5,0.5,2.5,0.5,0,33,7,11,10,0.91,175,10,1
4706,38,8,7074,0,7.4,0.51,1,4,4,2.5,1.5,2.5,1.5,1,31,7,12,11,0.92,179,11,2
4199,31,4,6269,0,7.7,0.38,1,3,4,2.5,0.5,2.5,0.5,0,32,7,11,11,1,197,11,1
4373,43,6,6513,0,6.8,0.56,1,2,3,2.5,-0.5,2.5,-0.5,0,33,8,10,9,0.9,193,9,1
4407,43,1,6555,0,6.8,1.61,1,2,3,2.5,-0.5,2.5,-0.5,0,31,8,8,8,1,185,8,3
3520,30,9,5297,0,6.8,1.22,1,4,4,2.5,1.5,2.5,1.5,1,35,8,10,10,1,179,10,1
1611,43,9,2433,0,6.8,1.67,0,2,3,2.5,-0.5,2.5,-0.5,0,33,9,8,3,0.38,184,3,0
4584,38,2,6875,0,7.4,1.39,1,4,4,2.5,1.5,2.5,1.5,1,33,9,10,7,0.7,192,7,0
4156,31,2,6200,0,7.7,1.18,1,3,3,2.5,0.5,2.5,0.5,1,35,9,9,7,0.78,189,7,0
4969,38,5,7494,0,7.4,1.14,1,2,3,2.5,-0.5,2.5,-0.5,0,32,9,8,7,0.88,187,7,0
4367,43,2,6502,0,6.8,1.98,1,2,4,2.5,-0.5,2.5,-0.5,0,33,9,6,6,1,186,6,0
2091,36,4,3165,0,7.5,0.46,0,3,4,2.5,0.5,2.5,0.5,0,32,9,11,11,1,192,11,1
1912,40,2,2876,0,5.5,0.96,0,2,4,2.5,-0.5,2.5,-0.5,0,34,10,10,9,0.9,191,9,0
5082,38,4,7667,0,7.4,0.52,1,1,4,2.5,-1.5,2.5,-1.5,0,35,10,11,10,0.91,192,10,1
5228,43,1,7897,0,6.8,1.61,1,3,4,2.5,0.5,2.5,0.5,0,32,10,6,6,1,190,6,1
2291,40,3,3490,0,5.5,0.4,0,4,4,2.5,1.5,2.5,1.5,1,34,10,8,8,1,190,8,1
2291,39,3,3489,0,6.7,0.57,0,3,4,2.5,0.5,2.5,0.5,0,36,10,9,9,1,,0,0
4840,38,9,7295,0,7.4,1.79,1,3,3,2.5,0.5,2.5,0.5,1,36,11,9,6,0.67,202,6,1
2093,36,4,3170,0,7.5,0.46,0,3,4,2.5,0.5,2.5,0.5,0,38,11,13,12,0.92,180,12,2
3646,31,4,5524,0,7.7,0.38,1,3,3,2.5,0.5,2.5,0.5,1,32,11,9,9,1,190,9,0
2156,38,4,3282,0,7.4,0.52,0,4,5,2.5,1.5,2.5,1.5,0,39,12,12,9,0.75,190,9,2
5011,39,6,7564,0,6.7,0.43,1,2,3,2.5,-0.5,2.5,-0.5,0,38,12,8,7,0.88,184,6,0
4687,36,3,7038,0,7.5,0.73,1,2,4,2.5,-0.5,2.5,-0.5,0,36,12,10,9,0.9,182,9,2
4359,43,8,6489,0,6.8,0.84,1,2,3,2.5,-0.5,2.5,-0.5,0,34,12,9,9,1,171,9,1
5042,38,3,7605,0,7.4,0.83,1,2,3,2.5,-0.5,2.5,-0.5,0,38,12,10,10,1,171,10,1
2457,40,5,3748,0,5.5,1.57,0,2,3,2.5,-0.5,2.5,-0.5,0,38,12,10,10,1,190,6,1
5035,38,6,7595,0,7.4,0.68,1,2,3,2.5,-0.5,2.5,-0.5,0,37,13,8,7,0.88,179,7,2
5011,40,6,7565,0,5.5,0.41,1,3,3,2.5,0.5,2.5,0.5,1,39,13,9,8,0.89,187,8,1
3719,45,5,5635,0,7.4,1.27,0,2,4,2.5,-0.5,2.5,-0.5,0,36,13,9,8,0.89,181,8,2
4920,39,2,7426,0,6.7,1.23,1,1,4,2.5,-1.5,2.5,-1.5,0,42,13,12,11,0.92,184,7,1
2393,40,8,3648,0,5.5,0.51,0,3,3,2.5,0.5,2.5,0.5,1,36,13,7,7,1,197,7,0
5465,40,2,8245,0,5.5,0.96,1,2,4,2.5,-0.5,2.5,-0.5,0,42,13,8,8,1,,0,0
4693,38,5,7049,0,7.4,1.14,1,4,4,2.5,1.5,2.5,1.5,1,35,13,8,8,1,192,8,2
5317,43,5,8026,0,6.8,1.92,1,2,3,2.5,-0.5,2.5,-0.5,0,34,13,8,8,1,184,8,0
1035,15,1,1573,1,5.7,0.61,0,4,4,2.5,1.5,2.5,1.5,1,,13,8,8,1,,5,0
2095,34,9,3173,0,7.6,1.56,0,2,3,2.5,-0.5,2.5,-0.5,0,38,13,9,9,1,197,9,0
4450,36,4,6630,0,7.5,0.46,1,3,4,2.5,0.5,2.5,0.5,0,38,13,10,10,1,189,9,0
4920,40,2,7427,0,5.5,0.96,1,2,4,2.5,-0.5,2.5,-0.5,0,37,13,10,10,1,189,10,1
2093,34,4,3168,0,7.6,0.44,0,1,4,2.5,-1.5,2.5,-1.5,0,39,13,13,13,1,192,13,0
4800,38,4,7224,0,7.4,0.52,1,4,4,2.5,1.5,2.5,1.5,1,44,14,10,7,0.7,183,7,1
2489,39,6,3793,0,6.7,0.43,0,3,3,2.5,0.5,2.5,0.5,1,40,14,10,8,0.8,187,8,0
5299,43,4,7993,0,6.8,0.46,1,2,4,2.5,-0.5,2.5,-0.5,0,35,14,6,5,0.83,191,4,1
5310,43,1,8012,0,6.8,1.61,1,2,3,2.5,-0.5,2.5,-0.5,0,33,14,8,7,0.88,165,7,2
2730,43,5,4114,0,6.8,1.92,0,2,3,2.5,-0.5,2.5,-0.5,0,34,14,8,7,0.88,180,7,3
1678,30,3,2543,0,6.8,0.63,0,3,3,2.5,0.5,2.5,0.5,1,37,14,9,8,0.89,185,8,2
2764,45,4,4167,0,7.4,0.42,0,2,4,2.5,-0.5,2.5,-0.5,0,36,14,10,9,0.9,182,9,0
2489,38,6,3792,0,7.4,0.68,0,2,3,2.5,-0.5,2.5,-0.5,0,39,14,10,9,0.9,190,9,0
5357,46,9,8083,0,6.2,1.71,1,3,3,2.5,0.5,2.5,0.5,1,41,14,11,10,0.91,198,10,0
1618,43,3,2443,0,6.8,0.77,0,2,3,2.5,-0.5,2.5,-0.5,0,38,14,12,11,0.92,192,11,3
5029,38,6,7588,0,7.4,0.68,1,2,3,2.5,-0.5,2.5,-0.5,0,36,14,6,6,1,185,6,0
1898,38,2,2849,0,7.4,1.39,0,3,4,2.5,0.5,2.5,0.5,0,35,14,9,9,1,180,8,0
4495,36,1,6717,0,7.5,0.75,1,3,4,2.5,0.5,2.5,0.5,0,36,14,10,10,1,185,10,2
4367,45,2,6504,0,7.4,1.6,1,4,4,2.5,1.5,2.5,1.5,1,40,15,8,6,0.75,188,5,2
4199,30,4,6268,0,6.8,0.41,1,2,4,2.5,-0.5,2.5,-0.5,0,41,15,10,8,0.8,190,8,3
4800,36,4,7222,0,7.5,0.46,1,2,4,2.5,-0.5,2.5,-0.5,0,38,15,11,9,0.82,199,9,5
1965,38,1,2960,0,7.4,1.4,0,4,4,2.5,1.5,2.5,1.5,1,37,15,7,6,0.86,183,6,0
3676,45,2,5573,0,7.4,1.6,0,3,3,2.5,0.5,2.5,0.5,1,36,15,8,7,0.88,181,5,3
288,2,4,434,1,6,0.37,0,2,3,2.5,-0.5,2.5,-0.5,0,37,15,8,7,0.88,197,7,0
1741,31,4,2639,0,7.7,0.38,0,3,3,2.5,0.5,2.5,0.5,1,38,15,9,8,0.89,196,8,1
1931,34,5,2910,0,7.6,1.53,0,3,3,2.5,0.5,2.5,0.5,1,35,15,9,8,0.89,201,8,2
3606,31,9,5454,0,7.7,0.87,1,4,4,2.5,1.5,2.5,1.5,1,37,15,7,7,1,185,7,2
2065,43,2,3122,0,6.8,1.98,0,3,4,2.5,0.5,2.5,0.5,0,35,15,7,7,1,187,7,1
1673,30,4,2536,0,6.8,0.41,0,3,3,2.5,0.5,2.5,0.5,1,41,15,9,9,1,178,9,1
1075,13,4,1631,1,6,0.18,0,1,4,2.5,-1.5,2.5,-1.5,0,37,15,9,9,1,186,1,0
4700,36,7,7059,0,7.5,0.17,1,2,3,2.5,-0.5,2.5,-0.5,0,39,15,10,10,1,184,10,6
2840,21,5,4271,0,8.6,0.92,1,3,3,2.5,0.5,2.5,0.5,1,40,15,12,12,1,191,12,0
5358,46,9,8086,0,6.2,1.71,1,3,4,2.5,0.5,2.5,0.5,0,41,16,9,1,0.11,215,1,0
5186,40,9,7823,0,5.5,1.14,1,2,4,2.5,-0.5,2.5,-0.5,0,40,16,8,5,0.63,203,5,1
4687,38,4,7040,0,7.4,0.52,1,4,4,2.5,1.5,2.5,1.5,1,39,16,11,7,0.64,195,7,2
2730,44,5,4115,0,5.1,1.92,0,3,3,2.5,0.5,2.5,0.5,1,44,16,11,7,0.64,186,7,0
2091,34,4,3163,0,7.6,0.44,0,1,4,2.5,-1.5,2.5,-1.5,0,38,16,9,6,0.67,194,6,2
1599,30,6,2413,0,6.8,0.36,0,4,4,2.5,1.5,2.5,1.5,1,41,16,10,7,0.7,188,7,0
3512,31,6,5282,0,7.7,0.49,1,4,4,2.5,1.5,2.5,1.5,1,41,16,7,5,0.71,189,5,0
2769,46,9,4179,0,6.2,1.71,0,3,4,2.5,0.5,2.5,0.5,0,43,16,11,8,0.73,191,8,2
5383,45,8,8122,0,7.4,0.62,0,3,3,2.5,0.5,2.5,0.5,1,38,16,9,7,0.78,187,7,2
4299,31,8,6411,0,7.7,0.39,1,1,4,2.5,-1.5,2.5,-1.5,0,39,16,8,7,0.88,180,7,0
4367,44,2,6503,0,5.1,1.39,1,3,4,2.5,0.5,2.5,0.5,0,37,16,8,7,0.88,179,7,0
4883,36,6,7359,0,7.5,0.65,1,1,4,2.5,-1.5,2.5,-1.5,0,41,16,9,8,0.89,179,8,2
5134,38,9,7746,0,7.4,1.79,1,1,4,2.5,-1.5,2.5,-1.5,0,34,16,3,3,1,204,3,1
4207,30,2,6279,0,6.8,1.12,1,2,3,2.5,-0.5,2.5,-0.5,0,39,16,7,7,1,196,7,2
4207,31,2,6280,0,7.7,1.18,1,3,3,2.5,0.5,2.5,0.5,1,37,16,7,7,1,191,6,0
2168,36,4,3300,0,7.5,0.46,0,2,3,2.5,-0.5,2.5,-0.5,0,38,16,9,9,1,188,9,0
4218,31,1,6293,0,7.7,1.11,1,1,4,2.5,-1.5,2.5,-1.5,0,36,16,9,9,1,195,8,0
4584,36,2,6873,0,7.5,1.18,1,2,4,2.5,-0.5,2.5,-0.5,0,39,16,9,9,1,190,9,1
2904,22,6,4357,0,7.4,0.49,1,2,4,2.5,-0.5,2.5,-0.5,0,48,16,10,10,1,189,10,0
4706,36,8,7072,0,7.5,0.51,1,2,4,2.5,-0.5,2.5,-0.5,0,40,16,10,10,1,184,10,1
2778,45,4,4193,0,7.4,0.42,0,2,3,2.5,-0.5,2.5,-0.5,0,39,16,11,11,1,181,11,1
2156,36,4,3280,0,7.5,0.46,0,2,5,2.5,-0.5,2.5,-0.5,0,42,16,11,11,1,193,11,6
2095,35,9,3174,0,6.9,1.75,0,3,3,2.5,0.5,2.5,0.5,1,40,17,8,5,0.63,203,5,1
4127,31,6,6160,0,7.7,0.49,1,3,3,2.5,0.5,2.5,0.5,1,38,17,7,5,0.71,205,5,0
3606,30,9,5453,0,6.8,1.22,1,3,4,2.5,0.5,2.5,0.5,0,40,17,8,6,0.75,190,6,0
5376,46,8,8113,0,6.2,0.84,0,4,4,2.5,1.5,2.5,1.5,1,41,17,9,7,0.78,187,7,1
4534,36,2,6787,0,7.5,1.18,1,3,4,2.5,0.5,2.5,0.5,0,41,17,10,8,0.8,194,8,0
3040,22,4,4585,0,7.4,0.42,1,2,3,2.5,-0.5,2.5,-0.5,0,48,17,11,9,0.82,193,8,0
2769,45,9,4178,0,7.4,1.14,0,2,4,2.5,-0.5,2.5,-0.5,0,46,17,12,10,0.83,194,10,1
5348,46,6,8072,0,6.2,0.75,1,3,3,2.5,0.5,2.5,0.5,1,38,17,7,6,0.86,184,6,0
2117,36,9,3217,0,7.5,1.25,0,3,4,2.5,0.5,2.5,0.5,0,42,17,7,7,1,174,7,0
2740,43,9,4129,0,6.8,1.67,0,2,3,2.5,-0.5,2.5,-0.5,0,37,17,7,7,1,203,7,0
4486,36,6,6700,0,7.5,0.65,1,3,4,2.5,0.5,2.5,0.5,0,40,17,9,9,1,182,9,1
2457,41,5,3749,0,7,1.09,0,3,3,2.5,0.5,2.5,0.5,1,39,17,10,10,1,198,10,0
4553,34,9,6818,0,7.6,1.56,1,3,3,2.5,0.5,2.5,0.5,1,40,17,10,10,1,200,10,0
3921,45,4,5910,0,7.4,0.42,1,2,3,2.5,-0.5,2.5,-0.5,0,40,17,11,11,1,192,11,1
5358,45,9,8085,0,7.4,1.14,1,2,4,2.5,-0.5,2.5,-0.5,0,41,18,9,5,0.56,186,5,0
2452,41,5,3733,0,7,1.09,0,3,4,2.5,0.5,2.5,0.5,0,42,18,8,6,0.75,188,6,2
5348,45,6,8071,0,7.4,0.36,1,2,3,2.5,-0.5,2.5,-0.5,0,39,18,8,7,0.88,183,7,1
1422,21,4,2156,0,8.6,0.32,1,3,3,2.5,0.5,2.5,0.5,1,43,18,9,8,0.89,202,7,1
2091,35,4,3164,0,6.9,0.45,0,2,4,2.5,-0.5,2.5,-0.5,0,39,18,10,9,0.9,195,9,5
1931,33,5,2909,0,8.1,0.74,0,2,3,2.5,-0.5,2.5,-0.5,0,43,18,10,9,0.9,194,9,3
4750,38,2,7150,0,7.4,1.39,1,3,4,2.5,0.5,2.5,0.5,0,39,18,10,9,0.9,172,9,0
5471,40,4,8258,0,5.5,0.38,1,2,3,2.5,-0.5,2.5,-0.5,0,40,18,7,7,1,202,6,1
4770,38,5,7177,0,7.4,1.14,1,2,4,2.5,-0.5,2.5,-0.5,0,38,18,7,7,1,184,7,1
4416,36,4,6570,0,7.5,0.46,1,4,4,2.5,1.5,2.5,1.5,1,39,18,8,8,1,181,8,2
3520,28,9,5295,0,8.9,1.1,1,2,4,2.5,-0.5,2.5,-0.5,0,37,18,8,8,1,185,8,4
42,2,1,71,1,6,2.33,0,3,3,2.5,0.5,2.5,0.5,1,37,18,8,8,1,204,7,1
3646,30,4,5523,0,6.8,0.41,1,2,3,2.5,-0.5,2.5,-0.5,0,40,18,9,9,1,184,9,1
5299,45,4,7995,0,7.4,0.42,1,4,4,2.5,1.5,2.5,1.5,1,42,18,9,9,1,190,9,1
4694,36,4,7050,0,7.5,0.46,1,2,5,2.5,-0.5,2.5,-0.5,0,41,18,9,9,1,177,9,0
3520,29,9,5296,0,5.7,1.25,1,3,4,2.5,0.5,2.5,0.5,0,42,18,9,9,1,199,9,2
4373,44,6,6514,0,5.1,0.38,1,3,3,2.5,0.5,2.5,0.5,1,42,18,10,10,1,197,10,0
4658,38,6,6998,0,7.4,0.68,1,4,4,2.5,1.5,2.5,1.5,1,39,18,10,10,1,180,10,1
4218,34,1,6296,0,7.6,1.29,1,4,4,2.5,1.5,2.5,1.5,1,41,18,10,10,1,201,10,2
5357,45,9,8082,0,7.4,1.14,1,2,3,2.5,-0.5,2.5,-0.5,0,43,18,12,12,1,193,12,0
4539,34,4,6795,0,7.6,0.44,1,3,3,2.5,0.5,2.5,0.5,1,42,19,10,5,0.5,201,5,0
5428,43,4,8186,0,6.8,0.46,1,4,4,2.5,1.5,2.5,1.5,1,45,19,13,9,0.69,177,9,2
4450,34,4,6628,0,7.6,0.44,1,1,4,2.5,-1.5,2.5,-1.5,0,43,19,11,8,0.73,,0,0
4969,39,5,7495,0,6.7,1.05,1,3,3,2.5,0.5,2.5,0.5,1,40,19,9,8,0.89,193,8,2
2207,36,8,3360,0,7.5,0.51,0,4,4,2.5,1.5,2.5,1.5,1,44,19,10,9,0.9,157,8,0
1196,13,1,1820,1,6,1.15,0,2,3,2.5,-0.5,2.5,-0.5,0,44,19,11,10,0.91,186,10,1
2447,38,5,3724,0,7.4,1.14,0,2,3,2.5,-0.5,2.5,-0.5,0,40,19,7,7,1,174,7,0
5341,45,1,8061,0,7.4,1.43,1,2,2,2.5,-0.5,2.5,-0.5,1,40,19,7,7,1,191,7,0
1611,44,9,2434,0,5.1,1.63,0,3,3,2.5,0.5,2.5,0.5,1,40,19,7,7,1,196,7,0
4693,36,5,7047,0,7.5,1.01,1,2,4,2.5,-0.5,2.5,-0.5,0,39,19,9,9,1,192,6,3
1925,34,9,2899,0,7.6,1.56,0,3,4,2.5,0.5,2.5,0.5,0,42,19,9,9,1,183,9,2
5376,45,8,8112,0,7.4,0.62,0,3,4,2.5,0.5,2.5,0.5,0,41,19,10,10,1,182,10,3
575,6,4,890,1,6.7,0.27,0,2,3,2.5,-0.5,2.5,-0.5,0,42,19,12,12,1,184,12,1
4291,33,2,6397,0,8.1,0.8,1,3,3,2.5,0.5,2.5,0.5,1,45,20,11,8,0.73,194,8,1
1521,21,8,2285,0,8.6,0.56,1,2,5,2.5,-0.5,2.5,-0.5,0,42,20,8,6,0.75,199,6,2
1521,23,8,2287,0,7.8,0.49,1,4,5,2.5,1.5,2.5,1.5,0,43,20,9,8,0.89,182,8,2
5317,44,5,8027,0,5.1,1.92,1,3,3,2.5,0.5,2.5,0.5,1,41,20,9,8,0.89,,0,0
1035,13,1,1571,1,6,1.15,0,2,4,2.5,-0.5,2.5,-0.5,0,42,20,9,8,0.89,194,6,1
4596,36,8,6900,0,7.5,0.51,1,3,4,2.5,0.5,2.5,0.5,0,45,20,11,10,0.91,149,9,1
2093,37,4,3171,0,5.5,0.73,0,4,4,2.5,1.5,2.5,1.5,1,44,20,11,10,0.91,174,10,4
3431,28,6,5155,0,8.9,0.47,1,4,4,2.5,1.5,2.5,1.5,1,42,20,12,11,0.92,202,11,2
5186,39,9,7822,0,6.7,1.37,1,1,4,2.5,-1.5,2.5,-1.5,0,42,20,5,5,1,203,4,0
5322,43,2,8035,0,6.8,1.98,1,2,3,2.5,-0.5,2.5,-0.5,0,39,20,7,7,1,200,7,1
741,8,5,1144,1,4.5,0.26,1,2,4,2.5,-0.5,2.5,-0.5,0,40,20,7,7,1,183,7,1
4876,40,4,7347,0,5.5,0.38,1,2,3,2.5,-0.5,2.5,-0.5,0,42,20,8,8,1,193,8,0
2393,39,8,3647,0,6.7,0.41,0,2,3,2.5,-0.5,2.5,-0.5,0,40,20,8,8,1,186,8,0
5376,43,8,8110,0,6.8,0.84,0,1,4,2.5,-1.5,2.5,-1.5,0,41,20,8,8,1,,0,0
2040,36,9,3078,0,7.5,1.25,0,4,4,2.5,1.5,2.5,1.5,1,42,20,8,8,1,187,8,0
4876,41,4,7348,0,7,0.28,1,3,3,2.5,0.5,2.5,0.5,1,40,20,9,9,1,203,9,1
1549,26,4,2323,0,7.5,0.3,0,2,3,2.5,-0.5,2.5,-0.5,0,43,20,9,9,1,203,8,0
2712,44,6,4093,0,5.1,0.38,0,2,3,2.5,-0.5,2.5,-0.5,0,42,20,9,9,1,192,9,2
5186,41,9,7824,0,7,1.14,1,3,4,2.5,0.5,2.5,0.5,0,44,20,9,9,1,188,9,2
3719,47,5,5637,0,6.7,1.66,0,4,4,2.5,1.5,2.5,1.5,1,42,20,9,9,1,184,9,1
5212,44,5,7870,0,5.1,1.92,1,4,4,2.5,1.5,2.5,1.5,1,43,20,9,9,1,178,9,0
1197,13,1,1823,1,6,1.15,0,2,3,2.5,-0.5,2.5,-0.5,0,40,20,9,9,1,193,9,0
1503,17,4,2260,0,6.8,0.2,1,1,4,2.5,-1.5,2.5,-1.5,0,42,20,10,10,1,188,10,2
3301,26,4,4972,0,7.5,0.3,1,3,3,2.5,0.5,2.5,0.5,1,,20,10,10,1,,0,0
3710,45,6,5622,0,7.4,0.36,0,2,3,2.5,-0.5,2.5,-0.5,0,46,20,10,10,1,,9,1
1741,30,4,2638,0,6.8,0.41,0,2,3,2.5,-0.5,2.5,-0.5,0,43,20,10,10,1,198,10,1
4459,34,4,6648,0,7.6,0.44,1,1,4,2.5,-1.5,2.5,-1.5,0,46,20,10,10,1,168,10,0
2764,44,4,4166,0,5.1,0.41,0,1,4,2.5,-1.5,2.5,-1.5,0,43,20,11,11,1,190,11,0
3570,28,9,5390,0,8.9,1.1,1,2,4,2.5,-0.5,2.5,-0.5,0,41,20,11,11,1,200,11,2
5358,44,9,8084,0,5.1,1.63,1,1,4,2.5,-1.5,2.5,-1.5,0,45,21,10,4,0.4,,0,0
3719,46,5,5636,0,6.2,1.57,0,3,4,2.5,0.5,2.5,0.5,0,42,21,7,3,0.43,,0,0
3710,46,6,5623,0,6.2,0.75,0,3,3,2.5,0.5,2.5,0.5,1,41,21,7,5,0.71,183,5,1
3606,28,9,5451,0,8.9,1.1,1,1,4,2.5,-1.5,2.5,-1.5,0,41,21,9,7,0.78,196,7,2
1912,42,2,2878,0,5.6,1.55,0,4,4,2.5,1.5,2.5,1.5,1,44,21,9,7,0.78,182,7,0
1618,44,3,2444,0,5.1,0.73,0,3,3,2.5,0.5,2.5,0.5,1,45,21,10,8,0.8,190,8,0
2769,44,9,4177,0,5.1,1.63,0,1,4,2.5,-1.5,2.5,-1.5,0,43,21,10,8,0.8,195,8,0
4450,37,4,6631,0,5.5,0.73,1,4,4,2.5,1.5,2.5,1.5,1,46,21,12,10,0.83,173,10,1
4418,34,6,6573,0,7.6,0.53,1,2,4,2.5,-0.5,2.5,-0.5,0,42,21,8,7,0.88,194,7,0
1966,34,1,2962,0,7.6,1.29,0,2,5,2.5,-0.5,2.5,-0.5,0,41,21,8,7,0.88,,0,0
3676,44,2,5572,0,5.1,1.39,0,2,3,2.5,-0.5,2.5,-0.5,0,41,21,8,7,0.88,185,4,0
4892,39,6,7383,0,6.7,0.43,1,4,4,2.5,1.5,2.5,1.5,1,45,21,9,8,0.89,189,7,1
2207,34,8,3358,0,7.6,0.51,0,2,4,2.5,-0.5,2.5,-0.5,0,42,21,10,9,0.9,190,9,3
1653,28,1,2503,0,8.9,1.15,0,3,4,2.5,0.5,2.5,0.5,0,43,21,11,10,0.91,168,7,0
5341,46,1,8062,0,6.2,1.04,1,3,2,2.5,0.5,2.5,0.5,0,42,21,5,5,1,,0,0
2101,34,9,3186,0,7.6,1.56,0,2,3,2.5,-0.5,2.5,-0.5,0,41,21,6,6,1,211,6,0
4770,40,5,7179,0,5.5,1.57,1,4,4,2.5,1.5,2.5,1.5,1,40,21,6,6,1,184,6,1
741,9,5,1145,1,4.9,0.35,1,3,4,2.5,0.5,2.5,0.5,0,40,21,6,6,1,149,5,1
4883,39,6,7362,0,6.7,0.43,1,4,4,2.5,1.5,2.5,1.5,1,45,21,8,8,1,177,8,0
1884,34,2,2830,0,7.6,0.91,0,2,3,2.5,-0.5,2.5,-0.5,0,43,21,8,8,1,188,8,0
5212,41,5,7869,0,7,1.09,1,1,4,2.5,-1.5,2.5,-1.5,0,42,21,8,8,1,183,8,3
2040,34,9,3076,0,7.6,1.56,0,2,4,2.5,-0.5,2.5,-0.5,0,40,21,8,8,1,204,8,0
3542,28,4,5332,0,8.9,0.39,1,2,4,2.5,-0.5,2.5,-0.5,0,40,21,9,9,1,186,9,1
4892,36,6,7380,0,7.5,0.65,1,1,4,2.5,-1.5,2.5,-1.5,0,44,21,9,9,1,181,9,2
4495,34,1,6715,0,7.6,1.29,1,1,4,2.5,-1.5,2.5,-1.5,0,41,21,9,9,1,191,9,1
4920,41,2,7428,0,7,1.76,1,3,4,2.5,0.5,2.5,0.5,0,42,21,9,9,1,203,9,0
1677,28,4,2540,0,8.9,0.39,0,2,3,2.5,-0.5,2.5,-0.5,0,41,21,10,10,1,169,10,2
2531,21,6,3850,0,8.6,0.46,0,3,3,2.5,0.5,2.5,0.5,1,44,21,10,10,1,196,10,0
1912,41,2,2877,0,7,1.76,0,3,4,2.5,0.5,2.5,0.5,0,43,21,10,10,1,185,9,0
3365,24,6,5058,0,7.3,0.78,0,2,3,2.5,-0.5,2.5,-0.5,0,47,21,11,11,1,169,4,0
2309,28,1,3516,0,8.9,1.15,0,3,4,2.5,0.5,2.5,0.5,0,42,21,11,11,1,179,11,2
3598,28,9,5440,0,8.9,1.1,1,2,4,2.5,-0.5,2.5,-0.5,0,44,21,12,12,1,203,12,2
1521,22,8,2286,0,7.4,0.6,1,3,5,2.5,0.5,2.5,0.5,0,44,22,8,6,0.75,189,6,0
4553,33,9,6817,0,8.1,1.29,1,2,3,2.5,-0.5,2.5,-0.5,0,44,22,10,8,0.8,199,8,1
1673,29,4,2535,0,5.7,0.48,0,2,3,2.5,-0.5,2.5,-0.5,0,44,22,6,5,0.83,196,5,0
5082,40,4,7669,0,5.5,0.38,1,3,4,2.5,0.5,2.5,0.5,0,43,22,8,7,0.88,188,6,1
2091,37,4,3166,0,5.5,0.73,0,4,4,2.5,1.5,2.5,1.5,1,42,22,9,8,0.89,164,7,1
4534,34,2,6785,0,7.6,0.91,1,1,4,2.5,-1.5,2.5,-1.5,0,42,22,9,8,0.89,187,8,1
4333,44,4,6458,0,5.1,0.41,1,3,3,2.5,0.5,2.5,0.5,1,43,22,6,6,1,,0,0
4770,39,5,7178,0,6.7,1.05,1,3,4,2.5,0.5,2.5,0.5,0,41,22,6,6,1,196,6,1
254,2,1,382,1,6,2.33,1,1,4,2.5,-1.5,2.5,-1.5,0,41,22,7,7,1,173,7,0
1599,29,6,2412,0,5.7,0.47,0,3,4,2.5,0.5,2.5,0.5,0,44,22,8,8,1,194,8,1
3696,46,7,5602,0,6.2,0.5,0,2,3,2.5,-0.5,2.5,-0.5,0,43,22,8,8,1,178,8,1
3190,26,9,4803,0,7.5,0.72,1,3,3,2.5,0.5,2.5,0.5,1,44,22,8,8,1,185,8,1
3563,29,2,5371,0,5.7,1.23,1,3,3,2.5,0.5,2.5,0.5,1,47,22,8,8,1,196,4,0
4532,36,9,6783,0,7.5,1.25,1,4,4,2.5,1.5,2.5,1.5,1,44,22,8,8,1,198,8,4
1191,13,4,1809,1,6,0.18,0,2,3,2.5,-0.5,2.5,-0.5,0,44,22,8,8,1,191,7,1
2712,45,6,4094,0,7.4,0.36,0,3,3,2.5,0.5,2.5,0.5,1,45,22,9,9,1,192,9,0
584,6,4,904,1,6.7,0.27,0,2,5,2.5,-0.5,2.5,-0.5,0,42,22,9,9,1,179,9,2
210,28,4,322,0,8.9,0.39,0,4,4,2.5,1.5,2.5,1.5,1,43,22,10,10,1,189,10,0
4218,33,1,6295,0,8.1,0.68,1,3,4,2.5,0.5,2.5,0.5,0,45,22,10,10,1,194,9,2
4883,37,6,7360,0,5.5,0.71,1,2,4,2.5,-0.5,2.5,-0.5,0,47,22,10,10,1,173,4,1
741,10,5,1146,1,5.4,0.57,1,4,4,2.5,1.5,2.5,1.5,1,44,23,8,2,0.25,181,2,2
4156,30,2,6199,0,6.8,1.12,1,2,3,2.5,-0.5,2.5,-0.5,0,43,23,7,3,0.43,183,3,0
2769,47,9,4180,0,6.7,2.05,0,4,4,2.5,1.5,2.5,1.5,1,50,23,11,8,0.73,194,8,0
5186,42,9,7825,0,5.6,1.79,1,4,4,2.5,1.5,2.5,1.5,1,49,23,8,6,0.75,196,6,1
4199,32,4,6270,0,6.8,0.2,1,4,4,2.5,1.5,2.5,1.5,1,48,23,9,7,0.78,192,7,1
2045,33,3,3089,0,8.1,0.57,0,2,3,2.5,-0.5,2.5,-0.5,0,45,23,9,7,0.78,194,7,1
4892,37,6,7381,0,5.5,0.71,1,2,4,2.5,-0.5,2.5,-0.5,0,47,23,10,8,0.8,183,6,1
934,13,8,1438,1,6,0.32,1,4,6,2.5,1.5,2.5,1.5,0,44,23,8,7,0.88,191,6,2
1239,15,5,1884,1,5.7,0.61,1,3,4,2.5,0.5,2.5,0.5,0,,23,8,7,0.88,,6,0
4593,36,3,6890,0,7.5,0.73,1,3,4,2.5,0.5,2.5,0.5,0,44,23,9,8,0.89,203,8,0
4742,37,5,7134,0,5.5,0.74,1,2,3,2.5,-0.5,2.5,-0.5,0,47,23,9,8,0.89,149,7,0
4920,42,2,7429,0,5.6,1.55,1,4,4,2.5,1.5,2.5,1.5,1,46,23,9,8,0.89,193,8,0
2045,34,3,3090,0,7.6,0.83,0,3,3,2.5,0.5,2.5,0.5,1,44,23,8,8,1,202,7,0
5134,39,9,7747,0,6.7,1.37,1,2,4,2.5,-0.5,2.5,-0.5,0,43,23,8,8,1,190,7,2
210,26,4,320,0,7.5,0.3,0,2,4,2.5,-0.5,2.5,-0.5,0,46,23,9,9,1,182,9,2
3378,28,6,5078,0,8.9,0.47,1,4,4,2.5,1.5,2.5,1.5,1,45,23,9,9,1,151,9,0
4299,34,2,6414,0,7.6,0.91,1,4,4,2.5,1.5,2.5,1.5,1,44,23,9,9,1,193,9,0
2114,36,9,3210,0,7.5,1.25,0,3,4,2.5,0.5,2.5,0.5,0,43,23,9,9,1,202,9,4
3570,29,9,5391,0,5.7,1.25,1,3,4,2.5,0.5,2.5,0.5,0,46,23,9,9,1,204,9,3
2065,44,2,3123,0,5.1,1.39,0,4,4,2.5,1.5,2.5,1.5,1,44,23,9,9,1,196,9,0
1503,20,4,2263,0,8.5,0.25,1,4,4,2.5,1.5,2.5,1.5,1,46,23,10,10,1,172,10,4
3191,26,6,4806,0,7.5,0.31,1,3,3,2.5,0.5,2.5,0.5,1,44,23,10,10,1,177,10,1
4450,35,4,6629,0,6.9,0.45,1,2,4,2.5,-0.5,2.5,-0.5,0,45,23,10,10,1,198,10,4
4534,35,2,6786,0,6.9,1.28,1,2,4,2.5,-0.5,2.5,-0.5,0,44,23,10,10,1,184,9,0
1062,13,1,1617,1,6,1.15,1,3,3,2.5,0.5,2.5,0.5,1,45,23,10,10,1,193,10,0
3563,28,2,5370,0,8.9,0.91,1,2,3,2.5,-0.5,2.5,-0.5,0,45,23,11,11,1,193,11,2
4239,33,9,6323,0,8.1,1.29,1,4,4,2.5,1.5,2.5,1.5,1,46,23,11,11,1,189,11,0
352,4,4,549,1,8.2,0.32,0,2,3,2.5,-0.5,2.5,-0.5,0,46,23,11,11,1,174,4,0
5358,47,9,8087,0,6.7,2.05,1,4,4,2.5,1.5,2.5,1.5,1,47,24,8,3,0.38,197,3,0
5383,44,8,8121,0,5.1,0.84,0,2,3,2.5,-0.5,2.5,-0.5,0,46,24,8,6,0.75,145,5,0
2956,23,1,4441,0,7.8,1,1,3,3,2.5,0.5,2.5,0.5,1,46,24,8,6,0.75,203,5,4
4127,30,6,6159,0,6.8,0.36,1,2,3,2.5,-0.5,2.5,-0.5,0,46,24,9,7,0.78,176,7,0
1966,36,1,2964,0,7.5,0.75,0,4,5,2.5,1.5,2.5,1.5,0,45,24,9,7,0.78,192,7,0
1343,15,5,2035,1,5.7,0.61,1,2,4,2.5,-0.5,2.5,-0.5,0,,24,9,7,0.78,,7,2
4239,30,4,6322,0,6.8,0.41,1,1,4,2.5,-1.5,2.5,-1.5,0,42,24,7,6,0.86,186,6,1
1370,17,2,2085,0,6.8,0.59,0,3,4,2.5,0.5,2.5,0.5,0,48,24,9,8,0.89,201,5,1
4532,34,9,6781,0,7.6,1.56,1,2,4,2.5,-0.5,2.5,-0.5,0,43,24,9,8,0.89,201,8,1
288,3,3,435,1,5.9,0.2,0,3,3,2.5,0.5,2.5,0.5,1,46,24,10,9,0.9,192,8,0
1117,13,5,1701,1,6,0.7,0,1,4,2.5,-1.5,2.5,-1.5,0,43,24,5,5,1,193,3,0
5465,41,2,8246,0,7,1.76,1,3,4,2.5,0.5,2.5,0.5,0,43,24,6,6,1,187,6,2
5029,39,6,7589,0,6.7,0.43,1,3,3,2.5,0.5,2.5,0.5,1,46,24,7,7,1,197,7,1
5228,42,1,7896,0,5.6,1.58,1,2,4,2.5,-0.5,2.5,-0.5,0,46,24,7,7,1,186,7,1
5228,44,1,7898,0,5.1,1.83,1,4,4,2.5,1.5,2.5,1.5,1,44,24,7,7,1,,0,0
741,7,5,1143,1,5.9,0.52,1,1,4,2.5,-1.5,2.5,-1.5,0,43,24,7,7,1,193,7,1
28,2,4,48,1,6,0.37,0,3,4,2.5,0.5,2.5,0.5,0,43,24,8,8,1,203,8,0
4418,33,6,6572,0,8.1,0.4,1,1,4,2.5,-1.5,2.5,-1.5,0,46,24,9,9,1,186,9,0
2764,46,4,4168,0,6.2,0.51,0,3,4,2.5,0.5,2.5,0.5,0,45,24,9,9,1,193,9,2
2452,39,5,3731,0,6.7,1.05,0,1,4,2.5,-1.5,2.5,-1.5,0,46,24,9,9,1,183,9,1
2114,34,9,3208,0,7.6,1.56,0,1,4,2.5,-1.5,2.5,-1.5,0,43,24,9,9,1,199,9,2
1503,18,4,2261,0,5.8,0.32,1,2,4,2.5,-0.5,2.5,-0.5,0,45,24,10,10,1,182,10,0
2904,23,6,4358,0,7.8,0.38,1,3,4,2.5,0.5,2.5,0.5,0,49,24,10,10,1,181,10,2
5407,44,6,8151,0,5.1,0.38,1,4,4,2.5,1.5,2.5,1.5,1,48,24,10,10,1,176,10,0
3493,28,8,5246,0,8.9,0.43,1,3,5,2.5,0.5,2.5,0.5,0,44,24,10,10,1,200,8,2
2840,20,5,4270,0,8.5,0.48,1,2,3,2.5,-0.5,2.5,-0.5,0,51,24,10,10,1,179,9,1
1925,33,9,2898,0,8.1,1.29,0,2,4,2.5,-0.5,2.5,-0.5,0,47,24,10,10,1,190,10,0
2764,47,4,4169,0,6.7,0.53,0,4,4,2.5,1.5,2.5,1.5,1,45,24,11,11,1,184,10,3
4299,33,2,6413,0,8.1,0.8,1,3,4,2.5,0.5,2.5,0.5,0,48,24,11,11,1,174,11,2
2574,22,6,3916,0,7.4,0.49,0,1,4,2.5,-1.5,2.5,-1.5,0,52,24,12,12,1,186,11,1
3719,44,5,5634,0,5.1,1.92,0,1,4,2.5,-1.5,2.5,-1.5,0,48,25,5,3,0.6,194,3,0
2867,20,4,4301,0,8.5,0.25,0,3,3,2.5,0.5,2.5,0.5,1,47,25,10,8,0.8,195,8,1
2291,37,3,3487,0,5.5,0.87,0,1,4,2.5,-1.5,2.5,-1.5,0,48,25,8,7,0.88,171,6,0
2117,34,9,3215,0,7.6,1.56,0,1,4,2.5,-1.5,2.5,-1.5,0,44,25,8,7,0.88,195,7,0
5310,44,1,8013,0,5.1,1.83,1,3,3,2.5,0.5,2.5,0.5,1,46,25,8,7,0.88,162,4,0
1422,20,4,2155,0,8.5,0.25,1,2,3,2.5,-0.5,2.5,-0.5,0,45,25,9,8,0.89,192,5,0
1398,18,5,2126,0,5.8,0.48,0,4,4,2.5,1.5,2.5,1.5,1,47,25,11,10,0.91,,0,0
5322,44,2,8036,0,5.1,1.39,1,3,3,2.5,0.5,2.5,0.5,1,46,25,6,6,1,190,6,0
1239,13,5,1882,1,6,0.7,1,1,4,2.5,-1.5,2.5,-1.5,0,44,25,6,6,1,187,6,1
2173,36,9,3309,0,7.5,1.25,0,2,3,2.5,-0.5,2.5,-0.5,0,45,25,7,7,1,196,7,0
1884,35,2,2831,0,6.9,1.28,0,3,3,2.5,0.5,2.5,0.5,1,49,25,7,7,1,,0,0
3342,26,6,5027,0,7.5,0.31,0,4,4,2.5,1.5,2.5,1.5,1,50,25,8,8,1,193,8,1
5134,41,9,7749,0,7,1.14,1,4,4,2.5,1.5,2.5,1.5,1,47,25,8,8,1,198,8,1
1898,39,2,2850,0,6.7,1.23,0,4,4,2.5,1.5,2.5,1.5,1,45,25,8,8,1,182,7,0
1075,15,9,1633,1,5.7,0.65,0,3,4,2.5,0.5,2.5,0.5,0,48,25,8,8,1,192,7,0
3696,47,7,5603,0,6.7,0.33,0,3,3,2.5,0.5,2.5,0.5,1,47,25,9,9,1,184,8,0
1599,28,6,2411,0,8.9,0.47,0,2,4,2.5,-0.5,2.5,-0.5,0,45,25,9,9,1,187,9,2
4486,34,6,6698,0,7.6,0.53,1,1,4,2.5,-1.5,2.5,-1.5,0,46,25,9,9,1,189,6,2
1966,33,1,2961,0,8.1,0.68,0,1,5,2.5,-1.5,2.5,-1.5,0,46,25,9,9,1,194,9,1
1343,17,5,2037,0,6.8,0.74,1,4,4,2.5,1.5,2.5,1.5,1,46,25,9,9,1,193,8,3
4593,34,3,6888,0,7.6,0.83,1,1,4,2.5,-1.5,2.5,-1.5,0,46,25,9,9,1,204,9,0
5471,41,4,8259,0,7,0.28,1,3,3,2.5,0.5,2.5,0.5,1,48,25,10,10,1,192,10,0
5082,39,4,7668,0,6.7,0.48,1,2,4,2.5,-0.5,2.5,-0.5,0,48,25,10,10,1,185,10,1
2209,34,8,3364,0,7.6,0.51,0,3,3,2.5,0.5,2.5,0.5,1,47,25,10,10,1,193,10,3
2778,46,4,4194,0,6.2,0.51,0,3,3,2.5,0.5,2.5,0.5,1,47,25,10,10,1,185,10,0
2158,36,6,3284,0,7.5,0.65,0,2,3,2.5,-0.5,2.5,-0.5,0,46,25,10,10,1,181,10,0
4706,35,8,7071,0,6.9,0.73,1,1,4,2.5,-1.5,2.5,-1.5,0,46,25,10,10,1,176,10,1
2454,41,5,3738,0,7,1.09,0,2,4,2.5,-0.5,2.5,-0.5,0,49,25,10,10,1,206,7,2
1912,39,2,2875,0,6.7,1.23,0,1,4,2.5,-1.5,2.5,-1.5,0,50,25,10,10,1,166,9,0
2805,20,4,4224,0,8.5,0.25,0,3,3,2.5,0.5,2.5,0.5,1,51,25,11,11,1,189,11,1
3040,23,4,4586,0,7.8,0.4,1,3,3,2.5,0.5,2.5,0.5,1,52,25,11,11,1,202,11,2
2814,20,5,4236,0,8.5,0.48,0,3,4,2.5,0.5,2.5,0.5,0,53,25,11,11,1,188,11,0
727,9,1,1123,1,4.9,0.86,0,3,5,2.5,0.5,2.5,0.5,0,49,25,11,11,1,179,8,3
42,1,1,70,1,6.6,0.9,0,2,3,2.5,-0.5,2.5,-0.5,0,47,26,9,3,0.33,,0,0
2117,37,9,3218,0,5.5,1.94,0,4,4,2.5,1.5,2.5,1.5,1,50,26,9,6,0.67,,0,0
4407,44,1,6556,0,5.1,1.83,1,3,3,2.5,0.5,2.5,0.5,1,45,26,5,4,0.8,,0,0
4706,37,8,7073,0,5.5,0.58,1,3,4,2.5,0.5,2.5,0.5,0,48,26,10,8,0.8,179,7,0
5299,44,4,7994,0,5.1,0.41,1,3,4,2.5,0.5,2.5,0.5,0,47,26,7,6,0.86,204,6,0
5134,40,9,7748,0,5.5,1.14,1,3,4,2.5,0.5,2.5,0.5,0,44,26,7,6,0.86,183,6,0
4700,37,7,7060,0,5.5,0.37,1,3,3,2.5,0.5,2.5,0.5,1,48,26,8,7,0.88,181,7,3
3752,47,4,5678,0,6.7,0.53,0,3,3,2.5,0.5,2.5,0.5,1,46,26,8,7,0.88,182,7,1
4495,37,1,6718,0,5.5,1.32,1,4,4,2.5,1.5,2.5,1.5,1,49,26,8,7,0.88,184,6,0
4486,35,6,6699,0,6.9,0.7,1,2,4,2.5,-0.5,2.5,-0.5,0,46,26,9,8,0.89,189,8,2
1925,32,9,2897,0,6.8,0.91,0,1,4,2.5,-1.5,2.5,-1.5,0,49,26,9,8,0.89,194,8,1
4750,36,2,7148,0,7.5,1.18,1,1,4,2.5,-1.5,2.5,-1.5,0,45,26,9,8,0.89,190,8,0
587,6,2,911,1,6.7,1.39,0,3,3,2.5,0.5,2.5,0.5,1,47,26,9,8,0.89,185,7,0
3512,28,6,5279,0,8.9,0.47,1,1,4,2.5,-1.5,2.5,-1.5,0,48,26,10,9,0.9,186,8,4
2447,39,5,3725,0,6.7,1.05,0,3,3,2.5,0.5,2.5,0.5,1,43,26,6,6,1,181,6,0
3657,31,4,5540,0,7.7,0.38,1,3,3,2.5,0.5,2.5,0.5,1,42,26,7,7,1,193,7,0
2740,44,9,4130,0,5.1,1.63,0,3,3,2.5,0.5,2.5,0.5,1,45,26,7,7,1,188,7,0
719,9,8,1109,1,4.9,0.41,0,3,4,2.5,0.5,2.5,0.5,0,45,26,7,7,1,,3,0
832,9,2,1273,1,4.9,0.64,1,1,4,2.5,-1.5,2.5,-1.5,0,,26,7,7,1,,7,1
5293,45,6,7984,0,7.4,0.36,1,4,4,2.5,1.5,2.5,1.5,1,47,26,8,8,1,176,8,0
4658,36,6,6996,0,7.5,0.65,1,2,4,2.5,-0.5,2.5,-0.5,0,45,26,8,8,1,174,8,1
4800,37,4,7223,0,5.5,0.73,1,3,4,2.5,0.5,2.5,0.5,0,49,26,8,8,1,199,8,2
260,4,6,397,1,8.2,0.37,1,3,3,2.5,0.5,2.5,0.5,1,50,26,8,8,1,202,8,0
2498,41,4,3805,0,7,0.28,0,3,4,2.5,0.5,2.5,0.5,0,47,26,9,9,1,197,9,3
4416,34,4,6568,0,7.6,0.44,1,2,4,2.5,-0.5,2.5,-0.5,0,48,26,9,9,1,181,9,1
3598,29,9,5441,0,5.7,1.25,1,3,4,2.5,0.5,2.5,0.5,0,48,26,9,9,1,199,9,1
610,6,5,944,1,6.7,0.48,0,2,3,2.5,-0.5,2.5,-0.5,0,47,26,9,9,1,190,9,0
1025,11,5,1556,1,7,0.57,0,3,3,2.5,0.5,2.5,0.5,1,47,26,9,9,1,,0,0
388,4,9,604,1,8.2,0.61,0,2,3,2.5,-0.5,2.5,-0.5,0,48,26,9,9,1,210,8,0
388,5,9,605,1,5.6,0.91,0,3,3,2.5,0.5,2.5,0.5,1,46,26,9,9,1,207,9,1
1197,14,1,1824,1,7,1.18,0,3,3,2.5,0.5,2.5,0.5,1,,26,9,9,1,,9,1
3921,46,4,5911,0,6.2,0.51,1,3,3,2.5,0.5,2.5,0.5,1,49,26,10,10,1,187,10,2
3032,21,1,4567,0,8.6,0.93,1,1,4,2.5,-1.5,2.5,-1.5,0,50,26,10,10,1,200,10,2
353,4,4,552,1,8.2,0.32,0,3,3,2.5,0.5,2.5,0.5,1,47,26,10,10,1,176,10,0
727,10,1,1124,1,5.4,1.25,0,4,5,2.5,1.5,2.5,1.5,0,,26,10,10,1,,10,2
2574,23,6,3917,0,7.8,0.38,0,2,4,2.5,-0.5,2.5,-0.5,0,49,26,11,11,1,191,10,4
2608,23,4,3965,0,7.8,0.4,0,2,4,2.5,-0.5,2.5,-0.5,0,51,26,11,11,1,193,11,1
4750,39,2,7151,0,6.7,1.23,1,4,4,2.5,1.5,2.5,1.5,1,48,26,11,11,1,179,10,1
4218,32,1,6294,0,6.8,0.54,1,2,4,2.5,-0.5,2.5,-0.5,0,49,27,8,4,0.5,188,4,0
2956,22,1,4440,0,7.4,1.36,1,2,3,2.5,-0.5,2.5,-0.5,0,50,27,8,4,0.5,203,4,0
2452,42,5,3734,0,5.6,1.75,0,4,4,2.5,1.5,2.5,1.5,1,50,27,9,6,0.67,201,6,0
3039,23,9,4584,0,7.8,0.72,1,3,3,2.5,0.5,2.5,0.5,1,50,27,11,8,0.73,201,8,2
2524,18,6,3839,0,5.8,0.34,0,2,3,2.5,-0.5,2.5,-0.5,0,,27,9,7,0.78,,5,0
1389,18,5,2112,0,5.8,0.48,1,3,5,2.5,0.5,2.5,0.5,0,46,27,7,6,0.86,197,5,0
334,4,9,512,1,8.2,0.61,1,2,4,2.5,-0.5,2.5,-0.5,0,53,27,14,12,0.86,197,11,1
5035,39,6,7596,0,6.7,0.43,1,3,3,2.5,0.5,2.5,0.5,1,48,27,8,7,0.88,185,7,0
5428,41,4,8184,0,7,0.28,1,2,4,2.5,-0.5,2.5,-0.5,0,48,27,9,8,0.89,194,8,1
3931,46,1,5923,0,6.2,1.04,1,2,3,2.5,-0.5,2.5,-0.5,0,49,27,9,8,0.89,155,8,0
2040,35,9,3077,0,6.9,1.75,0,3,4,2.5,0.5,2.5,0.5,0,46,27,9,8,0.89,199,8,0
1239,16,5,1885,1,5.7,0.66,1,4,4,2.5,1.5,2.5,1.5,1,47,27,9,8,0.89,196,7,1
2207,35,8,3359,0,6.9,0.73,0,3,4,2.5,0.5,2.5,0.5,0,45,27,4,4,1,185,4,0
2101,35,9,3187,0,6.9,1.75,0,3,3,2.5,0.5,2.5,0.5,1,45,27,6,6,1,195,6,1
832,12,2,1274,1,5.4,0.69,1,4,4,2.5,1.5,2.5,1.5,1,45,27,6,6,1,,6,0
1239,14,5,1883,1,7,0.74,1,2,4,2.5,-0.5,2.5,-0.5,0,49,27,6,6,1,192,6,0
2361,40,4,3600,0,5.5,0.38,0,2,4,2.5,-0.5,2.5,-0.5,0,45,27,7,7,1,195,7,1
1898,36,2,2847,0,7.5,1.18,0,1,4,2.5,-1.5,2.5,-1.5,0,46,27,7,7,1,183,7,1
1112,15,1,1694,1,5.7,0.61,0,3,4,2.5,0.5,2.5,0.5,0,,27,7,7,1,,7,0
2361,41,4,3601,0,7,0.28,0,3,4,2.5,0.5,2.5,0.5,0,47,27,8,8,1,196,8,0
4291,32,2,6396,0,6.8,0.85,1,2,3,2.5,-0.5,2.5,-0.5,0,48,27,8,8,1,190,8,1
4693,35,5,7046,0,6.9,1.01,1,1,4,2.5,-1.5,2.5,-1.5,0,45,27,8,8,1,200,8,2
1966,35,1,2963,0,6.9,1.25,0,3,5,2.5,0.5,2.5,0.5,0,46,27,8,8,1,189,8,0
2117,35,9,3216,0,6.9,1.75,0,2,4,2.5,-0.5,2.5,-0.5,0,46,27,8,8,1,188,8,0
684,8,9,1053,1,4.5,0.46,0,3,3,2.5,0.5,2.5,0.5,1,48,27,8,8,1,,0,0
781,8,9,1199,1,4.5,0.46,1,2,3,2.5,-0.5,2.5,-0.5,0,46,27,8,8,1,181,6,0
1075,16,9,1634,1,5.7,0.68,0,4,4,2.5,1.5,2.5,1.5,1,49,27,8,8,1,184,6,0
1503,19,4,2262,0,8.1,0.27,1,3,4,2.5,0.5,2.5,0.5,0,47,27,9,9,1,170,9,0
3512,30,6,5281,0,6.8,0.36,1,3,4,2.5,0.5,2.5,0.5,0,47,27,9,9,1,184,8,3
3752,46,4,5677,0,6.2,0.51,0,2,3,2.5,-0.5,2.5,-0.5,0,47,27,9,9,1,183,9,1
1965,36,1,2958,0,7.5,0.75,0,2,4,2.5,-0.5,2.5,-0.5,0,45,27,9,9,1,179,9,1
1865,31,1,2807,0,7.7,1.11,0,2,3,2.5,-0.5,2.5,-0.5,0,46,27,9,9,1,168,6,0
584,8,4,906,1,4.5,0.17,0,4,5,2.5,1.5,2.5,1.5,0,48,27,9,9,1,183,7,1
5082,41,4,7670,0,7,0.28,1,4,4,2.5,1.5,2.5,1.5,1,50,27,10,10,1,183,10,3
3032,23,1,4569,0,7.8,1,1,3,4,2.5,0.5,2.5,0.5,0,50,27,10,10,1,203,10,4
1191,14,4,1810,1,7,0.22,0,3,3,2.5,0.5,2.5,0.5,1,50,27,10,10,1,201,9,1
2805,19,4,4223,0,8.1,0.27,0,2,3,2.5,-0.5,2.5,-0.5,0,48,27,11,11,1,183,10,0
2958,21,4,4444,0,8.6,0.32,1,1,4,2.5,-1.5,2.5,-1.5,0,50,27,11,11,1,195,9,3
2093,35,4,3169,0,6.9,0.45,0,2,4,2.5,-0.5,2.5,-0.5,0,52,27,11,11,1,190,11,1
3349,23,8,5037,0,7.8,0.49,0,2,3,2.5,-0.5,2.5,-0.5,0,51,27,11,11,1,175,11,0
4596,34,6,6898,0,7.6,0.53,1,1,4,2.5,-1.5,2.5,-1.5,0,51,27,11,11,1,196,11,1
2608,24,4,3966,0,7.3,0.65,0,3,4,2.5,0.5,2.5,0.5,0,50,27,11,11,1,196,11,4
4534,37,2,6788,0,5.5,1.39,1,4,4,2.5,1.5,2.5,1.5,1,51,28,10,6,0.6,,0,0
1096,15,1,1669,1,5.7,0.61,1,3,4,2.5,0.5,2.5,0.5,0,,28,10,6,0.6,,4,0
4486,37,6,6701,0,5.5,0.71,1,4,4,2.5,1.5,2.5,1.5,1,52,28,7,5,0.71,199,5,0
4299,32,2,6412,0,6.8,0.85,1,2,4,2.5,-0.5,2.5,-0.5,0,54,28,8,6,0.75,188,5,1
4750,37,2,7149,0,5.5,1.39,1,2,4,2.5,-0.5,2.5,-0.5,0,49,28,9,7,0.78,172,5,1
1262,29,5,1915,0,5.7,1.27,0,2,3,2.5,-0.5,2.5,-0.5,0,52,28,10,8,0.8,171,8,0
488,6,1,762,1,6.7,1.4,1,2,3,2.5,-0.5,2.5,-0.5,0,48,28,10,8,0.8,200,7,1
584,7,4,905,1,5.9,0.22,0,3,5,2.5,0.5,2.5,0.5,0,50,28,6,5,0.83,183,5,1
1677,29,4,2541,0,5.7,0.48,0,3,3,2.5,0.5,2.5,0.5,1,49,28,7,6,0.86,185,6,2
4495,35,1,6716,0,6.9,1.25,1,2,4,2.5,-0.5,2.5,-0.5,0,47,28,7,6,0.86,207,6,2
3808,46,6,5747,0,6.2,0.75,0,2,3,2.5,-0.5,2.5,-0.5,0,50,28,9,8,0.89,187,8,0
2939,23,2,4414,0,7.8,1.01,0,3,3,2.5,0.5,2.5,0.5,1,50,28,9,8,0.89,199,7,2
4584,35,2,6872,0,6.9,1.28,1,1,4,2.5,-1.5,2.5,-1.5,0,48,28,9,8,0.89,,0,0
2524,19,6,3840,0,8.1,0.33,0,3,3,2.5,0.5,2.5,0.5,1,51,28,10,9,0.9,191,8,1
352,5,4,550,1,5.6,0.28,0,3,3,2.5,0.5,2.5,0.5,1,52,28,6,6,1,191,1,0
2361,39,4,3599,0,6.7,0.48,0,1,4,2.5,-1.5,2.5,-1.5,0,46,28,7,7,1,196,7,1
2040,33,9,3075,0,8.1,1.29,0,1,4,2.5,-1.5,2.5,-1.5,0,47,28,7,7,1,193,7,0
2498,40,4,3804,0,5.5,0.38,0,2,4,2.5,-0.5,2.5,-0.5,0,47,28,8,8,1,172,8,0
4658,35,1,6995,0,6.9,1.25,1,1,4,2.5,-1.5,2.5,-1.5,0,47,28,8,8,1,,0,0
587,5,2,910,1,5.6,1.76,0,2,3,2.5,-0.5,2.5,-0.5,0,49,28,8,8,1,198,8,0
515,9,1,808,1,4.9,0.86,0,2,4,2.5,-0.5,2.5,-0.5,0,,28,9,9,1,,2,1
145,8,1,216,1,4.5,1.11,0,3,3,2.5,0.5,2.5,0.5,1,50,28,9,9,1,,0,0
4416,33,4,6567,0,8.1,0.27,1,1,4,2.5,-1.5,2.5,-1.5,0,49,28,10,10,1,185,10,2
5042,39,3,7606,0,6.7,0.57,1,3,3,2.5,0.5,2.5,0.5,1,48,28,10,10,1,176,10,0
2514,19,6,3825,0,8.1,0.33,0,2,3,2.5,-0.5,2.5,-0.5,0,52,28,12,12,1,173,9,2
5228,41,1,7895,0,7,0.79,1,1,4,2.5,-1.5,2.5,-1.5,0,48,29,6,5,0.83,192,5,0
4359,44,8,6490,0,5.1,0.84,1,3,3,2.5,0.5,2.5,0.5,1,50,29,7,6,0.86,165,6,0
3931,47,1,5924,0,6.7,1.22,1,3,3,2.5,0.5,2.5,0.5,1,49,29,8,7,0.88,184,6,2
1925,35,9,2900,0,6.9,1.75,0,4,4,2.5,1.5,2.5,1.5,1,48,29,8,7,0.88,184,7,1
2178,36,3,3315,0,7.5,0.73,0,2,3,2.5,-0.5,2.5,-0.5,0,47,29,9,8,0.89,197,7,2
1653,26,1,2501,0,7.5,0.97,0,1,4,2.5,-1.5,2.5,-1.5,0,51,29,9,8,0.89,204,7,1
1311,16,1,1993,1,5.7,1.15,0,3,4,2.5,0.5,2.5,0.5,0,51,29,9,8,0.89,190,8,0
115,24,5,169,0,7.3,0.22,0,2,3,2.5,-0.5,2.5,-0.5,0,51,29,10,9,0.9,198,7,0
4596,37,8,6901,0,5.5,0.58,1,4,4,2.5,1.5,2.5,1.5,1,57,29,11,10,0.91,201,8,1
294,4,1,447,1,8.2,1.32,0,3,3,2.5,0.5,2.5,0.5,1,51,29,11,10,0.91,207,10,3
313,4,4,475,1,8.2,0.32,1,2,3,2.5,-0.5,2.5,-0.5,0,49,29,7,7,1,205,6,1
1220,13,2,1855,1,6,0.53,0,2,3,2.5,-0.5,2.5,-0.5,0,47,29,7,7,1,196,7,0
2156,37,4,3281,0,5.5,0.73,0,3,5,2.5,0.5,2.5,0.5,0,56,29,8,8,1,187,8,2
2207,33,8,3357,0,8.1,0.41,0,1,4,2.5,-1.5,2.5,-1.5,0,50,29,9,9,1,184,9,2
2114,35,9,3209,0,6.9,1.75,0,2,4,2.5,-0.5,2.5,-0.5,0,47,29,9,9,1,207,9,0
4532,35,9,6782,0,6.9,1.75,1,3,4,2.5,0.5,2.5,0.5,0,48,29,9,9,1,171,7,0
1343,16,5,2036,1,5.7,0.66,1,3,4,2.5,0.5,2.5,0.5,0,51,29,9,9,1,197,7,0
1075,14,9,1632,1,7,1.06,0,2,4,2.5,-0.5,2.5,-0.5,0,52,29,9,9,1,195,4,2
1122,16,2,1712,1,5.7,1.34,0,3,3,2.5,0.5,2.5,0.5,1,50,29,9,9,1,192,7,1
4532,33,9,6780,0,8.1,1.29,1,1,4,2.5,-1.5,2.5,-1.5,0,49,29,10,10,1,187,10,2
1096,13,1,1667,1,6,1.15,1,1,4,2.5,-1.5,2.5,-1.5,0,48,29,10,10,1,189,9,1
2514,20,6,3826,0,8.5,0.36,0,3,3,2.5,0.5,2.5,0.5,1,55,29,12,12,1,183,12,1
3344,23,6,5031,0,7.8,0.38,0,2,3,2.5,-0.5,2.5,-0.5,0,54,29,13,13,1,178,11,0
2168,37,4,3301,0,5.5,0.73,0,3,3,2.5,0.5,2.5,0.5,1,51,30,8,1,0.13,,0,0
4539,33,4,6794,0,8.1,0.27,1,2,3,2.5,-0.5,2.5,-0.5,0,59,30,10,3,0.3,192,3,1
28,1,4,47,1,6.6,0.12,0,2,4,2.5,-0.5,2.5,-0.5,0,49,30,7,4,0.57,199,2,1
1035,14,1,1572,1,7,1.18,0,3,4,2.5,0.5,2.5,0.5,0,53,30,7,5,0.71,199,5,0
781,9,9,1200,1,4.9,0.42,1,3,3,2.5,0.5,2.5,0.5,1,51,30,8,6,0.75,189,4,0
444,6,6,685,1,6.7,0.46,1,2,3,2.5,-0.5,2.5,-0.5,0,49,30,10,8,0.8,,0,0
934,10,8,1435,1,5.4,0.49,1,1,6,2.5,-1.5,2.5,-1.5,0,50,30,6,5,0.83,,0,0
254,4,1,384,1,8.2,1.32,1,3,4,2.5,0.5,2.5,0.5,0,53,30,8,7,0.88,182,7,2
3190,25,9,4802,0,6.5,1.33,1,2,3,2.5,-0.5,2.5,-0.5,0,51,30,9,8,0.89,192,8,2
483,6,1,747,1,6.7,1.4,1,2,3,2.5,-0.5,2.5,-0.5,0,50,30,9,8,0.89,200,8,1
1311,17,8,1994,0,6.8,0.15,0,4,4,2.5,1.5,2.5,1.5,1,50,30,10,9,0.9,202,9,3
2065,41,2,3120,0,7,1.76,0,1,4,2.5,-1.5,2.5,-1.5,0,47,30,4,4,1,,0,0
1699,28,9,2576,0,8.9,1.1,0,3,3,2.5,0.5,2.5,0.5,1,47,30,7,7,1,190,7,1
4840,37,9,7294,0,5.5,1.94,1,2,3,2.5,-0.5,2.5,-0.5,0,51,30,7,7,1,191,7,1
1112,14,1,1693,1,7,1.18,0,2,4,2.5,-0.5,2.5,-0.5,0,56,30,7,7,1,198,5,0
2581,23,8,3931,0,7.8,0.49,0,2,4,2.5,-0.5,2.5,-0.5,0,50,30,8,8,1,188,8,3
4418,35,6,6574,0,6.9,0.7,1,3,4,2.5,0.5,2.5,0.5,0,50,30,8,8,1,157,0,0
313,5,4,476,1,5.6,0.28,1,3,3,2.5,0.5,2.5,0.5,1,50,30,8,8,1,195,8,3
1386,16,5,2104,1,5.7,0.66,0,2,3,2.5,-0.5,2.5,-0.5,0,51,30,8,8,1,196,8,1
1220,14,2,1856,1,7,0.75,0,3,3,2.5,0.5,2.5,0.5,1,,30,8,8,1,,8,2
3378,26,6,5076,0,7.5,0.31,1,2,4,2.5,-0.5,2.5,-0.5,0,54,30,9,9,1,190,9,1
5428,40,4,8183,0,5.5,0.38,1,1,4,2.5,-1.5,2.5,-1.5,0,48,30,9,9,1,175,9,0
1343,14,5,2034,1,7,0.74,1,1,4,2.5,-1.5,2.5,-1.5,0,52,30,9,9,1,200,8,0
2958,23,8,4446,0,7.8,0.49,1,3,4,2.5,0.5,2.5,0.5,0,52,30,10,10,1,188,10,3
4596,35,6,6899,0,6.9,0.7,1,2,4,2.5,-0.5,2.5,-0.5,0,52,30,10,10,1,186,10,0
4693,37,5,7048,0,5.5,0.74,1,3,4,2.5,0.5,2.5,0.5,0,51,30,10,10,1,169,9,1
3344,24,6,5032,0,7.3,0.78,0,3,3,2.5,0.5,2.5,0.5,1,52,30,10,10,1,197,9,1
1122,15,2,1711,1,5.7,1.01,0,2,3,2.5,-0.5,2.5,-0.5,0,,31,9,1,0.11,,1,0
1096,16,1,1670,1,5.7,1.15,1,4,4,2.5,1.5,2.5,1.5,1,53,31,7,3,0.43,197,2,0
1112,13,1,1692,1,6,1.15,0,1,4,2.5,-1.5,2.5,-1.5,0,52,31,9,6,0.67,206,6,1
4593,37,3,6891,0,5.5,0.87,1,4,4,2.5,1.5,2.5,1.5,1,60,31,11,9,0.82,194,9,1
5465,42,2,8247,0,5.6,1.55,1,4,4,2.5,1.5,2.5,1.5,1,51,31,6,5,0.83,184,5,0
4459,37,4,6649,0,5.5,0.73,1,4,4,2.5,1.5,2.5,1.5,1,53,31,7,6,0.86,189,6,1
254,5,1,385,1,5.6,1.54,1,4,4,2.5,1.5,2.5,1.5,1,51,31,7,6,0.86,185,6,0
5465,39,2,8244,0,6.7,1.23,1,1,4,2.5,-1.5,2.5,-1.5,0,50,31,8,7,0.88,182,6,0
1196,14,1,1821,1,7,1.18,0,3,3,2.5,0.5,2.5,0.5,1,53,31,12,11,0.92,194,11,0
3342,24,6,5025,0,7.3,0.78,0,2,4,2.5,-0.5,2.5,-0.5,0,50,31,6,6,1,189,5,0
1370,16,2,2084,1,5.7,1.34,0,2,4,2.5,-0.5,2.5,-0.5,0,50,31,6,6,1,182,6,0
2158,37,6,3285,0,5.5,0.71,0,3,3,2.5,0.5,2.5,0.5,1,63,31,7,7,1,200,6,0
4770,37,5,7176,0,5.5,0.74,1,1,4,2.5,-1.5,2.5,-1.5,0,51,31,7,7,1,179,7,1
1389,16,5,2110,1,5.7,0.66,1,1,5,2.5,-1.5,2.5,-1.5,0,52,31,7,7,1,209,7,0
1117,14,1,1702,1,7,1.18,0,2,4,2.5,-0.5,2.5,-0.5,0,52,31,7,7,1,198,6,0
5019,39,9,7574,0,6.7,1.37,1,2,3,2.5,-0.5,2.5,-0.5,0,53,31,8,8,1,193,6,1
2452,40,5,3732,0,5.5,1.57,0,2,4,2.5,-0.5,2.5,-0.5,0,49,31,8,8,1,166,1,0
353,3,4,551,1,5.9,0.3,0,2,3,2.5,-0.5,2.5,-0.5,0,51,31,8,8,1,,0,0
934,12,8,1437,1,5.4,0.32,1,3,6,2.5,0.5,2.5,0.5,0,,31,8,8,1,,8,0
988,14,9,1512,1,7,1.06,1,3,3,2.5,0.5,2.5,0.5,1,55,31,8,8,1,187,8,0
1112,16,1,1695,1,5.7,1.15,0,4,4,2.5,1.5,2.5,1.5,1,52,31,8,8,1,186,8,1
1096,14,1,1668,1,7,1.18,1,2,4,2.5,-0.5,2.5,-0.5,0,56,31,8,8,1,193,7,1
483,7,1,748,1,5.9,1.5,1,3,3,2.5,0.5,2.5,0.5,1,51,31,8,8,1,212,8,0
2958,24,8,4447,0,7.3,0.84,1,4,4,2.5,1.5,2.5,1.5,1,52,31,9,9,1,171,9,0
362,4,4,563,1,8.2,0.32,0,3,3,2.5,0.5,2.5,0.5,1,52,31,9,9,1,196,9,0
294,3,1,446,1,5.9,1.4,0,2,3,2.5,-0.5,2.5,-0.5,0,50,31,9,9,1,181,7,1
1576,30,6,2365,0,6.8,0.36,0,3,3,2.5,0.5,2.5,0.5,1,50,31,10,10,1,,0,0
1311,15,8,1992,1,5.7,0.21,0,2,4,2.5,-0.5,2.5,-0.5,0,,31,10,10,1,,9,3
1116,14,8,1700,1,7,0.3,0,3,3,2.5,0.5,2.5,0.5,1,56,31,10,10,1,171,10,0
1965,37,1,2959,0,5.5,1.32,0,3,4,2.5,0.5,2.5,0.5,0,51,32,6,3,0.5,186,3,0
3301,25,4,4971,0,6.5,0.39,1,2,3,2.5,-0.5,2.5,-0.5,0,55,32,8,6,0.75,194,6,1
3542,30,4,5334,0,6.8,0.41,1,4,4,2.5,1.5,2.5,1.5,1,50,32,8,7,0.88,167,5,0
3321,23,2,4996,0,7.8,1.01,0,2,3,2.5,-0.5,2.5,-0.5,0,52,32,8,7,0.88,175,7,0
1398,15,2,2125,1,5.7,1.01,0,1,4,2.5,-1.5,2.5,-1.5,0,53,32,9,8,0.89,200,8,2
3349,24,8,5038,0,7.3,0.84,0,3,3,2.5,0.5,2.5,0.5,1,55,32,10,9,0.9,183,9,1
1350,16,1,2052,1,5.7,1.15,1,3,3,2.5,0.5,2.5,0.5,1,50,32,5,5,1,,0,0
1389,17,5,2111,0,6.8,0.74,1,2,5,2.5,-0.5,2.5,-0.5,0,52,32,7,7,1,191,6,1
2065,42,2,3121,0,5.6,1.55,0,2,4,2.5,-0.5,2.5,-0.5,0,52,32,7,7,1,187,7,0
1025,10,5,1555,1,5.4,0.57,0,2,3,2.5,-0.5,2.5,-0.5,0,,32,7,7,1,,5,1
3365,25,6,5059,0,6.5,0.36,0,3,3,2.5,0.5,2.5,0.5,1,52,32,8,8,1,186,7,1
3342,23,6,5024,0,7.8,0.38,0,1,4,2.5,-1.5,2.5,-1.5,0,53,32,8,8,1,192,8,2
4658,37,6,6997,0,5.5,0.71,1,3,4,2.5,0.5,2.5,0.5,0,54,32,8,8,1,193,8,2
1116,13,8,1699,1,6,0.32,0,2,3,2.5,-0.5,2.5,-0.5,0,53,32,8,8,1,194,8,0
2867,19,4,4300,0,8.1,0.27,0,2,3,2.5,-0.5,2.5,-0.5,0,52,32,9,9,1,183,9,1
3431,25,6,5152,0,6.5,0.36,1,1,4,2.5,-1.5,2.5,-1.5,0,57,32,9,9,1,188,9,0
1297,14,9,1967,1,7,1.06,0,2,3,2.5,-0.5,2.5,-0.5,0,54,32,9,9,1,195,9,0
1062,12,1,1616,1,5.4,1.58,1,2,3,2.5,-0.5,2.5,-0.5,0,51,32,9,9,1,195,9,3
5407,41,6,8150,0,7,0.37,1,1,4,2.5,-1.5,2.5,-1.5,0,52,32,10,10,1,184,10,1
727,8,1,1122,1,4.5,1.11,0,2,5,2.5,-0.5,2.5,-0.5,0,,32,10,10,1,,9,0
722,8,1,1115,1,4.5,1.11,0,2,3,2.5,-0.5,2.5,-0.5,0,,32,11,11,1,,0,0
488,7,1,763,1,5.9,1.5,1,3,3,2.5,0.5,2.5,0.5,1,53,33,9,6,0.67,192,6,0
3512,29,6,5280,0,5.7,0.47,1,2,4,2.5,-0.5,2.5,-0.5,0,56,33,8,6,0.75,183,6,0
1386,17,5,2105,0,6.8,0.74,0,3,3,2.5,0.5,2.5,0.5,1,53,33,9,7,0.78,187,6,1
1311,14,8,1991,1,7,0.3,0,1,4,2.5,-1.5,2.5,-1.5,0,56,33,10,8,0.8,195,8,0
988,13,4,1511,1,6,0.18,1,2,3,2.5,-0.5,2.5,-0.5,0,52,33,6,5,0.83,193,4,1
1117,16,1,1704,1,5.7,1.15,0,4,4,2.5,1.5,2.5,1.5,1,52,33,7,6,0.86,196,6,0
4694,37,4,7051,0,5.5,0.73,1,3,5,2.5,0.5,2.5,0.5,0,58,33,8,7,0.88,190,7,2
4593,35,3,6889,0,6.9,0.6,1,2,4,2.5,-0.5,2.5,-0.5,0,53,33,9,8,0.89,196,8,0
897,10,9,1383,1,5.4,0.53,0,2,3,2.5,-0.5,2.5,-0.5,0,54,33,9,8,0.89,185,5,0
2156,35,4,3279,0,6.9,0.45,0,1,5,2.5,-1.5,2.5,-1.5,0,54,33,10,9,0.9,189,9,1
3279,23,1,4938,0,7.8,1,0,2,3,2.5,-0.5,2.5,-0.5,0,55,33,6,6,1,185,6,2
719,8,8,1108,1,4.5,0.34,0,2,4,2.5,-0.5,2.5,-0.5,0,53,33,6,6,1,195,3,0
4687,35,4,7037,0,6.9,0.45,1,1,4,2.5,-1.5,2.5,-1.5,0,52,33,8,8,1,187,8,0
4199,29,4,6267,0,5.7,0.48,1,1,4,2.5,-1.5,2.5,-1.5,0,53,33,8,8,1,196,8,2
2581,24,8,3932,0,7.3,0.84,0,3,4,2.5,0.5,2.5,0.5,0,53,33,8,8,1,181,6,0
3321,24,2,4997,0,7.3,1.55,0,3,3,2.5,0.5,2.5,0.5,1,55,33,8,8,1,191,8,1
2173,37,9,3310,0,5.5,1.94,0,3,3,2.5,0.5,2.5,0.5,1,55,33,8,8,1,192,8,0
2608,22,4,3964,0,7.4,0.42,0,1,4,2.5,-1.5,2.5,-1.5,0,56,33,9,9,1,190,7,0
4416,35,4,6569,0,6.9,0.45,1,3,4,2.5,0.5,2.5,0.5,0,53,33,9,9,1,189,9,0
2309,26,1,3514,0,7.5,0.97,0,1,4,2.5,-1.5,2.5,-1.5,0,54,33,9,9,1,177,9,0
2574,25,6,3919,0,6.5,0.36,0,4,4,2.5,1.5,2.5,1.5,1,56,33,11,11,1,171,6,0
897,11,9,1384,1,7,0.19,0,3,3,2.5,0.5,2.5,0.5,1,56,33,11,11,1,,11,2
334,5,9,513,1,5.6,0.91,1,3,4,2.5,0.5,2.5,0.5,0,55,33,12,12,1,182,10,0
1262,30,5,1916,0,6.8,1.01,0,3,3,2.5,0.5,2.5,0.5,1,56,34,8,4,0.5,,0,0
260,3,6,396,1,5.9,0.36,1,2,3,2.5,-0.5,2.5,-0.5,0,74,34,9,5,0.56,203,5,0
2114,37,9,3211,0,5.5,1.94,0,4,4,2.5,1.5,2.5,1.5,1,56,34,9,6,0.67,208,6,0
3657,30,4,5539,0,6.8,0.41,1,2,3,2.5,-0.5,2.5,-0.5,0,51,34,8,6,0.75,189,6,0
3570,30,9,5392,0,6.8,1.22,1,4,4,2.5,1.5,2.5,1.5,1,53,34,9,8,0.89,144,6,0
575,7,4,891,1,5.9,0.22,0,3,3,2.5,0.5,2.5,0.5,1,56,34,10,9,0.9,,0,0
4800,35,4,7221,0,6.9,0.45,1,1,4,2.5,-1.5,2.5,-1.5,0,55,34,6,6,1,200,6,0
4418,36,6,6575,0,7.5,0.65,1,4,4,2.5,1.5,2.5,1.5,1,50,34,6,6,1,177,6,0
1389,19,5,2113,0,8.1,0.48,1,4,5,2.5,1.5,2.5,1.5,0,51,34,7,7,1,198,7,0
4584,37,2,6874,0,5.5,1.39,1,3,4,2.5,0.5,2.5,0.5,0,56,34,7,7,1,180,7,1
3032,24,1,4570,0,7.3,1.47,1,4,4,2.5,1.5,2.5,1.5,1,54,34,7,7,1,196,7,1
719,10,8,1110,1,5.4,0.49,0,4,4,2.5,1.5,2.5,1.5,1,53,34,7,7,1,191,4,0
254,3,1,383,1,5.9,1.4,1,2,4,2.5,-0.5,2.5,-0.5,0,53,34,7,7,1,164,7,0
1549,27,4,2324,0,7.3,0.32,0,3,3,2.5,0.5,2.5,0.5,1,56,34,8,8,1,,0,0
1965,35,1,2957,0,6.9,1.25,0,1,4,2.5,-1.5,2.5,-1.5,0,52,34,8,8,1,186,7,1
362,3,4,562,1,5.9,0.3,0,2,3,2.5,-0.5,2.5,-0.5,0,55,34,9,9,1,200,6,0
968,14,8,1481,1,7,0.3,1,4,5,2.5,1.5,2.5,1.5,0,56,34,9,9,1,189,7,0
444,7,6,686,1,5.9,0.33,1,3,3,2.5,0.5,2.5,0.5,1,55,34,9,9,1,188,9,0
145,7,1,215,1,5.9,1.5,0,2,3,2.5,-0.5,2.5,-0.5,0,54,34,9,9,1,183,8,0
3032,22,1,4568,0,7.4,1.36,1,2,4,2.5,-0.5,2.5,-0.5,0,55,34,10,10,1,206,9,0
934,11,8,1436,1,7,0.26,1,2,6,2.5,-0.5,2.5,-0.5,0,57,34,10,10,1,199,10,4
2958,22,8,4445,0,7.4,0.6,1,2,4,2.5,-0.5,2.5,-0.5,0,54,34,11,11,1,184,11,0
2574,24,6,3918,0,7.3,0.78,0,3,4,2.5,0.5,2.5,0.5,0,56,34,12,12,1,186,10,1
579,6,6,896,1,6.7,0.46,0,3,3,2.5,0.5,2.5,0.5,1,57,34,12,12,1,183,10,0
1653,29,1,2504,0,5.7,1.47,0,4,4,2.5,1.5,2.5,1.5,1,56,35,10,8,0.8,162,8,0
5293,42,6,7983,0,5.6,0.64,1,1,4,2.5,-1.5,2.5,-1.5,0,53,35,8,7,0.88,181,7,1
1678,29,3,2542,0,5.7,0.6,0,2,3,2.5,-0.5,2.5,-0.5,0,54,35,9,8,0.89,173,7,0
3342,25,6,5026,0,6.5,0.36,0,3,4,2.5,0.5,2.5,0.5,0,54,35,5,5,1,200,5,0
210,27,4,321,0,7.3,0.32,0,3,4,2.5,0.5,2.5,0.5,0,59,35,8,8,1,185,8,1
5376,44,8,8111,0,5.1,0.84,0,2,4,2.5,-0.5,2.5,-0.5,0,55,35,8,8,1,,0,0
2939,22,2,4413,0,7.4,1.66,0,2,3,2.5,-0.5,2.5,-0.5,0,55,35,8,8,1,190,7,1
5019,40,4,7575,0,5.5,0.38,1,3,3,2.5,0.5,2.5,0.5,1,56,35,9,9,1,,0,0
2814,19,5,4235,0,8.1,0.48,0,2,4,2.5,-0.5,2.5,-0.5,0,55,35,9,9,1,203,7,2
3520,27,9,5294,0,7.3,0.87,1,1,4,2.5,-1.5,2.5,-1.5,0,56,35,9,9,1,192,9,2
1898,37,2,2848,0,5.5,1.39,0,2,4,2.5,-0.5,2.5,-0.5,0,55,35,9,9,1,202,9,1
115,25,5,170,0,6.5,0.13,0,3,3,2.5,0.5,2.5,0.5,1,57,35,10,10,1,183,10,0
515,10,1,809,1,5.4,1.25,0,3,4,2.5,0.5,2.5,0.5,0,,36,9,3,0.33,,3,1
3808,47,6,5748,0,6.7,0.68,0,3,3,2.5,0.5,2.5,0.5,1,55,36,7,4,0.57,202,4,1
4687,37,4,7039,0,5.5,0.73,1,3,4,2.5,0.5,2.5,0.5,0,58,36,7,4,0.57,,0,0
1865,32,1,2808,0,6.8,0.54,0,3,3,2.5,0.5,2.5,0.5,1,58,36,8,5,0.63,173,5,0
5299,42,4,7992,0,5.6,0.54,1,1,4,2.5,-1.5,2.5,-1.5,0,54,36,7,5,0.71,182,5,0
2209,33,8,3363,0,8.1,0.41,0,2,3,2.5,-0.5,2.5,-0.5,0,58,36,10,8,0.8,173,8,0
1480,19,8,2227,0,8.1,0.43,0,4,4,2.5,1.5,2.5,1.5,1,59,36,7,6,0.86,188,3,1
5428,42,4,8185,0,5.6,0.54,1,3,4,2.5,0.5,2.5,0.5,0,55,36,9,8,0.89,182,8,0
1350,15,1,2051,1,5.7,0.61,1,2,3,2.5,-0.5,2.5,-0.5,0,,36,4,4,1,,4,0
968,11,8,1478,1,7,0.26,1,1,5,2.5,-1.5,2.5,-1.5,0,55,36,8,8,1,196,8,2
3570,27,9,5389,0,7.3,0.87,1,1,4,2.5,-1.5,2.5,-1.5,0,58,36,9,9,1,200,9,0
1035,12,1,1570,1,5.4,1.58,0,1,4,2.5,-1.5,2.5,-1.5,0,56,36,9,9,1,198,8,1
3191,25,6,4805,0,6.5,0.36,1,2,3,2.5,-0.5,2.5,-0.5,0,60,36,10,10,1,170,10,1
1576,29,6,2364,0,5.7,0.47,0,2,3,2.5,-0.5,2.5,-0.5,0,55,36,10,10,1,167,10,0
2309,27,1,3515,0,7.3,1.18,0,2,4,2.5,-0.5,2.5,-0.5,0,57,36,10,10,1,186,10,4
2178,37,3,3316,0,5.5,0.87,0,3,3,2.5,0.5,2.5,0.5,1,59,37,8,7,0.88,205,7,0
2454,42,5,3739,0,5.6,1.75,0,3,4,2.5,0.5,2.5,0.5,0,58,37,8,7,0.88,193,7,1
3542,29,4,5333,0,5.7,0.48,1,3,4,2.5,0.5,2.5,0.5,0,54,37,7,7,1,190,7,1
3515,30,4,5286,0,6.8,0.41,1,3,3,2.5,0.5,2.5,0.5,1,57,37,8,8,1,165,8,1
1480,16,8,2226,1,5.7,0.41,0,1,4,2.5,-1.5,2.5,-1.5,0,58,37,9,9,1,181,7,0
3279,24,1,4939,0,7.3,1.47,0,3,3,2.5,0.5,2.5,0.5,1,58,37,10,10,1,181,10,2
727,7,1,1121,1,5.9,1.5,0,1,5,2.5,-1.5,2.5,-1.5,0,59,37,11,11,1,163,7,0
4367,42,2,6501,0,5.6,1.55,1,1,4,2.5,-1.5,2.5,-1.5,0,54,38,6,4,0.67,174,0,0
210,25,4,319,0,6.5,0.39,0,1,4,2.5,-1.5,2.5,-1.5,0,58,38,5,4,0.8,204,3,1
1117,15,1,1703,1,5.7,0.61,0,3,4,2.5,0.5,2.5,0.5,0,,38,3,3,1,,2,0
3378,27,6,5077,0,7.3,0.33,1,3,4,2.5,0.5,2.5,0.5,0,62,38,8,8,1,193,8,1
3606,29,9,5452,0,5.7,1.25,1,2,4,2.5,-0.5,2.5,-0.5,0,56,39,5,3,0.6,178,3,1
1521,20,8,2284,0,8.5,0.32,1,1,5,2.5,-1.5,2.5,-1.5,0,58,39,8,7,0.88,191,7,1
719,7,8,1107,1,5.9,0.45,0,1,4,2.5,-1.5,2.5,-1.5,0,57,39,4,4,1,202,3,0
2361,42,4,3602,0,5.6,0.54,0,4,4,2.5,1.5,2.5,1.5,1,56,39,6,6,1,190,6,1
1699,27,9,2575,0,7.3,0.87,0,2,3,2.5,-0.5,2.5,-0.5,0,58,39,6,6,1,204,6,1
684,7,9,1052,1,5.9,0.34,0,2,3,2.5,-0.5,2.5,-0.5,0,58,39,8,8,1,201,7,0
1297,15,9,1968,1,5.7,0.65,0,3,3,2.5,0.5,2.5,0.5,1,57,39,8,8,1,188,8,0
1653,27,1,2502,0,7.3,1.18,0,2,4,2.5,-0.5,2.5,-0.5,0,62,39,10,10,1,191,10,1
2309,29,1,3517,0,5.7,1.47,0,4,4,2.5,1.5,2.5,1.5,1,57,40,4,3,0.75,154,3,0
3378,25,6,5075,0,6.5,0.36,1,1,4,2.5,-1.5,2.5,-1.5,0,61,40,7,7,1,201,7,0
3515,29,6,5285,0,5.7,0.47,1,2,3,2.5,-0.5,2.5,-0.5,0,57,40,7,7,1,164,7,0
2581,22,8,3930,0,7.4,0.6,0,1,4,2.5,-1.5,2.5,-1.5,0,58,40,7,7,1,169,5,0
610,7,5,945,1,5.9,0.52,0,3,3,2.5,0.5,2.5,0.5,1,58,40,8,8,1,167,6,0
3493,27,8,5245,0,7.3,0.45,1,2,5,2.5,-0.5,2.5,-0.5,0,61,41,9,9,1,204,8,1
3039,22,9,4583,0,7.4,0.95,1,2,3,2.5,-0.5,2.5,-0.5,0,62,42,9,7,0.78,187,7,0
2531,20,6,3849,0,8.5,0.36,0,2,3,2.5,-0.5,2.5,-0.5,0,63,42,9,8,0.89,197,8,2
579,5,4,895,1,5.6,0.28,0,2,3,2.5,-0.5,2.5,-0.5,0,60,42,9,9,1,,9,0
2539,20,9,3865,0,8.5,0.53,0,3,3,2.5,0.5,2.5,0.5,1,67,45,12,9,0.75,191,7,2
3542,27,4,5331,0,7.3,0.32,1,1,4,2.5,-1.5,2.5,-1.5,0,65,45,3,3,1,,0,0
1599,27,6,2410,0,7.3,0.33,0,1,4,2.5,-1.5,2.5,-1.5,0,65,45,7,7,1,184,7,1
722,9,1,1116,1,4.9,0.86,0,3,3,2.5,0.5,2.5,0.5,1,73,49,8,8,1,,2,0
2581,25,8,3933,0,6.5,0.39,0,4,4,2.5,1.5,2.5,1.5,1,70,50,7,7,1,149,4,0
584,5,4,903,1,5.6,0.28,0,1,5,2.5,-1.5,2.5,-1.5,0,68,50,8,8,1,174,5,0
2608,25,4,3967,0,6.5,0.39,0,4,4,2.5,1.5,2.5,1.5,1,71,52,10,8,0.8,190,8,0
2539,19,9,3864,0,8.1,0.61,0,2,3,2.5,-0.5,2.5,-0.5,0,71,52,7,7,1,173,7,0
2332,43,1,3556,0,6.8,1.61,0,3,4,3,0,2.5,0.5,0,31,7,10,10,1,,1,0
1585,31,4,2383,0,7.7,0.38,0,3,4,3,0,2.5,0.5,0,40,16,11,10,0.91,192,9,1
2332,42,1,3555,0,5.6,1.58,0,2,4,3,-1,2.5,-0.5,0,40,21,7,7,1,185,6,1
4668,36,6,7012,0,7.5,0.65,1,2,4,3,-1,2.5,-0.5,0,44,21,8,8,1,189,8,2
4668,37,6,7013,0,5.5,0.71,1,3,4,3,0,2.5,0.5,0,48,24,8,7,0.88,179,7,0
1585,30,4,2382,0,6.8,0.41,0,2,4,3,-1,2.5,-0.5,0,49,24,12,12,1,,0,0
1585,32,6,2384,0,6.8,0.19,0,4,4,3,1,2.5,1.5,1,,,10,9,0.9,189,9,0
4668,38,6,7014,0,7.4,0.68,1,4,4,3,1,2.5,1.5,1,,,11,10,0.91,173,10,0
2332,44,1,3557,0,5.1,1.83,0,4,4,3,1,2.5,1.5,1,,,8,8,1,120,5,0
4989,40,9,7535,0,5.5,1.14,1,4,4,2.5,1.5,2.666666667,1.333333333,1,37,10,11,9,0.82,198,9,1
4989,39,9,7534,0,6.7,1.37,1,3,4,2.5,0.5,2.666666667,0.333333333,0,36,10,9,8,0.89,195,8,1
4989,37,9,7532,0,5.5,1.94,1,1,4,2.5,-1.5,2.666666667,-1.666666667,0,48,28,7,6,0.86,197,6,0
4989,38,9,7533,0,7.4,1.79,1,2,4,2.5,-0.5,2.666666667,-0.666666667,0,,,11,10,0.91,194,10,0
5313,45,5,8019,0,7.4,1.27,1,4,4,2.666666667,1.333333333,2.666666667,1.333333333,1,29,5,11,10,0.91,157,6,0
1904,40,2,2861,0,5.5,0.96,0,3,4,2.666666667,0.333333333,2.666666667,0.333333333,0,34,9,8,6,0.75,187,6,0
2229,38,9,3396,0,7.4,1.79,0,1,4,2.666666667,-1.666666667,2.666666667,-1.666666667,0,38,9,13,13,1,,0,0
2442,40,5,3715,0,5.5,1.57,0,3,5,2.666666667,0.333333333,2.666666667,0.333333333,0,34,10,8,7,0.88,197,7,0
5313,44,5,8018,0,5.1,1.92,1,3,4,2.666666667,0.333333333,2.666666667,0.333333333,0,30,10,9,8,0.89,185,8,2
1904,38,2,2860,0,7.4,1.39,0,1,4,2.666666667,-1.666666667,2.666666667,-1.666666667,0,31,10,9,9,1,198,9,1
2458,43,1,3752,0,6.8,1.61,0,4,4,2.666666667,1.333333333,2.666666667,1.333333333,1,33,11,8,8,1,,0,0
1617,45,4,2442,0,7.4,0.42,0,4,4,2.666666667,1.333333333,2.666666667,1.333333333,1,37,12,12,11,0.92,178,11,2
2442,38,5,3714,0,7.4,1.14,0,1,5,2.666666667,-1.666666667,2.666666667,-1.666666667,0,34,13,8,6,0.75,,0,0
2229,40,9,3397,0,5.5,1.14,0,3,4,2.666666667,0.333333333,2.666666667,0.333333333,0,44,13,13,13,1,179,12,0
1914,40,2,2882,0,5.5,0.96,0,1,5,2.666666667,-1.666666667,2.666666667,-1.666666667,0,37,14,8,8,1,184,8,1
2477,43,9,3779,0,6.8,1.67,0,3,4,2.666666667,0.333333333,2.666666667,0.333333333,0,35,15,8,8,1,190,8,0
1655,30,4,2510,0,6.8,0.41,0,4,4,2.666666667,1.333333333,2.666666667,1.333333333,1,37,16,8,8,1,181,8,2
5334,46,4,8052,0,6.2,0.51,1,3,3,2.666666667,0.333333333,2.666666667,0.333333333,1,43,16,12,12,1,183,10,4
1914,44,2,2884,0,5.1,1.39,0,5,5,2.666666667,2.333333333,2.666666667,2.333333333,1,39,17,7,6,0.86,159,6,0
5280,44,9,7963,0,5.1,1.63,1,3,4,2.666666667,0.333333333,2.666666667,0.333333333,0,38,18,9,7,0.78,191,7,0
5346,46,1,8068,0,6.2,1.04,1,3,4,2.666666667,0.333333333,2.666666667,0.333333333,0,43,18,11,9,0.82,,0,0
2442,41,5,3716,0,7,1.09,0,4,5,2.666666667,1.333333333,2.666666667,1.333333333,0,41,18,8,7,0.88,192,7,5
2458,40,1,3750,0,5.5,0.82,0,1,4,2.666666667,-1.666666667,2.666666667,-1.666666667,0,38,18,7,7,1,193,7,1
4823,45,8,7262,0,7.4,0.62,1,4,4,2.666666667,1.333333333,2.666666667,1.333333333,1,44,18,11,11,1,188,11,2
5280,45,9,7964,0,7.4,1.14,1,4,4,2.666666667,1.333333333,2.666666667,1.333333333,1,40,19,9,6,0.67,189,6,1
1617,44,4,2441,0,5.1,0.41,0,3,4,2.666666667,0.333333333,2.666666667,0.333333333,0,43,19,10,8,0.8,183,8,2
5334,44,4,8051,0,5.1,0.41,1,1,3,2.666666667,-1.666666667,2.666666667,-1.666666667,0,44,19,12,11,0.92,,0,0
1161,14,5,1770,1,7,0.74,0,4,4,2.666666667,1.333333333,2.666666667,1.333333333,1,40,19,5,5,1,182,5,1
1914,41,2,2883,0,7,1.76,0,2,5,2.666666667,-0.666666667,2.666666667,-0.666666667,0,40,19,8,8,1,184,6,4
4452,36,9,6634,0,7.5,1.25,1,3,4,2.666666667,0.333333333,2.666666667,0.333333333,0,43,20,8,1,0.13,199,1,0
1161,13,5,1769,1,6,0.7,0,3,4,2.666666667,0.333333333,2.666666667,0.333333333,0,40,20,6,3,0.5,191,3,0
2004,41,1,3015,0,7,0.79,0,3,4,2.666666667,0.333333333,2.666666667,0.333333333,0,42,20,9,8,0.89,190,8,4
2966,22,9,4457,0,7.4,0.95,1,2,5,2.666666667,-0.666666667,2.666666667,-0.666666667,0,50,21,11,8,0.73,191,7,0
2888,22,2,4332,0,7.4,1.66,0,4,4,2.666666667,1.333333333,2.666666667,1.333333333,1,49,21,5,4,0.8,192,3,0
4823,44,8,7261,0,5.1,0.84,1,3,4,2.666666667,0.333333333,2.666666667,0.333333333,0,48,21,7,7,1,179,7,0
5334,47,4,8053,0,6.7,0.53,1,4,3,2.666666667,1.333333333,2.666666667,1.333333333,0,46,22,12,2,0.17,,0,0
262,2,4,399,1,6,0.37,1,1,4,2.666666667,-1.666666667,2.666666667,-1.666666667,0,40,22,4,4,1,192,4,0
5346,47,1,8069,0,6.7,1.22,1,4,4,2.666666667,1.333333333,2.666666667,1.333333333,1,47,23,12,11,0.92,157,8,0
2477,44,9,3780,0,5.1,1.63,0,4,4,2.666666667,1.333333333,2.666666667,1.333333333,1,42,23,7,7,1,191,7,1
2004,39,1,3014,0,6.7,0.97,0,1,4,2.666666667,-1.666666667,2.666666667,-1.666666667,0,45,24,9,9,1,185,9,0
4452,34,9,6633,0,7.6,1.56,1,1,4,2.666666667,-1.666666667,2.666666667,-1.666666667,0,43,24,9,9,1,,0,0
2004,42,1,3016,0,5.6,1.58,0,4,4,2.666666667,1.333333333,2.666666667,1.333333333,1,48,25,9,8,0.89,193,8,0
5346,44,1,8067,0,5.1,1.83,1,1,4,2.666666667,-1.666666667,2.666666667,-1.666666667,0,49,25,10,9,0.9,,0,0
5313,42,5,8017,0,5.6,1.75,1,1,4,2.666666667,-1.666666667,2.666666667,-1.666666667,0,47,25,10,10,1,168,9,0
262,5,4,401,1,5.6,0.28,1,4,4,2.666666667,1.333333333,2.666666667,1.333333333,1,48,25,10,10,1,197,8,0
4452,37,9,6635,0,5.5,1.94,1,4,4,2.666666667,1.333333333,2.666666667,1.333333333,1,52,26,10,7,0.7,195,3,0
262,4,4,400,1,8.2,0.32,1,3,4,2.666666667,0.333333333,2.666666667,0.333333333,0,48,26,8,8,1,199,8,2
5280,42,9,7962,0,5.6,1.79,1,1,4,2.666666667,-1.666666667,2.666666667,-1.666666667,0,51,27,9,6,0.67,194,5,1
2966,21,9,4456,0,8.6,0.38,1,1,5,2.666666667,-1.666666667,2.666666667,-1.666666667,0,50,27,9,8,0.89,195,7,3
886,9,6,1366,1,4.9,0.24,0,1,4,2.666666667,-1.666666667,2.666666667,-1.666666667,0,51,27,9,9,1,199,9,0
1520,22,6,2282,0,7.4,0.49,1,3,4,2.666666667,0.333333333,2.666666667,0.333333333,0,52,27,11,11,1,181,11,1
2229,41,9,3398,0,7,1.14,0,4,4,2.666666667,1.333333333,2.666666667,1.333333333,1,50,27,11,11,1,193,4,0
1041,13,1,1583,1,6,1.15,1,3,4,2.666666667,0.333333333,2.666666667,0.333333333,0,49,28,8,8,1,199,8,3
1520,23,8,2283,0,7.8,0.49,1,4,4,2.666666667,1.333333333,2.666666667,1.333333333,1,53,29,9,9,1,177,9,0
671,10,1,1038,1,5.4,1.25,1,5,5,2.666666667,2.333333333,2.666666667,2.333333333,1,,30,8,7,0.88,,0,0
671,6,1,1035,1,6.7,1.4,1,1,5,2.666666667,-1.666666667,2.666666667,-1.666666667,0,50,30,8,8,1,191,8,0
2966,25,9,4458,0,6.5,1.33,1,5,5,2.666666667,2.333333333,2.666666667,2.333333333,1,53,30,10,10,1,199,7,1
886,12,6,1368,1,5.4,0.38,0,4,4,2.666666667,1.333333333,2.666666667,1.333333333,1,55,31,8,6,0.75,203,3,0
2477,41,9,3778,0,7,1.14,0,1,4,2.666666667,-1.666666667,2.666666667,-1.666666667,0,50,31,7,7,1,190,7,3
4823,42,8,7260,0,5.6,0.79,1,1,4,2.666666667,-1.666666667,2.666666667,-1.666666667,0,52,32,7,6,0.86,188,6,0
1041,14,1,1584,1,7,1.18,1,4,4,2.666666667,1.333333333,2.666666667,1.333333333,1,,32,7,7,1,,6,0
886,11,6,1367,1,7,0.24,0,3,4,2.666666667,0.333333333,2.666666667,0.333333333,0,53,33,11,9,0.82,,7,2
2458,42,1,3751,0,5.6,1.58,0,3,4,2.666666667,0.333333333,2.666666667,0.333333333,0,54,33,5,5,1,195,5,0
671,7,1,1036,1,5.9,1.5,1,2,5,2.666666667,-0.666666667,2.666666667,-0.666666667,0,51,33,8,8,1,203,7,1
1617,42,4,2440,0,5.6,0.54,0,1,4,2.666666667,-1.666666667,2.666666667,-1.666666667,0,54,35,8,8,1,187,8,1
1904,41,2,2862,0,7,1.76,0,4,4,2.666666667,1.333333333,2.666666667,1.333333333,1,55,36,8,4,0.5,,0,0
1655,27,3,2508,0,7.3,0.5,0,1,4,2.666666667,-1.666666667,2.666666667,-1.666666667,0,57,37,8,8,1,192,7,0
1655,29,3,2509,0,5.7,0.6,0,3,4,2.666666667,0.333333333,2.666666667,0.333333333,0,56,38,7,6,0.86,178,6,0
2888,19,2,4330,0,8.1,1.23,0,1,4,2.666666667,-1.666666667,2.666666667,-1.666666667,0,57,39,7,7,1,202,7,0
2888,21,2,4331,0,8.6,1.12,0,3,4,2.666666667,0.333333333,2.666666667,0.333333333,0,60,42,7,7,1,191,5,1
1161,11,5,1768,1,7,0.57,0,1,4,2.666666667,-1.666666667,2.666666667,-1.666666667,0,60,42,8,8,1,198,8,0
1520,20,8,2281,0,8.5,0.32,1,1,4,2.666666667,-1.666666667,2.666666667,-1.666666667,0,66,44,10,10,1,198,9,1
1041,11,1,1582,1,7,0.86,1,1,4,2.666666667,-1.666666667,2.666666667,-1.666666667,0,64,47,8,8,1,,0,0
2273,36,6,3459,0,7.5,0.65,0,2,5,3,-1,2.666666667,-0.666666667,0,39,18,8,8,1,190,8,0
2273,39,6,3461,0,6.7,0.43,0,5,5,3,2,2.666666667,2.333333333,1,43,22,7,6,0.86,184,5,0
2273,35,8,3458,0,6.9,0.73,0,1,5,3,-2,2.666666667,-1.666666667,0,52,32,8,8,1,167,8,0
2273,38,6,3460,0,7.4,0.68,0,4,5,3,1,2.666666667,1.333333333,0,,,9,9,1,166,9,1
3609,30,2,5460,0,6.8,1.12,1,3,5,2.75,0.25,2.75,0.25,0,41,18,8,7,0.88,195,5,0
3297,28,4,4966,0,8.9,0.39,1,5,5,2.75,2.25,2.75,2.25,1,40,18,12,12,1,188,11,2
3297,26,4,4965,0,7.5,0.3,1,3,5,2.75,0.25,2.75,0.25,0,46,22,12,12,1,189,11,2
4817,44,3,7254,0,5.1,0.73,1,5,5,2.75,2.25,2.75,2.25,1,47,25,9,8,0.89,178,8,0
3609,28,2,5458,0,8.9,0.91,1,1,5,2.75,-1.75,2.75,-1.75,0,45,25,7,7,1,198,7,0
3297,24,4,4963,0,7.3,0.65,1,1,5,2.75,-1.75,2.75,-1.75,0,47,25,11,11,1,166,11,2
4817,41,3,7252,0,7,0.53,1,2,5,2.75,-0.75,2.75,-0.75,0,46,26,10,10,1,210,10,2
3609,32,2,5461,0,6.8,0.85,1,5,5,2.75,2.25,2.75,2.25,1,51,27,8,7,0.88,190,7,3
4817,40,3,7251,0,5.5,0.4,1,1,5,2.75,-1.75,2.75,-1.75,0,47,27,9,9,1,178,9,0
4817,42,3,7253,0,5.6,0.7,1,3,5,2.75,0.25,2.75,0.25,0,55,36,9,9,1,185,9,0
3297,25,4,4964,0,6.5,0.39,1,2,5,2.75,-0.75,2.75,-0.75,0,57,36,11,11,1,198,11,1
3609,29,2,5459,0,5.7,1.23,1,2,5,2.75,-0.75,2.75,-0.75,0,54,37,6,4,0.67,,0,0
4611,39,9,6926,0,6.7,1.37,1,5,5,3,2,2.75,2.25,1,34,10,10,10,1,187,9,0
4611,36,9,6923,0,7.5,1.25,1,2,5,3,-1,2.75,-0.75,0,40,16,8,8,1,183,8,0
3565,31,3,5379,0,7.7,0.57,1,5,5,3,2,2.75,2.25,1,42,21,10,8,0.8,194,8,0
3565,28,3,5376,0,8.9,0.5,1,2,5,3,-1,2.75,-0.75,0,45,22,12,12,1,188,12,3
4611,35,9,6922,0,6.9,1.75,1,1,5,3,-2,2.75,-1.75,0,42,23,7,6,0.86,200,6,0
3565,29,3,5377,0,5.7,0.6,1,3,5,3,0,2.75,0.25,0,48,23,9,8,0.89,187,7,1
4611,37,9,6924,0,5.5,1.94,1,3,5,3,0,2.75,0.25,0,47,26,10,7,0.7,166,7,1
3565,27,3,5375,0,7.3,0.5,1,1,5,3,-2,2.75,-1.75,0,61,39,11,11,1,204,6,0
3565,30,3,5378,0,6.8,0.63,1,4,5,3,1,2.75,1.25,0,,,7,2,0.29,187,2,0
4611,38,9,6925,0,7.4,1.79,1,4,5,3,1,2.75,1.25,0,,,11,10,0.91,189,10,1
2283,38,6,3475,0,7.4,0.68,0,3,3,2,1,3,0,1,33,8,10,9,0.9,172,9,2
2323,43,1,3537,0,6.8,1.61,0,3,3,2,1,3,0,1,33,10,9,8,0.89,182,8,1
1909,41,2,2871,0,7,1.76,0,3,3,2,1,3,0,1,41,21,9,9,1,182,9,1
3884,46,1,5858,0,6.2,1.04,1,3,2,2,1,3,0,0,43,23,6,3,0.5,,0,0
1362,19,6,2073,0,8.1,0.33,1,3,3,2,1,3,0,1,62,36,9,9,1,152,0,0
1909,39,2,2870,0,6.7,1.23,0,1,3,2,-1,3,-2,0,,,6,5,0.83,,0,0
3884,44,1,5857,0,5.1,1.83,1,1,2,2,-1,3,-2,0,,,6,5,0.83,195,5,0
2283,36,6,3474,0,7.5,0.65,0,1,3,2,-1,3,-2,0,,,6,6,1,194,6,1
2323,41,1,3536,0,7,0.79,0,1,3,2,-1,3,-2,0,,,7,7,1,178,7,0
1362,17,6,2072,0,6.8,0.24,1,1,3,2,-1,3,-2,0,,,8,8,1,181,4,1
3683,45,1,5584,0,7.4,1.43,0,2,4,2.333333333,-0.333333333,3,-1,0,40,20,8,8,1,193,8,0
3683,47,1,5585,0,6.7,1.22,0,4,4,2.333333333,1.666666667,3,1,1,45,24,9,8,0.89,190,8,3
3683,44,1,5583,0,5.1,1.83,0,1,4,2.333333333,-1.333333333,3,-2,0,,,6,5,0.83,145,5,0
4652,38,2,6985,0,7.4,1.39,1,3,3,2.5,0.5,3,0,1,34,10,9,8,0.89,173,8,1
1587,28,5,2387,0,8.9,1.05,0,2,5,2.5,-0.5,3,-1,0,34,12,12,12,1,179,11,0
3836,46,2,5786,0,6.2,1.71,1,3,3,2.5,0.5,3,0,1,38,15,8,8,1,184,8,0
4164,31,2,6210,0,7.7,1.18,1,3,3,2.5,0.5,3,0,1,39,17,9,8,0.89,197,8,1
1587,30,5,2389,0,6.8,1.01,0,4,5,2.5,1.5,3,1,0,40,17,11,11,1,182,10,0
185,28,5,273,0,8.9,1.05,0,3,3,2.5,0.5,3,0,1,39,17,12,12,1,188,12,0
3909,46,8,5888,0,6.2,0.84,1,3,4,2.5,0.5,3,0,0,39,19,5,5,1,159,5,1
3909,45,8,5887,0,7.4,0.62,1,2,4,2.5,-0.5,3,-1,0,37,20,6,6,1,185,6,1
3713,46,8,5627,0,6.2,0.84,0,3,3,2.5,0.5,3,0,1,43,20,9,9,1,187,9,2
1587,29,5,2388,0,5.7,1.27,0,3,5,2.5,0.5,3,0,0,43,21,9,8,0.89,170,8,0
1853,33,6,2791,0,8.1,0.4,0,3,3,2.5,0.5,3,0,1,46,22,10,10,1,196,10,2
5470,41,4,8257,0,7,0.28,1,3,3,2.5,0.5,3,0,1,47,25,9,8,0.89,197,5,1
3909,47,2,5889,0,6.7,1.6,1,4,4,2.5,1.5,3,1,1,46,26,8,6,0.75,186,6,3
4652,37,2,6984,0,5.5,1.39,1,2,3,2.5,-0.5,3,-1,0,,,9,7,0.78,164,4,0
1853,32,6,2790,0,6.8,0.19,0,2,3,2.5,-0.5,3,-1,0,,,8,7,0.88,189,7,0
4164,30,2,6209,0,6.8,1.12,1,2,3,2.5,-0.5,3,-1,0,,,3,3,1,198,3,0
1587,27,5,2386,0,7.3,0.74,0,1,5,2.5,-1.5,3,-2,0,,,6,6,1,201,5,2
3909,44,8,5886,0,5.1,0.84,1,1,4,2.5,-1.5,3,-2,0,,,6,6,1,194,6,1
5470,40,4,8256,0,5.5,0.38,1,2,3,2.5,-0.5,3,-1,0,,,7,7,1,191,4,0
3713,45,8,5626,0,7.4,0.62,0,2,3,2.5,-0.5,3,-1,0,,,8,8,1,197,8,3
3836,45,2,5785,0,7.4,1.6,1,2,3,2.5,-0.5,3,-1,0,,,8,8,1,178,6,0
185,27,5,272,0,7.3,0.74,0,2,3,2.5,-0.5,3,-1,0,,,9,9,1,194,7,1
4853,38,1,7314,0,7.4,1.4,1,3,3,3,0,3,0,1,27,4,10,9,0.9,185,9,1
4972,38,9,7500,0,7.4,1.79,1,2,7,3,-1,3,-1,0,31,5,12,12,1,183,12,1
2221,38,4,3380,0,7.4,0.52,0,2,4,3,-1,3,-1,0,28,6,9,7,0.78,187,7,0
4964,40,8,7488,0,5.5,0.51,1,4,4,3,1,3,1,1,32,6,7,7,1,175,7,0
4746,38,4,7141,0,7.4,0.52,1,3,4,3,0,3,0,0,35,6,11,11,1,192,11,2
5443,43,4,8213,0,6.8,0.46,1,3,3,3,0,3,0,1,35,7,12,9,0.75,198,9,4
2422,43,5,3685,0,6.8,1.92,0,2,4,3,-1,3,-1,0,27,7,6,5,0.83,183,5,2
4964,38,8,7486,0,7.4,0.51,1,2,4,3,-1,3,-1,0,30,7,9,9,1,162,9,0
4961,38,4,7480,0,7.4,0.52,1,2,5,3,-1,3,-1,0,34,8,8,5,0.63,203,5,1
4972,40,9,7502,0,5.5,1.14,1,4,7,3,1,3,1,0,36,8,9,8,0.89,192,8,2
5210,43,1,7866,0,6.8,1.61,1,3,4,3,0,3,0,0,29,8,8,8,1,169,8,1
2365,43,9,3608,0,6.8,1.67,0,5,5,3,2,3,2,1,32,8,9,9,1,188,9,0
5022,38,6,7578,0,7.4,0.68,1,2,4,3,-1,3,-1,0,33,9,8,8,1,175,8,0
4474,38,9,6675,0,7.4,1.79,1,5,5,3,2,3,2,1,40,10,14,7,0.5,187,7,0
4180,38,9,6237,0,7.4,1.79,1,4,5,3,1,3,1,0,36,10,10,7,0.7,191,7,0
4504,38,1,6735,0,7.4,1.4,1,5,5,3,2,3,2,1,34,10,9,8,0.89,167,7,0
5086,40,5,7675,0,5.5,1.57,1,3,4,3,0,3,0,0,35,10,10,10,1,172,10,0
5105,38,4,7701,0,7.4,0.52,1,1,5,3,-2,3,-2,0,33,11,11,7,0.64,,0,0
5432,43,9,8194,0,6.8,1.67,1,4,4,3,1,3,1,1,36,11,10,7,0.7,203,7,2
5086,39,5,7674,0,6.7,1.05,1,2,4,3,-1,3,-1,0,39,11,9,7,0.78,188,5,0
2422,45,5,3687,0,7.4,1.27,0,4,4,3,1,3,1,1,31,11,5,4,0.8,184,4,1
30,2,4,50,1,6,0.37,0,3,3,3,0,3,0,1,33,11,10,9,0.9,197,8,2
2152,38,4,3273,0,7.4,0.52,0,4,5,3,1,3,1,0,33,11,9,9,1,194,9,2
4890,38,6,7376,0,7.4,0.68,1,3,5,3,0,3,0,0,34,11,10,10,1,189,10,0
4480,38,2,6689,0,7.4,1.39,1,5,5,3,2,3,2,1,35,11,11,11,1,183,11,1
4686,38,9,7036,0,7.4,1.79,1,4,4,3,1,3,1,1,35,12,9,8,0.89,188,8,0
1,2,1,1,1,6,2.33,0,3,3,3,0,3,0,1,36,12,8,8,1,192,8,0
4425,36,8,6595,0,7.5,0.51,1,4,5,3,1,3,1,0,37,12,10,10,1,198,10,2
5022,40,6,7579,0,5.5,0.41,1,4,4,3,1,3,1,1,33,13,8,7,0.88,189,7,0
2070,43,2,3131,0,6.8,1.98,0,2,5,3,-1,3,-1,0,31,13,8,7,0.88,,7,1
4890,40,6,7378,0,5.5,0.41,1,5,5,3,2,3,2,1,37,13,9,9,1,193,9,2
4400,45,4,6544,0,7.4,0.42,1,3,3,3,0,3,0,1,36,13,9,9,1,170,9,3
5439,43,1,8206,0,6.8,1.61,1,3,5,3,0,3,0,0,34,13,9,9,1,179,9,0
4972,39,4,7501,0,6.7,0.48,1,3,7,3,0,3,0,0,42,13,10,10,1,193,8,0
38,2,6,63,1,6,0.38,0,3,4,3,0,3,0,0,36,14,8,6,0.75,186,6,0
4964,39,8,7487,0,6.7,0.41,1,3,4,3,0,3,0,0,40,14,8,7,0.88,188,5,0
4504,36,1,6733,0,7.5,0.75,1,3,5,3,0,3,0,0,39,14,10,9,0.9,195,9,2
3823,46,8,5764,0,6.2,0.84,1,3,4,3,0,3,0,0,33,14,7,7,1,185,7,1
1992,38,1,2996,0,7.4,1.4,0,1,5,3,-2,3,-2,0,38,14,10,10,1,166,9,1
1938,34,5,2921,0,7.6,1.53,0,3,3,3,0,3,0,1,34,14,10,10,1,193,10,1
4625,36,4,6943,0,7.5,0.46,1,3,3,3,0,3,0,1,37,14,11,11,1,197,11,3
5387,45,4,8126,0,7.4,0.42,1,3,3,3,0,3,0,1,38,15,11,7,0.64,190,7,0
4180,36,9,6235,0,7.5,1.25,1,2,5,3,-1,3,-1,0,40,15,9,7,0.78,194,7,0
2070,45,2,3133,0,7.4,1.6,0,4,5,3,1,3,1,0,37,15,7,6,0.86,180,6,0
2766,45,3,4172,0,7.4,0.43,0,3,4,3,0,3,0,0,36,15,8,7,0.88,194,7,0
2422,44,5,3686,0,5.1,1.92,0,3,4,3,0,3,0,0,34,15,4,4,1,197,4,2
1788,31,2,2708,0,7.7,1.18,0,4,4,3,1,3,1,1,38,15,6,6,1,195,6,0
2070,46,2,3134,0,6.2,1.71,0,5,5,3,2,3,2,1,38,15,7,7,1,176,7,0
4119,31,3,6145,0,7.7,0.57,1,3,3,3,0,3,0,1,38,15,9,9,1,198,9,0
5306,43,8,8006,0,6.8,0.84,1,2,4,3,-1,3,-1,0,37,15,9,9,1,186,9,2
2983,22,5,4484,0,7.4,0.92,1,2,4,3,-1,3,-1,0,44,15,10,10,1,183,10,0
5129,38,3,7736,0,7.4,0.83,1,1,5,3,-2,3,-2,0,38,15,11,11,1,192,11,0
4480,36,2,6687,0,7.5,1.18,1,3,5,3,0,3,0,0,39,16,9,6,0.67,194,6,0
4474,34,9,6671,0,7.6,1.56,1,1,5,3,-2,3,-2,0,40,16,10,8,0.8,191,8,2
2118,38,4,3223,0,7.4,0.52,0,5,6,3,2,3,2,0,38,16,8,7,0.88,200,7,0
4890,36,6,7374,0,7.5,0.65,1,1,5,3,-2,3,-2,0,39,16,8,7,0.88,187,7,1
4365,46,5,6499,0,6.2,1.57,1,5,5,3,2,3,2,1,,16,9,8,0.89,,8,1
4540,36,9,6800,0,7.5,1.25,1,5,5,3,2,3,2,1,41,16,10,9,0.9,195,8,0
4365,44,5,6498,0,5.1,1.92,1,3,5,3,0,3,0,0,,16,11,10,0.91,,0,0
3154,26,3,4753,0,7.5,0.37,0,4,5,3,1,3,1,0,41,16,12,11,0.92,173,11,1
3669,43,2,5557,0,6.8,1.98,0,4,4,3,1,3,1,1,34,16,4,4,1,191,4,0
3823,45,8,5763,0,7.4,0.62,1,2,4,3,-1,3,-1,0,33,16,6,6,1,185,6,2
1725,2,9,2614,1,6,1.06,0,3,3,3,0,3,0,1,34,16,7,7,1,195,7,1
3559,31,4,5365,0,7.7,0.38,1,5,5,3,2,3,2,1,38,16,9,9,1,197,9,0
2152,36,4,3271,0,7.5,0.46,0,2,5,3,-1,3,-1,0,37,16,9,9,1,209,9,4
29,2,4,49,1,6,0.37,0,3,3,3,0,3,0,1,36,16,9,9,1,202,9,1
4540,34,9,6798,0,7.6,1.56,1,3,5,3,0,3,0,0,40,17,9,8,0.89,201,8,1
4551,34,9,6813,0,7.6,1.56,1,3,3,3,0,3,0,1,36,17,8,8,1,197,8,1
4301,34,9,6419,0,7.6,1.56,1,4,5,3,1,3,1,0,40,17,8,8,1,199,8,0
2225,38,9,3389,0,7.4,1.79,0,2,4,3,-1,3,-1,0,36,17,8,8,1,199,8,0
4961,40,4,7482,0,5.5,0.38,1,4,5,3,1,3,1,0,42,17,9,9,1,182,9,0
3912,45,4,5894,0,7.4,0.42,1,2,4,3,-1,3,-1,0,38,17,10,10,1,187,10,3
2316,2,4,3526,1,6,0.37,0,3,7,3,0,3,0,0,40,18,8,3,0.38,199,2,0
1579,30,1,2371,0,6.8,0.82,0,4,5,3,1,3,1,0,45,18,7,4,0.57,190,4,1
1920,34,5,2892,0,7.6,1.53,0,3,3,3,0,3,0,1,38,18,7,5,0.71,184,5,0
571,8,4,885,1,4.5,0.17,0,4,4,3,1,3,1,1,38,18,8,6,0.75,185,5,1
4460,38,6,6654,0,7.4,0.68,1,5,5,3,2,3,2,1,39,18,9,7,0.78,177,7,0
3031,22,9,4563,0,7.4,0.95,1,2,5,3,-1,3,-1,0,46,18,10,9,0.9,191,9,1
1722,1,1,2611,1,6.6,0.9,0,3,3,3,0,3,0,1,40,18,12,11,0.92,191,10,1
5378,45,9,8115,0,7.4,1.14,1,3,3,3,0,3,0,1,42,18,8,8,1,180,8,2
5213,43,1,7872,0,6.8,1.61,1,3,4,3,0,3,0,0,37,18,8,8,1,182,8,4
2544,21,3,3870,0,8.6,0.33,0,3,3,3,0,3,0,1,40,18,9,9,1,187,9,1
2118,36,4,3221,0,7.5,0.46,0,3,6,3,0,3,0,0,41,18,9,9,1,191,9,2
4380,44,7,6522,0,5.1,0.58,1,3,3,3,0,3,0,1,42,18,10,10,1,172,10,1
2369,43,9,3616,0,6.8,1.67,0,5,5,3,2,3,2,1,39,19,8,7,0.88,182,7,0
2983,24,5,4486,0,7.3,0.22,1,4,4,3,1,3,1,1,43,19,10,9,0.9,181,9,0
5302,44,5,8001,0,5.1,1.92,1,3,3,3,0,3,0,1,40,19,10,9,0.9,182,8,0
2070,44,2,3132,0,5.1,1.39,0,3,5,3,0,3,0,0,38,19,6,6,1,175,6,0
5210,44,1,7867,0,5.1,1.83,1,4,4,3,1,3,1,1,39,19,6,6,1,,0,0
5240,44,6,7912,0,5.1,0.38,1,3,3,3,0,3,0,1,39,19,7,7,1,188,7,0
2636,46,6,4005,0,6.2,0.75,0,3,3,3,0,3,0,1,43,19,9,9,1,190,9,0
2936,22,1,4405,0,7.4,1.36,1,2,5,3,-1,3,-1,0,47,19,9,9,1,197,9,0
2983,23,5,4485,0,7.8,0.26,1,3,4,3,0,3,0,0,43,19,10,10,1,,10,1
194,28,1,289,0,8.9,1.15,0,4,5,3,1,3,1,0,39,19,10,10,1,173,10,1
259,2,1,391,1,6,2.33,1,1,5,3,-2,3,-2,0,39,19,10,10,1,171,8,0
3001,23,9,4510,0,7.8,0.72,1,2,5,3,-1,3,-1,0,42,19,11,11,1,202,10,4
3001,26,9,4513,0,7.5,0.72,1,5,5,3,2,3,2,1,45,19,11,11,1,193,10,1
3580,28,2,5409,0,8.9,0.91,1,3,5,3,0,3,0,0,40,19,11,11,1,195,11,1
4972,41,9,7503,0,7,1.14,1,5,7,3,2,3,2,0,43,19,11,11,1,188,11,4
3398,26,6,5113,0,7.5,0.31,1,2,4,3,-1,3,-1,0,47,19,12,12,1,173,10,0
3519,30,9,5293,0,6.8,1.22,1,4,4,3,1,3,1,1,45,20,11,5,0.45,188,5,0
4474,36,9,6673,0,7.5,1.25,1,3,5,3,0,3,0,0,45,20,13,8,0.62,195,8,2
5276,44,9,7956,0,5.1,1.63,1,3,3,3,0,3,0,1,41,20,9,7,0.78,196,5,1
2739,44,9,4126,0,5.1,1.63,0,2,4,3,-1,3,-1,0,39,20,8,7,0.88,191,7,1
2739,46,9,4128,0,6.2,1.71,0,4,4,3,1,3,1,1,40,20,8,7,0.88,192,7,1
4374,44,7,6515,0,5.1,0.58,1,3,3,3,0,3,0,1,43,20,10,9,0.9,170,8,0
2760,45,4,4161,0,7.4,0.42,0,3,3,3,0,3,0,1,47,20,12,11,0.92,195,11,1
2766,44,3,4171,0,5.1,0.73,0,2,4,3,-1,3,-1,0,40,20,6,6,1,191,6,0
3564,30,4,5374,0,6.8,0.41,1,4,4,3,1,3,1,1,42,20,7,7,1,193,7,3
3001,22,9,4509,0,7.4,0.95,1,1,5,3,-2,3,-2,0,47,20,7,7,1,201,6,1
4362,44,3,6494,0,5.1,0.73,1,3,3,3,0,3,0,1,42,20,8,8,1,194,8,0
192,26,1,281,0,7.5,0.97,0,2,4,3,-1,3,-1,0,46,20,8,8,1,180,8,2
4558,34,9,6828,0,7.6,1.56,1,3,5,3,0,3,0,0,40,20,8,8,1,185,8,2
194,26,1,287,0,7.5,0.97,0,2,5,3,-1,3,-1,0,43,20,9,9,1,171,8,2
5086,41,5,7676,0,7,1.09,1,4,4,3,1,3,1,1,41,20,9,9,1,188,9,2
4375,44,5,6517,0,5.1,1.92,1,3,3,3,0,3,0,1,41,20,9,9,1,180,9,0
4961,41,6,7483,0,7,0.37,1,5,5,3,2,3,2,1,46,20,10,10,1,183,10,1
5360,46,4,8089,0,6.2,0.51,1,3,3,3,0,3,0,1,43,20,10,10,1,194,10,0
4504,34,1,6731,0,7.6,1.29,1,1,5,3,-2,3,-2,0,42,20,10,10,1,179,10,3
4389,44,9,6531,0,5.1,1.63,1,3,3,3,0,3,0,1,40,20,10,10,1,168,10,1
571,6,4,883,1,6.7,0.27,0,2,4,3,-1,3,-1,0,46,20,10,10,1,195,10,3
1100,15,1,1676,1,5.7,0.61,1,3,5,3,0,3,0,0,46,20,10,10,1,181,7,0
3154,24,3,4751,0,7.3,0.73,0,2,5,3,-1,3,-1,0,42,20,11,11,1,192,9,1
4540,33,9,6797,0,8.1,1.29,1,2,5,3,-1,3,-1,0,44,20,11,11,1,196,11,0
396,6,1,616,1,6.7,1.4,0,4,4,3,1,3,1,1,44,21,10,6,0.6,192,5,2
4558,36,9,6830,0,7.5,1.25,1,5,5,3,2,3,2,1,42,21,7,5,0.71,195,5,0
299,2,2,452,1,6,0.96,0,1,5,3,-2,3,-2,0,41,21,4,3,0.75,197,3,0
2221,39,4,3381,0,6.7,0.48,0,3,4,3,0,3,0,0,43,21,9,8,0.89,195,6,2
3580,30,2,5411,0,6.8,1.12,1,5,5,3,2,3,2,1,44,21,9,8,0.89,184,7,0
1579,28,1,2369,0,8.9,1.15,0,2,5,3,-1,3,-1,0,43,21,9,8,0.89,184,8,1
599,6,1,928,1,6.7,1.4,0,2,4,3,-1,3,-1,0,47,21,10,9,0.9,187,8,2
5129,39,3,7737,0,6.7,0.57,1,2,5,3,-1,3,-1,0,45,21,11,10,0.91,184,10,1
3385,29,9,5093,0,5.7,1.25,1,5,5,3,2,3,2,1,47,21,11,10,0.91,186,10,3
4474,35,9,6672,0,6.9,1.75,1,2,5,3,-1,3,-1,0,44,21,11,10,0.91,198,8,0
3398,28,6,5115,0,8.9,0.47,1,4,4,3,1,3,1,1,46,21,12,11,0.92,159,9,0
1048,13,4,1592,1,6,0.18,0,3,3,3,0,3,0,1,41,21,6,6,1,199,6,1
4425,34,8,6593,0,7.6,0.51,1,2,5,3,-1,3,-1,0,43,21,8,8,1,202,8,1
22,2,6,32,1,6,0.38,1,2,5,3,-1,3,-1,0,40,21,8,8,1,199,8,0
131,26,6,194,0,7.5,0.31,0,4,4,3,1,3,1,1,44,21,9,9,1,180,8,0
3564,28,4,5372,0,8.9,0.39,1,2,4,3,-1,3,-1,0,42,21,9,9,1,199,9,1
1353,17,1,2058,0,6.8,0.43,1,4,5,3,1,3,1,0,43,21,9,9,1,191,7,2
3559,30,4,5364,0,6.8,0.41,1,4,5,3,1,3,1,0,44,21,10,10,1,187,10,3
2365,41,9,3607,0,7,1.14,0,3,5,3,0,3,0,0,44,21,10,10,1,190,10,0
299,6,2,456,1,6.7,1.39,0,5,5,3,2,3,2,1,43,21,10,10,1,,0,0
176,28,7,259,0,8.9,0.21,0,3,4,3,0,3,0,0,43,21,11,11,1,190,11,1
5105,41,4,7703,0,7,0.28,1,4,5,3,1,3,1,0,43,21,11,11,1,196,11,5
3381,26,4,5083,0,7.5,0.3,1,2,4,3,-1,3,-1,0,44,21,11,11,1,,0,0
3385,28,9,5092,0,8.9,1.1,1,4,5,3,1,3,1,0,44,21,11,11,1,194,10,2
4318,47,7,6439,0,6.7,0.33,1,3,3,3,0,3,0,1,45,21,12,12,1,,0,0
4301,33,9,6418,0,8.1,1.29,1,3,5,3,0,3,0,0,44,22,9,6,0.67,195,6,2
4837,36,4,7284,0,7.5,0.46,1,1,5,3,-2,3,-2,0,40,22,7,6,0.86,202,6,1
5304,44,5,8003,0,5.1,1.92,1,3,3,3,0,3,0,1,42,22,8,7,0.88,186,7,0
192,28,1,283,0,8.9,1.15,0,4,4,3,1,3,1,1,44,22,10,9,0.9,163,9,2
2038,33,4,3069,0,8.1,0.27,0,1,5,3,-2,3,-2,0,44,22,11,10,0.91,194,10,5
2038,34,6,3070,0,7.6,0.53,0,2,5,3,-1,3,-1,0,45,22,11,10,0.91,198,10,2
1353,15,1,2056,1,5.7,0.61,1,2,5,3,-1,3,-1,0,,22,7,7,1,,6,0
1305,17,4,1985,0,6.8,0.2,1,3,3,3,0,3,0,1,44,22,8,8,1,199,7,2
1579,31,1,2372,0,7.7,1.11,0,5,5,3,2,3,2,1,43,22,8,8,1,177,8,1
2739,45,9,4127,0,7.4,1.14,0,3,4,3,0,3,0,0,42,22,8,8,1,190,8,1
2306,28,1,3511,0,8.9,1.15,0,4,4,3,1,3,1,1,41,22,8,8,1,177,8,1
3,2,6,4,1,6,0.38,0,3,3,3,0,3,0,1,41,22,8,8,1,187,8,0
299,4,2,454,1,8.2,0.8,0,3,5,3,0,3,0,0,42,22,8,8,1,195,6,3
3381,28,4,5085,0,8.9,0.39,1,4,4,3,1,3,1,1,43,22,9,9,1,,0,0
3823,47,8,5765,0,6.7,0.64,1,4,4,3,1,3,1,1,43,22,9,9,1,195,8,2
681,8,6,1049,1,4.5,0.27,0,3,3,3,0,3,0,1,56,22,9,9,1,,0,0
790,14,1,1212,1,7,1.18,0,3,3,3,0,3,0,1,49,22,9,9,1,,9,0
3559,28,4,5362,0,8.9,0.39,1,2,5,3,-1,3,-1,0,43,22,10,10,1,192,10,0
2936,21,1,4404,0,8.6,0.93,1,1,5,3,-2,3,-2,0,45,22,11,11,1,192,10,2
3519,28,9,5291,0,8.9,1.1,1,2,4,3,-1,3,-1,0,45,22,11,11,1,191,11,1
5305,46,1,8005,0,6.2,1.04,1,5,5,3,2,3,2,1,43,23,6,2,0.33,188,2,0
4180,37,9,6236,0,5.5,1.94,1,3,5,3,0,3,0,0,51,23,9,5,0.56,193,4,0
1579,29,1,2370,0,5.7,1.47,0,3,5,3,0,3,0,0,45,23,7,4,0.57,184,4,0
2565,22,4,3905,0,7.4,0.42,0,2,4,3,-1,3,-1,0,44,23,7,5,0.71,196,5,1
2306,26,1,3509,0,7.5,0.97,0,2,4,3,-1,3,-1,0,46,23,7,5,0.71,198,5,0
5210,42,1,7865,0,5.6,1.58,1,2,4,3,-1,3,-1,0,45,23,7,5,0.71,201,5,1
513,9,1,802,1,4.9,0.86,0,3,4,3,0,3,0,0,,23,10,8,0.8,,7,3
2935,22,6,4401,0,7.4,0.49,1,2,4,3,-1,3,-1,0,45,23,6,6,1,186,6,1
4837,39,9,7287,0,6.7,1.37,1,4,5,3,1,3,1,0,43,23,6,6,1,,0,0
2318,2,9,3530,1,6,1.06,0,3,3,3,0,3,0,1,40,23,6,6,1,194,6,0
5213,44,1,7873,0,5.1,1.83,1,4,4,3,1,3,1,1,43,23,7,7,1,,0,0
4890,39,6,7377,0,6.7,0.43,1,4,5,3,1,3,1,0,45,23,8,8,1,190,5,0
4301,31,9,6416,0,7.7,0.87,1,1,5,3,-2,3,-2,0,42,23,8,8,1,202,8,0
1100,17,1,1678,0,6.8,0.43,1,5,5,3,2,3,2,1,46,23,9,9,1,184,9,2
2548,21,6,3878,0,8.6,0.46,0,2,5,3,-1,3,-1,0,48,23,9,9,1,197,9,0
5306,45,8,8007,0,7.4,0.62,1,4,4,3,1,3,1,1,45,23,9,9,1,195,9,1
4746,37,4,7140,0,5.5,0.73,1,2,4,3,-1,3,-1,0,44,23,9,9,1,183,9,0
4480,34,2,6685,0,7.6,0.91,1,1,5,3,-2,3,-2,0,43,23,9,9,1,185,9,0
3580,26,2,5407,0,7.5,0.48,1,1,5,3,-2,3,-2,0,45,23,10,10,1,198,8,1
5432,41,3,8193,0,7,0.53,1,2,4,3,-1,3,-1,0,47,23,10,10,1,198,7,2
3385,26,9,5090,0,7.5,0.72,1,2,5,3,-1,3,-1,0,47,23,10,10,1,167,9,0
215,28,5,332,0,8.9,1.05,0,4,5,3,1,3,1,0,45,23,10,10,1,189,10,1
4504,35,1,6732,0,6.9,1.25,1,2,5,3,-1,3,-1,0,44,23,10,10,1,170,8,1
4180,39,9,6238,0,6.7,1.37,1,5,5,3,2,3,2,1,49,23,10,10,1,179,9,0
4203,33,6,6274,0,8.1,0.4,1,3,3,3,0,3,0,1,46,23,11,11,1,187,11,2
1929,34,4,2907,0,7.6,0.44,0,3,4,3,0,3,0,0,46,23,11,11,1,,0,0
215,26,5,330,0,7.5,0.52,0,2,5,3,-1,3,-1,0,46,23,11,11,1,190,11,0
4961,37,4,7479,0,5.5,0.73,1,1,5,3,-2,3,-2,0,50,24,9,2,0.22,,0,0
4972,37,9,7499,0,5.5,1.94,1,1,7,3,-2,3,-2,0,47,24,10,7,0.7,192,6,2
3912,47,4,5895,0,6.7,0.53,1,4,4,3,1,3,1,1,45,24,10,8,0.8,195,8,2
4425,33,8,6592,0,8.1,0.41,1,1,5,3,-2,3,-2,0,45,24,9,8,0.89,190,8,2
2702,44,7,4078,0,5.1,0.58,0,3,3,3,0,3,0,1,49,24,9,8,0.89,129,6,0
4961,39,4,7481,0,6.7,0.48,1,3,5,3,0,3,0,0,46,24,10,9,0.9,194,9,1
916,13,1,1413,1,6,1.15,1,4,5,3,1,3,1,0,45,24,10,9,0.9,198,7,2
4480,35,2,6686,0,6.9,1.28,1,2,5,3,-1,3,-1,0,43,24,7,7,1,,0,0
1849,33,8,2785,0,8.1,0.41,0,2,4,3,-1,3,-1,0,43,24,8,8,1,190,8,4
3038,23,2,4581,0,7.8,1.01,1,3,4,3,0,3,0,0,46,24,8,8,1,191,8,0
2152,39,4,3274,0,6.7,0.48,0,5,5,3,2,3,2,1,44,24,9,9,1,201,8,2
2987,23,2,4491,0,7.8,1.01,1,3,3,3,0,3,0,1,50,24,9,9,1,187,9,0
3519,29,9,5292,0,5.7,1.25,1,3,4,3,0,3,0,0,48,24,9,9,1,192,9,0
22,4,6,34,1,8.2,0.37,1,4,5,3,1,3,1,0,50,24,9,9,1,183,8,0
2118,34,4,3219,0,7.6,0.44,0,1,6,3,-2,3,-2,0,46,24,10,10,1,201,10,1
4540,35,9,6799,0,6.9,1.75,1,4,5,3,1,3,1,0,46,24,10,10,1,191,9,0
1777,33,4,2693,0,8.1,0.27,0,3,3,3,0,3,0,1,47,24,11,11,1,188,11,2
581,8,2,900,1,4.5,0.69,0,4,4,3,1,3,1,1,47,24,11,11,1,193,11,0
259,6,1,394,1,6.7,1.4,1,5,5,3,2,3,2,1,46,24,11,11,1,196,11,2
5193,41,9,7835,0,7,1.14,1,3,3,3,0,3,0,1,47,24,12,12,1,193,12,1
2565,23,4,3906,0,7.8,0.4,0,3,4,3,0,3,0,0,49,25,10,4,0.4,190,4,1
1408,17,2,2137,0,6.8,0.59,1,2,5,3,-1,3,-1,0,47,25,9,7,0.78,202,7,0
6,3,4,8,1,5.9,0.3,1,3,3,3,0,3,0,1,47,25,9,7,0.78,160,6,0
2264,39,6,3444,0,6.7,0.43,0,5,5,3,2,3,2,1,46,25,7,6,0.86,199,6,0
2935,23,6,4402,0,7.8,0.38,1,3,4,3,0,3,0,0,48,25,8,7,0.88,187,7,2
4504,37,1,6734,0,5.5,1.32,1,4,5,3,1,3,1,0,46,25,8,7,0.88,162,5,0
2936,23,1,4406,0,7.8,1,1,3,5,3,0,3,0,0,47,25,9,8,0.89,201,8,1
782,9,6,1203,1,4.9,0.24,1,3,4,3,0,3,0,0,51,25,10,9,0.9,163,9,0
4301,35,9,6420,0,6.9,1.75,1,5,5,3,2,3,2,1,46,25,7,7,1,201,7,0
176,29,7,260,0,5.7,0.33,0,4,4,3,1,3,1,1,47,25,8,8,1,187,7,0
40,1,3,66,1,6.6,0.07,0,2,4,3,-1,3,-1,0,45,25,8,8,1,202,8,0
2152,37,4,3272,0,5.5,0.73,0,3,5,3,0,3,0,0,46,25,9,9,1,173,9,1
131,24,6,192,0,7.3,0.78,0,2,4,3,-1,3,-1,0,45,25,9,9,1,162,9,0
2975,26,4,4470,0,7.5,0.3,1,4,4,3,1,3,1,1,48,25,10,10,1,184,10,1
3154,23,3,4750,0,7.8,0.37,0,1,5,3,-2,3,-2,0,47,25,10,10,1,194,10,3
5105,39,4,7702,0,6.7,0.48,1,2,5,3,-1,3,-1,0,47,25,10,10,1,195,10,0
2565,24,4,3907,0,7.3,0.65,0,4,4,3,1,3,1,1,46,25,10,10,1,158,8,1
3001,24,9,4511,0,7.3,1.25,1,3,5,3,0,3,0,0,48,25,11,11,1,172,10,2
293,4,1,444,1,8.2,1.32,0,3,4,3,0,3,0,0,47,26,9,5,0.56,206,2,0
3237,22,2,4864,0,7.4,1.66,0,2,4,3,-1,3,-1,0,45,26,6,4,0.67,211,4,0
782,8,6,1202,1,4.5,0.27,1,2,4,3,-1,3,-1,0,49,26,10,8,0.8,177,6,0
396,4,1,614,1,8.2,1.32,0,2,4,3,-1,3,-1,0,52,26,10,8,0.8,183,7,0
3564,29,4,5373,0,5.7,0.48,1,3,4,3,0,3,0,0,47,26,6,5,0.83,196,5,1
4425,37,8,6596,0,5.5,0.58,1,5,5,3,2,3,2,1,50,26,8,7,0.88,198,7,1
4890,37,6,7375,0,5.5,0.71,1,2,5,3,-1,3,-1,0,49,26,8,7,0.88,185,7,1
4180,35,9,6234,0,6.9,1.75,1,1,5,3,-2,3,-2,0,48,26,9,8,0.89,184,8,0
4746,39,4,7142,0,6.7,0.48,1,4,4,3,1,3,1,1,49,26,10,9,0.9,181,9,1
293,5,1,445,1,5.6,1.54,0,4,4,3,1,3,1,1,49,26,10,9,0.9,191,9,0
4558,33,4,6827,0,8.1,0.27,1,2,5,3,-1,3,-1,0,48,26,7,7,1,183,7,0
5347,46,4,8070,0,6.2,0.51,1,3,4,3,0,3,0,0,44,26,7,7,1,190,7,1
2864,20,4,4297,0,8.5,0.25,0,3,3,3,0,3,0,1,50,26,8,8,1,161,7,0
2221,40,4,3382,0,5.5,0.38,0,4,4,3,1,3,1,1,48,26,8,8,1,,0,0
194,25,1,286,0,6.5,1,0,1,5,3,-2,3,-2,0,50,26,8,8,1,170,8,1
4,1,9,5,1,6.6,0.3,0,2,4,3,-1,3,-1,0,46,26,8,8,1,195,8,0
357,4,5,557,1,8.2,0.39,0,3,3,3,0,3,0,1,49,26,8,8,1,197,8,2
4301,32,9,6417,0,6.8,0.91,1,2,5,3,-1,3,-1,0,50,26,9,9,1,195,9,2
4753,39,9,7154,0,6.7,1.37,1,3,3,3,0,3,0,1,49,26,9,9,1,187,9,0
3031,23,4,4564,0,7.8,0.4,1,3,5,3,0,3,0,0,50,26,10,10,1,194,9,3
2975,24,4,4468,0,7.3,0.65,1,2,4,3,-1,3,-1,0,48,26,10,10,1,178,10,1
2118,35,6,3220,0,6.9,0.7,0,2,6,3,-1,3,-1,0,48,26,10,10,1,193,10,1
3013,23,9,4531,0,7.8,0.72,1,2,4,3,-1,3,-1,0,48,26,10,10,1,207,10,0
3031,24,9,4565,0,7.3,1.25,1,4,5,3,1,3,1,0,48,26,10,10,1,188,10,0
3001,25,9,4512,0,6.5,1.33,1,4,5,3,1,3,1,0,54,26,11,11,1,190,10,2
259,5,1,393,1,5.6,1.54,1,4,5,3,1,3,1,0,48,26,12,12,1,190,12,2
4474,37,9,6674,0,5.5,1.94,1,4,5,3,1,3,1,0,53,27,12,7,0.58,174,6,0
4558,32,9,6826,0,6.8,0.91,1,1,5,3,-2,3,-2,0,50,27,9,6,0.67,201,6,2
194,29,1,290,0,5.7,1.47,0,5,5,3,2,3,2,1,48,27,9,7,0.78,172,7,1
1118,13,2,1705,1,6,0.53,0,2,4,3,-1,3,-1,0,46,27,10,8,0.8,197,8,0
40,2,3,67,1,6,0.47,0,3,4,3,0,3,0,0,44,27,2,2,1,209,2,0
2766,46,3,4173,0,6.2,0.83,0,4,4,3,1,3,1,1,45,27,6,6,1,,0,0
4837,37,9,7285,0,5.5,1.94,1,2,5,3,-1,3,-1,0,49,27,7,7,1,183,7,0
3031,21,4,4562,0,8.6,0.32,1,1,5,3,-2,3,-2,0,52,27,8,8,1,196,8,0
1844,32,6,2779,0,6.8,0.19,0,3,3,3,0,3,0,1,,27,9,9,1,,0,0
2038,37,6,3073,0,5.5,0.71,0,5,5,3,2,3,2,1,51,27,9,9,1,,0,0
3237,23,2,4865,0,7.8,1.01,0,3,4,3,0,3,0,0,46,27,9,9,1,210,9,1
3725,46,1,5645,0,6.2,1.04,0,3,3,3,0,3,0,1,48,27,9,9,1,174,9,2
1260,16,1,1913,1,5.7,1.15,0,3,3,3,0,3,0,1,49,27,9,9,1,181,7,0
1353,16,1,2057,1,5.7,1.15,1,3,5,3,0,3,0,0,49,27,9,9,1,186,8,0
3038,22,2,4580,0,7.4,1.66,1,2,4,3,-1,3,-1,0,51,27,10,10,1,197,9,0
3131,24,6,4709,0,7.3,0.78,1,3,3,3,0,3,0,1,,27,12,12,1,,8,1
286,3,4,431,1,5.9,0.3,0,3,3,3,0,3,0,1,51,27,12,12,1,129,7,0
315,4,6,479,1,8.2,0.37,1,2,5,3,-1,3,-1,0,53,27,12,12,1,197,12,1
1071,14,9,1626,1,7,1.06,1,3,3,3,0,3,0,1,50,28,8,5,0.63,199,4,0
764,9,8,1176,1,4.9,0.41,1,3,3,3,0,3,0,1,,28,6,4,0.67,,4,0
2070,42,2,3130,0,5.6,1.55,0,1,5,3,-2,3,-2,0,46,28,5,4,0.8,189,4,0
1259,16,4,1911,1,5.7,0.13,1,3,3,3,0,3,0,1,51,28,11,9,0.82,182,9,0
26,3,9,45,1,5.9,0.76,1,3,3,3,0,3,0,1,48,28,9,8,0.89,195,8,0
1100,16,1,1677,1,5.7,1.15,1,4,5,3,1,3,1,0,49,28,10,9,0.9,188,9,1
4526,36,2,6767,0,7.5,1.18,1,3,4,3,0,3,0,0,46,28,6,6,1,181,6,1
131,25,6,193,0,6.5,0.36,0,3,4,3,0,3,0,0,50,28,8,8,1,168,7,0
2369,41,9,3614,0,7,1.14,0,3,5,3,0,3,0,0,47,28,8,8,1,193,8,0
4558,35,9,6829,0,6.9,1.75,1,4,5,3,1,3,1,0,48,28,8,8,1,192,8,0
1388,18,4,2109,0,5.8,0.32,1,3,3,3,0,3,0,1,53,28,9,9,1,195,6,1
4425,35,8,6594,0,6.9,0.73,1,3,5,3,0,3,0,0,50,28,9,9,1,158,8,0
1992,40,1,2998,0,5.5,0.82,0,3,5,3,0,3,0,0,49,28,9,9,1,126,5,0
1100,13,1,1674,1,6,1.15,1,1,5,3,-2,3,-2,0,48,28,9,9,1,171,0,0
2548,23,8,3879,0,7.8,0.49,0,4,5,3,1,3,1,0,51,28,10,10,1,191,10,1
299,5,2,455,1,5.6,1.76,0,4,5,3,1,3,1,0,48,28,10,10,1,192,9,1
588,7,2,912,1,5.9,1.01,0,3,3,3,0,3,0,1,52,28,11,11,1,181,11,0
1118,15,2,1707,1,5.7,1.01,0,4,4,3,1,3,1,1,52,28,11,11,1,190,10,0
22,3,6,33,1,5.9,0.36,1,3,5,3,0,3,0,0,,29,3,1,0.33,,1,0
4540,32,9,6796,0,6.8,0.91,1,1,5,3,-2,3,-2,0,50,29,6,4,0.67,207,3,2
2038,36,6,3072,0,7.5,0.65,0,4,5,3,1,3,1,0,48,29,10,8,0.8,178,8,2
2038,35,6,3071,0,6.9,0.7,0,3,5,3,0,3,0,0,51,29,9,8,0.89,188,8,1
3669,41,2,5555,0,7,1.76,0,2,4,3,-1,3,-1,0,46,29,5,5,1,199,5,2
887,9,6,1369,1,4.9,0.24,0,2,4,3,-1,3,-1,0,53,29,6,6,1,195,5,0
4460,36,6,6652,0,7.5,0.65,1,3,5,3,0,3,0,0,47,29,7,7,1,174,7,0
1849,35,8,2786,0,6.9,0.73,0,4,4,3,1,3,1,1,47,29,8,8,1,199,8,3
2935,24,6,4403,0,7.3,0.78,1,4,4,3,1,3,1,1,48,29,8,8,1,174,6,0
4480,37,2,6688,0,5.5,1.39,1,4,5,3,1,3,1,0,53,29,8,8,1,178,8,0
44,4,4,73,1,8.2,0.32,0,3,3,3,0,3,0,1,49,29,8,8,1,197,8,2
2118,37,6,3222,0,5.5,0.71,0,4,6,3,1,3,1,0,51,29,9,9,1,167,9,1
2365,39,9,3606,0,6.7,1.37,0,1,5,3,-2,3,-2,0,49,29,9,9,1,135,4,0
3879,46,9,5851,0,6.2,1.71,1,3,3,3,0,3,0,1,49,29,9,9,1,,0,0
782,10,6,1204,1,5.4,0.28,1,4,4,3,1,3,1,1,52,29,9,9,1,168,9,0
3059,23,4,4614,0,7.8,0.4,1,3,3,3,0,3,0,1,53,29,10,10,1,189,9,1
3580,29,2,5410,0,5.7,1.23,1,4,5,3,1,3,1,0,52,29,10,10,1,145,3,0
1255,16,3,1906,1,5.7,0.23,1,3,3,3,0,3,0,1,49,29,10,10,1,179,8,0
1100,14,1,1675,1,7,1.18,1,2,5,3,-1,3,-1,0,,29,10,10,1,,10,1
599,7,1,929,1,5.9,1.5,0,3,4,3,0,3,0,0,52,29,11,11,1,179,11,1
2515,20,8,3827,0,8.5,0.32,0,3,3,3,0,3,0,1,58,29,12,12,1,196,11,3
1529,17,2,2298,0,6.8,0.59,0,2,4,3,-1,3,-1,0,50,30,8,5,0.63,200,4,1
293,3,1,443,1,5.9,1.4,0,2,4,3,-1,3,-1,0,52,30,10,7,0.7,184,7,0
4365,42,5,6497,0,5.6,1.75,1,1,5,3,-2,3,-2,0,53,30,10,8,0.8,,0,0
1992,41,1,2999,0,7,0.79,0,4,5,3,1,3,1,0,51,30,7,6,0.86,199,5,0
599,8,1,930,1,4.5,1.11,0,4,4,3,1,3,1,1,53,30,7,6,0.86,188,6,1
2593,23,8,3946,0,7.8,0.49,0,3,4,3,0,3,0,0,49,30,8,7,0.88,180,7,1
240,4,6,361,1,8.2,0.37,1,3,3,3,0,3,0,1,52,30,9,8,0.89,199,8,0
299,3,2,453,1,5.9,0.64,0,2,5,3,-1,3,-1,0,49,30,9,8,0.89,162,6,0
2264,35,6,3442,0,6.9,0.7,0,1,5,3,-2,3,-2,0,46,30,4,4,1,195,4,1
2225,40,9,3390,0,5.5,1.14,0,4,4,3,1,3,1,1,48,30,7,7,1,181,7,0
5305,42,1,8004,0,5.6,1.58,1,1,5,3,-2,3,-2,0,51,30,7,7,1,199,7,1
1353,18,1,2059,0,5.8,0.79,1,5,5,3,2,3,2,1,50,30,8,8,1,175,5,0
1992,39,1,2997,0,6.7,0.97,0,2,5,3,-1,3,-1,0,51,30,8,8,1,152,8,1
2369,39,9,3612,0,6.7,1.37,0,1,5,3,-2,3,-2,0,50,30,8,8,1,188,8,0
5213,42,1,7871,0,5.6,1.58,1,2,4,3,-1,3,-1,0,49,30,8,8,1,,0,0
5052,39,3,7623,0,6.7,0.57,1,3,3,3,0,3,0,1,51,30,9,9,1,175,8,0
1054,13,8,1601,1,6,0.32,1,3,3,3,0,3,0,1,53,30,9,9,1,197,9,1
22,5,6,35,1,5.6,0.43,1,5,5,3,2,3,2,1,52,30,9,9,1,209,5,2
1055,14,5,1605,1,7,0.74,1,4,4,3,1,3,1,1,52,30,9,9,1,195,8,0
295,4,6,448,1,8.2,0.37,0,3,3,3,0,3,0,1,51,30,10,10,1,180,10,1
1507,20,1,2267,0,8.5,0.61,1,3,3,3,0,3,0,1,53,30,11,11,1,187,10,1
3580,27,2,5408,0,7.3,0.96,1,2,5,3,-1,3,-1,0,50,30,11,11,1,169,9,2
1472,18,6,2217,0,5.8,0.34,0,3,3,3,0,3,0,1,54,30,12,12,1,186,5,0
2369,42,9,3615,0,5.6,1.79,0,4,5,3,1,3,1,0,51,31,8,5,0.63,192,5,0
215,29,5,333,0,5.7,1.27,0,5,5,3,2,3,2,1,49,31,7,6,0.86,194,6,1
1886,35,2,2833,0,6.9,1.28,0,3,3,3,0,3,0,1,51,31,7,6,0.86,187,6,0
4686,36,9,7035,0,7.5,1.25,1,2,4,3,-1,3,-1,0,50,31,8,7,0.88,192,7,0
2152,35,4,3270,0,6.9,0.45,0,1,5,3,-2,3,-2,0,50,31,9,8,0.89,197,7,0
3237,24,2,4866,0,7.3,1.55,0,4,4,3,1,3,1,1,51,31,9,8,0.89,192,8,0
2936,24,1,4407,0,7.3,1.47,1,4,5,3,1,3,1,0,53,31,10,9,0.9,194,9,1
315,6,6,480,1,6.7,0.46,1,4,5,3,1,3,1,0,57,31,10,9,0.9,198,9,1
1484,21,4,2235,0,8.6,0.32,1,5,5,3,2,3,2,1,54,31,11,10,0.91,182,9,0
3154,25,3,4752,0,6.5,0.33,0,3,5,3,0,3,0,0,53,31,11,10,0.91,195,10,3
445,7,4,687,1,5.9,0.22,1,3,3,3,0,3,0,1,55,31,13,12,0.92,190,3,0
1055,12,5,1603,1,5.4,0.7,1,2,4,3,-1,3,-1,0,48,31,5,5,1,192,4,1
4,3,9,6,1,5.9,0.76,0,4,4,3,1,3,1,1,56,31,5,5,1,194,5,2
1484,17,4,2233,0,6.8,0.2,1,1,5,3,-2,3,-2,0,50,31,7,7,1,185,6,2
4460,34,6,6650,0,7.6,0.53,1,1,5,3,-2,3,-2,0,51,31,9,9,1,185,9,1
4526,35,2,6766,0,6.9,1.28,1,2,4,3,-1,3,-1,0,50,31,9,9,1,174,9,0
20,3,1,29,1,5.9,1.4,1,3,4,3,0,3,0,0,52,31,9,9,1,184,9,0
5129,41,3,7738,0,7,0.53,1,4,5,3,1,3,1,0,59,31,10,10,1,192,10,2
2996,24,6,4503,0,7.3,0.78,1,3,3,3,0,3,0,1,55,31,10,10,1,190,9,0
3385,25,9,5089,0,6.5,1.33,1,1,5,3,-2,3,-2,0,55,31,10,10,1,182,10,1
581,7,2,899,1,5.9,1.01,0,3,4,3,0,3,0,0,52,31,10,10,1,200,10,0
1118,14,2,1706,1,7,0.75,0,3,4,3,0,3,0,0,,31,11,11,1,,11,1
3013,25,9,4532,0,6.5,1.33,1,4,4,3,1,3,1,1,58,31,13,13,1,194,13,0
1353,14,1,2055,1,7,1.18,1,1,5,3,-2,3,-2,0,58,32,8,3,0.38,177,2,0
22,1,6,31,1,6.6,0.12,1,1,5,3,-2,3,-2,0,52,32,8,4,0.5,,4,1
281,4,4,426,1,8.2,0.32,0,3,3,3,0,3,0,1,54,32,9,8,0.89,189,7,0
4526,37,2,6768,0,5.5,1.39,1,4,4,3,1,3,1,1,54,32,7,7,1,192,7,0
594,7,1,922,1,5.9,1.5,0,3,3,3,0,3,0,1,53,32,7,7,1,194,7,0
1229,14,9,1868,1,7,1.06,0,3,3,3,0,3,0,1,52,32,8,8,1,201,8,0
4837,40,4,7288,0,5.5,0.38,1,5,5,3,2,3,2,1,54,32,9,9,1,175,5,0
194,27,1,288,0,7.3,1.18,0,3,5,3,0,3,0,0,53,32,9,9,1,178,9,2
1193,13,8,1814,1,6,0.32,0,2,4,3,-1,3,-1,0,52,32,9,9,1,192,9,0
581,6,2,898,1,6.7,1.39,0,2,4,3,-1,3,-1,0,53,32,9,9,1,,6,0
2975,25,4,4469,0,6.5,0.39,1,3,4,3,0,3,0,0,56,32,10,10,1,,0,0
3398,27,6,5114,0,7.3,0.33,1,3,4,3,0,3,0,0,56,32,11,11,1,175,8,1
3154,27,3,4754,0,7.3,0.5,0,5,5,3,2,3,2,1,55,32,11,11,1,197,11,1
5105,42,4,7704,0,5.6,0.54,1,5,5,3,2,3,2,1,54,33,10,7,0.7,179,7,2
1193,14,8,1815,1,7,0.3,0,3,4,3,0,3,0,0,55,33,9,7,0.78,182,7,0
1501,18,1,2256,0,5.8,0.79,0,3,5,3,0,3,0,0,55,33,9,9,1,191,9,0
1357,16,9,2067,1,5.7,0.68,1,3,3,3,0,3,0,1,55,33,9,9,1,186,7,1
2616,22,1,3981,0,7.4,1.36,0,4,4,3,1,3,1,1,54,33,10,10,1,185,10,0
2616,20,1,3980,0,8.5,0.61,0,2,4,3,-1,3,-1,0,57,34,10,4,0.4,199,4,0
4460,35,6,6651,0,6.9,0.7,1,2,5,3,-1,3,-1,0,54,34,8,7,0.88,179,7,0
3397,27,6,5112,0,7.3,0.33,1,3,3,3,0,3,0,1,56,34,5,5,1,191,5,0
40,3,3,68,1,5.9,0.2,0,4,4,3,1,3,1,1,55,34,6,6,1,199,6,1
2369,40,9,3613,0,5.5,1.14,0,2,5,3,-1,3,-1,0,52,34,8,8,1,173,2,0
1529,19,2,2300,0,8.1,1.23,0,4,4,3,1,3,1,1,55,34,9,9,1,205,9,1
571,7,4,884,1,5.9,0.22,0,3,4,3,0,3,0,0,54,34,9,9,1,190,9,1
3381,27,4,5084,0,7.3,0.32,1,3,4,3,0,3,0,0,57,34,10,10,1,173,10,1
2532,20,6,3851,0,8.5,0.36,0,3,3,3,0,3,0,1,57,34,10,10,1,187,9,3
259,3,1,392,1,5.9,1.4,1,2,5,3,-1,3,-1,0,56,34,11,11,1,179,8,2
3038,24,2,4582,0,7.3,1.55,1,4,4,3,1,3,1,1,62,35,5,5,1,187,5,0
401,7,4,621,1,5.9,0.22,1,3,5,3,0,3,0,0,55,35,7,7,1,184,7,0
916,10,1,1411,1,5.4,1.25,1,1,5,3,-2,3,-2,0,,35,7,7,1,,7,0
3559,29,4,5363,0,5.7,0.48,1,3,5,3,0,3,0,0,55,35,9,9,1,160,9,0
1501,19,1,2257,0,8.1,0.79,0,4,5,3,1,3,1,0,56,35,10,10,1,200,8,0
3385,27,9,5091,0,7.3,0.87,1,3,5,3,0,3,0,0,59,35,10,10,1,196,10,4
5434,42,1,8200,0,5.6,1.58,0,3,4,3,0,3,0,0,53,36,6,4,0.67,199,4,1
875,11,6,1349,1,7,0.24,0,3,3,3,0,3,0,1,56,36,10,9,0.9,,7,0
315,7,6,481,1,5.9,0.33,1,5,5,3,2,3,2,1,58,36,10,9,0.9,200,7,0
1788,29,2,2707,0,5.7,1.23,0,2,4,3,-1,3,-1,0,54,36,6,6,1,189,6,0
3488,27,9,5235,0,7.3,0.87,1,3,4,3,0,3,0,0,58,36,8,8,1,191,1,0
5129,42,3,7739,0,5.6,0.7,1,5,5,3,2,3,2,1,58,37,4,2,0.5,194,2,0
3669,42,2,5556,0,5.6,1.55,0,3,4,3,0,3,0,0,,37,5,4,0.8,,4,0
1533,19,8,2304,0,8.1,0.43,1,3,3,3,0,3,0,1,56,37,7,7,1,190,7,0
1579,27,1,2368,0,7.3,1.18,0,1,5,3,-2,3,-2,0,58,37,8,8,1,192,7,1
3031,25,9,4566,0,6.5,1.33,1,5,5,3,2,3,2,1,59,37,8,8,1,167,6,0
215,25,5,329,0,6.5,0.13,0,1,5,3,-2,3,-2,0,58,37,9,9,1,188,9,0
176,27,7,258,0,7.3,0.21,0,2,4,3,-1,3,-1,0,61,37,10,10,1,185,10,0
2548,24,6,3880,0,7.3,0.78,0,5,5,3,2,3,2,1,59,38,6,4,0.67,182,4,0
887,11,6,1371,1,7,0.24,0,4,4,3,1,3,1,1,59,38,9,6,0.67,,6,0
916,14,1,1414,1,7,1.18,1,5,5,3,2,3,2,1,56,38,9,7,0.78,177,6,1
2825,19,2,4254,0,8.1,1.23,0,3,3,3,0,3,0,1,60,38,11,10,0.91,187,10,0
1193,15,8,1816,1,5.7,0.21,0,4,4,3,1,3,1,1,,38,3,3,1,,3,0
215,27,1,331,0,7.3,1.18,0,3,5,3,0,3,0,0,61,38,7,7,1,188,6,0
2936,25,1,4408,0,6.5,1,1,5,5,3,2,3,2,1,61,38,8,8,1,189,7,0
1408,19,2,2138,0,8.1,1.23,1,4,5,3,1,3,1,0,59,38,8,8,1,186,8,0
916,11,1,1412,1,7,0.86,1,2,5,3,-1,3,-1,0,56,38,9,9,1,185,1,0
1992,42,1,3000,0,5.6,1.58,0,5,5,3,2,3,2,1,59,39,5,4,0.8,,0,0
1419,18,9,2151,0,5.8,1.03,0,3,3,3,0,3,0,1,60,39,8,8,1,189,7,1
2823,19,2,4252,0,8.1,1.23,0,3,3,3,0,3,0,1,59,39,10,10,1,178,10,0
2793,20,8,4211,0,8.5,0.32,1,3,3,3,0,3,0,1,62,39,12,12,1,194,11,4
1408,16,2,2136,1,5.7,1.34,1,1,5,3,-2,3,-2,0,63,40,6,6,1,,5,0
1501,17,1,2255,0,6.8,0.43,0,2,5,3,-1,3,-1,0,60,40,8,8,1,156,8,0
1501,20,1,2258,0,8.5,0.61,0,5,5,3,2,3,2,1,62,40,11,11,1,,8,1
1408,20,2,2139,0,8.5,0.69,1,5,5,3,2,3,2,1,62,40,11,11,1,189,11,0
1501,16,1,2254,1,5.7,1.15,0,1,5,3,-2,3,-2,0,61,41,8,8,1,,0,0
2548,20,6,3877,0,8.5,0.36,0,1,5,3,-2,3,-2,0,64,41,9,9,1,192,8,2
3559,27,4,5361,0,7.3,0.32,1,1,5,3,-2,3,-2,0,61,42,8,8,1,175,7,0
712,10,4,1096,1,5.4,0.3,1,3,3,3,0,3,0,1,61,42,9,9,1,,0,0
1534,20,8,2305,0,8.5,0.32,1,3,5,3,0,3,0,0,65,42,11,11,1,204,10,2
4460,37,6,6653,0,5.5,0.71,1,4,5,3,1,3,1,0,63,44,4,4,1,,0,0
255,4,8,386,1,8.2,0.11,1,3,3,3,0,3,0,1,64,45,8,2,0.25,195,1,0
1271,16,8,1926,1,5.7,0.41,0,3,3,3,0,3,0,1,64,45,7,6,0.86,195,4,2
2264,37,6,3443,0,5.5,0.71,0,3,5,3,0,3,0,0,65,46,6,5,0.83,229,5,0
880,11,4,1356,1,7,0.16,0,3,3,3,0,3,0,1,66,49,9,9,1,,3,0
2306,27,1,3510,0,7.3,1.18,0,3,4,3,0,3,0,0,69,50,8,8,1,202,7,1
315,3,6,478,1,5.9,0.36,1,1,5,3,-2,3,-2,0,70,51,10,10,1,177,9,1
4837,38,9,7286,0,7.4,1.79,1,3,5,3,0,3,0,0,,,9,9,1,193,9,1
3670,43,9,5559,0,6.8,1.67,0,3,5,3.25,-0.25,3,0,0,40,19,10,10,1,195,10,2
3670,45,4,5561,0,7.4,0.42,0,5,5,3.25,1.75,3,2,1,47,22,11,11,1,189,11,1
3670,41,9,5558,0,7,1.14,0,1,5,3.25,-2.25,3,-2,0,52,30,10,10,1,193,10,0
3670,44,9,5560,0,5.1,1.63,0,4,5,3.25,0.75,3,1,0,,,8,7,0.88,190,6,0
2981,32,4,4482,0,6.8,0.2,1,6,6,3.5,2.5,3,3,1,35,8,11,9,0.82,160,9,0
2981,28,4,4478,0,8.9,0.39,1,2,6,3.5,-1.5,3,-1,0,36,15,10,10,1,181,10,1
2981,29,4,4479,0,5.7,0.48,1,3,6,3.5,-0.5,3,0,0,45,21,7,7,1,186,7,0
5315,44,7,8022,0,5.1,0.58,1,3,4,3.5,-0.5,3,0,0,45,21,8,8,1,137,4,1
2981,27,4,4477,0,7.3,0.32,1,1,6,3.5,-2.5,3,-2,0,51,31,9,9,1,173,6,2
2981,30,4,4480,0,6.8,0.41,1,4,6,3.5,0.5,3,1,0,,,10,8,0.8,173,8,1
5315,45,7,8023,0,7.4,0.42,1,4,4,3.5,0.5,3,1,1,,,9,9,1,182,9,1
2981,31,3,4481,0,7.7,0.57,1,5,6,3.5,1.5,3,2,0,,,10,10,1,187,9,1
5433,43,8,8197,0,6.8,0.84,1,4,6,3.6,0.4,3,1,0,36,17,7,6,0.86,190,6,1
5433,41,8,8196,0,7,0.54,1,2,6,3.6,-1.6,3,-1,0,45,24,7,7,1,189,7,3
5433,44,4,8198,0,5.1,0.41,1,5,6,3.6,1.4,3,2,0,47,26,8,7,0.88,181,6,2
5433,40,8,8195,0,5.5,0.51,1,1,6,3.6,-2.6,3,-2,0,49,29,9,9,1,152,5,0
5433,45,8,8199,0,7.4,0.62,1,6,6,3.6,2.4,3,3,1,,,9,8,0.89,180,8,0
2329,43,1,3550,0,6.8,1.61,0,4,6,3.75,0.25,3,1,0,41,20,10,9,0.9,,0,0
5195,41,4,7839,0,7,0.28,1,3,6,3.75,-0.75,3,0,0,45,26,7,7,1,192,7,2
5195,40,4,7838,0,5.5,0.38,1,2,6,3.75,-1.75,3,-1,0,57,33,9,9,1,,0,0
2329,41,1,3548,0,7,0.79,0,2,6,3.75,-1.75,3,-1,0,53,33,9,9,1,195,9,1
5195,42,4,7840,0,5.6,0.54,1,4,6,3.75,0.25,3,1,0,52,35,6,5,0.83,196,5,2
5195,44,4,7841,0,5.1,0.41,1,6,6,3.75,2.25,3,3,1,,,6,3,0.5,,0,0
2329,45,1,3551,0,7.4,1.43,0,6,6,3.75,2.25,3,3,1,,,7,6,0.86,188,6,1
2329,42,1,3549,0,5.6,1.58,0,3,6,3.75,-0.75,3,0,0,,,7,7,1,187,7,0
1642,28,9,2485,0,8.9,1.1,0,3,6,3.2,-0.2,3.2,-0.2,0,47,26,11,11,1,195,10,2
1642,31,9,2487,0,7.7,0.87,0,6,6,3.2,2.8,3.2,2.8,1,47,28,10,8,0.8,173,7,0
1642,29,9,2486,0,5.7,1.25,0,4,6,3.2,0.8,3.2,0.8,0,53,34,9,9,1,174,9,0
1642,26,9,2483,0,7.5,0.72,0,1,6,3.2,-2.2,3.2,-2.2,0,56,35,9,9,1,191,9,2
1642,27,9,2484,0,7.3,0.87,0,2,6,3.2,-1.2,3.2,-1.2,0,60,40,10,10,1,196,10,2
2107,38,3,3198,0,7.4,0.83,0,5,5,3.25,1.75,3.25,1.75,1,34,11,10,9,0.9,,0,0
4839,38,4,7291,0,7.4,0.52,1,3,5,3.25,-0.25,3.25,-0.25,0,38,11,11,11,1,196,11,1
2107,36,3,3196,0,7.5,0.73,0,3,5,3.25,-0.25,3.25,-0.25,0,34,12,10,9,0.9,178,9,1
4181,38,9,6241,0,7.4,1.79,1,4,5,3.25,0.75,3.25,0.75,0,36,13,11,11,1,192,10,0
4650,38,1,6980,0,7.4,1.4,1,4,5,3.25,0.75,3.25,0.75,0,38,14,8,8,1,181,7,0
1941,38,1,2928,0,7.4,1.4,0,6,6,3.25,2.75,3.25,2.75,1,42,18,9,7,0.78,156,5,1
290,6,1,440,1,6.7,1.4,0,5,5,3.25,1.75,3.25,1.75,1,43,20,9,8,0.89,191,7,0
290,2,1,437,1,6,2.33,0,1,5,3.25,-2.25,3.25,-2.25,0,39,20,7,7,1,189,7,0
4419,36,9,6578,0,7.5,1.25,1,4,5,3.25,0.75,3.25,0.75,0,43,20,8,8,1,190,8,1
2107,34,4,3195,0,7.6,0.44,0,1,5,3.25,-2.25,3.25,-2.25,0,42,20,11,11,1,192,11,1
4839,36,4,7290,0,7.5,0.46,1,1,5,3.25,-2.25,3.25,-2.25,0,44,21,11,9,0.82,188,9,1
4255,31,4,6344,0,7.7,0.38,1,1,5,3.25,-2.25,3.25,-2.25,0,42,21,10,9,0.9,191,9,0
1941,36,1,2927,0,7.5,0.75,0,4,6,3.25,0.75,3.25,0.75,0,43,22,9,6,0.67,184,6,1
2894,22,4,4341,0,7.4,0.42,1,3,5,3.25,-0.25,3.25,-0.25,0,50,22,10,9,0.9,185,8,0
476,8,2,733,1,4.5,0.69,1,4,6,3.25,0.75,3.25,0.75,0,43,22,7,7,1,196,7,3
1641,28,9,2480,0,8.9,1.1,0,3,5,3.25,-0.25,3.25,-0.25,0,43,22,8,8,1,195,6,2
4181,39,9,6242,0,6.7,1.37,1,5,5,3.25,1.75,3.25,1.75,1,46,24,10,9,0.9,186,9,0
4419,33,9,6576,0,8.1,1.29,1,1,5,3.25,-2.25,3.25,-2.25,0,46,24,8,8,1,188,8,1
4839,39,4,7292,0,6.7,0.48,1,4,5,3.25,0.75,3.25,0.75,0,50,24,9,9,1,185,9,0
4650,39,1,6981,0,6.7,0.97,1,5,5,3.25,1.75,3.25,1.75,1,46,25,7,6,0.86,180,6,0
4255,34,4,6346,0,7.6,0.44,1,4,5,3.25,0.75,3.25,0.75,0,47,25,9,8,0.89,197,8,0
2894,24,4,4343,0,7.3,0.65,1,5,5,3.25,1.75,3.25,1.75,1,48,25,11,11,1,171,10,2
630,9,8,975,1,4.9,0.41,0,4,5,3.25,0.75,3.25,0.75,0,51,26,9,8,0.89,,5,2
4839,40,4,7293,0,5.5,0.38,1,5,5,3.25,1.75,3.25,1.75,1,47,26,8,8,1,186,7,0
290,4,1,438,1,8.2,1.32,0,3,5,3.25,-0.25,3.25,-0.25,0,46,26,9,9,1,187,8,0
4255,33,4,6345,0,8.1,0.27,1,3,5,3.25,-0.25,3.25,-0.25,0,50,27,10,7,0.7,185,7,1
2894,23,4,4342,0,7.8,0.4,1,4,5,3.25,0.75,3.25,0.75,0,51,27,11,9,0.82,191,9,3
476,10,2,735,1,5.4,0.53,1,6,6,3.25,2.75,3.25,2.75,1,,27,6,5,0.83,,3,0
476,6,2,731,1,6.7,1.39,1,2,6,3.25,-1.25,3.25,-1.25,0,45,27,8,8,1,,0,0
476,5,2,730,1,5.6,1.76,1,1,6,3.25,-2.25,3.25,-2.25,0,46,27,8,8,1,202,8,0
1941,33,1,2925,0,8.1,0.68,0,1,6,3.25,-2.25,3.25,-2.25,0,49,27,9,9,1,190,9,1
1941,34,1,2926,0,7.6,1.29,0,2,6,3.25,-1.25,3.25,-1.25,0,49,27,9,9,1,188,9,2
4419,35,9,6577,0,6.9,1.75,1,3,5,3.25,-0.25,3.25,-0.25,0,48,27,9,9,1,187,9,1
630,8,8,974,1,4.5,0.34,0,3,5,3.25,-0.25,3.25,-0.25,0,48,27,9,9,1,190,7,1
290,5,1,439,1,5.6,1.54,0,4,5,3.25,0.75,3.25,0.75,0,46,27,9,9,1,,0,0
2107,37,3,3197,0,5.5,0.87,0,4,5,3.25,0.75,3.25,0.75,0,47,28,5,5,1,183,5,1
4419,37,4,6579,0,5.5,0.73,1,5,5,3.25,1.75,3.25,1.75,1,50,29,9,9,1,185,9,4
1095,16,8,1665,1,5.7,0.41,1,4,5,3.25,0.75,3.25,0.75,0,54,30,7,6,0.86,187,5,0
4181,35,9,6239,0,6.9,1.75,1,1,5,3.25,-2.25,3.25,-2.25,0,49,30,9,8,0.89,185,8,0
630,6,8,973,1,6.7,0.49,0,1,5,3.25,-2.25,3.25,-2.25,0,51,30,9,9,1,196,6,1
1641,30,9,2482,0,6.8,1.22,0,5,5,3.25,1.75,3.25,1.75,1,49,31,8,6,0.75,186,6,0
4650,37,1,6979,0,5.5,1.32,1,3,5,3.25,-0.25,3.25,-0.25,0,50,31,7,7,1,167,6,2
4255,35,4,6347,0,6.9,0.45,1,5,5,3.25,1.75,3.25,1.75,1,53,32,8,4,0.5,171,3,0
1641,26,9,2478,0,7.5,0.72,0,1,5,3.25,-2.25,3.25,-2.25,0,53,32,8,8,1,175,5,0
4650,35,1,6978,0,6.9,1.25,1,1,5,3.25,-2.25,3.25,-2.25,0,50,32,8,8,1,180,8,0
630,10,8,976,1,5.4,0.49,0,5,5,3.25,1.75,3.25,1.75,1,62,32,9,9,1,165,4,0
1095,13,8,1663,1,6,0.32,1,1,5,3.25,-2.25,3.25,-2.25,0,54,34,9,9,1,171,9,3
2894,20,4,4340,0,8.5,0.25,1,1,5,3.25,-2.25,3.25,-2.25,0,58,34,12,12,1,180,10,1
1095,17,8,1666,0,6.8,0.15,1,5,5,3.25,1.75,3.25,1.75,1,61,40,11,10,0.91,182,10,0
1095,15,8,1664,1,5.7,0.21,1,3,5,3.25,-0.25,3.25,-0.25,0,,42,8,7,0.88,,7,0
1641,29,9,2481,0,5.7,1.25,0,4,5,3.25,0.75,3.25,0.75,0,59,42,7,7,1,,0,0
4181,37,9,6240,0,5.5,1.94,1,3,5,3.25,-0.25,3.25,-0.25,0,64,44,9,8,0.89,194,7,0
4847,38,8,7304,0,7.4,0.51,1,3,5,2.75,0.25,3.333333333,-0.333333333,0,27,6,10,10,1,,0,0
4847,37,8,7303,0,5.5,0.58,1,2,5,2.75,-0.75,3.333333333,-1.333333333,0,47,25,8,7,0.88,,0,0
4847,40,8,7305,0,5.5,0.51,1,5,5,2.75,2.25,3.333333333,1.666666667,1,50,28,9,9,1,153,3,0
4847,36,8,7302,0,7.5,0.51,1,1,5,2.75,-1.75,3.333333333,-2.333333333,0,,,9,8,0.89,160,8,3
4198,33,9,6266,0,8.1,1.29,1,5,5,3,2,3.333333333,1.666666667,1,39,14,12,12,1,186,12,1
4198,32,9,6265,0,6.8,0.91,1,4,5,3,1,3.333333333,0.666666667,0,41,15,12,11,0.92,188,11,2
4198,29,9,6262,0,5.7,1.25,1,1,5,3,-2,3.333333333,-2.333333333,0,49,26,4,4,1,187,4,0
4198,30,9,6263,0,6.8,1.22,1,2,5,3,-1,3.333333333,-1.333333333,0,,,7,5,0.71,203,5,1
4198,31,9,6264,0,7.7,0.87,1,3,5,3,0,3.333333333,-0.333333333,0,,,12,12,1,194,12,0
1913,43,2,2881,0,6.8,1.98,0,5,5,3.333333333,1.666666667,3.333333333,1.666666667,1,28,5,9,6,0.67,186,5,0
4867,38,7,7332,0,7.4,0.25,1,2,5,3.333333333,-1.333333333,3.333333333,-1.333333333,0,32,10,8,8,1,188,8,0
1913,40,2,2879,0,5.5,0.96,0,2,5,3.333333333,-1.333333333,3.333333333,-1.333333333,0,33,12,8,7,0.88,184,7,0
1913,41,2,2880,0,7,1.76,0,3,5,3.333333333,-0.333333333,3.333333333,-0.333333333,0,38,15,8,6,0.75,192,6,0
4506,38,4,6739,0,7.4,0.52,1,5,5,3.333333333,1.666666667,3.333333333,1.666666667,1,37,15,9,9,1,203,9,3
4528,36,5,6772,0,7.5,1.01,1,5,5,3.333333333,1.666666667,3.333333333,1.666666667,1,40,16,9,6,0.67,187,4,0
4528,34,1,6771,0,7.6,1.29,1,3,5,3.333333333,-0.333333333,3.333333333,-0.333333333,0,,20,8,5,0.63,,5,0
2617,21,1,3983,0,8.6,0.93,0,3,5,3.333333333,-0.333333333,3.333333333,-0.333333333,0,44,21,12,12,1,185,12,0
1333,17,9,2021,0,6.8,0.42,1,3,5,3.333333333,-0.333333333,3.333333333,-0.333333333,0,41,22,8,8,1,196,7,0
4506,34,4,6737,0,7.6,0.44,1,1,5,3.333333333,-2.333333333,3.333333333,-2.333333333,0,44,22,9,9,1,191,9,1
3452,34,1,5183,0,7.6,1.29,1,1,5,3.333333333,-2.333333333,3.333333333,-2.333333333,0,44,23,9,9,1,204,9,1
2617,23,1,3985,0,7.8,1,0,5,5,3.333333333,1.666666667,3.333333333,1.666666667,1,48,25,11,11,1,195,11,0
1646,29,6,2493,0,5.7,0.47,0,5,5,3.333333333,1.666666667,3.333333333,1.666666667,1,48,26,7,6,0.86,193,6,0
4528,33,1,6770,0,8.1,0.68,1,2,5,3.333333333,-1.333333333,3.333333333,-1.333333333,0,48,26,10,10,1,196,10,1
1333,16,9,2020,1,5.7,0.68,1,2,5,3.333333333,-1.333333333,3.333333333,-1.333333333,0,47,27,7,7,1,181,7,1
4867,39,7,7333,0,6.7,0.29,1,3,5,3.333333333,-0.333333333,3.333333333,-0.333333333,0,49,28,9,9,1,177,9,0
484,9,1,752,1,4.9,0.86,1,5,5,3.333333333,1.666666667,3.333333333,1.666666667,1,,28,9,9,1,,7,0
4506,37,4,6738,0,5.5,0.73,1,4,5,3.333333333,0.666666667,3.333333333,0.666666667,0,49,29,7,6,0.86,195,6,1
1333,19,9,2022,0,8.1,0.61,1,5,5,3.333333333,1.666666667,3.333333333,1.666666667,1,54,30,10,10,1,196,8,1
1646,26,6,2491,0,7.5,0.31,0,2,5,3.333333333,-1.333333333,3.333333333,-1.333333333,0,54,31,10,10,1,183,9,1
3452,38,1,5185,0,7.4,1.4,1,5,5,3.333333333,1.666666667,3.333333333,1.666666667,1,50,31,10,10,1,159,9,0
484,7,1,750,1,5.9,1.5,1,3,5,3.333333333,-0.333333333,3.333333333,-0.333333333,0,53,32,9,9,1,191,8,1
4867,41,7,7334,0,7,0.25,1,5,5,3.333333333,1.666666667,3.333333333,1.666666667,1,52,33,5,5,1,192,5,2
484,6,1,749,1,6.7,1.4,1,2,5,3.333333333,-1.333333333,3.333333333,-1.333333333,0,54,34,10,10,1,202,9,0
3452,37,1,5184,0,5.5,1.32,1,4,5,3.333333333,0.666666667,3.333333333,0.666666667,0,58,36,9,7,0.78,191,7,2
1646,27,6,2492,0,7.3,0.33,0,3,5,3.333333333,-0.333333333,3.333333333,-0.333333333,0,58,36,9,9,1,,9,1
2617,20,1,3982,0,8.5,0.61,0,2,5,3.333333333,-1.333333333,3.333333333,-1.333333333,0,58,36,11,11,1,192,7,1
2005,43,1,3020,0,6.8,1.61,0,5,6,3.4,1.6,3.4,1.6,0,32,11,8,7,0.88,170,6,1
2005,40,1,3018,0,5.5,0.82,0,2,6,3.4,-1.4,3.4,-1.4,0,35,14,8,8,1,187,8,1
252,2,1,376,1,6,2.33,1,1,6,3.4,-2.4,3.4,-2.4,0,47,17,9,9,1,150,4,0
252,6,1,379,1,6.7,1.4,1,5,6,3.4,1.6,3.4,1.6,0,49,19,11,11,1,197,11,0
2005,41,1,3019,0,7,0.79,0,3,6,3.4,-0.4,3.4,-0.4,0,43,22,8,6,0.75,178,6,1
2005,44,1,3021,0,5.1,1.83,0,6,6,3.4,2.6,3.4,2.6,1,43,25,7,7,1,178,6,0
2005,39,1,3017,0,6.7,0.97,0,1,6,3.4,-2.4,3.4,-2.4,0,47,26,8,8,1,165,1,0
252,4,1,378,1,8.2,1.32,1,3,6,3.4,-0.4,3.4,-0.4,0,50,27,12,12,1,182,12,2
1299,16,5,1972,1,5.7,0.66,0,3,7,3.4,-0.4,3.4,-0.4,0,51,28,10,9,0.9,193,9,0
2615,23,9,3976,0,7.8,0.72,0,2,7,3.4,-1.4,3.4,-1.4,0,53,28,11,10,0.91,195,10,2
1299,17,5,1973,0,6.8,0.74,0,4,7,3.4,0.6,3.4,0.6,0,47,28,7,7,1,195,5,2
2615,28,9,3979,0,8.9,1.1,0,7,7,3.4,3.6,3.4,3.6,1,50,28,12,12,1,178,4,0
252,3,1,377,1,5.9,1.4,1,2,6,3.4,-1.4,3.4,-1.4,0,60,30,10,10,1,184,9,0
2615,24,9,3977,0,7.3,1.25,0,3,7,3.4,-0.4,3.4,-0.4,0,53,30,12,12,1,189,12,0
1299,20,5,1974,0,8.5,0.48,0,7,7,3.4,3.6,3.4,3.6,1,56,32,11,9,0.82,186,8,0
1299,15,5,1971,1,5.7,0.61,0,2,7,3.4,-1.4,3.4,-1.4,0,,32,7,7,1,,7,2
2615,25,9,3978,0,6.5,1.33,0,4,7,3.4,0.6,3.4,0.6,0,56,32,11,11,1,171,9,0
1299,14,1,1970,1,7,1.18,0,1,7,3.4,-2.4,3.4,-2.4,0,,34,7,7,1,,7,0
2615,22,9,3975,0,7.4,0.95,0,1,7,3.4,-2.4,3.4,-2.4,0,57,36,11,11,1,189,11,1
252,7,1,380,1,5.9,1.5,1,6,6,3.4,2.6,3.4,2.6,1,59,37,7,7,1,141,5,0
3839,47,8,5792,0,6.7,0.64,1,4,4,2.5,1.5,3.5,0.5,1,41,19,10,10,1,175,10,1
3839,46,8,5791,0,6.2,0.84,1,3,4,2.5,0.5,3.5,-0.5,0,47,27,8,8,1,,0,0
3839,44,8,5789,0,5.1,0.84,1,1,4,2.5,-1.5,3.5,-2.5,0,,,6,6,1,185,6,0
3839,45,8,5790,0,7.4,0.62,1,2,4,2.5,-0.5,3.5,-1.5,0,,,9,9,1,169,8,1
1602,31,2,2419,0,7.7,1.18,0,4,4,3,1,3.5,0.5,1,36,10,9,8,0.89,189,7,0
1602,30,2,2418,0,6.8,1.12,0,3,4,3,0,3.5,-0.5,0,41,14,9,9,1,195,9,1
1602,29,2,2417,0,5.7,1.23,0,2,4,3,-1,3.5,-1.5,0,,,8,8,1,188,8,1
3665,31,2,5550,0,7.7,1.18,1,3,4,3.5,-0.5,3.5,-0.5,0,28,6,8,8,1,184,8,0
4705,38,4,7069,0,7.4,0.52,1,4,5,3.5,0.5,3.5,0.5,0,30,6,10,10,1,,0,0
2334,43,5,3559,0,6.8,1.92,0,3,4,3.5,-0.5,3.5,-0.5,0,31,6,11,11,1,181,11,1
4980,40,2,7520,0,5.5,0.96,1,4,5,3.5,0.5,3.5,0.5,0,32,7,10,8,0.8,196,6,2
4980,38,2,7518,0,7.4,1.39,1,2,5,3.5,-1.5,3.5,-1.5,0,30,7,9,8,0.89,185,8,0
4978,40,2,7514,0,5.5,0.96,1,4,6,3.5,0.5,3.5,0.5,0,32,8,9,9,1,193,6,0
4702,38,1,7063,0,7.4,1.4,1,4,4,3.5,0.5,3.5,0.5,1,29,8,10,10,1,154,4,0
2441,38,5,3712,0,7.4,1.14,0,2,5,3.5,-1.5,3.5,-1.5,0,32,9,9,8,0.89,187,8,0
2334,44,5,3560,0,5.1,1.92,0,4,4,3.5,0.5,3.5,0.5,1,32,9,10,9,0.9,181,9,0
4978,38,2,7512,0,7.4,1.39,1,2,6,3.5,-1.5,3.5,-1.5,0,34,9,11,11,1,184,11,1
5318,43,2,8028,0,6.8,1.98,1,2,5,3.5,-1.5,3.5,-1.5,0,31,10,9,8,0.89,176,8,1
2030,38,6,3061,0,7.4,0.68,0,6,6,3.5,2.5,3.5,2.5,1,34,11,11,6,0.55,194,6,0
2441,41,5,3713,0,7,1.09,0,5,5,3.5,1.5,3.5,1.5,1,38,11,10,10,1,,0,0
4705,36,4,7067,0,7.5,0.46,1,2,5,3.5,-1.5,3.5,-1.5,0,37,13,10,7,0.7,,0,0
2041,38,9,3084,0,7.4,1.79,0,6,6,3.5,2.5,3.5,2.5,1,38,13,10,7,0.7,199,7,0
4978,41,2,7515,0,7,1.76,1,5,6,3.5,1.5,3.5,1.5,0,40,14,8,7,0.88,181,6,1
2030,36,6,3059,0,7.5,0.65,0,4,6,3.5,0.5,3.5,0.5,0,39,14,9,8,0.89,190,8,1
3034,22,4,4572,0,7.4,0.42,1,2,5,3.5,-1.5,3.5,-1.5,0,,14,10,10,1,,10,1
2704,43,8,4080,0,6.8,0.84,0,2,4,3.5,-1.5,3.5,-1.5,0,36,15,9,9,1,184,9,3
3659,31,8,5542,0,7.7,0.39,1,3,4,3.5,-0.5,3.5,-0.5,0,37,16,6,6,1,,6,0
4980,39,2,7519,0,6.7,1.23,1,3,5,3.5,-0.5,3.5,-0.5,0,37,16,7,7,1,195,7,3
3356,26,1,5046,0,7.5,0.97,1,3,5,3.5,-0.5,3.5,-0.5,0,42,16,12,12,1,150,0,0
25,2,4,40,1,6,0.37,1,2,6,3.5,-1.5,3.5,-1.5,0,42,17,8,5,0.63,187,3,0
4980,41,2,7521,0,7,1.76,1,5,5,3.5,1.5,3.5,1.5,1,39,17,7,7,1,182,7,2
2700,45,8,4076,0,7.4,0.62,0,4,4,3.5,0.5,3.5,0.5,1,39,17,9,9,1,179,9,3
2704,45,8,4082,0,7.4,0.62,0,4,4,3.5,0.5,3.5,0.5,1,41,17,10,10,1,181,10,3
1147,15,2,1749,1,5.7,1.01,0,4,5,3.5,0.5,3.5,0.5,0,42,17,10,10,1,190,7,1
2815,21,5,4238,0,8.6,0.92,0,4,4,3.5,0.5,3.5,0.5,1,43,17,12,12,1,191,11,3
641,8,4,996,1,4.5,0.17,0,5,6,3.5,1.5,3.5,1.5,0,41,18,9,6,0.67,187,4,0
3034,24,4,4574,0,7.3,0.65,1,4,5,3.5,0.5,3.5,0.5,0,40,18,11,8,0.73,192,8,1
2030,34,6,3057,0,7.6,0.53,0,2,6,3.5,-1.5,3.5,-1.5,0,40,18,10,9,0.9,187,6,0
5318,46,2,8031,0,6.2,1.71,1,5,5,3.5,1.5,3.5,1.5,1,40,18,7,7,1,191,7,0
3665,32,2,5551,0,6.8,0.85,1,4,4,3.5,0.5,3.5,0.5,1,39,18,8,8,1,189,8,1
5271,43,1,7949,0,6.8,1.61,1,3,4,3.5,-0.5,3.5,-0.5,0,37,18,8,8,1,191,8,2
2750,45,4,4147,0,7.4,0.42,0,3,4,3.5,-0.5,3.5,-0.5,0,41,18,9,9,1,191,9,1
4246,31,1,6331,0,7.7,1.11,1,2,5,3.5,-1.5,3.5,-1.5,0,41,18,9,9,1,175,9,0
2041,36,9,3082,0,7.5,1.25,0,4,6,3.5,0.5,3.5,0.5,0,41,19,8,7,0.88,192,7,1
4978,39,2,7513,0,6.7,1.23,1,3,6,3.5,-0.5,3.5,-0.5,0,44,19,10,10,1,187,9,1
2041,34,9,3080,0,7.6,1.56,0,2,6,3.5,-1.5,3.5,-1.5,0,41,19,10,10,1,192,10,3
1147,13,2,1747,1,6,0.53,0,2,5,3.5,-1.5,3.5,-1.5,0,42,19,10,10,1,195,9,1
3356,28,1,5048,0,8.9,1.15,1,5,5,3.5,1.5,3.5,1.5,1,41,19,11,11,1,177,10,1
2321,2,6,3533,1,6,0.38,0,3,4,3.5,-0.5,3.5,-0.5,0,40,20,9,9,1,195,9,0
3152,26,4,4748,0,7.5,0.3,0,4,4,3.5,0.5,3.5,0.5,1,46,20,10,10,1,164,9,0
3373,28,1,5068,0,8.9,1.15,1,4,4,3.5,0.5,3.5,0.5,1,41,20,10,10,1,185,9,4
380,6,1,592,1,6.7,1.4,0,3,6,3.5,-0.5,3.5,-0.5,0,44,20,10,10,1,208,8,0
5318,45,2,8030,0,7.4,1.6,1,4,5,3.5,0.5,3.5,0.5,0,41,21,7,4,0.57,196,4,2
3587,43,1,5424,0,6.8,1.61,1,4,4,3.5,0.5,3.5,0.5,1,45,21,9,6,0.67,127,3,0
3034,23,4,4573,0,7.8,0.4,1,3,5,3.5,-0.5,3.5,-0.5,0,44,21,10,7,0.7,190,7,0
5391,45,9,8130,0,7.4,1.14,1,3,4,3.5,-0.5,3.5,-0.5,0,42,21,10,8,0.8,189,8,4
5318,44,2,8029,0,5.1,1.39,1,3,5,3.5,-0.5,3.5,-0.5,0,44,21,9,9,1,,0,0
1927,34,9,2905,0,7.6,1.56,0,4,4,3.5,0.5,3.5,0.5,1,42,21,9,9,1,203,9,1
4246,34,8,6334,0,7.6,0.51,1,5,5,3.5,1.5,3.5,1.5,1,43,21,10,10,1,195,9,3
2534,21,6,3855,0,8.6,0.46,0,3,6,3.5,-0.5,3.5,-0.5,0,45,22,9,6,0.67,189,6,0
3310,28,6,4983,0,8.9,0.47,1,4,4,3.5,0.5,3.5,0.5,1,44,22,9,8,0.89,193,8,1
2219,40,4,3377,0,5.5,0.38,0,3,4,3.5,-0.5,3.5,-0.5,0,44,22,8,8,1,172,8,0
4192,34,9,6256,0,7.6,1.56,1,6,6,3.5,2.5,3.5,2.5,1,42,22,9,9,1,193,9,2
2030,33,6,3056,0,8.1,0.4,0,1,6,3.5,-2.5,3.5,-2.5,0,45,22,10,10,1,171,10,2
2929,23,1,4395,0,7.8,1,1,4,4,3.5,0.5,3.5,0.5,1,48,22,10,10,1,196,10,1
4192,33,9,6255,0,8.1,1.29,1,5,6,3.5,1.5,3.5,1.5,0,48,23,10,7,0.7,196,7,2
5271,44,5,7950,0,5.1,1.92,1,4,4,3.5,0.5,3.5,0.5,1,43,23,9,7,0.78,177,7,0
4192,30,9,6254,0,6.8,1.22,1,2,6,3.5,-1.5,3.5,-1.5,0,45,23,6,5,0.83,197,5,0
1919,34,3,2891,0,7.6,0.83,0,4,4,3.5,0.5,3.5,0.5,1,44,23,10,9,0.9,195,9,2
1927,33,9,2904,0,8.1,1.29,0,3,4,3.5,-0.5,3.5,-0.5,0,45,23,10,10,1,193,10,4
4705,37,4,7068,0,5.5,0.73,1,3,5,3.5,-0.5,3.5,-0.5,0,45,24,7,5,0.71,,0,0
1919,33,3,2890,0,8.1,0.57,0,3,4,3.5,-0.5,3.5,-0.5,0,46,24,9,7,0.78,189,7,0
3239,22,2,4868,0,7.4,1.66,0,2,5,3.5,-1.5,3.5,-1.5,0,47,24,6,5,0.83,204,5,1
1203,15,1,1834,1,5.7,0.61,0,4,5,3.5,0.5,3.5,0.5,0,46,24,7,7,1,200,6,0
2704,44,8,4081,0,5.1,0.84,0,3,4,3.5,-0.5,3.5,-0.5,0,45,24,8,8,1,179,8,2
4246,33,8,6333,0,8.1,0.41,1,4,5,3.5,0.5,3.5,0.5,0,47,24,10,10,1,189,10,3
4705,39,4,7070,0,6.7,0.48,1,5,5,3.5,1.5,3.5,1.5,1,46,24,10,10,1,195,9,1
706,9,5,1085,1,4.9,0.35,0,4,5,3.5,0.5,3.5,0.5,0,52,25,11,8,0.73,170,3,0
2753,45,9,4151,0,7.4,1.14,0,3,4,3.5,-0.5,3.5,-0.5,0,49,25,12,9,0.75,183,9,3
3239,23,2,4869,0,7.8,1.01,0,3,5,3.5,-0.5,3.5,-0.5,0,47,25,9,7,0.78,203,7,3
4994,42,1,7541,0,5.6,1.58,1,4,4,3.5,0.5,3.5,0.5,1,48,25,9,7,0.78,197,7,1
1496,20,3,2249,0,8.5,0.3,1,4,4,3.5,0.5,3.5,0.5,1,50,25,11,9,0.82,196,9,3
693,8,3,1065,1,4.5,0.3,0,3,5,3.5,-0.5,3.5,-0.5,0,44,25,7,6,0.86,199,4,1
3659,32,2,5543,0,6.8,0.85,1,4,4,3.5,0.5,3.5,0.5,1,48,25,8,7,0.88,181,7,2
542,9,6,845,1,4.9,0.24,0,4,7,3.5,0.5,3.5,0.5,0,51,25,8,7,0.88,186,6,1
2030,35,6,3058,0,6.9,0.7,0,3,6,3.5,-0.5,3.5,-0.5,0,44,25,9,8,0.89,180,8,1
4994,41,1,7540,0,7,0.79,1,3,4,3.5,-0.5,3.5,-0.5,0,45,25,10,9,0.9,194,9,2
2219,41,4,3378,0,7,0.28,0,4,4,3.5,0.5,3.5,0.5,1,48,25,11,10,0.91,,0,0
2700,44,8,4075,0,5.1,0.84,0,3,4,3.5,-0.5,3.5,-0.5,0,45,25,7,7,1,188,7,0
693,9,3,1066,1,4.9,0.37,0,4,5,3.5,0.5,3.5,0.5,0,47,25,7,7,1,198,2,0
4714,41,7,7089,0,7,0.25,1,5,5,3.5,1.5,3.5,1.5,1,47,25,9,9,1,198,7,3
2750,46,4,4148,0,6.2,0.51,0,4,4,3.5,0.5,3.5,0.5,1,49,25,10,10,1,176,10,0
706,8,1,1084,1,4.5,1.11,0,3,5,3.5,-0.5,3.5,-0.5,0,48,25,10,10,1,,0,0
346,4,6,541,1,8.2,0.37,0,4,4,3.5,0.5,3.5,0.5,1,47,25,11,11,1,191,10,3
2372,44,8,3621,0,5.1,0.84,0,5,5,3.5,1.5,3.5,1.5,1,47,26,10,7,0.7,194,5,0
25,4,4,42,1,8.2,0.32,1,4,6,3.5,0.5,3.5,0.5,0,54,26,11,9,0.82,204,6,0
2534,23,6,3857,0,7.8,0.38,0,5,6,3.5,1.5,3.5,1.5,0,45,26,7,6,0.86,167,5,1
2041,35,9,3081,0,6.9,1.75,0,3,6,3.5,-0.5,3.5,-0.5,0,53,26,7,6,0.86,195,5,0
39,2,1,64,1,6,2.33,0,3,4,3.5,-0.5,3.5,-0.5,0,46,26,7,7,1,,0,0
3152,25,4,4747,0,6.5,0.39,0,3,4,3.5,-0.5,3.5,-0.5,0,50,26,8,8,1,177,8,1
4714,40,7,7088,0,5.5,0.12,1,4,5,3.5,0.5,3.5,0.5,0,44,26,9,9,1,195,7,1
2372,41,6,3620,0,7,0.37,0,2,5,3.5,-1.5,3.5,-1.5,0,50,26,9,9,1,194,7,2
251,4,1,374,1,8.2,1.32,0,3,4,3.5,-0.5,3.5,-0.5,0,48,26,9,9,1,189,8,1
2815,20,5,4237,0,8.5,0.48,0,3,4,3.5,-0.5,3.5,-0.5,0,53,26,10,10,1,187,7,3
2030,37,6,3060,0,5.5,0.71,0,5,6,3.5,1.5,3.5,1.5,0,51,26,10,10,1,191,8,1
641,6,4,994,1,6.7,0.27,0,3,6,3.5,-0.5,3.5,-0.5,0,45,26,11,11,1,191,8,1
4702,37,1,7062,0,5.5,1.32,1,3,4,3.5,-0.5,3.5,-0.5,0,49,27,9,8,0.89,150,6,2
5391,46,9,8131,0,6.2,1.71,1,4,4,3.5,0.5,3.5,0.5,1,46,27,9,8,0.89,185,8,0
4714,39,7,7087,0,6.7,0.29,1,3,5,3.5,-0.5,3.5,-0.5,0,49,27,8,8,1,162,8,0
25,3,4,41,1,5.9,0.3,1,3,6,3.5,-0.5,3.5,-0.5,0,49,27,9,9,1,172,5,0
474,9,1,728,1,4.9,0.86,1,5,5,3.5,1.5,3.5,1.5,1,51,27,9,9,1,183,8,1
1496,19,3,2248,0,8.1,0.3,1,3,4,3.5,-0.5,3.5,-0.5,0,51,27,10,10,1,181,9,2
2041,33,9,3079,0,8.1,1.29,0,1,6,3.5,-2.5,3.5,-2.5,0,48,27,10,10,1,178,10,3
2753,46,9,4152,0,6.2,1.71,0,4,4,3.5,0.5,3.5,0.5,1,50,27,12,12,1,156,4,0
4978,42,2,7516,0,5.6,1.55,1,6,6,3.5,2.5,3.5,2.5,1,52,28,6,3,0.5,183,3,0
3239,25,2,4871,0,6.5,0.48,0,5,5,3.5,1.5,3.5,1.5,1,51,28,6,4,0.67,187,3,1
2704,46,8,4083,0,6.2,0.84,0,5,4,3.5,1.5,3.5,1.5,0,50,28,7,5,0.71,,0,0
2534,24,8,3858,0,7.3,0.84,0,6,6,3.5,2.5,3.5,2.5,1,50,28,9,7,0.78,183,6,0
1203,13,1,1832,1,6,1.15,0,2,5,3.5,-1.5,3.5,-1.5,0,49,28,7,6,0.86,207,6,0
625,8,5,966,1,4.5,0.26,0,3,5,3.5,-0.5,3.5,-0.5,0,50,28,9,8,0.89,190,8,1
3239,24,2,4870,0,7.3,1.55,0,4,5,3.5,0.5,3.5,0.5,0,49,28,8,8,1,174,6,0
542,6,6,842,1,6.7,0.46,0,1,7,3.5,-2.5,3.5,-2.5,0,50,28,8,8,1,180,8,0
380,7,1,593,1,5.9,1.5,0,4,6,3.5,0.5,3.5,0.5,0,53,28,9,9,1,193,7,0
641,7,4,995,1,5.9,0.22,0,4,6,3.5,0.5,3.5,0.5,0,53,28,10,10,1,161,9,0
1147,14,2,1748,1,7,0.75,0,3,5,3.5,-0.5,3.5,-0.5,0,,28,10,10,1,,10,0
2534,22,6,3856,0,7.4,0.49,0,4,6,3.5,0.5,3.5,0.5,0,52,29,9,5,0.56,190,4,0
542,7,6,843,1,5.9,0.33,0,2,7,3.5,-1.5,3.5,-1.5,0,,29,6,5,0.83,,4,0
2041,37,9,3083,0,5.5,1.94,0,5,6,3.5,1.5,3.5,1.5,0,52,29,8,7,0.88,193,7,0
51,4,6,82,1,8.2,0.37,0,4,4,3.5,0.5,3.5,0.5,1,51,29,9,9,1,192,9,1
1203,14,1,1833,1,7,1.18,0,3,5,3.5,-0.5,3.5,-0.5,0,51,29,9,9,1,199,9,1
1147,16,2,1750,1,5.7,1.34,0,5,5,3.5,1.5,3.5,1.5,1,50,29,9,9,1,166,9,0
4714,38,7,7086,0,7.4,0.25,1,2,5,3.5,-1.5,3.5,-1.5,0,51,29,10,10,1,181,9,0
257,6,1,389,1,6.7,1.4,1,5,5,3.5,1.5,3.5,1.5,1,53,31,10,8,0.8,201,8,1
812,9,4,1239,1,4.9,0.27,0,3,4,3.5,-0.5,3.5,-0.5,0,55,31,11,10,0.91,186,10,3
3587,42,1,5423,0,5.6,1.58,1,3,4,3.5,-0.5,3.5,-0.5,0,55,32,6,3,0.5,,0,0
4192,29,9,6253,0,5.7,1.25,1,1,6,3.5,-2.5,3.5,-2.5,0,50,32,7,6,0.86,184,6,0
1203,16,1,1835,1,5.7,1.15,0,5,5,3.5,1.5,3.5,1.5,1,53,32,7,7,1,202,6,1
346,3,6,540,1,5.9,0.36,0,3,4,3.5,-0.5,3.5,-0.5,0,52,32,10,10,1,169,8,0
2321,3,6,3534,1,5.9,0.36,0,4,4,3.5,0.5,3.5,0.5,1,54,32,10,10,1,181,9,0
625,7,5,965,1,5.9,0.52,0,2,5,3.5,-1.5,3.5,-1.5,0,54,32,10,10,1,191,7,0
542,12,6,847,1,5.4,0.38,0,7,7,3.5,3.5,3.5,3.5,1,55,33,7,5,0.71,193,4,1
1167,16,8,1777,1,5.7,0.41,1,5,5,3.5,1.5,3.5,1.5,1,52,33,6,6,1,191,6,0
1167,13,8,1776,1,6,0.32,1,2,5,3.5,-1.5,3.5,-1.5,0,51,33,8,8,1,195,8,1
2929,22,1,4394,0,7.4,1.36,1,3,4,3.5,-0.5,3.5,-0.5,0,54,33,10,10,1,189,10,0
25,5,4,43,1,5.6,0.28,1,5,6,3.5,1.5,3.5,1.5,0,57,34,10,2,0.2,194,2,0
4978,37,2,7511,0,5.5,1.39,1,1,6,3.5,-2.5,3.5,-2.5,0,56,34,7,7,1,189,7,0
693,7,3,1064,1,5.9,0.3,0,2,5,3.5,-1.5,3.5,-1.5,0,53,34,7,7,1,189,7,1
866,12,6,1336,1,5.4,0.38,1,4,4,3.5,0.5,3.5,0.5,1,54,34,10,10,1,205,10,1
4246,32,8,6332,0,6.8,0.06,1,3,5,3.5,-0.5,3.5,-0.5,0,57,35,8,7,0.88,,7,0
3373,27,1,5067,0,7.3,1.18,1,3,4,3.5,-0.5,3.5,-0.5,0,57,35,7,7,1,178,7,2
51,3,6,81,1,5.9,0.36,0,3,4,3.5,-0.5,3.5,-0.5,0,56,35,8,8,1,176,8,0
866,11,6,1335,1,7,0.24,1,3,4,3.5,-0.5,3.5,-0.5,0,57,35,9,9,1,,8,0
251,5,1,375,1,5.6,1.54,0,4,4,3.5,0.5,3.5,0.5,1,55,35,10,10,1,180,9,0
3034,25,4,4575,0,6.5,0.39,1,5,5,3.5,1.5,3.5,1.5,1,60,35,11,11,1,190,7,0
706,10,1,1086,1,5.4,1.25,0,5,5,3.5,1.5,3.5,1.5,1,,35,11,11,1,,11,0
474,6,8,726,1,6.7,0.49,1,2,5,3.5,-1.5,3.5,-1.5,0,56,36,8,8,1,193,8,0
641,5,4,993,1,5.6,0.28,0,2,6,3.5,-1.5,3.5,-1.5,0,55,36,9,9,1,205,8,0
812,10,4,1240,1,5.4,0.3,0,4,4,3.5,0.5,3.5,0.5,1,58,37,11,10,0.91,184,10,0
693,10,3,1067,1,5.4,0.27,0,5,5,3.5,1.5,3.5,1.5,1,58,37,8,8,1,189,7,1
1303,16,1,1980,1,5.7,1.15,0,4,5,3.5,0.5,3.5,0.5,0,58,37,8,8,1,170,6,0
3356,25,1,5045,0,6.5,1,1,2,5,3.5,-1.5,3.5,-1.5,0,62,38,9,7,0.78,188,6,1
706,7,1,1083,1,5.9,1.5,0,2,5,3.5,-1.5,3.5,-1.5,0,57,38,8,7,0.88,167,7,0
1303,15,1,1979,1,5.7,0.61,0,3,5,3.5,-0.5,3.5,-0.5,0,,38,9,8,0.89,,8,0
2534,19,6,3853,0,8.1,0.33,0,1,6,3.5,-2.5,3.5,-2.5,0,56,38,8,8,1,181,8,0
1303,17,1,1981,0,6.8,0.43,0,5,5,3.5,1.5,3.5,1.5,1,57,38,9,9,1,189,6,4
3356,27,1,5047,0,7.3,1.18,1,4,5,3.5,0.5,3.5,0.5,0,64,38,9,9,1,187,8,0
257,3,1,388,1,5.9,1.4,1,2,5,3.5,-1.5,3.5,-1.5,0,58,38,9,9,1,191,8,0
1303,14,1,1978,1,7,1.18,0,2,5,3.5,-1.5,3.5,-1.5,0,,39,8,7,0.88,,7,1
2534,20,6,3854,0,8.5,0.36,0,2,6,3.5,-1.5,3.5,-1.5,0,60,39,8,8,1,180,8,1
39,3,1,65,1,5.9,1.4,0,4,4,3.5,0.5,3.5,0.5,1,62,40,8,8,1,,0,0
3310,27,6,4982,0,7.3,0.33,1,3,4,3.5,-0.5,3.5,-0.5,0,63,40,9,9,1,200,9,1
625,9,5,967,1,4.9,0.35,0,4,5,3.5,0.5,3.5,0.5,0,61,42,5,5,1,,5,3
625,10,5,968,1,5.4,0.57,0,5,5,3.5,1.5,3.5,1.5,1,62,43,9,9,1,,7,0
2872,22,4,4308,0,7.4,0.42,1,4,6,3.6,0.4,3.6,0.4,0,46,18,12,12,1,188,12,2
2872,20,4,4307,0,8.5,0.25,1,2,6,3.6,-1.6,3.6,-1.6,0,50,23,13,13,1,179,13,4
2872,24,4,4310,0,7.3,0.65,1,6,6,3.6,2.4,3.6,2.4,1,49,24,13,13,1,181,10,1
2872,23,4,4309,0,7.8,0.4,1,5,6,3.6,1.4,3.6,1.4,0,53,25,12,12,1,197,12,5
2872,19,4,4306,0,8.1,0.27,1,1,6,3.6,-2.6,3.6,-2.6,0,52,25,13,13,1,177,12,2
340,6,4,527,1,6.7,0.27,1,4,8,3.666666667,0.333333333,3.666666667,0.333333333,0,,18,10,10,1,,8,1
351,5,5,547,1,5.6,0.52,0,4,5,3.666666667,0.333333333,3.666666667,0.333333333,0,45,20,11,10,0.91,200,10,3
5133,39,9,7743,0,6.7,1.37,1,2,5,3.666666667,-1.666666667,3.666666667,-1.666666667,0,44,21,8,8,1,198,7,0
23,2,9,36,1,6,1.06,1,2,5,3.666666667,-1.666666667,3.666666667,-1.666666667,0,40,22,7,7,1,196,7,0
195,26,8,292,0,7.5,0.41,0,3,6,3.666666667,-0.666666667,3.666666667,-0.666666667,0,50,23,6,6,1,182,1,0
340,4,4,526,1,8.2,0.32,1,2,8,3.666666667,-1.666666667,3.666666667,-1.666666667,0,45,24,9,9,1,195,7,0
351,3,5,546,1,5.9,0.52,0,2,5,3.666666667,-1.666666667,3.666666667,-1.666666667,0,47,25,8,6,0.75,,0,0
195,29,8,293,0,5.7,0.49,0,6,6,3.666666667,2.333333333,3.666666667,2.333333333,1,50,27,7,6,0.86,188,6,1
617,6,8,953,1,6.7,0.49,0,2,6,3.666666667,-1.666666667,3.666666667,-1.666666667,0,46,28,5,5,1,180,5,1
23,4,9,37,1,8.2,0.61,1,4,5,3.666666667,0.333333333,3.666666667,0.333333333,0,51,30,9,7,0.78,206,7,1
5133,41,9,7744,0,7,1.14,1,4,5,3.666666667,0.333333333,3.666666667,0.333333333,0,56,30,6,6,1,200,4,1
5133,42,4,7745,0,5.6,0.54,1,5,5,3.666666667,1.333333333,3.666666667,1.333333333,1,61,31,6,6,1,177,6,0
351,6,5,548,1,6.7,0.48,0,5,5,3.666666667,1.333333333,3.666666667,1.333333333,1,52,31,11,11,1,203,11,0
617,10,8,955,1,5.4,0.49,0,6,6,3.666666667,2.333333333,3.666666667,2.333333333,1,57,32,7,1,0.14,,0,0
340,7,4,528,1,5.9,0.22,1,5,8,3.666666667,1.333333333,3.666666667,1.333333333,0,54,32,8,8,1,189,8,2
23,5,9,38,1,5.6,0.91,1,5,5,3.666666667,1.333333333,3.666666667,1.333333333,1,52,33,7,0,0,,0,0
195,25,8,291,0,6.5,0.39,0,2,6,3.666666667,-1.666666667,3.666666667,-1.666666667,0,58,34,8,8,1,182,8,1
638,9,8,989,1,4.9,0.41,0,4,5,3.666666667,0.333333333,3.666666667,0.333333333,0,55,35,6,6,1,,6,2
617,7,8,954,1,5.9,0.45,0,3,6,3.666666667,-0.666666667,3.666666667,-0.666666667,0,53,35,6,6,1,187,6,1
638,10,8,990,1,5.4,0.49,0,5,5,3.666666667,1.333333333,3.666666667,1.333333333,1,63,45,6,5,0.83,193,3,0
638,7,8,988,1,5.9,0.45,0,2,5,3.666666667,-1.666666667,3.666666667,-1.666666667,0,58,46,5,3,0.6,197,3,0
201,26,9,304,0,7.5,0.72,0,3,6,3.75,-0.75,3.75,-0.75,0,47,22,11,11,1,162,11,1
201,29,9,306,0,5.7,1.25,0,6,6,3.75,2.25,3.75,2.25,1,52,29,12,10,0.83,169,10,0
201,25,9,303,0,6.5,1.33,0,2,6,3.75,-1.75,3.75,-1.75,0,54,29,12,12,1,187,9,1
201,27,9,305,0,7.3,0.87,0,4,6,3.75,0.25,3.75,0.25,0,65,40,15,15,1,184,13,0
865,13,4,1332,1,6,0.18,1,5,6,3.8,1.2,3.8,1.2,0,42,11,9,8,0.89,195,5,2
865,12,4,1331,1,5.4,0.26,1,4,6,3.8,0.2,3.8,0.2,0,46,23,11,11,1,192,10,0
865,9,4,1328,1,4.9,0.27,1,1,6,3.8,-2.8,3.8,-2.8,0,46,23,11,11,1,165,8,0
865,14,4,1333,1,7,0.22,1,6,6,3.8,2.2,3.8,2.2,1,,25,10,10,1,,7,0
865,11,6,1330,1,7,0.24,1,3,6,3.8,-0.8,3.8,-0.8,0,56,34,11,11,1,,8,4
2278,39,6,3469,0,6.7,0.43,0,4,4,2.333333333,1.666666667,4,0,1,40,20,5,5,1,191,4,1
2278,36,6,3467,0,7.5,0.65,0,1,4,2.333333333,-1.333333333,4,-3,0,,,7,6,0.86,184,6,1
2278,37,6,3468,0,5.5,0.71,0,2,4,2.333333333,-0.333333333,4,-2,0,,,3,3,1,,0,0
4272,34,4,6369,0,7.6,0.44,1,4,4,2.5,1.5,4,0,1,38,16,10,7,0.7,198,7,0
4272,31,4,6368,0,7.7,0.38,1,1,4,2.5,-1.5,4,-3,0,,,11,11,1,184,11,0
4598,38,5,6904,0,7.4,1.14,1,4,4,3,1,4,0,1,29,1,9,8,0.89,180,8,0
4598,36,5,6903,0,7.5,1.01,1,2,4,3,-1,4,-2,0,,,8,7,0.88,191,7,2
1902,38,2,2855,0,7.4,1.39,0,3,5,3.5,-0.5,4,-1,0,33,12,7,5,0.71,200,5,0
1902,40,2,2857,0,5.5,0.96,0,5,5,3.5,1.5,4,1,1,36,14,6,2,0.33,202,2,0
1902,39,2,2856,0,6.7,1.23,0,4,5,3.5,0.5,4,0,0,40,22,6,6,1,207,6,0
1902,37,2,2854,0,5.5,1.39,0,2,5,3.5,-1.5,4,-2,0,,,5,3,0.6,183,3,0
5466,40,2,8248,0,5.5,0.96,1,2,6,4,-2,4,-2,0,35,13,8,7,0.88,199,6,0
1723,2,9,2612,1,6,1.06,0,4,4,4,0,4,0,1,35,13,10,9,0.9,204,9,0
4917,43,2,7423,0,6.8,1.98,1,5,5,4,1,4,1,1,37,16,8,4,0.5,179,4,0
2845,22,4,4276,0,7.4,0.42,0,4,4,4,0,4,0,1,43,16,9,7,0.78,198,7,1
2465,45,5,3763,0,7.4,1.27,0,6,6,4,2,4,2,1,39,16,11,9,0.82,185,9,2
5466,43,2,8251,0,6.8,1.98,1,5,6,4,1,4,1,0,39,17,10,7,0.7,198,7,2
3466,30,4,5205,0,6.8,0.41,1,6,6,4,2,4,2,1,44,17,11,10,0.91,184,10,3
4222,34,5,6301,0,7.6,1.53,1,4,4,4,0,4,0,1,37,17,9,9,1,182,9,0
5289,45,4,7977,0,7.4,0.42,1,4,4,4,0,4,0,1,41,18,10,10,1,191,10,0
55,2,1,86,1,6,2.33,0,1,7,4,-3,4,-3,0,39,19,9,9,1,188,9,0
3466,28,4,5203,0,8.9,0.39,1,4,6,4,0,4,0,0,41,19,11,11,1,181,11,3
5466,44,2,8252,0,5.1,1.39,1,6,6,4,2,4,2,1,43,20,10,6,0.6,183,6,0
4917,41,2,7421,0,7,1.76,1,3,5,4,-1,4,-1,0,42,20,8,5,0.63,177,5,1
34,2,6,55,1,6,0.38,0,3,5,4,-1,4,-1,0,40,20,9,6,0.67,198,5,1
5370,46,6,8103,0,6.2,0.75,1,4,4,4,0,4,0,1,47,20,10,10,1,188,10,1
3021,22,9,4547,0,7.4,0.95,1,2,6,4,-2,4,-2,0,49,20,12,12,1,188,11,0
3466,26,4,5201,0,7.5,0.3,1,2,6,4,-2,4,-2,0,48,21,12,12,1,182,12,3
4465,37,4,6661,0,5.5,0.73,1,4,4,4,0,4,0,1,46,22,12,5,0.42,,0,0
5048,40,8,7618,0,5.5,0.51,1,4,5,4,0,4,0,0,44,22,9,4,0.44,190,4,1
2821,21,2,4249,0,8.6,1.12,0,5,5,4,1,4,1,1,45,22,10,9,0.9,170,9,0
3868,47,1,5834,0,6.7,1.22,1,4,4,4,0,4,0,1,43,22,10,9,0.9,176,9,1
279,5,1,424,1,5.6,1.54,0,4,4,4,0,4,0,1,43,22,8,8,1,160,1,0
4371,45,4,6510,0,7.4,0.42,1,4,5,4,0,4,0,0,46,22,9,9,1,188,9,3
3021,26,9,4551,0,7.5,0.72,1,6,6,4,2,4,2,1,47,22,11,11,1,181,10,0
5466,41,2,8249,0,7,1.76,1,3,6,4,-1,4,-1,0,44,23,9,9,1,191,9,3
10,4,9,14,1,8.2,0.61,1,4,4,4,0,4,0,1,47,23,9,9,1,205,9,0
3466,29,4,5204,0,5.7,0.48,1,5,6,4,1,4,1,0,49,23,10,10,1,176,10,2
507,8,3,796,1,4.5,0.3,1,4,4,4,0,4,0,1,47,23,12,12,1,,0,0
477,9,2,739,1,4.9,0.64,1,5,5,4,1,4,1,1,,24,9,5,0.56,,4,0
825,12,4,1261,1,5.4,0.26,0,6,6,4,2,4,2,1,46,24,7,4,0.57,213,4,0
5230,44,8,7901,0,5.1,0.84,1,4,4,4,0,4,0,1,47,24,8,8,1,176,8,0
1753,34,9,2659,0,7.6,1.56,0,6,7,4,2,4,2,0,42,24,8,8,1,185,8,0
477,8,2,738,1,4.5,0.69,1,4,5,4,0,4,0,0,46,24,8,8,1,195,8,0
1753,33,9,2658,0,8.1,1.29,0,5,7,4,1,4,1,0,45,24,9,9,1,198,9,0
56,4,5,91,1,8.2,0.39,0,4,5,4,0,4,0,0,42,24,10,10,1,191,8,1
5048,41,8,7619,0,7,0.54,1,5,5,4,1,4,1,1,48,25,8,7,0.88,193,7,2
5466,42,2,8250,0,5.6,1.55,1,4,6,4,0,4,0,0,47,25,8,7,0.88,195,7,0
3021,23,9,4548,0,7.8,0.72,1,3,6,4,-1,4,-1,0,47,25,11,10,0.91,182,10,3
45,4,4,74,1,8.2,0.32,0,4,5,4,0,4,0,0,50,25,12,12,1,197,4,0
871,11,4,1343,1,7,0.16,0,4,4,4,0,4,0,1,50,25,13,13,1,,12,3
230,4,4,349,1,8.2,0.32,1,3,5,4,-1,4,-1,0,49,26,12,10,0.83,194,7,0
4371,44,4,6509,0,5.1,0.41,1,3,5,4,-1,4,-1,0,49,26,9,8,0.89,120,4,0
5048,39,8,7617,0,6.7,0.41,1,3,5,4,-1,4,-1,0,47,26,9,8,0.89,191,7,0
3021,24,9,4549,0,7.3,1.25,1,4,6,4,0,4,0,0,47,26,10,10,1,178,10,0
912,11,3,1404,1,7,0.2,0,4,4,4,0,4,0,1,49,26,11,11,1,,7,0
5296,46,3,7989,0,6.2,0.83,1,5,5,4,1,4,1,1,46,27,7,5,0.71,192,5,3
2465,44,5,3762,0,5.1,1.92,0,5,6,4,1,4,1,0,48,27,9,7,0.78,159,6,0
2346,44,1,3575,0,5.1,1.83,0,4,4,4,0,4,0,1,47,27,6,5,0.83,,0,0
5296,44,3,7988,0,5.1,0.73,1,3,5,4,-1,4,-1,0,46,27,6,6,1,191,6,0
1753,31,9,2656,0,7.7,0.87,0,3,7,4,-1,4,-1,0,44,27,8,8,1,187,8,1
118,29,5,173,0,5.7,1.27,0,4,4,4,0,4,0,1,53,28,2,1,0.5,193,1,0
1753,35,9,2660,0,6.9,1.75,0,7,7,4,3,4,3,1,45,28,7,7,1,197,7,2
55,4,1,87,1,8.2,1.32,0,3,7,4,-1,4,-1,0,53,28,10,10,1,193,10,2
3021,25,9,4550,0,6.5,1.33,1,5,6,4,1,4,1,0,54,28,12,12,1,184,12,0
423,7,1,655,1,5.9,1.5,1,4,4,4,0,4,0,1,49,29,7,7,1,191,7,1
2051,37,4,3098,0,5.5,0.73,0,4,4,4,0,4,0,1,50,29,8,8,1,190,8,0
522,8,8,820,1,4.5,0.34,0,3,5,4,-1,4,-1,0,53,29,8,8,1,187,7,2
1266,16,4,1920,1,5.7,0.13,0,3,5,4,-1,4,-1,0,51,29,9,9,1,180,9,0
18,4,9,27,1,8.2,0.61,1,4,4,4,0,4,0,1,49,29,9,9,1,204,9,1
4371,46,4,6511,0,6.2,0.51,1,5,5,4,1,4,1,1,54,29,10,10,1,170,10,0
34,4,6,56,1,8.2,0.37,0,5,5,4,1,4,1,1,53,29,10,10,1,183,7,2
2317,3,9,3529,1,5.9,0.76,0,4,4,4,0,4,0,1,52,30,9,6,0.67,182,5,0
522,9,4,821,1,4.9,0.27,0,4,5,4,0,4,0,0,55,30,7,5,0.71,183,5,0
1039,16,5,1579,1,5.7,0.66,0,5,6,4,1,4,1,0,48,30,8,7,0.88,190,6,1
4917,42,2,7422,0,5.6,1.55,1,4,5,4,0,4,0,0,53,31,5,3,0.6,182,3,0
776,10,4,1194,1,5.4,0.3,1,4,4,4,0,4,0,1,54,31,10,8,0.8,207,5,1
2319,3,9,3531,1,5.9,0.76,0,4,4,4,0,4,0,1,56,31,12,10,0.83,198,9,2
4619,37,4,6935,0,5.5,0.73,1,4,4,4,0,4,0,1,50,31,7,6,0.86,195,4,0
477,7,2,737,1,5.9,1.01,1,3,5,4,-1,4,-1,0,52,31,8,8,1,196,8,0
1039,14,5,1578,1,7,0.74,0,3,6,4,-1,4,-1,0,52,31,9,9,1,195,9,0
370,4,1,576,1,8.2,1.32,0,3,6,4,-1,4,-1,0,51,32,7,7,1,199,7,1
1753,30,9,2655,0,6.8,1.22,0,2,7,4,-2,4,-2,0,51,33,7,5,0.71,184,5,0
2465,40,5,3761,0,5.5,1.57,0,1,6,4,-3,4,-3,0,51,33,8,7,0.88,,0,0
345,4,6,539,1,8.2,0.37,0,4,4,4,0,4,0,1,53,33,10,10,1,203,10,0
55,6,1,89,1,6.7,1.4,0,5,7,4,1,4,1,0,59,34,9,8,0.89,186,8,0
3466,27,4,5202,0,7.3,0.32,1,3,6,4,-1,4,-1,0,63,34,10,10,1,172,6,0
3129,25,4,4706,0,6.5,0.39,1,4,5,4,0,4,0,0,55,34,10,10,1,189,9,2
753,10,4,1164,1,5.4,0.3,1,4,4,4,0,4,0,1,58,35,10,9,0.9,184,9,1
1039,17,5,1580,0,6.8,0.74,0,6,6,4,2,4,2,1,62,35,8,8,1,194,4,0
1266,18,9,1921,0,5.8,1.03,0,5,5,4,1,4,1,1,56,35,8,8,1,182,8,0
370,7,1,579,1,5.9,1.5,0,6,6,4,2,4,2,1,54,35,8,8,1,189,8,0
825,8,4,1260,1,4.5,0.17,0,2,6,4,-2,4,-2,0,55,35,9,9,1,163,7,0
230,6,4,350,1,6.7,0.27,1,5,5,4,1,4,1,1,56,35,11,11,1,186,8,0
55,8,1,90,1,4.5,1.11,0,7,7,4,3,4,3,1,56,36,7,5,0.71,194,4,0
1753,29,9,2654,0,5.7,1.25,0,1,7,4,-3,4,-3,0,54,36,7,7,1,191,7,1
1843,32,6,2778,0,6.8,0.19,0,4,4,4,0,4,0,1,57,37,6,4,0.67,183,4,0
370,3,1,575,1,5.9,1.4,0,2,6,4,-2,4,-2,0,56,37,9,9,1,178,8,0
1039,13,5,1577,1,6,0.7,0,2,6,4,-2,4,-2,0,55,38,8,8,1,197,8,0
314,6,8,477,1,6.7,0.49,1,4,4,4,0,4,0,1,58,39,9,9,1,,8,0
55,5,1,88,1,5.6,1.54,0,4,7,4,0,4,0,0,57,40,7,7,1,175,7,0
2821,19,2,4248,0,8.1,1.23,0,3,5,4,-1,4,-1,0,62,40,8,8,1,174,8,0
2314,3,4,3524,1,5.9,0.3,0,4,4,4,0,4,0,1,60,41,9,9,1,194,9,2
370,6,1,578,1,6.7,1.4,0,5,6,4,1,4,1,0,59,41,9,9,1,189,8,0
522,10,8,822,1,5.4,0.49,0,5,5,4,1,4,1,1,62,43,7,7,1,171,6,0
2320,3,1,3532,1,5.9,1.4,0,4,4,4,0,4,0,1,61,43,7,7,1,194,7,0
1753,32,9,2657,0,6.8,0.91,0,4,7,4,0,4,0,0,,,5,5,1,197,5,1
5316,45,5,8024,0,7.4,1.27,1,4,5,4.5,-0.5,4,0,0,34,11,9,9,1,174,9,0
4457,37,6,6644,0,5.5,0.71,1,4,5,4.5,-0.5,4,0,0,63,32,8,8,1,203,8,0
4457,38,6,6645,0,7.4,0.68,1,5,5,4.5,0.5,4,1,1,,,5,5,1,197,5,0
5316,46,5,8025,0,6.2,1.57,1,5,5,4.5,0.5,4,1,1,,,7,7,1,182,7,2
3217,28,5,4836,0,8.9,1.05,0,7,7,4.666666667,2.333333333,4,3,1,43,23,8,5,0.63,175,4,1
3217,22,5,4834,0,7.4,0.92,0,1,7,4.666666667,-3.666666667,4,-3,0,56,37,7,6,0.86,200,6,1
3217,27,5,4835,0,7.3,0.74,0,6,7,4.666666667,1.333333333,4,2,0,,,8,8,1,188,8,2
845,13,6,1294,1,6,0.12,0,5,6,4.25,0.75,4.25,0.75,0,52,29,7,7,1,194,7,0
845,14,6,1295,1,7,0.18,0,6,6,4.25,1.75,4.25,1.75,1,54,32,10,10,1,191,9,0
845,12,6,1293,1,5.4,0.38,0,4,6,4.25,-0.25,4.25,-0.25,0,54,36,8,8,1,195,8,0
845,10,6,1292,1,5.4,0.28,0,2,6,4.25,-2.25,4.25,-2.25,0,59,38,9,5,0.56,,0,0
2505,21,4,3813,0,8.6,0.32,0,4,6,4.333333333,-0.333333333,4.333333333,-0.333333333,0,47,23,11,11,1,196,11,1
2505,23,4,3814,0,7.8,0.4,0,6,6,4.333333333,1.666666667,4.333333333,1.666666667,1,47,24,10,10,1,202,10,5
1094,17,9,1661,0,6.8,0.42,1,5,6,4.333333333,0.666666667,4.333333333,0.666666667,0,48,25,8,8,1,191,8,1
514,9,1,803,1,4.9,0.86,0,2,6,4.333333333,-2.333333333,4.333333333,-2.333333333,0,53,26,10,10,1,183,7,2
514,13,1,807,1,6,1.15,0,6,6,4.333333333,1.666666667,4.333333333,1.666666667,1,51,27,9,5,0.56,204,3,0
1094,14,9,1660,1,7,1.06,1,2,6,4.333333333,-2.333333333,4.333333333,-2.333333333,0,51,28,10,9,0.9,184,9,0
2505,20,4,3812,0,8.5,0.25,0,3,6,4.333333333,-1.333333333,4.333333333,-1.333333333,0,50,28,10,10,1,186,10,0
1094,18,9,1662,0,5.8,1.03,1,6,6,4.333333333,1.666666667,4.333333333,1.666666667,1,58,36,7,7,1,213,7,1
514,12,1,806,1,5.4,1.58,0,5,6,4.333333333,0.666666667,4.333333333,0.666666667,0,62,44,8,8,1,186,8,1
3524,30,8,5303,0,6.8,0.32,1,4,5,4.5,-0.5,4.5,-0.5,0,45,19,8,2,0.25,199,2,0
4278,34,5,6377,0,7.6,1.53,1,4,5,4.5,-0.5,4.5,-0.5,0,40,20,9,8,0.89,203,8,2
3524,31,1,5304,0,7.7,1.11,1,5,5,4.5,0.5,4.5,0.5,1,45,26,8,5,0.63,172,5,0
4278,35,5,6378,0,6.9,1.01,1,5,5,4.5,0.5,4.5,0.5,1,44,26,7,7,1,200,7,1
1280,17,9,1937,0,6.8,0.42,0,4,7,4.6,-0.6,4.6,-0.6,0,46,27,9,9,1,189,7,1
1280,18,9,1938,0,5.8,1.03,0,5,7,4.6,0.4,4.6,0.4,0,56,33,10,7,0.7,186,6,1
1280,14,9,1935,1,7,1.06,0,1,7,4.6,-3.6,4.6,-3.6,0,55,33,10,10,1,180,10,2
1280,19,9,1939,0,8.1,0.61,0,6,7,4.6,1.4,4.6,1.4,0,56,35,10,10,1,195,8,0
1280,20,9,1940,0,8.5,0.53,0,7,7,4.6,2.4,4.6,2.4,1,63,40,11,11,1,186,9,2
344,8,8,538,1,4.5,0.34,0,6,6,4.666666667,1.333333333,4.666666667,1.333333333,1,55,34,10,10,1,195,5,1
344,7,8,537,1,5.9,0.45,0,5,6,4.666666667,0.333333333,4.666666667,0.333333333,0,57,35,10,10,1,187,8,0
344,5,8,536,1,5.6,0.34,0,3,6,4.666666667,-1.666666667,4.666666667,-1.666666667,0,57,38,9,9,1,191,9,0
5165,38,2,7790,0,7.4,1.39,1,1,8,4.714285714,-3.714285714,4.714285714,-3.714285714,0,33,13,9,9,1,178,8,2
5165,43,2,7794,0,6.8,1.98,1,6,8,4.714285714,1.285714286,4.714285714,1.285714286,0,37,17,6,6,1,188,6,0
5165,39,2,7791,0,6.7,1.23,1,2,8,4.714285714,-2.714285714,4.714285714,-2.714285714,0,45,24,9,9,1,183,9,0
5165,41,2,7792,0,7,1.76,1,4,8,4.714285714,-0.714285714,4.714285714,-0.714285714,0,45,24,9,9,1,187,9,1
5165,45,2,7796,0,7.4,1.6,1,8,8,4.714285714,3.285714286,4.714285714,3.285714286,1,48,27,8,4,0.5,167,4,0
5165,44,2,7795,0,5.1,1.39,1,7,8,4.714285714,2.285714286,4.714285714,2.285714286,0,50,27,9,6,0.67,187,6,0
5165,42,2,7793,0,5.6,1.55,1,5,8,4.714285714,0.285714286,4.714285714,0.285714286,0,52,35,4,3,0.75,,0,0
143,8,2,210,1,4.5,0.69,0,4,7,4.75,-0.75,4.75,-0.75,0,40,18,10,10,1,181,0,0
143,9,2,211,1,4.9,0.64,0,5,7,4.75,0.25,4.75,0.25,0,,25,11,11,1,,8,2
3156,23,3,4757,0,7.8,0.37,0,2,7,4.75,-2.75,4.75,-2.75,0,48,27,9,8,0.89,204,8,0
1188,15,2,1804,1,5.7,1.01,0,4,7,4.75,-0.75,4.75,-0.75,0,51,28,8,8,1,182,8,0
1188,14,2,1803,1,7,0.75,0,3,7,4.75,-1.75,4.75,-1.75,0,,30,8,8,1,,8,0
3156,28,9,4760,0,8.9,1.1,0,7,7,4.75,2.25,4.75,2.25,1,50,31,9,9,1,187,6,0
143,11,2,213,1,7,0.53,0,7,7,4.75,2.25,4.75,2.25,1,,33,9,9,1,,5,0
1188,18,2,1806,0,5.8,1.39,0,7,7,4.75,2.25,4.75,2.25,1,58,34,7,7,1,182,6,0
1188,16,2,1805,1,5.7,1.34,0,5,7,4.75,0.25,4.75,0.25,0,55,36,8,8,1,,0,0
3156,25,3,4758,0,6.5,0.33,0,4,7,4.75,-0.75,4.75,-0.75,0,56,36,9,9,1,207,9,3
143,7,2,209,1,5.9,1.01,0,3,7,4.75,-1.75,4.75,-1.75,0,60,42,11,10,0.91,175,9,0
3156,27,3,4759,0,7.3,0.5,0,6,7,4.75,1.25,4.75,1.25,0,74,50,8,8,1,195,5,0
2947,22,9,4425,0,7.4,0.95,1,3,8,5,-2,5,-2,0,46,17,10,10,1,196,10,0
3643,34,9,5519,0,7.6,1.56,1,6,7,5,1,5,1,0,43,20,11,10,0.91,196,10,1
3643,30,9,5517,0,6.8,1.22,1,2,7,5,-3,5,-3,0,43,22,9,8,0.89,198,8,0
3643,33,9,5518,0,8.1,1.29,1,5,7,5,0,5,0,0,44,22,10,9,0.9,192,9,3
716,11,1,1104,1,7,0.86,0,5,5,5,0,5,0,1,46,23,11,6,0.55,194,6,1
2947,26,9,4428,0,7.5,0.72,1,7,8,5,2,5,2,0,51,25,10,4,0.4,202,4,0
901,13,2,1390,1,6,0.53,0,6,6,5,1,5,1,1,47,25,11,11,1,188,9,0
3643,35,9,5520,0,6.9,1.75,1,7,7,5,2,5,2,1,46,26,8,6,0.75,194,5,0
1664,3,4,2523,1,5.9,0.3,0,5,5,5,0,5,0,1,45,26,8,7,0.88,149,5,0
2947,23,9,4426,0,7.8,0.72,1,4,8,5,-1,5,-1,0,47,26,10,10,1,198,10,5
3507,32,2,5269,0,6.8,0.85,1,5,5,5,0,5,0,1,52,27,12,11,0.92,189,11,1
1724,4,1,2613,1,8.2,1.32,0,5,5,5,0,5,0,1,48,28,9,8,0.89,188,8,1
1623,46,4,2450,0,6.2,0.51,0,5,5,5,0,5,0,1,49,29,9,6,0.67,194,6,0
366,6,8,569,1,6.7,0.49,0,4,6,5,-1,5,-1,0,50,30,9,8,0.89,193,8,0
901,11,2,1389,1,7,0.53,0,4,6,5,-1,5,-1,0,,30,9,9,1,,9,0
2902,21,2,4353,0,8.6,1.12,0,4,6,5,-1,5,-1,0,51,30,11,11,1,186,11,2
2947,25,9,4427,0,6.5,1.33,1,6,8,5,1,5,1,0,54,31,9,8,0.89,195,7,0
471,9,9,722,1,4.9,0.42,1,5,5,5,0,5,0,1,54,31,8,8,1,178,7,1
307,5,5,465,1,5.6,0.52,0,5,5,5,0,5,0,1,54,33,9,4,0.44,204,3,0
598,8,8,927,1,4.5,0.34,0,5,5,5,0,5,0,1,55,33,8,8,1,193,5,1
366,7,8,570,1,5.9,0.45,0,5,6,5,0,5,0,0,54,33,8,8,1,177,8,0
17,6,1,26,1,6.7,1.4,1,6,6,5,1,5,1,1,54,35,8,8,1,186,8,1
2902,23,2,4355,0,7.8,1.01,0,6,6,5,1,5,1,1,57,36,10,10,1,178,9,2
17,4,1,24,1,8.2,1.32,1,4,6,5,-1,5,-1,0,56,37,9,9,1,197,8,1
1149,17,5,1752,0,6.8,0.74,0,5,5,5,0,5,0,1,56,37,11,11,1,179,9,0
366,8,8,571,1,4.5,0.34,0,6,6,5,1,5,1,1,59,39,9,9,1,170,4,1
786,17,6,1208,0,6.8,0.24,0,5,5,5,0,5,0,1,63,40,10,10,1,185,7,1
2902,22,2,4354,0,7.4,1.66,0,5,6,5,0,5,0,0,61,40,10,10,1,185,10,0
348,6,4,543,1,6.7,0.27,0,5,5,5,0,5,0,1,60,41,7,6,0.86,154,6,0
17,5,1,25,1,5.6,1.54,1,5,6,5,0,5,0,0,65,48,8,8,1,157,8,0
2455,44,5,3743,0,5.1,1.92,0,5,6,4.6,0.4,5.25,-0.25,0,37,13,9,9,1,191,9,0
2455,45,5,3744,0,7.4,1.27,0,6,6,4.6,1.4,5.25,0.75,1,39,14,10,9,0.9,171,9,1
2455,46,5,3745,0,6.2,1.57,0,7,6,4.6,2.4,5.25,1.75,0,41,17,8,3,0.38,,0,0
2455,42,5,3742,0,5.6,1.75,0,3,6,4.6,-1.6,5.25,-2.25,0,45,22,8,6,0.75,193,6,1
2455,41,5,3741,0,7,1.09,0,2,6,4.6,-2.6,5.25,-3.25,0,,,9,8,0.89,183,8,1
35,4,1,58,1,8.2,1.32,0,5,7,5.333333333,-0.333333333,5.333333333,-0.333333333,0,57,34,10,10,1,191,10,0
35,6,1,60,1,6.7,1.4,0,7,7,5.333333333,1.666666667,5.333333333,1.666666667,1,58,36,10,6,0.6,193,6,0
35,3,1,57,1,5.9,1.4,0,4,7,5.333333333,-1.333333333,5.333333333,-1.333333333,0,62,39,9,9,1,185,9,0
3275,26,1,4928,0,7.5,0.97,0,5,9,5.5,-0.5,5.5,-0.5,0,42,21,7,7,1,192,7,0
3275,28,1,4930,0,8.9,1.15,0,7,9,5.5,1.5,5.5,1.5,0,43,23,8,8,1,194,6,1
9,4,9,12,1,8.2,0.61,1,4,7,5.5,-1.5,5.5,-1.5,0,50,26,11,10,0.91,194,10,0
3275,30,1,4932,0,6.8,0.82,0,9,9,5.5,3.5,5.5,3.5,1,49,28,6,1,0.17,155,1,0
3275,29,1,4931,0,5.7,1.47,0,8,9,5.5,2.5,5.5,2.5,0,47,29,7,5,0.71,,5,1
3275,23,1,4925,0,7.8,1,0,2,9,5.5,-3.5,5.5,-3.5,0,47,29,6,6,1,,0,0
3275,25,1,4927,0,6.5,1,0,4,9,5.5,-1.5,5.5,-1.5,0,53,31,8,8,1,194,8,1
3275,24,1,4926,0,7.3,1.47,0,3,9,5.5,-2.5,5.5,-2.5,0,51,32,8,8,1,190,8,0
3275,27,1,4929,0,7.3,1.18,0,6,9,5.5,0.5,5.5,0.5,0,53,35,7,7,1,193,6,2
9,7,3,13,1,5.9,0.3,1,7,7,5.5,1.5,5.5,1.5,1,64,43,9,9,1,170,3,0
1434,20,4,2169,0,8.5,0.25,0,6,6,6,0,6,0,1,57,29,10,8,0.8,179,7,1
2,6,1,3,1,6.7,1.4,0,7,7,6.5,0.5,6.5,0.5,1,45,20,11,7,0.64,195,6,1
2,5,1,2,1,5.6,1.54,0,6,7,6.5,-0.5,6.5,-0.5,0,45,22,8,5,0.63,182,5,1
3898,44,5,5874,0,5.1,1.92,1,1,1,1,0,,,1,,,6,0,0,,3,0
4776,37,7,7187,0,5.5,0.37,1,1,1,1,0,,,1,,,7,2,0.29,218,2,1
5008,36,3,7560,0,7.5,0.73,1,1,1,1,0,,,1,,,4,2,0.5,173,2,0
2492,38,8,3796,0,7.4,0.51,0,1,1,1,0,,,1,,,8,4,0.5,186,4,1
4929,37,7,7440,0,5.5,0.37,1,1,1,1,0,,,1,,,7,4,0.57,,0,0
4202,31,3,6273,0,7.7,0.57,1,1,1,1,0,,,1,,,7,4,0.57,187,4,0
2431,44,8,3699,0,5.1,0.84,0,1,1,1,0,,,1,,,7,4,0.57,183,4,0
4159,29,2,6204,0,5.7,1.23,1,1,1,1,0,,,1,,,7,4,0.57,178,4,0
2337,42,1,3563,0,5.6,1.58,0,1,1,1,0,,,1,,,3,2,0.67,,0,0
3880,44,1,5852,0,5.1,1.83,1,1,1,1,0,,,1,,,6,4,0.67,166,3,0
5393,43,4,8133,0,6.8,0.46,1,1,1,1,0,,,1,,,7,5,0.71,184,5,1
3885,44,1,5859,0,5.1,1.83,1,1,1,1,0,,,1,,,7,5,0.71,,0,0
4862,36,1,7327,0,7.5,0.75,1,1,1,1,0,,,1,,,4,3,0.75,,0,0
2747,43,4,4140,0,6.8,0.46,0,1,1,1,0,,,1,,,9,7,0.78,192,5,0
4859,36,6,7323,0,7.5,0.65,1,1,1,1,0,,,1,,,5,4,0.8,188,4,2
1596,27,5,2406,0,7.3,0.74,0,1,1,1,0,,,1,,,11,9,0.82,188,9,0
5235,41,6,7907,0,7,0.37,1,1,1,1,0,,,1,,,6,5,0.83,205,5,0
5120,37,8,7725,0,5.5,0.58,1,1,1,1,0,,,1,,,6,5,0.83,197,5,0
2631,45,8,3999,0,7.4,0.62,0,1,1,1,0,,,1,,,7,6,0.86,,0,0
3556,27,9,5356,0,7.3,0.87,1,1,1,1,0,,,1,,,7,6,0.86,193,4,0
4150,29,2,6189,0,5.7,1.23,1,1,1,1,0,,,1,,,7,6,0.86,157,6,0
4796,45,7,7216,0,7.4,0.42,0,1,1,1,0,,,1,,,9,8,0.89,196,8,1
4263,31,3,6357,0,7.7,0.57,1,1,1,1,0,,,1,,,9,8,0.89,188,8,0
1888,35,2,2835,0,6.9,1.28,0,1,1,1,0,,,1,,,9,8,0.89,169,6,1
527,6,6,827,1,6.7,0.46,0,1,1,1,0,,,1,,,9,8,0.89,193,8,0
4842,36,7,7297,0,7.5,0.17,1,1,1,1,0,,,1,,,10,9,0.9,178,9,1
1615,42,9,2438,0,5.6,1.79,0,1,1,1,0,,,1,,,10,9,0.9,202,9,0
171,26,5,250,0,7.5,0.52,0,1,1,1,0,,,1,,,11,10,0.91,182,7,0
1972,36,1,2971,0,7.5,0.75,0,1,1,1,0,,,1,,,3,3,1,186,3,1
1756,29,4,2665,0,5.7,0.48,0,1,1,1,0,,,1,,,4,4,1,,0,0
2719,43,6,4102,0,6.8,0.56,0,1,1,1,0,,,1,,,4,4,1,202,4,0
4184,35,3,6245,0,6.9,0.6,1,1,1,1,0,,,1,,,4,4,1,191,4,0
4979,37,6,7517,0,5.5,0.71,1,1,1,1,0,,,1,,,5,5,1,173,5,0
4900,37,4,7396,0,5.5,0.73,1,1,1,1,0,,,1,,,5,5,1,191,5,0
3502,28,9,5262,0,8.9,1.1,1,1,1,1,0,,,1,,,5,5,1,178,4,0
1790,29,2,2710,0,5.7,1.23,0,1,1,1,0,,,1,,,5,5,1,,0,0
5005,36,9,7555,0,7.5,1.25,1,1,1,1,0,,,1,,,5,5,1,198,5,1
2340,42,1,3567,0,5.6,1.58,0,1,1,1,0,,,1,,,5,5,1,196,5,1
1671,27,4,2531,0,7.3,0.32,0,1,1,1,0,,,1,,,6,6,1,199,6,0
2390,37,7,3644,0,5.5,0.37,0,1,1,1,0,,,1,,,6,6,1,192,6,0
2421,41,6,3684,0,7,0.37,0,1,1,1,0,,,1,,,6,6,1,184,6,1
3641,29,4,5513,0,5.7,0.48,1,1,1,1,0,,,1,,,6,6,1,196,6,1
4117,29,4,6143,0,5.7,0.48,1,1,1,1,0,,,1,,,6,6,1,191,6,1
3661,29,4,5545,0,5.7,0.48,1,1,2,1,0,,,0,,,6,6,1,192,6,1
1657,26,5,2512,0,7.5,0.52,0,1,1,1,0,,,1,,,6,6,1,196,5,0
2279,36,6,3470,0,7.5,0.65,0,1,1,1,0,,,1,,,6,6,1,196,6,0
4259,31,4,6353,0,7.7,0.38,1,1,1,1,0,,,1,,,7,7,1,192,7,2
5344,44,6,8065,0,5.1,0.38,1,1,1,1,0,,,1,,,7,7,1,,0,0
2772,44,4,4185,0,5.1,0.41,0,1,1,1,0,,,1,,,7,7,1,,0,0
5464,39,4,8243,0,6.7,0.48,1,1,1,1,0,,,1,,,7,7,1,195,7,0
5389,43,3,8128,0,6.8,0.77,1,1,1,1,0,,,1,,,7,7,1,185,7,1
4249,30,9,6337,0,6.8,1.22,1,1,2,1,0,,,0,,,7,7,1,199,7,0
1983,37,1,2983,0,5.5,1.32,0,1,1,1,0,,,1,,,7,7,1,180,7,0
109,46,5,159,0,6.2,1.57,0,1,1,1,0,,,1,,,7,7,1,195,5,1
652,6,9,1012,1,6.7,0.57,1,1,1,1,0,,,1,,,7,7,1,184,7,0
1839,30,8,2773,0,6.8,0.32,0,1,2,1,0,,,0,,,8,8,1,182,8,2
4252,30,4,6341,0,6.8,0.41,1,1,1,1,0,,,1,,,8,8,1,177,8,0
1532,17,1,2303,0,6.8,0.43,0,1,1,1,0,,,1,,,8,8,1,190,8,2
3089,22,3,4657,0,7.4,0.5,1,1,1,1,0,,,1,,,8,8,1,198,8,0
3932,45,1,5925,0,7.4,1.43,1,1,1,1,0,,,1,,,8,8,1,177,8,1
3945,46,5,5943,0,6.2,1.57,1,1,1,1,0,,,1,,,8,8,1,,0,0
4254,31,4,6343,0,7.7,0.38,1,1,1,1,0,,,1,,,9,9,1,182,6,0
4303,31,4,6422,0,7.7,0.38,1,1,1,1,0,,,1,,,9,9,1,192,9,0
4352,46,8,6480,0,6.2,0.84,1,1,1,1,0,,,1,,,9,9,1,198,9,0
2425,43,5,3693,0,6.8,1.92,0,1,1,1,0,,,1,,,9,9,1,178,9,0
2884,20,6,4326,0,8.5,0.36,1,1,1,1,0,,,1,,,10,10,1,186,9,1
166,26,5,244,0,7.5,0.52,0,1,1,1,0,,,1,,,10,10,1,169,9,0
2543,20,1,3869,0,8.5,0.61,0,1,1,1,0,,,1,,,10,10,1,181,10,0
1779,31,4,2695,0,7.7,0.38,0,1,1,1,0,,,1,,,11,11,1,189,10,1
4260,31,8,6354,0,7.7,0.39,1,1,1,1,0,,,1,,,11,11,1,178,11,0
1597,27,5,2407,0,7.3,0.74,0,1,1,1,0,,,1,,,12,12,1,186,12,1
5023,37,3,7580,0,5.5,0.87,1,1,2,1.5,-0.5,,,0,,,6,6,1,203,6,1
5023,38,4,7581,0,7.4,0.52,1,2,2,1.5,0.5,,,1,,,8,8,1,182,7,0
2157,37,4,3283,0,5.5,0.73,0,2,2,2,0,,,1,,,6,3,0.5,169,3,0
3691,45,6,5595,0,7.4,0.36,0,2,2,2,0,,,1,,,8,7,0.88,182,7,1
5033,38,4,7593,0,7.4,0.52,1,2,2,2,0,,,1,,,11,10,0.91,186,10,1
5397,40,8,8137,0,5.5,0.51,1,2,2,2,0,,,1,,,4,4,1,205,4,0
4377,43,1,6519,0,6.8,1.61,1,2,2,2,0,,,1,,,4,4,1,,0,0
2697,43,6,4072,0,6.8,0.56,0,2,2,2,0,,,1,,,5,5,1,,0,0
2387,37,6,3639,0,5.5,0.71,0,2,2,2,0,,,1,,,6,6,1,188,6,1
5369,44,8,8102,0,5.1,0.84,1,2,2,2,0,,,1,,,6,6,1,160,5,0
2233,44,6,3404,0,5.1,0.38,0,2,2,2,0,,,1,,,7,7,1,165,7,0
2637,45,8,4006,0,7.4,0.62,0,2,2,2,0,,,1,,,7,7,1,190,7,0
4392,43,3,6534,0,6.8,0.77,1,2,2,2,0,,,1,,,7,7,1,196,7,2
3862,45,1,5826,0,7.4,1.43,1,2,2,2,0,,,1,,,8,8,1,171,8,2
3867,45,3,5832,0,7.4,0.43,1,2,2,2,0,,,1,,,10,10,1,184,10,2
528,6,9,828,1,6.7,0.57,0,2,2,2,0,,,1,,,10,10,1,181,10,0
3449,36,7,5180,0,7.5,0.17,1,3,3,3,0,,,1,,,6,6,1,197,6,2
