Obs_num,Rep,F1_ID,F0_ID,Paternal_age,Paternal_sperm_age,Treatment,Sex,F1_Age,F2_Count,LS,Censored,Mean_age,Delta_age,ALR,Mean_age2,Age2
3157,R3,D2.R3.OO.11,R3.OO.11,O,O,OO,Female,4,4,7,1,4,0,4,16,16
3170,R3,D3.R3.YO.26,R3.YO.26,Y,O,YO,Female,4,57,7,1,4,0,4,16,16
3459,R4,D1.R4.YY.2,R4.YY.2,Y,Y,YY,Female,4,66,9,1,18,-14,32,324,16
4266,R4,D1.R4.YY.2,R4.YY.2,Y,Y,YY,Female,32,0,9,1,18,14,32,324,1024
3143,R3,D3.R3.OY.28,R3.OY.28,O,Y,OY,Female,4,0,9,1,4,0,4,16,16
554,R2,D2.R2.YY.26,R2.YY.26,Y,Y,YY,Female,4,67,10,1,4,0,4,16,16
1,R1,D1.R1.OY.12,R1.OY.12,O,Y,OY,Female,4,74,13,1,4,0,4,16,16
104,R1,D2.R1.OY.36,R1.OY.36,O,Y,OY,Female,4,86,13,1,4,0,4,16,16
108,R1,D1.R1.OO.9,R1.OO.9,O,O,OO,Female,4,62,15,1,4,0,4,16,16
525,R2,D1.R2.OY.25,R2.OY.25,O,Y,OY,Female,4,27,15,1,4,0,4,16,16
3368,R4,D1.R4.OO.26,R4.OO.26,O,O,OO,Female,4,23,15,1,4,0,4,16,16
86,R1,D2.R1.OY.71,R1.OY.71,O,Y,OY,Female,4,85,15,1,4,0,4,16,16
177,R1,D2.R1.YY.14,R1.YY.14,Y,Y,YY,Female,4,79,15,1,4,0,4,16,16
106,R1,D2.R1.YY.3,R1.YY.3,Y,Y,YY,Female,4,68,15,1,4,0,4,16,16
458,R2,D2.R2.OO.31,R2.OO.31,O,O,OO,Female,4,67,15,1,4,0,4,16,16
639,R2,D2.R2.OO.31,R2.OO.31,O,O,OO,Female,4,43,15,1,4,0,4,16,16
198,R1,D3.R1.YO.22,R1.YO.22,Y,O,YO,Female,4,59,15,1,4,0,4,16,16
3395,R4,D3.R4.YO.16,R4.YO.16,Y,O,YO,Female,4,62,15,1,4,0,4,16,16
621,R2,D2.R2.YO.21,R2.YO.21,Y,O,YO,Female,4,44,16,1,4,0,4,16,16
3364,R4,D1.R4.OO.14,R4.OO.14,O,O,OO,Female,4,77,17,1,4,0,4,16,16
3418,R4,D2.R4.OO.9,R4.OO.9,O,O,OO,Female,4,16,17,1,4,0,4,16,16
32,R1,D3.R1.OO.19,R1.OO.19,O,O,OO,Female,4,42,18,1,4,0,4,16,16
48,R1,D3.R1.YO.8,R1.YO.8,Y,O,YO,Female,4,35,18,1,4,0,4,16,16
143,R1,D3.R1.YY.27,R1.YY.27,Y,Y,YY,Female,4,72,18,1,4,0,4,16,16
3136,R3,D3.R3.OY.14,R3.OY.14,O,Y,OY,Female,4,0,18,1,4,0,4,16,16
4,R1,D1.R1.OO.10,R1.OO.10,O,O,OO,Female,4,64,21,1,11,-7,18,121,16
1022,R1,D1.R1.OO.10,R1.OO.10,O,O,OO,Female,18,0,21,1,11,7,18,121,324
52,R1,D1.R1.OY.26,R1.OY.26,O,Y,OY,Female,4,62,21,1,11,-7,18,121,16
1096,R1,D1.R1.OY.26,R1.OY.26,O,Y,OY,Female,18,15,21,1,11,7,18,121,324
199,R1,D1.R1.OY.29,R1.OY.29,O,Y,OY,Female,4,61,21,1,11,-7,18,121,16
976,R1,D1.R1.OY.29,R1.OY.29,O,Y,OY,Female,18,0,21,1,11,7,18,121,324
513,R2,D1.R2.OO.18,R2.OO.18,O,O,OO,Female,4,77,22,1,11,-7,18,121,16
1353,R2,D1.R2.OO.18,R2.OO.18,O,O,OO,Female,18,19,22,1,11,7,18,121,324
680,R2,D1.R2.OY.4,R2.OY.4,O,Y,OY,Female,4,63,22,1,11,-7,18,121,16
1341,R2,D1.R2.OY.4,R2.OY.4,O,Y,OY,Female,18,0,22,1,11,7,18,121,324
603,R2,D1.R2.YO.25,R2.YO.25,Y,O,YO,Female,4,62,22,1,11,-7,18,121,16
1318,R2,D1.R2.YO.25,R2.YO.25,Y,O,YO,Female,18,8,22,1,11,7,18,121,324
561,R2,D1.R2.YO.7,R2.YO.7,Y,O,YO,Female,4,71,22,1,11,-7,18,121,16
1355,R2,D1.R2.YO.7,R2.YO.7,Y,O,YO,Female,18,7,22,1,11,7,18,121,324
687,R2,D1.R2.YY.7,R2.YY.7,Y,Y,YY,Female,4,72,22,1,11,-7,18,121,16
1340,R2,D1.R2.YY.7,R2.YY.7,Y,Y,YY,Female,18,0,22,1,11,7,18,121,324
617,R2,D2.R2.OO.41,R2.OO.41,O,O,OO,Female,4,50,22,1,11,-7,18,121,16
1441,R2,D2.R2.OO.41,R2.OO.41,O,O,OO,Female,18,24,22,1,11,7,18,121,324
3197,R3,D2.R3.OY.26,R3.OY.26,O,Y,OY,Female,4,34,22,1,11,-7,18,121,16
3640,R3,D2.R3.OY.26,R3.OY.26,O,Y,OY,Female,18,0,22,1,11,7,18,121,324
3193,R3,D2.R3.OY.4,R3.OY.4,O,Y,OY,Female,4,64,22,1,11,-7,18,121,16
3622,R3,D2.R3.OY.4,R3.OY.4,O,Y,OY,Female,18,16,22,1,11,7,18,121,324
3407,R4,D2.R4.OO.18,R4.OO.18,O,O,OO,Female,4,75,22,1,11,-7,18,121,16
3841,R4,D2.R4.OO.18,R4.OO.18,O,O,OO,Female,18,0,22,1,11,7,18,121,324
18,R1,D3.R1.OO.59,R1.OO.59,O,O,OO,Female,4,58,22,1,11,-7,18,121,16
1120,R1,D3.R1.OO.59,R1.OO.59,O,O,OO,Female,18,29,22,1,11,7,18,121,324
626,R2,D3.R2.OO.54,R2.OO.54,O,O,OO,Female,4,0,22,1,11,-7,18,121,16
1334,R2,D3.R2.OO.54,R2.OO.54,O,O,OO,Female,18,0,22,1,11,7,18,121,324
3469,R4,D3.R4.YY.19,R4.YY.19,Y,Y,YY,Female,4,54,22,1,11,-7,18,121,16
3892,R4,D3.R4.YY.19,R4.YY.19,Y,Y,YY,Female,18,0,22,1,11,7,18,121,324
3406,R4,D1.R4.YY.26,R4.YY.26,Y,Y,YY,Female,4,67,23,1,11,-7,18,121,16
3850,R4,D1.R4.YY.26,R4.YY.26,Y,Y,YY,Female,18,0,23,1,11,7,18,121,324
3414,R4,D3.R4.OY.10,R4.OY.10,O,Y,OY,Female,4,26,23,1,11,-7,18,121,16
3827,R4,D3.R4.OY.10,R4.OY.10,O,Y,OY,Female,18,0,23,1,11,7,18,121,324
35,R1,D1.R1.OY.25,R1.OY.25,O,Y,OY,Female,4,49,24,1,11,-7,18,121,16
1027,R1,D1.R1.OY.25,R1.OY.25,O,Y,OY,Female,18,14,24,1,11,7,18,121,324
162,R1,D1.R1.YY.6,R1.YY.6,Y,Y,YY,Female,4,39,24,1,11,-7,18,121,16
1119,R1,D1.R1.YY.6,R1.YY.6,Y,Y,YY,Female,18,0,24,1,11,7,18,121,324
615,R2,D1.R2.OO.73,R2.OO.73,O,O,OO,Female,4,59,24,1,11,-7,18,121,16
1461,R2,D1.R2.OO.73,R2.OO.73,O,O,OO,Female,18,57,24,1,11,7,18,121,324
614,R2,D1.R2.OO.75,R2.OO.75,O,O,OO,Female,4,67,24,1,11,-7,18,121,16
1462,R2,D1.R2.OO.75,R2.OO.75,O,O,OO,Female,18,69,24,1,11,7,18,121,324
555,R2,D1.R2.OY.16,R2.OY.16,O,Y,OY,Female,4,78,24,1,11,-7,18,121,16
1531,R2,D1.R2.OY.16,R2.OY.16,O,Y,OY,Female,18,68,24,1,11,7,18,121,324
473,R2,D1.R2.OY.28,R2.OY.28,O,Y,OY,Female,4,72,24,1,11,-7,18,121,16
1409,R2,D1.R2.OY.28,R2.OY.28,O,Y,OY,Female,18,52,24,1,11,7,18,121,324
588,R2,D1.R2.YO.3,R2.YO.3,Y,O,YO,Female,4,68,24,1,11,-7,18,121,16
1450,R2,D1.R2.YO.3,R2.YO.3,Y,O,YO,Female,18,69,24,1,11,7,18,121,324
610,R2,D1.R2.YY.22,R2.YY.22,Y,Y,YY,Female,4,98,24,1,11,-7,18,121,16
1460,R2,D1.R2.YY.22,R2.YY.22,Y,Y,YY,Female,18,78,24,1,11,7,18,121,324
179,R1,D2.R1.OO.16,R1.OO.16,O,O,OO,Female,4,89,24,1,11,-7,18,121,16
952,R1,D2.R1.OO.16,R1.OO.16,O,O,OO,Female,18,0,24,1,11,7,18,121,324
50,R1,D2.R1.OY.65,R1.OY.65,O,Y,OY,Female,4,68,24,1,11,-7,18,121,16
1126,R1,D2.R1.OY.65,R1.OY.65,O,Y,OY,Female,18,42,24,1,11,7,18,121,324
40,R1,D2.R1.YY.22,R1.YY.22,Y,Y,YY,Female,4,66,24,1,11,-7,18,121,16
1059,R1,D2.R1.YY.22,R1.YY.22,Y,Y,YY,Female,18,0,24,1,11,7,18,121,324
562,R2,D2.R2.OO.30,R2.OO.30,O,O,OO,Female,4,71,24,1,11,-7,18,121,16
1361,R2,D2.R2.OO.30,R2.OO.30,O,O,OO,Female,18,56,24,1,11,7,18,121,324
578,R2,D2.R2.OY.33,R2.OY.33,O,Y,OY,Female,4,90,24,1,11,-7,18,121,16
1351,R2,D2.R2.OY.33,R2.OY.33,O,Y,OY,Female,18,87,24,1,11,7,18,121,324
592,R2,D2.R2.OY.46,R2.OY.46,O,Y,OY,Female,4,57,24,1,11,-7,18,121,16
1447,R2,D2.R2.OY.46,R2.OY.46,O,Y,OY,Female,18,67,24,1,11,7,18,121,324
656,R2,D2.R2.YY.13,R2.YY.13,Y,Y,YY,Female,4,57,24,1,11,-7,18,121,16
1436,R2,D2.R2.YY.13,R2.YY.13,Y,Y,YY,Female,18,55,24,1,11,7,18,121,324
691,R2,D2.R2.YY.19,R2.YY.19,Y,Y,YY,Female,4,72,24,1,11,-7,18,121,16
1375,R2,D2.R2.YY.19,R2.YY.19,Y,Y,YY,Female,18,31,24,1,11,7,18,121,324
643,R2,D2.R2.YY.5,R2.YY.5,Y,Y,YY,Female,4,64,24,1,11,-7,18,121,16
1424,R2,D2.R2.YY.5,R2.YY.5,Y,Y,YY,Female,18,75,24,1,11,7,18,121,324
471,R2,D2.R2.YY.7,R2.YY.7,Y,Y,YY,Female,4,56,24,1,11,-7,18,121,16
1329,R2,D2.R2.YY.7,R2.YY.7,Y,Y,YY,Female,18,0,24,1,11,7,18,121,324
192,R1,D3.R1.OY.27,R1.OY.27,O,Y,OY,Female,4,0,24,1,11,-7,18,121,16
1014,R1,D3.R1.OY.27,R1.OY.27,O,Y,OY,Female,18,0,24,1,11,7,18,121,324
627,R2,D3.R2.OY.3,R2.OY.3,O,Y,OY,Female,4,0,24,1,11,-7,18,121,16
1400,R2,D3.R2.OY.3,R2.OY.3,O,Y,OY,Female,18,52,24,1,11,7,18,121,324
502,R2,D3.R2.YO.12,R2.YO.12,Y,O,YO,Female,4,83,24,1,11,-7,18,121,16
1548,R2,D3.R2.YO.12,R2.YO.12,Y,O,YO,Female,18,63,24,1,11,7,18,121,324
658,R2,D3.R2.YO.15,R2.YO.15,Y,O,YO,Female,4,75,24,1,11,-7,18,121,16
1475,R2,D3.R2.YO.15,R2.YO.15,Y,O,YO,Female,18,44,24,1,11,7,18,121,324
454,R2,D3.R2.YO.18,R2.YO.18,Y,O,YO,Female,4,85,24,1,11,-7,18,121,16
1359,R2,D3.R2.YO.18,R2.YO.18,Y,O,YO,Female,18,75,24,1,11,7,18,121,324
585,R2,D3.R2.YO.21,R2.YO.21,Y,O,YO,Female,4,55,24,1,11,-7,18,121,16
1381,R2,D3.R2.YO.21,R2.YO.21,Y,O,YO,Female,18,83,24,1,11,7,18,121,324
606,R2,D3.R2.YY.5,R2.YY.5,Y,Y,YY,Female,4,70,24,1,11,-7,18,121,16
1428,R2,D3.R2.YY.5,R2.YY.5,Y,Y,YY,Female,18,68,24,1,11,7,18,121,324
82,R1,D1.R1.YO.5,R1.YO.5,Y,O,YO,Female,4,82,26,1,11,-7,18,121,16
1136,R1,D1.R1.YO.5,R1.YO.5,Y,O,YO,Female,18,0,26,1,11,7,18,121,324
139,R1,D1.R1.YY.27,R1.YY.27,Y,Y,YY,Female,4,58,26,1,11,-7,18,121,16
979,R1,D1.R1.YY.27,R1.YY.27,Y,Y,YY,Female,18,0,26,1,11,7,18,121,324
124,R1,D2.R1.OO.20,R1.OO.20,O,O,OO,Female,4,6,26,1,11,-7,18,121,16
1034,R1,D2.R1.OO.20,R1.OO.20,O,O,OO,Female,18,0,26,1,11,7,18,121,324
114,R1,D2.R1.YY.26,R1.YY.26,Y,Y,YY,Female,4,44,26,1,11,-7,18,121,16
1007,R1,D2.R1.YY.26,R1.YY.26,Y,Y,YY,Female,18,0,26,1,11,7,18,121,324
3,R1,D3.R1.OY.12,R1.OY.12,O,Y,OY,Female,4,78,26,1,11,-7,18,121,16
1060,R1,D3.R1.OY.12,R1.OY.12,O,Y,OY,Female,18,0,26,1,11,7,18,121,324
3175,R3,D1.R3.YO.23,R3.YO.23,Y,O,YO,Female,4,57,27,1,11,-7,18,121,16
3612,R3,D1.R3.YO.23,R3.YO.23,Y,O,YO,Female,18,38,27,1,11,7,18,121,324
3196,R3,D1.R3.YO.26,R3.YO.26,Y,O,YO,Female,4,44,27,1,18,-14,32,324,16
3650,R3,D1.R3.YO.26,R3.YO.26,Y,O,YO,Female,18,0,27,1,18,0,32,324,324
4044,R3,D1.R3.YO.26,R3.YO.26,Y,O,YO,Female,32,0,27,1,18,14,32,324,1024
3468,R4,D1.R4.YO.16,R4.YO.16,Y,O,YO,Female,4,68,27,1,11,-7,18,121,16
3909,R4,D1.R4.YO.16,R4.YO.16,Y,O,YO,Female,18,43,27,1,11,7,18,121,324
3413,R4,D1.R4.YO.3,R4.YO.3,Y,O,YO,Female,4,67,27,1,11,-7,18,121,16
3844,R4,D1.R4.YO.3,R4.YO.3,Y,O,YO,Female,18,39,27,1,11,7,18,121,324
3177,R3,D2.R3.OY.14,R3.OY.14,O,Y,OY,Female,4,64,27,1,11,-7,18,121,16
3625,R3,D2.R3.OY.14,R3.OY.14,O,Y,OY,Female,18,62,27,1,11,7,18,121,324
3181,R3,D2.R3.OY.9,R3.OY.9,O,Y,OY,Female,4,43,27,1,11,-7,18,121,16
3664,R3,D2.R3.OY.9,R3.OY.9,O,Y,OY,Female,18,0,27,1,11,7,18,121,324
3194,R3,D2.R3.YO.26,R3.YO.26,Y,O,YO,Female,4,63,27,1,11,-7,18,121,16
3671,R3,D2.R3.YO.26,R3.YO.26,Y,O,YO,Female,18,0,27,1,11,7,18,121,324
3209,R3,D2.R3.YY.7,R3.YY.7,Y,Y,YY,Female,4,0,27,1,11,-7,18,121,16
3606,R3,D2.R3.YY.7,R3.YY.7,Y,Y,YY,Female,18,0,27,1,11,7,18,121,324
3450,R4,D2.R4.OY.13,R4.OY.13,O,Y,OY,Female,4,74,27,1,11,-7,18,121,16
3839,R4,D2.R4.OY.13,R4.OY.13,O,Y,OY,Female,18,0,27,1,11,7,18,121,324
3444,R4,D3.R4.OO.17,R4.OO.17,O,O,OO,Female,4,58,27,1,18,-14,32,324,16
3837,R4,D3.R4.OO.17,R4.OO.17,O,O,OO,Female,18,72,27,1,18,0,32,324,324
4232,R4,D3.R4.OO.17,R4.OO.17,O,O,OO,Female,32,34,27,1,18,14,32,324,1024
89,R1,D1.R1.OO.35,R1.OO.35,O,O,OO,Female,4,63,28,1,11,-7,18,121,16
1063,R1,D1.R1.OO.35,R1.OO.35,O,O,OO,Female,18,61,28,1,11,7,18,121,324
666,R2,D1.R2.OO.38,R2.OO.38,O,O,OO,Female,4,68,28,1,11,-7,18,121,16
1317,R2,D1.R2.OO.38,R2.OO.38,O,O,OO,Female,18,10,28,1,11,7,18,121,324
576,R2,D1.R2.OY.43,R2.OY.43,O,Y,OY,Female,4,74,28,1,11,-7,18,121,16
1458,R2,D1.R2.OY.43,R2.OY.43,O,Y,OY,Female,18,57,28,1,11,7,18,121,324
582,R2,D1.R2.YO.21,R2.YO.21,Y,O,YO,Female,4,57,28,1,11,-7,18,121,16
1456,R2,D1.R2.YO.21,R2.YO.21,Y,O,YO,Female,18,45,28,1,11,7,18,121,324
600,R2,D1.R2.YO.4,R2.YO.4,Y,O,YO,Female,4,59,28,1,11,-7,18,121,16
1322,R2,D1.R2.YO.4,R2.YO.4,Y,O,YO,Female,18,0,28,1,11,7,18,121,324
679,R2,D2.R2.OO.18,R2.OO.18,O,O,OO,Female,4,83,28,1,11,-7,18,121,16
1477,R2,D2.R2.OO.18,R2.OO.18,O,O,OO,Female,18,68,28,1,11,7,18,121,324
508,R2,D2.R2.OY.4,R2.OY.4,O,Y,OY,Female,4,74,28,1,11,-7,18,121,16
1365,R2,D2.R2.OY.4,R2.OY.4,O,Y,OY,Female,18,46,28,1,11,7,18,121,324
119,R1,D3.R1.OO.16,R1.OO.16,O,O,OO,Female,4,81,28,1,11,-7,18,121,16
959,R1,D3.R1.OO.16,R1.OO.16,O,O,OO,Female,18,0,28,1,11,7,18,121,324
9,R1,D3.R1.OY.25,R1.OY.25,O,Y,OY,Female,4,47,28,1,11,-7,18,121,16
1147,R1,D3.R1.OY.25,R1.OY.25,O,Y,OY,Female,18,63,28,1,11,7,18,121,324
81,R1,D3.R1.OY.3,R1.OY.3,O,Y,OY,Female,4,38,28,1,11,-7,18,121,16
1023,R1,D3.R1.OY.3,R1.OY.3,O,Y,OY,Female,18,8,28,1,11,7,18,121,324
93,R1,D3.R1.YY.13,R1.YY.13,Y,Y,YY,Female,4,81,28,1,11,-7,18,121,16
1021,R1,D3.R1.YY.13,R1.YY.13,Y,Y,YY,Female,18,11,28,1,11,7,18,121,324
688,R2,D3.R2.OO.64,R2.OO.64,O,O,OO,Female,4,58,28,1,11,-7,18,121,16
1395,R2,D3.R2.OO.64,R2.OO.64,O,O,OO,Female,18,52,28,1,11,7,18,121,324
559,R2,D3.R2.OY.11,R2.OY.11,O,Y,OY,Female,4,62,28,1,11,-7,18,121,16
1344,R2,D3.R2.OY.11,R2.OY.11,O,Y,OY,Female,18,0,28,1,11,7,18,121,324
599,R2,D3.R2.YY.22,R2.YY.22,Y,Y,YY,Female,4,61,28,1,11,-7,18,121,16
1331,R2,D3.R2.YY.22,R2.YY.22,Y,Y,YY,Female,18,0,28,1,11,7,18,121,324
470,R2,D3.R2.YY.27,R2.YY.27,Y,Y,YY,Female,4,0,28,1,11,-7,18,121,16
1348,R2,D3.R2.YY.27,R2.YY.27,Y,Y,YY,Female,18,0,28,1,11,7,18,121,324
77,R1,D1.R1.OY.71,R1.OY.71,O,Y,OY,Female,4,69,29,1,11,-7,18,121,16
1065,R1,D1.R1.OY.71,R1.OY.71,O,Y,OY,Female,18,0,29,1,11,7,18,121,324
221,R1,D1.R1.YY.10,R1.YY.10,Y,Y,YY,Female,4,84,29,1,11,-7,18,121,16
1003,R1,D1.R1.YY.10,R1.YY.10,Y,Y,YY,Female,18,17,29,1,11,7,18,121,324
130,R1,D1.R1.YY.14,R1.YY.14,Y,Y,YY,Female,4,64,29,1,11,-7,18,121,16
975,R1,D1.R1.YY.14,R1.YY.14,Y,Y,YY,Female,18,0,29,1,11,7,18,121,324
185,R1,D1.R1.YY.26,R1.YY.26,Y,Y,YY,Female,4,88,29,1,11,-7,18,121,16
1015,R1,D1.R1.YY.26,R1.YY.26,Y,Y,YY,Female,18,0,29,1,11,7,18,121,324
619,R2,D1.R2.OO.31,R2.OO.31,O,O,OO,Female,4,74,29,1,11,-7,18,121,16
1335,R2,D1.R2.OO.31,R2.OO.31,O,O,OO,Female,18,0,29,1,11,7,18,121,324
646,R2,D1.R2.YY.16,R2.YY.16,Y,Y,YY,Female,4,86,29,1,11,-7,18,121,16
1349,R2,D1.R2.YY.16,R2.YY.16,Y,Y,YY,Female,18,0,29,1,11,7,18,121,324
465,R2,D1.R2.YY.9,R2.YY.9,Y,Y,YY,Female,4,97,29,1,11,-7,18,121,16
1539,R2,D1.R2.YY.9,R2.YY.9,Y,Y,YY,Female,18,61,29,1,11,7,18,121,324
3235,R3,D1.R3.OO.1,R3.OO.1,O,O,OO,Female,4,5,29,1,11,-7,18,121,16
3595,R3,D1.R3.OO.1,R3.OO.1,O,O,OO,Female,18,0,29,1,11,7,18,121,324
3221,R3,D1.R3.OO.8,R3.OO.8,O,O,OO,Female,4,56,29,1,11,-7,18,121,16
3628,R3,D1.R3.OO.8,R3.OO.8,O,O,OO,Female,18,0,29,1,11,7,18,121,324
3363,R4,D1.R4.OY.15,R4.OY.15,O,Y,OY,Female,4,28,29,1,11,-7,18,121,16
3869,R4,D1.R4.OY.15,R4.OY.15,O,Y,OY,Female,18,0,29,1,11,7,18,121,324
204,R1,D2.R1.OY.18,R1.OY.18,O,Y,OY,Female,4,91,29,1,11,-7,18,121,16
957,R1,D2.R1.OY.18,R1.OY.18,O,Y,OY,Female,18,56,29,1,11,7,18,121,324
5,R1,D2.R1.OY.25,R1.OY.25,O,Y,OY,Female,4,61,29,1,11,-7,18,121,16
1116,R1,D2.R1.OY.25,R1.OY.25,O,Y,OY,Female,18,0,29,1,11,7,18,121,324
2,R1,D2.R1.YY.9,R1.YY.9,Y,Y,YY,Female,4,52,29,1,11,-7,18,121,16
1143,R1,D2.R1.YY.9,R1.YY.9,Y,Y,YY,Female,18,57,29,1,11,7,18,121,324
486,R2,D2.R2.OY.28,R2.OY.28,O,Y,OY,Female,4,0,29,1,11,-7,18,121,16
1482,R2,D2.R2.OY.28,R2.OY.28,O,Y,OY,Female,18,52,29,1,11,7,18,121,324
557,R2,D2.R2.YY.16,R2.YY.16,Y,Y,YY,Female,4,60,29,1,11,-7,18,121,16
1347,R2,D2.R2.YY.16,R2.YY.16,Y,Y,YY,Female,18,0,29,1,11,7,18,121,324
3378,R4,D2.R4.YO.10,R4.YO.10,Y,O,YO,Female,4,79,29,1,11,-7,18,121,16
3902,R4,D2.R4.YO.10,R4.YO.10,Y,O,YO,Female,18,0,29,1,11,7,18,121,324
3377,R4,D2.R4.YO.26,R4.YO.26,Y,O,YO,Female,4,71,29,1,11,-7,18,121,16
3853,R4,D2.R4.YO.26,R4.YO.26,Y,O,YO,Female,18,33,29,1,11,7,18,121,324
105,R1,D3.R1.OO.4,R1.OO.4,O,O,OO,Female,4,71,29,1,11,-7,18,121,16
948,R1,D3.R1.OO.4,R1.OO.4,O,O,OO,Female,18,0,29,1,11,7,18,121,324
546,R2,D3.R2.OY.16,R2.OY.16,O,Y,OY,Female,4,66,29,1,11,-7,18,121,16
1516,R2,D3.R2.OY.16,R2.OY.16,O,Y,OY,Female,18,60,29,1,11,7,18,121,324
686,R2,D3.R2.OY.28,R2.OY.28,O,Y,OY,Female,4,47,29,1,11,-7,18,121,16
1473,R2,D3.R2.OY.28,R2.OY.28,O,Y,OY,Female,18,24,29,1,11,7,18,121,324
543,R2,D3.R2.YO.20,R2.YO.20,Y,O,YO,Female,4,69,29,1,11,-7,18,121,16
1514,R2,D3.R2.YO.20,R2.YO.20,Y,O,YO,Female,18,38,29,1,11,7,18,121,324
575,R2,D3.R2.YO.3,R2.YO.3,Y,O,YO,Female,4,71,29,1,11,-7,18,121,16
1446,R2,D3.R2.YO.3,R2.YO.3,Y,O,YO,Female,18,62,29,1,11,7,18,121,324
511,R2,D3.R2.YY.19,R2.YY.19,Y,Y,YY,Female,4,63,29,1,11,-7,18,121,16
1465,R2,D3.R2.YY.19,R2.YY.19,Y,Y,YY,Female,18,44,29,1,11,7,18,121,324
631,R2,D1.R2.YO.16,R2.YO.16,Y,O,YO,Female,4,0,30,1,11,-7,18,121,16
1543,R2,D1.R2.YO.16,R2.YO.16,Y,O,YO,Female,18,55,30,1,11,7,18,121,324
692,R2,D3.R2.OY.15,R2.OY.15,O,Y,OY,Female,4,93,30,1,11,-7,18,121,16
1468,R2,D3.R2.OY.15,R2.OY.15,O,Y,OY,Female,18,90,30,1,11,7,18,121,324
166,R1,D1.R1.OY.78,R1.OY.78,O,Y,OY,Female,4,100,31,1,11,-7,18,121,16
989,R1,D1.R1.OY.78,R1.OY.78,O,Y,OY,Female,18,0,31,1,11,7,18,121,324
26,R1,D1.R1.YY.19,R1.YY.19,Y,Y,YY,Female,4,54,31,1,11,-7,18,121,16
1075,R1,D1.R1.YY.19,R1.YY.19,Y,Y,YY,Female,18,51,31,1,11,7,18,121,324
196,R1,D1.R1.YY.37,R1.YY.37,Y,Y,YY,Female,4,60,31,1,11,-7,18,121,16
985,R1,D1.R1.YY.37,R1.YY.37,Y,Y,YY,Female,18,15,31,1,11,7,18,121,324
3441,R4,D1.R4.OO.4,R4.OO.4,O,O,OO,Female,4,80,31,1,11,-7,18,121,16
3898,R4,D1.R4.OO.4,R4.OO.4,O,O,OO,Female,18,37,31,1,11,7,18,121,324
210,R1,D2.R1.YY.33,R1.YY.33,Y,Y,YY,Female,4,88,31,1,18,-14,32,324,16
1030,R1,D2.R1.YY.33,R1.YY.33,Y,Y,YY,Female,18,38,31,1,18,0,32,324,324
1773,R1,D2.R1.YY.33,R1.YY.33,Y,Y,YY,Female,32,0,31,1,18,14,32,324,1024
3388,R4,D2.R4.OO.14,R4.OO.14,O,O,OO,Female,4,86,31,1,11,-7,18,121,16
3883,R4,D2.R4.OO.14,R4.OO.14,O,O,OO,Female,18,0,31,1,11,7,18,121,324
3379,R4,D2.R4.OO.19,R4.OO.19,O,O,OO,Female,4,59,31,1,11,-7,18,121,16
3822,R4,D2.R4.OO.19,R4.OO.19,O,O,OO,Female,18,46,31,1,11,7,18,121,324
3477,R4,D2.R4.YY.19,R4.YY.19,Y,Y,YY,Female,4,63,31,1,11,-7,18,121,16
3855,R4,D2.R4.YY.19,R4.YY.19,Y,Y,YY,Female,18,38,31,1,11,7,18,121,324
189,R1,D3.R1.OO.39,R1.OO.39,O,O,OO,Female,4,69,31,1,11,-7,18,121,16
1108,R1,D3.R1.OO.39,R1.OO.39,O,O,OO,Female,18,0,31,1,11,7,18,121,324
163,R1,D3.R1.OY.20,R1.OY.20,O,Y,OY,Female,4,60,31,1,11,-7,18,121,16
1115,R1,D3.R1.OY.20,R1.OY.20,O,Y,OY,Female,18,0,31,1,11,7,18,121,324
112,R1,D3.R1.OY.37,R1.OY.37,O,Y,OY,Female,4,96,31,1,11,-7,18,121,16
982,R1,D3.R1.OY.37,R1.OY.37,O,Y,OY,Female,18,40,31,1,11,7,18,121,324
44,R1,D3.R1.OY.71,R1.OY.71,O,Y,OY,Female,4,65,31,1,11,-7,18,121,16
1056,R1,D3.R1.OY.71,R1.OY.71,O,Y,OY,Female,18,66,31,1,11,7,18,121,324
158,R1,D3.R1.YO.2,R1.YO.2,Y,O,YO,Female,4,83,31,1,11,-7,18,121,16
1017,R1,D3.R1.YO.2,R1.YO.2,Y,O,YO,Female,18,0,31,1,11,7,18,121,324
3438,R4,D3.R4.YO.9,R4.YO.9,Y,O,YO,Female,4,53,31,1,11,-7,18,121,16
3842,R4,D3.R4.YO.9,R4.YO.9,Y,O,YO,Female,18,35,31,1,11,7,18,121,324
16,R1,D1.R1.OY.52,R1.OY.52,O,Y,OY,Female,4,56,32,1,11,-7,18,121,16
1107,R1,D1.R1.OY.52,R1.OY.52,O,Y,OY,Female,18,0,32,1,11,7,18,121,324
152,R1,D1.R1.YO.19,R1.YO.19,Y,O,YO,Female,4,73,32,1,11,-7,18,121,16
1050,R1,D1.R1.YO.19,R1.YO.19,Y,O,YO,Female,18,54,32,1,11,7,18,121,324
3199,R3,D1.R3.OO.3,R3.OO.3,O,O,OO,Female,4,41,32,1,11,-7,18,121,16
3593,R3,D1.R3.OO.3,R3.OO.3,O,O,OO,Female,18,1,32,1,11,7,18,121,324
3192,R3,D1.R3.OY.29,R3.OY.29,O,Y,OY,Female,4,68,32,1,15.2,-11.2,32,231.04,16
3241,R3,D1.R3.OY.29,R3.OY.29,O,Y,OY,Female,4,69,32,1,15.2,-11.2,32,231.04,16
3609,R3,D1.R3.OY.29,R3.OY.29,O,Y,OY,Female,18,55,32,1,15.2,2.8,32,231.04,324
3652,R3,D1.R3.OY.29,R3.OY.29,O,Y,OY,Female,18,68,32,1,15.2,2.8,32,231.04,324
4034,R3,D1.R3.OY.29,R3.OY.29,O,Y,OY,Female,32,0,32,1,15.2,16.8,32,231.04,1024
3225,R3,D1.R3.YO.24,R3.YO.24,Y,O,YO,Female,4,61,32,1,11,-7,18,121,16
3618,R3,D1.R3.YO.24,R3.YO.24,Y,O,YO,Female,18,0,32,1,11,7,18,121,324
3447,R4,D1.R4.OY.14,R4.OY.14,O,Y,OY,Female,4,44,32,1,11,-7,18,121,16
3813,R4,D1.R4.OY.14,R4.OY.14,O,Y,OY,Female,18,18,32,1,11,7,18,121,324
67,R1,D2.R1.YY.35,R1.YY.35,Y,Y,YY,Female,4,66,32,1,11,-7,18,121,16
1141,R1,D2.R1.YY.35,R1.YY.35,Y,Y,YY,Female,18,26,32,1,11,7,18,121,324
3166,R3,D2.R3.OO.3,R3.OO.3,O,O,OO,Female,4,24,32,1,11,-7,18,121,16
3684,R3,D2.R3.OO.3,R3.OO.3,O,O,OO,Female,18,0,32,1,11,7,18,121,324
3147,R3,D2.R3.YO.22,R3.YO.22,Y,O,YO,Female,4,0,32,1,13.33333333,-9.333333333,18,177.7777777,16
3655,R3,D2.R3.YO.22,R3.YO.22,Y,O,YO,Female,18,0,32,1,13.33333333,4.666666667,18,177.7777777,324
3663,R3,D2.R3.YO.22,R3.YO.22,Y,O,YO,Female,18,0,32,1,13.33333333,4.666666667,18,177.7777777,324
3139,R3,D2.R3.YO.27,R3.YO.27,Y,O,YO,Female,4,73,32,1,11,-7,18,121,16
3630,R3,D2.R3.YO.27,R3.YO.27,Y,O,YO,Female,18,0,32,1,11,7,18,121,324
3392,R4,D2.R4.OY.14,R4.OY.14,O,Y,OY,Female,4,66,32,1,11,-7,18,121,16
3916,R4,D2.R4.OY.14,R4.OY.14,O,Y,OY,Female,18,21,32,1,11,7,18,121,324
3472,R4,D2.R4.OY.25,R4.OY.25,O,Y,OY,Female,4,88,32,1,11,-7,18,121,16
3833,R4,D2.R4.OY.25,R4.OY.25,O,Y,OY,Female,18,45,32,1,11,7,18,121,324
3387,R4,D2.R4.YO.16,R4.YO.16,Y,O,YO,Female,4,47,32,1,11,-7,18,121,16
3881,R4,D2.R4.YO.16,R4.YO.16,Y,O,YO,Female,18,0,32,1,11,7,18,121,324
3415,R4,D2.R4.YO.3,R4.YO.3,Y,O,YO,Female,4,51,32,1,11,-7,18,121,16
3831,R4,D2.R4.YO.3,R4.YO.3,Y,O,YO,Female,18,0,32,1,11,7,18,121,324
148,R1,D3.R1.OO.20,R1.OO.20,O,O,OO,Female,4,70,32,1,11,-7,18,121,16
1006,R1,D3.R1.OO.20,R1.OO.20,O,O,OO,Female,18,0,32,1,11,7,18,121,324
126,R1,D3.R1.OO.22,R1.OO.22,O,O,OO,Female,4,66,32,1,11,-7,18,121,16
991,R1,D3.R1.OO.22,R1.OO.22,O,O,OO,Female,18,0,32,1,11,7,18,121,324
59,R1,D3.R1.OO.55,R1.OO.55,O,O,OO,Female,4,61,32,1,11,-7,18,121,16
1061,R1,D3.R1.OO.55,R1.OO.55,O,O,OO,Female,18,0,32,1,11,7,18,121,324
122,R1,D3.R1.YO.9,R1.YO.9,Y,O,YO,Female,4,77,32,1,11,-7,18,121,16
1109,R1,D3.R1.YO.9,R1.YO.9,Y,O,YO,Female,18,0,32,1,11,7,18,121,324
14,R1,D3.R1.YY.19,R1.YY.19,Y,Y,YY,Female,4,64,32,1,11,-7,18,121,16
1069,R1,D3.R1.YY.19,R1.YY.19,Y,Y,YY,Female,18,30,32,1,11,7,18,121,324
43,R1,D3.R1.YY.29,R1.YY.29,Y,Y,YY,Female,4,61,32,1,11,-7,18,121,16
1025,R1,D3.R1.YY.29,R1.YY.29,Y,Y,YY,Female,18,0,32,1,11,7,18,121,324
3160,R3,D3.R3.OO.19,R3.OO.19,O,O,OO,Female,4,40,32,1,11,-7,18,121,16
3695,R3,D3.R3.OO.19,R3.OO.19,O,O,OO,Female,18,19,32,1,11,7,18,121,324
3208,R3,D3.R3.YO.24,R3.YO.24,Y,O,YO,Female,4,64,32,1,11,-7,18,121,16
3608,R3,D3.R3.YO.24,R3.YO.24,Y,O,YO,Female,18,23,32,1,11,7,18,121,324
155,R1,D1.R1.OO.14,R1.OO.14,O,O,OO,Female,4,64,33,1,11,-7,18,121,16
1000,R1,D1.R1.OO.14,R1.OO.14,O,O,OO,Female,18,38,33,1,11,7,18,121,324
211,R1,D1.R1.OY.27,R1.OY.27,O,Y,OY,Female,4,83,33,1,11,-7,18,121,16
997,R1,D1.R1.OY.27,R1.OY.27,O,Y,OY,Female,18,31,33,1,11,7,18,121,324
207,R1,D1.R1.OY.70,R1.OY.70,O,Y,OY,Female,4,73,33,1,11,-7,18,121,16
987,R1,D1.R1.OY.70,R1.OY.70,O,Y,OY,Female,18,50,33,1,11,7,18,121,324
94,R1,D1.R1.YY.13,R1.YY.13,Y,Y,YY,Female,4,57,33,1,11,-7,18,121,16
1137,R1,D1.R1.YY.13,R1.YY.13,Y,Y,YY,Female,18,3,33,1,11,7,18,121,324
632,R2,D1.R2.OY.33,R2.OY.33,O,Y,OY,Female,4,81,33,1,11,-7,18,121,16
1414,R2,D1.R2.OY.33,R2.OY.33,O,Y,OY,Female,18,58,33,1,11,7,18,121,324
683,R2,D1.R2.YY.27,R2.YY.27,Y,Y,YY,Female,4,74,33,1,11,-7,18,121,16
1513,R2,D1.R2.YY.27,R2.YY.27,Y,Y,YY,Female,18,40,33,1,11,7,18,121,324
3159,R3,D1.R3.OY.14,R3.OY.14,O,Y,OY,Female,4,61,33,1,11,-7,18,121,16
3594,R3,D1.R3.OY.14,R3.OY.14,O,Y,OY,Female,18,43,33,1,11,7,18,121,324
3396,R4,D1.R4.YO.25,R4.YO.25,Y,O,YO,Female,4,0,33,1,11,-7,18,121,16
3905,R4,D1.R4.YO.25,R4.YO.25,Y,O,YO,Female,18,0,33,1,11,7,18,121,324
3409,R4,D1.R4.YY.18,R4.YY.18,Y,Y,YY,Female,4,71,33,1,11,-7,18,121,16
3915,R4,D1.R4.YY.18,R4.YY.18,Y,Y,YY,Female,18,69,33,1,11,7,18,121,324
42,R1,D2.R1.OO.59,R1.OO.59,O,O,OO,Female,4,74,33,1,11,-7,18,121,16
1091,R1,D2.R1.OO.59,R1.OO.59,O,O,OO,Female,18,0,33,1,11,7,18,121,324
174,R1,D2.R1.OY.37,R1.OY.37,O,Y,OY,Female,4,81,33,1,11,-7,18,121,16
1020,R1,D2.R1.OY.37,R1.OY.37,O,Y,OY,Female,18,0,33,1,11,7,18,121,324
68,R1,D2.R1.YY.29,R1.YY.29,Y,Y,YY,Female,4,33,33,1,11,-7,18,121,16
1139,R1,D2.R1.YY.29,R1.YY.29,Y,Y,YY,Female,18,24,33,1,11,7,18,121,324
491,R2,D2.R2.OY.15,R2.OY.15,O,Y,OY,Female,4,76,33,1,11,-7,18,121,16
1316,R2,D2.R2.OY.15,R2.OY.15,O,Y,OY,Female,18,42,33,1,11,7,18,121,324
564,R2,D2.R2.OY.36,R2.OY.36,O,Y,OY,Female,4,37,33,1,11,-7,18,121,16
1336,R2,D2.R2.OY.36,R2.OY.36,O,Y,OY,Female,18,0,33,1,11,7,18,121,324
609,R2,D2.R2.YO.25,R2.YO.25,Y,O,YO,Female,4,63,33,1,11,-7,18,121,16
1328,R2,D2.R2.YO.25,R2.YO.25,Y,O,YO,Female,18,0,33,1,11,7,18,121,324
597,R2,D2.R2.YY.2,R2.YY.2,Y,Y,YY,Female,4,74,33,1,11,-7,18,121,16
1326,R2,D2.R2.YY.2,R2.YY.2,Y,Y,YY,Female,18,0,33,1,11,7,18,121,324
509,R2,D2.R2.YY.23,R2.YY.23,Y,Y,YY,Female,4,87,33,1,11,-7,18,121,16
1547,R2,D2.R2.YY.23,R2.YY.23,Y,Y,YY,Female,18,60,33,1,11,7,18,121,324
3172,R3,D2.R3.OY.3,R3.OY.3,O,Y,OY,Female,4,70,33,1,11,-7,18,121,16
3639,R3,D2.R3.OY.3,R3.OY.3,O,Y,OY,Female,18,63,33,1,11,7,18,121,324
3391,R4,D2.R4.OO.4,R4.OO.4,O,O,OO,Female,4,72,33,1,11,-7,18,121,16
3823,R4,D2.R4.OO.4,R4.OO.4,O,O,OO,Female,18,61,33,1,11,7,18,121,324
62,R1,D3.R1.OO.10,R1.OO.10,O,O,OO,Female,4,70,33,1,11,-7,18,121,16
1145,R1,D3.R1.OO.10,R1.OO.10,O,O,OO,Female,18,46,33,1,11,7,18,121,324
8,R1,D3.R1.OO.35,R1.OO.35,O,O,OO,Female,4,45,33,1,11,-7,18,121,16
1010,R1,D3.R1.OO.35,R1.OO.35,O,O,OO,Female,18,0,33,1,11,7,18,121,324
120,R1,D3.R1.OO.9,R1.OO.9,O,O,OO,Female,4,57,33,1,11,-7,18,121,16
962,R1,D3.R1.OO.9,R1.OO.9,O,O,OO,Female,18,38,33,1,11,7,18,121,324
187,R1,D3.R1.OY.36,R1.OY.36,O,Y,OY,Female,4,49,33,1,11,-7,18,121,16
981,R1,D3.R1.OY.36,R1.OY.36,O,Y,OY,Female,18,0,33,1,11,7,18,121,324
203,R1,D3.R1.YO.23,R1.YO.23,Y,O,YO,Female,4,95,33,1,11,-7,18,121,16
967,R1,D3.R1.YO.23,R1.YO.23,Y,O,YO,Female,18,0,33,1,11,7,18,121,324
589,R2,D3.R2.YO.7,R2.YO.7,Y,O,YO,Female,4,72,33,1,11,-7,18,121,16
1325,R2,D3.R2.YO.7,R2.YO.7,Y,O,YO,Female,18,7,33,1,11,7,18,121,324
654,R2,D3.R2.YY.2,R2.YY.2,Y,Y,YY,Female,4,81,33,1,11,-7,18,121,16
1333,R2,D3.R2.YY.2,R2.YY.2,Y,Y,YY,Female,18,0,33,1,11,7,18,121,324
3228,R3,D3.R3.OO.2,R3.OO.2,O,O,OO,Female,4,48,33,1,11,-7,18,121,16
3697,R3,D3.R3.OO.2,R3.OO.2,O,O,OO,Female,18,42,33,1,11,7,18,121,324
3133,R3,D3.R3.OO.8,R3.OO.8,O,O,OO,Female,4,44,33,1,11,-7,18,121,16
3629,R3,D3.R3.OO.8,R3.OO.8,O,O,OO,Female,18,41,33,1,11,7,18,121,324
3206,R3,D3.R3.OY.20,R3.OY.20,O,Y,OY,Female,4,67,33,1,11,-7,18,121,16
3648,R3,D3.R3.OY.20,R3.OY.20,O,Y,OY,Female,18,0,33,1,11,7,18,121,324
3131,R3,D3.R3.YY.5,R3.YY.5,Y,Y,YY,Female,4,45,33,1,11,-7,18,121,16
3635,R3,D3.R3.YY.5,R3.YY.5,Y,Y,YY,Female,18,37,33,1,11,7,18,121,324
3404,R4,D3.R4.OY.3,R4.OY.3,O,Y,OY,Female,4,61,33,1,11,-7,18,121,16
3865,R4,D3.R4.OY.3,R4.OY.3,O,Y,OY,Female,18,30,33,1,11,7,18,121,324
3433,R4,D3.R4.YY.14,R4.YY.14,Y,Y,YY,Female,4,63,33,1,11,-7,18,121,16
3843,R4,D3.R4.YY.14,R4.YY.14,Y,Y,YY,Female,18,51,33,1,11,7,18,121,324
135,R1,D1.R1.OO.22,R1.OO.22,O,O,OO,Female,4,76,35,1,18,-14,32,324,16
1002,R1,D1.R1.OO.22,R1.OO.22,O,O,OO,Female,18,36,35,1,18,0,32,324,324
1755,R1,D1.R1.OO.22,R1.OO.22,O,O,OO,Female,32,0,35,1,18,14,32,324,1024
45,R1,D1.R1.OO.60,R1.OO.60,O,O,OO,Female,4,65,35,1,18,-14,32,324,16
1066,R1,D1.R1.OO.60,R1.OO.60,O,O,OO,Female,18,64,35,1,18,0,32,324,324
1809,R1,D1.R1.OO.60,R1.OO.60,O,O,OO,Female,32,0,35,1,18,14,32,324,1024
213,R1,D1.R1.OY.18,R1.OY.18,O,Y,OY,Female,4,98,35,1,18,-14,32,324,16
978,R1,D1.R1.OY.18,R1.OY.18,O,Y,OY,Female,18,38,35,1,18,0,32,324,324
1752,R1,D1.R1.OY.18,R1.OY.18,O,Y,OY,Female,32,0,35,1,18,14,32,324,1024
76,R1,D1.R1.OY.23,R1.OY.23,O,Y,OY,Female,4,85,35,1,18,-14,32,324,16
1127,R1,D1.R1.OY.23,R1.OY.23,O,Y,OY,Female,18,51,35,1,18,0,32,324,324
1785,R1,D1.R1.OY.23,R1.OY.23,O,Y,OY,Female,32,0,35,1,18,14,32,324,1024
170,R1,D1.R1.OY.37,R1.OY.37,O,Y,OY,Female,4,73,35,1,11,-7,18,121,16
972,R1,D1.R1.OY.37,R1.OY.37,O,Y,OY,Female,18,0,35,1,11,7,18,121,324
28,R1,D1.R1.OY.65,R1.OY.65,O,Y,OY,Female,4,77,35,1,18,-14,32,324,16
1123,R1,D1.R1.OY.65,R1.OY.65,O,Y,OY,Female,18,24,35,1,18,0,32,324,324
1788,R1,D1.R1.OY.65,R1.OY.65,O,Y,OY,Female,32,0,35,1,18,14,32,324,1024
99,R1,D1.R1.YO.2,R1.YO.2,Y,O,YO,Female,4,109,35,1,18,-14,32,324,16
974,R1,D1.R1.YO.2,R1.YO.2,Y,O,YO,Female,18,0,35,1,18,0,32,324,324
1754,R1,D1.R1.YO.2,R1.YO.2,Y,O,YO,Female,32,0,35,1,18,14,32,324,1024
208,R1,D1.R1.YO.23,R1.YO.23,Y,O,YO,Female,4,80,35,1,18,-14,32,324,16
1009,R1,D1.R1.YO.23,R1.YO.23,Y,O,YO,Female,18,0,35,1,18,0,32,324,324
1766,R1,D1.R1.YO.23,R1.YO.23,Y,O,YO,Female,32,0,35,1,18,14,32,324,1024
209,R1,D1.R1.YY.11,R1.YY.11,Y,Y,YY,Female,4,41,35,1,18,-14,32,324,16
1016,R1,D1.R1.YY.11,R1.YY.11,Y,Y,YY,Female,18,2,35,1,18,0,32,324,324
1780,R1,D1.R1.YY.11,R1.YY.11,Y,Y,YY,Female,32,0,35,1,18,14,32,324,1024
22,R1,D1.R1.YY.31,R1.YY.31,Y,Y,YY,Female,4,57,35,1,18,-14,32,324,16
1095,R1,D1.R1.YY.31,R1.YY.31,Y,Y,YY,Female,18,33,35,1,18,0,32,324,324
1830,R1,D1.R1.YY.31,R1.YY.31,Y,Y,YY,Female,32,0,35,1,18,14,32,324,1024
560,R2,D1.R2.OO.30,R2.OO.30,O,O,OO,Female,4,66,35,1,18,-14,32,324,16
1471,R2,D1.R2.OO.30,R2.OO.30,O,O,OO,Female,18,78,35,1,18,0,32,324,324
2050,R2,D1.R2.OO.30,R2.OO.30,O,O,OO,Female,32,0,35,1,18,14,32,324,1024
526,R2,D1.R2.YO.24,R2.YO.24,Y,O,YO,Female,4,41,35,1,18,-14,32,324,16
1476,R2,D1.R2.YO.24,R2.YO.24,Y,O,YO,Female,18,55,35,1,18,0,32,324,324
2116,R2,D1.R2.YO.24,R2.YO.24,Y,O,YO,Female,32,14,35,1,18,14,32,324,1024
74,R1,D2.R1.OO.21,R1.OO.21,O,O,OO,Female,4,54,35,1,18,-14,32,324,16
1138,R1,D2.R1.OO.21,R1.OO.21,O,O,OO,Female,18,0,35,1,18,0,32,324,324
1787,R1,D2.R1.OO.21,R1.OO.21,O,O,OO,Female,32,0,35,1,18,14,32,324,1024
11,R1,D2.R1.OY.26,R1.OY.26,O,Y,OY,Female,4,57,35,1,18,-14,32,324,16
1092,R1,D2.R1.OY.26,R1.OY.26,O,Y,OY,Female,18,0,35,1,18,0,32,324,324
1815,R1,D2.R1.OY.26,R1.OY.26,O,Y,OY,Female,32,0,35,1,18,14,32,324,1024
109,R1,D2.R1.YO.7,R1.YO.7,Y,O,YO,Female,4,92,35,1,18,-14,32,324,16
1111,R1,D2.R1.YO.7,R1.YO.7,Y,O,YO,Female,18,0,35,1,18,0,32,324,324
1791,R1,D2.R1.YO.7,R1.YO.7,Y,O,YO,Female,32,0,35,1,18,14,32,324,1024
193,R1,D2.R1.YY.11,R1.YY.11,Y,Y,YY,Female,4,88,35,1,18,-14,32,324,16
1039,R1,D2.R1.YY.11,R1.YY.11,Y,Y,YY,Female,18,59,35,1,18,0,32,324,324
1767,R1,D2.R1.YY.11,R1.YY.11,Y,Y,YY,Female,32,0,35,1,18,14,32,324,1024
493,R2,D2.R2.OO.23,R2.OO.23,O,O,OO,Female,4,58,35,1,18,-14,32,324,16
1371,R2,D2.R2.OO.23,R2.OO.23,O,O,OO,Female,18,30,35,1,18,0,32,324,324
2089,R2,D2.R2.OO.23,R2.OO.23,O,O,OO,Female,32,0,35,1,18,14,32,324,1024
625,R2,D2.R2.OO.54,R2.OO.54,O,O,OO,Female,4,93,35,1,18,-14,32,324,16
1327,R2,D2.R2.OO.54,R2.OO.54,O,O,OO,Female,18,0,35,1,18,0,32,324,324
2036,R2,D2.R2.OO.54,R2.OO.54,O,O,OO,Female,32,0,35,1,18,14,32,324,1024
529,R2,D2.R2.YO.12,R2.YO.12,Y,O,YO,Female,4,88,35,1,18,-14,32,324,16
1530,R2,D2.R2.YO.12,R2.YO.12,Y,O,YO,Female,18,47,35,1,18,0,32,324,324
2072,R2,D2.R2.YO.12,R2.YO.12,Y,O,YO,Female,32,0,35,1,18,14,32,324,1024
690,R2,D2.R2.YO.13,R2.YO.13,Y,O,YO,Female,4,67,35,1,18,-14,32,324,16
1484,R2,D2.R2.YO.13,R2.YO.13,Y,O,YO,Female,18,54,35,1,18,0,32,324,324
2068,R2,D2.R2.YO.13,R2.YO.13,Y,O,YO,Female,32,0,35,1,18,14,32,324,1024
483,R2,D2.R2.YO.9,R2.YO.9,Y,O,YO,Female,4,65,35,1,18,-14,32,324,16
1323,R2,D2.R2.YO.9,R2.YO.9,Y,O,YO,Female,18,0,35,1,18,0,32,324,324
2082,R2,D2.R2.YO.9,R2.YO.9,Y,O,YO,Female,32,0,35,1,18,14,32,324,1024
41,R1,D3.R1.OY.26,R1.OY.26,O,Y,OY,Female,4,48,35,1,18,-14,32,324,16
1129,R1,D3.R1.OY.26,R1.OY.26,O,Y,OY,Female,18,41,35,1,18,0,32,324,324
1796,R1,D3.R1.OY.26,R1.OY.26,O,Y,OY,Female,32,0,35,1,18,14,32,324,1024
137,R1,D3.R1.OY.78,R1.OY.78,O,Y,OY,Female,4,0,35,1,18,-14,32,324,16
1100,R1,D3.R1.OY.78,R1.OY.78,O,Y,OY,Female,18,43,35,1,18,0,32,324,324
1829,R1,D3.R1.OY.78,R1.OY.78,O,Y,OY,Female,32,0,35,1,18,14,32,324,1024
54,R1,D3.R1.YO.12,R1.YO.12,Y,O,YO,Female,4,61,35,1,18,-14,32,324,16
1135,R1,D3.R1.YO.12,R1.YO.12,Y,O,YO,Female,18,0,35,1,18,0,32,324,324
1797,R1,D3.R1.YO.12,R1.YO.12,Y,O,YO,Female,32,0,35,1,18,14,32,324,1024
140,R1,D3.R1.YO.20,R1.YO.20,Y,O,YO,Female,4,0,35,1,18,-14,32,324,16
986,R1,D3.R1.YO.20,R1.YO.20,Y,O,YO,Female,18,0,35,1,18,0,32,324,324
1759,R1,D3.R1.YO.20,R1.YO.20,Y,O,YO,Female,32,0,35,1,18,14,32,324,1024
92,R1,D3.R1.YO.29,R1.YO.29,Y,O,YO,Female,4,62,35,1,18,-14,32,324,16
1062,R1,D3.R1.YO.29,R1.YO.29,Y,O,YO,Female,18,55,35,1,18,0,32,324,324
1813,R1,D3.R1.YO.29,R1.YO.29,Y,O,YO,Female,32,0,35,1,18,14,32,324,1024
19,R1,D3.R1.YO.30,R1.YO.30,Y,O,YO,Female,4,71,35,1,18,-14,32,324,16
1079,R1,D3.R1.YO.30,R1.YO.30,Y,O,YO,Female,18,57,35,1,18,0,32,324,324
1833,R1,D3.R1.YO.30,R1.YO.30,Y,O,YO,Female,32,0,35,1,18,14,32,324,1024
56,R1,D3.R1.YY.22,R1.YY.22,Y,Y,YY,Female,4,69,35,1,18,-14,32,324,16
1028,R1,D3.R1.YY.22,R1.YY.22,Y,Y,YY,Female,18,13,35,1,18,0,32,324,324
1795,R1,D3.R1.YY.22,R1.YY.22,Y,Y,YY,Female,32,0,35,1,18,14,32,324,1024
58,R1,D3.R1.YY.31,R1.YY.31,Y,Y,YY,Female,4,75,35,1,18,-14,32,324,16
1068,R1,D3.R1.YY.31,R1.YY.31,Y,Y,YY,Female,18,0,35,1,18,0,32,324,324
1817,R1,D3.R1.YY.31,R1.YY.31,Y,Y,YY,Female,32,0,35,1,18,14,32,324,1024
457,R2,D3.R2.OO.31,R2.OO.31,O,O,OO,Female,4,72,35,1,18,-14,32,324,16
1411,R2,D3.R2.OO.31,R2.OO.31,O,O,OO,Female,18,80,35,1,18,0,32,324,324
2027,R2,D3.R2.OO.31,R2.OO.31,O,O,OO,Female,32,0,35,1,18,14,32,324,1024
3230,R3,D1.R3.OO.10,R3.OO.10,O,O,OO,Female,4,27,36,1,18,-14,32,324,16
3660,R3,D1.R3.OO.10,R3.OO.10,O,O,OO,Female,18,0,36,1,18,0,32,324,324
4053,R3,D1.R3.OO.10,R3.OO.10,O,O,OO,Female,32,0,36,1,18,14,32,324,1024
3180,R3,D1.R3.OY.26,R3.OY.26,O,Y,OY,Female,4,57,36,1,18,-14,32,324,16
3596,R3,D1.R3.OY.26,R3.OY.26,O,Y,OY,Female,18,69,36,1,18,0,32,324,324
4040,R3,D1.R3.OY.26,R3.OY.26,O,Y,OY,Female,32,0,36,1,18,14,32,324,1024
3240,R3,D1.R3.YY.5,R3.YY.5,Y,Y,YY,Female,4,57,36,1,18,-14,32,324,16
3665,R3,D1.R3.YY.5,R3.YY.5,Y,Y,YY,Female,18,54,36,1,18,0,32,324,324
4032,R3,D1.R3.YY.5,R3.YY.5,Y,Y,YY,Female,32,0,36,1,18,14,32,324,1024
3367,R4,D1.R4.OY.16,R4.OY.16,O,Y,OY,Female,4,66,36,1,18,-14,32,324,16
3876,R4,D1.R4.OY.16,R4.OY.16,O,Y,OY,Female,18,56,36,1,18,0,32,324,324
4224,R4,D1.R4.OY.16,R4.OY.16,O,Y,OY,Female,32,0,36,1,18,14,32,324,1024
3416,R4,D1.R4.YY.14,R4.YY.14,Y,Y,YY,Female,4,65,36,1,18,-14,32,324,16
3863,R4,D1.R4.YY.14,R4.YY.14,Y,Y,YY,Female,18,0,36,1,18,0,32,324,324
4279,R4,D1.R4.YY.14,R4.YY.14,Y,Y,YY,Female,32,0,36,1,18,14,32,324,1024
3398,R4,D2.R4.YO.11,R4.YO.11,Y,O,YO,Female,4,76,36,1,18,-14,32,324,16
3840,R4,D2.R4.YO.11,R4.YO.11,Y,O,YO,Female,18,0,36,1,18,0,32,324,324
4254,R4,D2.R4.YO.11,R4.YO.11,Y,O,YO,Female,32,0,36,1,18,14,32,324,1024
3211,R3,D3.R3.OO.9,R3.OO.9,O,O,OO,Female,4,73,36,1,11,-7,18,121,16
3643,R3,D3.R3.OO.9,R3.OO.9,O,O,OO,Female,18,16,36,1,11,7,18,121,324
3163,R3,D3.R3.OY.1,R3.OY.1,O,Y,OY,Female,4,66,36,1,18,-14,32,324,16
3597,R3,D3.R3.OY.1,R3.OY.1,O,Y,OY,Female,18,40,36,1,18,0,32,324,324
4063,R3,D3.R3.OY.1,R3.OY.1,O,Y,OY,Female,32,0,36,1,18,14,32,324,1024
3231,R3,D3.R3.OY.26,R3.OY.26,O,Y,OY,Female,4,42,36,1,18,-14,32,324,16
3689,R3,D3.R3.OY.26,R3.OY.26,O,Y,OY,Female,18,0,36,1,18,0,32,324,324
4035,R3,D3.R3.OY.26,R3.OY.26,O,Y,OY,Female,32,0,36,1,18,14,32,324,1024
3390,R4,D3.R4.OO.5,R4.OO.5,O,O,OO,Female,4,83,36,1,18,-14,32,324,16
3913,R4,D3.R4.OO.5,R4.OO.5,O,O,OO,Female,18,53,36,1,18,0,32,324,324
4278,R4,D3.R4.OO.5,R4.OO.5,O,O,OO,Female,32,0,36,1,18,14,32,324,1024
172,R1,D1.R1.OY.20,R1.OY.20,O,Y,OY,Female,4,75,37,1,18,-14,32,324,16
950,R1,D1.R1.OY.20,R1.OY.20,O,Y,OY,Female,18,59,37,1,18,0,32,324,324
1760,R1,D1.R1.OY.20,R1.OY.20,O,Y,OY,Female,32,0,37,1,18,14,32,324,1024
101,R1,D1.R1.OY.54,R1.OY.54,O,Y,OY,Female,4,78,37,1,18,-14,32,324,16
945,R1,D1.R1.OY.54,R1.OY.54,O,Y,OY,Female,18,58,37,1,18,0,32,324,324
1735,R1,D1.R1.OY.54,R1.OY.54,O,Y,OY,Female,32,0,37,1,18,14,32,324,1024
180,R1,D1.R1.OY.77,R1.OY.77,O,Y,OY,Female,4,66,37,1,18,-14,32,324,16
1046,R1,D1.R1.OY.77,R1.OY.77,O,Y,OY,Female,18,29,37,1,18,0,32,324,324
1769,R1,D1.R1.OY.77,R1.OY.77,O,Y,OY,Female,32,0,37,1,18,14,32,324,1024
80,R1,D1.R1.YY.29,R1.YY.19,Y,Y,YY,Female,4,67,37,1,18,-14,32,324,16
1149,R1,D1.R1.YY.29,R1.YY.29,Y,Y,YY,Female,18,44,37,1,18,0,32,324,324
1801,R1,D1.R1.YY.29,R1.YY.29,Y,Y,YY,Female,32,0,37,1,18,14,32,324,1024
3200,R3,D1.R3.OY.1,R3.OY.1,O,Y,OY,Female,4,61,37,1,18,-14,32,324,16
3676,R3,D1.R3.OY.1,R3.OY.1,O,Y,OY,Female,18,0,37,1,18,0,32,324,324
4072,R3,D1.R3.OY.1,R3.OY.1,O,Y,OY,Female,32,0,37,1,18,14,32,324,1024
3213,R3,D1.R3.OY.28,R3.OY.28,O,Y,OY,Female,4,44,37,1,18,-14,32,324,16
3693,R3,D1.R3.OY.28,R3.OY.28,O,Y,OY,Female,18,62,37,1,18,0,32,324,324
4036,R3,D1.R3.OY.28,R3.OY.28,O,Y,OY,Female,32,0,37,1,18,14,32,324,1024
103,R1,D2.R1.YO.19,R1.YO.19,Y,O,YO,Female,4,76,37,1,18,-14,32,324,16
1042,R1,D2.R1.YO.19,R1.YO.19,Y,O,YO,Female,18,45,37,1,18,0,32,324,324
1782,R1,D2.R1.YO.19,R1.YO.19,Y,O,YO,Female,32,0,37,1,18,14,32,324,1024
73,R1,D2.R1.YO.4,R1.YO.4,Y,O,YO,Female,4,96,37,1,18,-14,32,324,16
1133,R1,D2.R1.YO.4,R1.YO.4,Y,O,YO,Female,18,6,37,1,18,0,32,324,324
1802,R1,D2.R1.YO.4,R1.YO.4,Y,O,YO,Female,32,0,37,1,18,14,32,324,1024
3165,R3,D2.R3.OO.17,R3.OO.17,O,O,OO,Female,4,67,37,1,18,-14,32,324,16
3633,R3,D2.R3.OO.17,R3.OO.17,O,O,OO,Female,18,15,37,1,18,0,32,324,324
4029,R3,D2.R3.OO.17,R3.OO.17,O,O,OO,Female,32,0,37,1,18,14,32,324,1024
3161,R3,D2.R3.YY.4,R3.YY.4,Y,Y,YY,Female,4,60,37,1,18,-14,32,324,16
3675,R3,D2.R3.YY.4,R3.YY.4,Y,Y,YY,Female,18,37,37,1,18,0,32,324,324
4083,R3,D2.R3.YY.4,R3.YY.4,Y,Y,YY,Female,32,0,37,1,18,14,32,324,1024
17,R1,D3.R1.OO.54,R1.OO.54,O,O,OO,Female,4,82,37,1,18,-14,32,324,16
1083,R1,D3.R1.OO.54,R1.OO.54,O,O,OO,Female,18,0,37,1,18,0,32,324,324
1822,R1,D3.R1.OO.54,R1.OO.54,O,O,OO,Female,32,0,37,1,18,14,32,324,1024
134,R1,D3.R1.YO.24,R1.YO.24,Y,O,YO,Female,4,83,37,1,18,-14,32,324,16
980,R1,D3.R1.YO.24,R1.YO.24,Y,O,YO,Female,18,55,37,1,18,0,32,324,324
1750,R1,D3.R1.YO.24,R1.YO.24,Y,O,YO,Female,32,0,37,1,18,14,32,324,1024
21,R1,D3.R1.YO.4,R1.YO.4,Y,O,YO,Female,4,55,37,1,18,-14,32,324,16
1013,R1,D3.R1.YO.4,R1.YO.4,Y,O,YO,Female,18,2,37,1,18,0,32,324,324
1799,R1,D3.R1.YO.4,R1.YO.4,Y,O,YO,Female,32,0,37,1,18,14,32,324,1024
87,R1,D3.R1.YY.35,R1.YY.35,Y,Y,YY,Female,4,17,37,1,11,-7,18,121,16
1081,R1,D3.R1.YY.35,R1.YY.35,Y,Y,YY,Female,18,2,37,1,11,7,18,121,324
3179,R3,D3.R3.OY.3,R3.OY.3,O,Y,OY,Female,4,63,37,1,18,-14,32,324,16
3641,R3,D3.R3.OY.3,R3.OY.3,O,Y,OY,Female,18,50,37,1,18,0,32,324,324
4092,R3,D3.R3.OY.3,R3.OY.3,O,Y,OY,Female,32,0,37,1,18,14,32,324,1024
3183,R3,D3.R3.YY.15,R3.YY.15,Y,Y,YY,Female,4,47,37,1,18,-14,32,324,16
3686,R3,D3.R3.YY.15,R3.YY.15,Y,Y,YY,Female,18,26,37,1,18,0,32,324,324
4031,R3,D3.R3.YY.15,R3.YY.15,Y,Y,YY,Female,32,0,37,1,18,14,32,324,1024
107,R1,D1.R1.OO.16,R1.OO.16,O,O,OO,Female,4,106,38,1,18,-14,32,324,16
1114,R1,D1.R1.OO.16,R1.OO.16,O,O,OO,Female,18,59,38,1,18,0,32,324,324
1869,R1,D1.R1.OO.16,R1.OO.16,O,O,OO,Female,32,73,38,1,18,14,32,324,1024
98,R1,D1.R1.OO.25,R1.OO.25,O,O,OO,Female,4,87,38,1,18,-14,32,324,16
1113,R1,D1.R1.OO.25,R1.OO.25,O,O,OO,Female,18,6,38,1,18,0,32,324,324
1790,R1,D1.R1.OO.25,R1.OO.25,O,O,OO,Female,32,0,38,1,18,14,32,324,1024
127,R1,D1.R1.YO.24,R1.YO.24,Y,O,YO,Female,4,97,38,1,18,-14,32,324,16
984,R1,D1.R1.YO.24,R1.YO.24,Y,O,YO,Female,18,54,38,1,18,0,32,324,324
1758,R1,D1.R1.YO.24,R1.YO.24,Y,O,YO,Female,32,0,38,1,18,14,32,324,1024
451,R2,D1.R2.OO.3,R2.OO.3,O,O,OO,Female,4,33,38,1,18,-14,32,324,16
1497,R2,D1.R2.OO.3,R2.OO.3,O,O,OO,Female,18,26,38,1,18,0,32,324,324
2061,R2,D1.R2.OO.3,R2.OO.3,O,O,OO,Female,32,0,38,1,18,14,32,324,1024
497,R2,D1.R2.OO.5,R2.OO.5,O,O,OO,Female,4,74,38,1,18,-14,32,324,16
1549,R2,D1.R2.OO.5,R2.OO.5,O,O,OO,Female,18,64,38,1,18,0,32,324,324
2045,R2,D1.R2.OO.5,R2.OO.5,O,O,OO,Female,32,0,38,1,18,14,32,324,1024
481,R2,D1.R2.OO.74,R2.OO.74,O,O,OO,Female,4,56,38,1,18,-14,32,324,16
1527,R2,D1.R2.OO.74,R2.OO.74,O,O,OO,Female,18,58,38,1,18,0,32,324,324
2075,R2,D1.R2.OO.74,R2.OO.74,O,O,OO,Female,32,0,38,1,18,14,32,324,1024
669,R2,D1.R2.OY.2,R2.OY.2,O,Y,OY,Female,4,54,38,1,18,-14,32,324,16
1485,R2,D1.R2.OY.2,R2.OY.2,O,Y,OY,Female,18,49,38,1,18,0,32,324,324
2041,R2,D1.R2.OY.2,R2.OY.2,O,Y,OY,Female,32,0,38,1,18,14,32,324,1024
661,R2,D1.R2.YO.10,R2.YO.10,Y,O,YO,Female,4,38,38,1,18,-14,32,324,16
1504,R2,D1.R2.YO.10,R2.YO.10,Y,O,YO,Female,18,29,38,1,18,0,32,324,324
2098,R2,D1.R2.YO.10,R2.YO.10,Y,O,YO,Female,32,12,38,1,18,14,32,324,1024
637,R2,D1.R2.YY.14,R2.YY.14,Y,Y,YY,Female,4,82,38,1,11,-7,18,121,16
1542,R2,D1.R2.YY.14,R2.YY.14,Y,Y,YY,Female,18,62,38,1,11,7,18,121,324
3190,R3,D1.R3.YO.16,R3.YO.16,Y,O,YO,Female,4,69,38,1,18,-14,32,324,16
3627,R3,D1.R3.YO.16,R3.YO.16,Y,O,YO,Female,18,65,38,1,18,0,32,324,324
4047,R3,D1.R3.YO.16,R3.YO.16,Y,O,YO,Female,32,0,38,1,18,14,32,324,1024
3446,R4,D1.R4.OO.18,R4.OO.18,O,O,OO,Female,4,65,38,1,18,-14,32,324,16
3917,R4,D1.R4.OO.18,R4.OO.18,O,O,OO,Female,18,72,38,1,18,0,32,324,324
4281,R4,D1.R4.OO.18,R4.OO.18,O,O,OO,Female,32,73,38,1,18,14,32,324,1024
3453,R4,D1.R4.OO.2,R4.OO.2,O,O,OO,Female,4,42,38,1,18,-14,32,324,16
3882,R4,D1.R4.OO.2,R4.OO.2,O,O,OO,Female,18,51,38,1,18,0,32,324,324
4271,R4,D1.R4.OO.2,R4.OO.2,O,O,OO,Female,32,61,38,1,18,14,32,324,1024
3436,R4,D1.R4.OO.25,R4.OO.25,O,O,OO,Female,4,60,38,1,18,-14,32,324,16
3880,R4,D1.R4.OO.25,R4.OO.25,O,O,OO,Female,18,27,38,1,18,0,32,324,324
4242,R4,D1.R4.OO.25,R4.OO.25,O,O,OO,Female,32,0,38,1,18,14,32,324,1024
3463,R4,D1.R4.OY.3,R4.OY.3,O,Y,OY,Female,4,64,38,1,18,-14,32,324,16
3845,R4,D1.R4.OY.3,R4.OY.3,O,Y,OY,Female,18,80,38,1,18,0,32,324,324
4273,R4,D1.R4.OY.3,R4.OY.3,O,Y,OY,Female,32,36,38,1,18,14,32,324,1024
3451,R4,D1.R4.YO.9,R4.YO.9,Y,O,YO,Female,4,42,38,1,18,-14,32,324,16
3820,R4,D1.R4.YO.9,R4.YO.9,Y,O,YO,Female,18,12,38,1,18,0,32,324,324
4277,R4,D1.R4.YO.9,R4.YO.9,Y,O,YO,Female,32,0,38,1,18,14,32,324,1024
3384,R4,D1.R4.YY.19,R4.YY.19,Y,Y,YY,Female,4,76,38,1,18,-14,32,324,16
3856,R4,D1.R4.YY.19,R4.YY.19,Y,Y,YY,Female,18,36,38,1,18,0,32,324,324
4212,R4,D1.R4.YY.19,R4.YY.19,Y,Y,YY,Female,32,0,38,1,18,14,32,324,1024
644,R2,D2.R2.OY.14,R2.OY.14,O,Y,OY,Female,4,64,38,1,18,-14,32,324,16
1339,R2,D2.R2.OY.14,R2.OY.14,O,Y,OY,Female,18,0,38,1,18,0,32,324,324
2049,R2,D2.R2.OY.14,R2.OY.14,O,Y,OY,Female,32,0,38,1,18,14,32,324,1024
487,R2,D2.R2.YO.10,R2.YO.10,Y,O,YO,Female,4,50,38,1,18,-14,32,324,16
1342,R2,D2.R2.YO.10,R2.YO.10,Y,O,YO,Female,18,0,38,1,18,0,32,324,324
2055,R2,D2.R2.YO.10,R2.YO.10,Y,O,YO,Female,32,0,38,1,18,14,32,324,1024
506,R2,D2.R2.YO.18,R2.YO.18,Y,O,YO,Female,4,71,38,1,18,-14,32,324,16
1404,R2,D2.R2.YO.18,R2.YO.18,Y,O,YO,Female,18,12,38,1,18,0,32,324,324
2025,R2,D2.R2.YO.18,R2.YO.18,Y,O,YO,Female,32,0,38,1,18,14,32,324,1024
595,R2,D2.R2.YO.4,R2.YO.4,Y,O,YO,Female,4,82,38,1,18,-14,32,324,16
1449,R2,D2.R2.YO.4,R2.YO.4,Y,O,YO,Female,18,48,38,1,18,0,32,324,324
2179,R2,D2.R2.YO.4,R2.YO.4,Y,O,YO,Female,32,18,38,1,18,14,32,324,1024
642,R2,D2.R2.YO.7,R2.YO.7,Y,O,YO,Female,4,91,38,1,18,-14,32,324,16
1433,R2,D2.R2.YO.7,R2.YO.7,Y,O,YO,Female,18,48,38,1,18,0,32,324,324
2033,R2,D2.R2.YO.7,R2.YO.7,Y,O,YO,Female,32,0,38,1,18,14,32,324,1024
3455,R4,D2.R4.OO.5,R4.OO.5,O,O,OO,Female,4,80,38,1,21.5,-17.5,32,462.25,16
3848,R4,D2.R4.OO.5,R4.OO.5,O,O,OO,Female,18,57,38,1,21.5,-3.5,32,462.25,324
4223,R4,D2.R4.OO.5,R4.OO.5,O,O,OO,Female,32,0,38,1,21.5,10.5,32,462.25,1024
4253,R4,D2.R4.OO.5,R4.OO.5,O,O,OO,Female,32,2,38,1,21.5,10.5,32,462.25,1024
3420,R4,D2.R4.OY.27,R4.OY.27,O,Y,OY,Female,4,74,38,1,18,-14,32,324,16
3816,R4,D2.R4.OY.27,R4.OY.27,O,Y,OY,Female,18,61,38,1,18,0,32,324,324
4216,R4,D2.R4.OY.27,R4.OY.27,O,Y,OY,Female,32,0,38,1,18,14,32,324,1024
3435,R4,D2.R4.OY.3,R4.OY.3,O,Y,OY,Female,4,78,38,1,18,-14,32,324,16
3851,R4,D2.R4.OY.3,R4.OY.3,O,Y,OY,Female,18,0,38,1,18,0,32,324,324
4231,R4,D2.R4.OY.3,R4.OY.3,O,Y,OY,Female,32,0,38,1,18,14,32,324,1024
3449,R4,D2.R4.YY.1,R4.YY.1,Y,Y,YY,Female,4,62,38,1,18,-14,32,324,16
3861,R4,D2.R4.YY.1,R4.YY.1,Y,Y,YY,Female,18,0,38,1,18,0,32,324,324
4274,R4,D2.R4.YY.1,R4.YY.1,Y,Y,YY,Female,32,0,38,1,18,14,32,324,1024
3421,R4,D2.R4.YY.18,R4.YY.18,Y,Y,YY,Female,4,99,38,1,18,-14,32,324,16
3889,R4,D2.R4.YY.18,R4.YY.18,Y,Y,YY,Female,18,71,38,1,18,0,32,324,324
4275,R4,D2.R4.YY.18,R4.YY.18,Y,Y,YY,Female,32,0,38,1,18,14,32,324,1024
96,R1,D3.R1.OO.21,R1.OO.21,O,O,OO,Female,4,60,38,1,18,-14,32,324,16
1140,R1,D3.R1.OO.21,R1.OO.21,O,O,OO,Female,18,47,38,1,18,0,32,324,324
1804,R1,D3.R1.OO.21,R1.OO.21,O,O,OO,Female,32,0,38,1,18,14,32,324,1024
200,R1,D3.R1.YY.33,R1.YY.33,Y,Y,YY,Female,4,71,38,1,18,-14,32,324,16
946,R1,D3.R1.YY.33,R1.YY.33,Y,Y,YY,Female,18,37,38,1,18,0,32,324,324
1739,R1,D3.R1.YY.33,R1.YY.33,Y,Y,YY,Female,32,0,38,1,18,14,32,324,1024
522,R2,D3.R2.OY.24,R2.OY.24,O,Y,OY,Female,4,84,38,1,18,-14,32,324,16
1483,R2,D3.R2.OY.24,R2.OY.24,O,Y,OY,Female,18,25,38,1,18,0,32,324,324
2051,R2,D3.R2.OY.24,R2.OY.24,O,Y,OY,Female,32,0,38,1,18,14,32,324,1024
662,R2,D3.R2.YO.10,R2.YO.10,Y,O,YO,Female,4,75,38,1,18,-14,32,324,16
1486,R2,D3.R2.YO.10,R2.YO.10,Y,O,YO,Female,18,39,38,1,18,0,32,324,324
2109,R2,D3.R2.YO.10,R2.YO.10,Y,O,YO,Female,32,5,38,1,18,14,32,324,1024
551,R2,D3.R2.YO.16,R2.YO.16,Y,O,YO,Female,4,74,38,1,18,-14,32,324,16
1387,R2,D3.R2.YO.16,R2.YO.16,Y,O,YO,Female,18,64,38,1,18,0,32,324,324
2057,R2,D3.R2.YO.16,R2.YO.16,Y,O,YO,Female,32,0,38,1,18,14,32,324,1024
463,R2,D3.R2.YO.5,R2.YO.5,Y,O,YO,Female,4,71,38,1,18,-14,32,324,16
1419,R2,D3.R2.YO.5,R2.YO.5,Y,O,YO,Female,18,55,38,1,18,0,32,324,324
2026,R2,D3.R2.YO.5,R2.YO.5,Y,O,YO,Female,32,0,38,1,18,14,32,324,1024
629,R2,D3.R2.YY.17,R2.YY.17,Y,Y,YY,Female,4,73,38,1,18,-14,32,324,16
1332,R2,D3.R2.YY.17,R2.YY.17,Y,Y,YY,Female,18,0,38,1,18,0,32,324,324
2022,R2,D3.R2.YY.17,R2.YY.17,Y,Y,YY,Female,32,0,38,1,18,14,32,324,1024
3369,R4,D3.R4.OO.14,R4.OO.14,O,O,OO,Female,4,82,38,1,18,-14,32,324,16
3872,R4,D3.R4.OO.14,R4.OO.14,O,O,OO,Female,18,34,38,1,18,0,32,324,324
4213,R4,D3.R4.OO.14,R4.OO.14,O,O,OO,Female,32,0,38,1,18,14,32,324,1024
3365,R4,D3.R4.OO.26,R4.OO.26,O,O,OO,Female,4,72,38,1,18,-14,32,324,16
3907,R4,D3.R4.OO.26,R4.OO.26,O,O,OO,Female,18,63,38,1,18,0,32,324,324
4207,R4,D3.R4.OO.26,R4.OO.26,O,O,OO,Female,32,0,38,1,18,14,32,324,1024
3434,R4,D3.R4.OO.9,R4.OO.9,O,O,OO,Female,4,53,38,1,18,-14,32,324,16
3819,R4,D3.R4.OO.9,R4.OO.9,O,O,OO,Female,18,63,38,1,18,0,32,324,324
4237,R4,D3.R4.OO.9,R4.OO.9,O,O,OO,Female,32,0,38,1,18,14,32,324,1024
3474,R4,D3.R4.OY.14,R4.OY.14,O,Y,OY,Female,4,113,38,1,18,-14,32,324,16
3838,R4,D3.R4.OY.14,R4.OY.14,O,Y,OY,Female,18,68,38,1,18,0,32,324,324
4205,R4,D3.R4.OY.14,R4.OY.14,O,Y,OY,Female,32,0,38,1,18,14,32,324,1024
3426,R4,D3.R4.OY.16,R4.OY.16,O,Y,OY,Female,4,69,38,1,18,-14,32,324,16
3868,R4,D3.R4.OY.16,R4.OY.16,O,Y,OY,Female,18,69,38,1,18,0,32,324,324
4226,R4,D3.R4.OY.16,R4.OY.16,O,Y,OY,Female,32,0,38,1,18,14,32,324,1024
3440,R4,D3.R4.OY.8,R4.OY.8,O,Y,OY,Female,4,100,38,1,18,-14,32,324,16
3886,R4,D3.R4.OY.8,R4.OY.8,O,Y,OY,Female,18,60,38,1,18,0,32,324,324
4209,R4,D3.R4.OY.8,R4.OY.8,O,Y,OY,Female,32,7,38,1,18,14,32,324,1024
83,R1,D1.R1.YY.22,R1.YY.22,Y,Y,YY,Female,4,44,39,1,18,-14,32,324,16
1132,R1,D1.R1.YY.22,R1.YY.22,Y,Y,YY,Female,18,73,39,1,18,0,32,324,324
1814,R1,D1.R1.YY.22,R1.YY.22,Y,Y,YY,Female,32,0,39,1,18,14,32,324,1024
78,R1,D2.R1.YO.11,R1.YO.11,Y,O,YO,Female,4,77,39,1,18,-14,32,324,16
1122,R1,D2.R1.YO.11,R1.YO.11,Y,O,YO,Female,18,0,39,1,18,0,32,324,324
1792,R1,D2.R1.YO.11,R1.YO.11,Y,O,YO,Female,32,0,39,1,18,14,32,324,1024
186,R1,D3.R1.OY.48,R1.OY.48,O,Y,OY,Female,4,79,39,1,18,-14,32,324,16
1036,R1,D3.R1.OY.48,R1.OY.48,O,Y,OY,Female,18,41,39,1,18,0,32,324,324
1778,R1,D3.R1.OY.48,R1.OY.48,O,Y,OY,Female,32,0,39,1,18,14,32,324,1024
150,R1,D3.R1.YO.19,R1.YO.19,Y,O,YO,Female,4,71,39,1,18,-14,32,324,16
1099,R1,D3.R1.YO.19,R1.YO.19,Y,O,YO,Female,18,24,39,1,18,0,32,324,324
1837,R1,D3.R1.YO.19,R1.YO.19,Y,O,YO,Female,32,29,39,1,18,14,32,324,1024
206,R1,D3.R1.YY.11,R1.YY.11,Y,Y,YY,Female,4,81,39,1,18,-14,32,324,16
977,R1,D3.R1.YY.11,R1.YY.11,Y,Y,YY,Female,18,25,39,1,18,0,32,324,324
1753,R1,D3.R1.YY.11,R1.YY.11,Y,Y,YY,Female,32,0,39,1,18,14,32,324,1024
128,R1,D1.R1.OY.48,R1.OY.48,O,Y,OY,Female,4,86,40,1,18,-14,32,324,16
1048,R1,D1.R1.OY.48,R1.OY.48,O,Y,OY,Female,18,51,40,1,18,0,32,324,324
1770,R1,D1.R1.OY.48,R1.OY.48,O,Y,OY,Female,32,0,40,1,18,14,32,324,1024
191,R1,D1.R1.YO.15,R1.YO.15,Y,O,YO,Female,4,87,40,1,18,-14,32,324,16
1044,R1,D1.R1.YO.15,R1.YO.15,Y,O,YO,Female,18,47,40,1,18,0,32,324,324
1781,R1,D1.R1.YO.15,R1.YO.15,Y,O,YO,Female,32,0,40,1,18,14,32,324,1024
47,R1,D1.R1.YO.29,R1.YO.29,Y,O,YO,Female,4,65,40,1,18,-14,32,324,16
1084,R1,D1.R1.YO.29,R1.YO.29,Y,O,YO,Female,18,26,40,1,18,0,32,324,324
1816,R1,D1.R1.YO.29,R1.YO.29,Y,O,YO,Female,32,0,40,1,18,14,32,324,1024
154,R1,D1.R1.YO.9,R1.YO.9,Y,O,YO,Female,4,86,40,1,18,-14,32,324,16
1049,R1,D1.R1.YO.9,R1.YO.9,Y,O,YO,Female,18,47,40,1,18,0,32,324,324
1783,R1,D1.R1.YO.9,R1.YO.9,Y,O,YO,Female,32,0,40,1,18,14,32,324,1024
218,R1,D2.R1.OY.27,R1.OY.27,O,Y,OY,Female,4,61,40,1,18,-14,32,324,16
1008,R1,D2.R1.OY.27,R1.OY.27,O,Y,OY,Female,18,26,40,1,18,0,32,324,324
1774,R1,D2.R1.OY.27,R1.OY.27,O,Y,OY,Female,32,0,40,1,18,14,32,324,1024
72,R1,D2.R1.YY.13,R1.YY.13,Y,Y,YY,Female,4,72,40,1,18,-14,32,324,16
1146,R1,D2.R1.YY.13,R1.YY.13,Y,Y,YY,Female,18,9,40,1,18,0,32,324,324
1871,R1,D2.R1.YY.13,R1.YY.13,Y,Y,YY,Female,32,40,40,1,18,14,32,324,1024
141,R1,D3.R1.YY.14,R1.YY.14,Y,Y,YY,Female,4,70,40,1,18,-14,32,324,16
1012,R1,D3.R1.YY.14,R1.YY.14,Y,Y,YY,Female,18,0,40,1,18,0,32,324,324
1777,R1,D3.R1.YY.14,R1.YY.14,Y,Y,YY,Female,32,0,40,1,18,14,32,324,1024
604,R2,D3.R2.OO.73,R2.OO.73,O,O,OO,Female,4,48,40,1,18,-14,32,324,16
1435,R2,D3.R2.OO.73,R2.OO.73,O,O,OO,Female,18,47,40,1,18,0,32,324,324
2035,R2,D3.R2.OO.73,R2.OO.73,O,O,OO,Female,32,0,40,1,18,14,32,324,1024
3372,R4,D1.R4.YY.1,R4.YY.1,Y,Y,YY,Female,4,74,41,1,18,-14,32,324,16
3890,R4,D1.R4.YY.1,R4.YY.1,Y,Y,YY,Female,18,0,41,1,18,0,32,324,324
4252,R4,D1.R4.YY.1,R4.YY.1,Y,Y,YY,Female,32,30,41,1,18,14,32,324,1024
3445,R4,D2.R4.YY.14,R4.YY.14,Y,Y,YY,Female,4,39,41,1,18,-14,32,324,16
3828,R4,D2.R4.YY.14,R4.YY.14,Y,Y,YY,Female,18,40,41,1,18,0,32,324,324
4217,R4,D2.R4.YY.14,R4.YY.14,Y,Y,YY,Female,32,0,41,1,18,14,32,324,1024
3437,R4,D3.R4.OO.4,R4.OO.4,O,O,OO,Female,4,30,41,1,18,-14,32,324,16
3896,R4,D3.R4.OO.4,R4.OO.4,O,O,OO,Female,18,63,41,1,18,0,32,324,324
4262,R4,D3.R4.OO.4,R4.OO.4,O,O,OO,Female,32,0,41,1,18,14,32,324,1024
3376,R4,D3.R4.OY.15,R4.OY.15,O,Y,OY,Female,4,59,41,1,18,-14,32,324,16
3911,R4,D3.R4.OY.15,R4.OY.15,O,Y,OY,Female,18,19,41,1,18,0,32,324,324
4272,R4,D3.R4.OY.15,R4.OY.15,O,Y,OY,Female,32,0,41,1,18,14,32,324,1024
3419,R4,D3.R4.OY.27,R4.OY.27,O,Y,OY,Female,4,66,41,1,18,-14,32,324,16
3891,R4,D3.R4.OY.27,R4.OY.27,O,Y,OY,Female,18,0,41,1,18,0,32,324,324
4270,R4,D3.R4.OY.27,R4.OY.27,O,Y,OY,Female,32,0,41,1,18,14,32,324,1024
3458,R4,D3.R4.YO.26,R4.YO.26,Y,O,YO,Female,4,92,41,1,18,-14,32,324,16
3821,R4,D3.R4.YO.26,R4.YO.26,Y,O,YO,Female,18,64,41,1,18,0,32,324,324
4268,R4,D3.R4.YO.26,R4.YO.26,Y,O,YO,Female,32,0,41,1,18,14,32,324,1024
3462,R4,D3.R4.YO.3,R4.YO.3,Y,O,YO,Female,4,62,41,1,18,-14,32,324,16
3901,R4,D3.R4.YO.3,R4.YO.3,Y,O,YO,Female,18,50,41,1,18,0,32,324,324
4215,R4,D3.R4.YO.3,R4.YO.3,Y,O,YO,Female,32,0,41,1,18,14,32,324,1024
3399,R4,D3.R4.YY.25,R4.YY.25,Y,Y,YY,Female,4,65,41,1,18,-14,32,324,16
3815,R4,D3.R4.YY.25,R4.YY.25,Y,Y,YY,Female,18,54,41,1,18,0,32,324,324
4246,R4,D3.R4.YY.25,R4.YY.25,Y,Y,YY,Female,32,0,41,1,18,14,32,324,1024
3403,R4,D3.R4.YY.5,R4.YY.5,Y,Y,YY,Female,4,63,41,1,18,-14,32,324,16
3829,R4,D3.R4.YY.5,R4.YY.5,Y,Y,YY,Female,18,23,41,1,18,0,32,324,324
4260,R4,D3.R4.YY.5,R4.YY.5,Y,Y,YY,Female,32,28,41,1,18,14,32,324,1024
30,R1,D1.R1.OO.55,R1.OO.55,O,O,OO,Female,4,50,42,1,18,-14,32,324,16
1085,R1,D1.R1.OO.55,R1.OO.55,O,O,OO,Female,18,55,42,1,18,0,32,324,324
1805,R1,D1.R1.OO.55,R1.OO.55,O,O,OO,Female,32,0,42,1,18,14,32,324,1024
23,R1,D1.R1.OO.59,R1.OO.59,O,O,OO,Female,4,57,42,1,18,-14,32,324,16
1144,R1,D1.R1.OO.59,R1.OO.59,O,O,OO,Female,18,37,42,1,18,0,32,324,324
1800,R1,D1.R1.OO.59,R1.OO.59,O,O,OO,Female,32,0,42,1,18,14,32,324,1024
71,R1,D1.R1.YO.14,R1.YO.14,Y,O,YO,Female,4,79,42,1,18,-14,32,324,16
1101,R1,D1.R1.YO.14,R1.YO.14,Y,O,YO,Female,18,50,42,1,18,0,32,324,324
1826,R1,D1.R1.YO.14,R1.YO.14,Y,O,YO,Female,32,0,42,1,18,14,32,324,1024
29,R1,D1.R1.YO.30,R1.YO.30,Y,O,YO,Female,4,79,42,1,18,-14,32,324,16
1134,R1,D1.R1.YO.30,R1.YO.30,Y,O,YO,Female,18,6,42,1,18,0,32,324,324
1798,R1,D1.R1.YO.30,R1.YO.30,Y,O,YO,Female,32,0,42,1,18,14,32,324,1024
607,R2,D1.R2.OO.54,R2.OO.54,O,O,OO,Female,4,70,42,1,18,-14,32,324,16
1453,R2,D1.R2.OO.54,R2.OO.54,O,O,OO,Female,18,53,42,1,18,0,32,324,324
2069,R2,D1.R2.OO.54,R2.OO.54,O,O,OO,Female,32,0,42,1,18,14,32,324,1024
507,R2,D1.R2.YY.23,R2.YY.23,Y,Y,YY,Female,4,90,42,1,18,-14,32,324,16
1472,R2,D1.R2.YY.23,R2.YY.23,Y,Y,YY,Female,18,60,42,1,18,0,32,324,324
2077,R2,D1.R2.YY.23,R2.YY.23,Y,Y,YY,Female,32,0,42,1,18,14,32,324,1024
145,R1,D2.R1.OO.22,R1.OO.22,O,O,OO,Female,4,91,42,1,18,-14,32,324,16
961,R1,D2.R1.OO.22,R1.OO.22,O,O,OO,Female,18,50,42,1,18,0,32,324,324
1733,R1,D2.R1.OO.22,R1.OO.22,O,O,OO,Female,32,0,42,1,18,14,32,324,1024
113,R1,D2.R1.OO.39,R1.OO.39,O,O,OO,Female,4,77,42,1,18,-14,32,324,16
951,R1,D2.R1.OO.39,R1.OO.39,O,O,OO,Female,18,0,42,1,18,0,32,324,324
1740,R1,D2.R1.OO.39,R1.OO.39,O,O,OO,Female,32,0,42,1,18,14,32,324,1024
27,R1,D2.R1.OO.55,R1.OO.55,O,O,OO,Female,4,62,42,1,18,-14,32,324,16
1067,R1,D2.R1.OO.55,R1.OO.55,O,O,OO,Female,18,71,42,1,18,0,32,324,324
1810,R1,D2.R1.OO.55,R1.OO.55,O,O,OO,Female,32,0,42,1,18,14,32,324,1024
142,R1,D2.R1.OY.48,R1.OY.48,O,Y,OY,Female,4,72,42,1,18,-14,32,324,16
1018,R1,D2.R1.OY.48,R1.OY.48,O,Y,OY,Female,18,0,42,1,18,0,32,324,324
1784,R1,D2.R1.OY.48,R1.OY.48,O,Y,OY,Female,32,0,42,1,18,14,32,324,1024
88,R1,D2.R1.YY.31,R1.YY.31,Y,Y,YY,Female,4,89,42,1,18,-14,32,324,16
1071,R1,D2.R1.YY.31,R1.YY.31,Y,Y,YY,Female,18,75,42,1,18,0,32,324,324
1821,R1,D2.R1.YY.31,R1.YY.31,Y,Y,YY,Female,32,0,42,1,18,14,32,324,1024
212,R1,D2.R1.YY.37,R1.YY.37,Y,Y,YY,Female,4,2,42,1,18,-14,32,324,16
968,R1,D2.R1.YY.37,R1.YY.37,Y,Y,YY,Female,18,0,42,1,18,0,32,324,324
1747,R1,D2.R1.YY.37,R1.YY.37,Y,Y,YY,Female,32,0,42,1,18,14,32,324,1024
670,R2,D2.R2.OY.13,R2.OY.13,O,Y,OY,Female,4,80,42,1,18,-14,32,324,16
1478,R2,D2.R2.OY.13,R2.OY.13,O,Y,OY,Female,18,59,42,1,18,0,32,324,324
2122,R2,D2.R2.OY.13,R2.OY.13,O,Y,OY,Female,32,9,42,1,18,14,32,324,1024
115,R1,D3.R1.OY.54,R1.OY.54,O,Y,OY,Female,4,74,42,1,18,-14,32,324,16
960,R1,D3.R1.OY.54,R1.OY.54,O,Y,OY,Female,18,62,42,1,18,0,32,324,324
1734,R1,D3.R1.OY.54,R1.OY.54,O,Y,OY,Female,32,0,42,1,18,14,32,324,1024
116,R1,D3.R1.OY.77,R1.OY.77,O,Y,OY,Female,4,93,42,1,18,-14,32,324,16
964,R1,D3.R1.OY.77,R1.OY.77,O,Y,OY,Female,18,0,42,1,18,0,32,324,324
1749,R1,D3.R1.OY.77,R1.OY.77,O,Y,OY,Female,32,0,42,1,18,14,32,324,1024
182,R1,D3.R1.YY.6,R1.YY.6,Y,Y,YY,Female,4,22,42,1,18,-14,32,324,16
1082,R1,D3.R1.YY.6,R1.YY.6,Y,Y,YY,Female,18,13,42,1,18,0,32,324,324
1834,R1,D3.R1.YY.6,R1.YY.6,Y,Y,YY,Female,32,0,42,1,18,14,32,324,1024
550,R2,D3.R2.YO.24,R2.YO.24,Y,O,YO,Female,4,48,42,1,18,-14,32,324,16
1508,R2,D3.R2.YO.24,R2.YO.24,Y,O,YO,Female,18,47,42,1,18,0,32,324,324
2184,R2,D3.R2.YO.24,R2.YO.24,Y,O,YO,Female,32,13,42,1,18,14,32,324,1024
492,R2,D3.R2.YY.16,R2.YY.16,Y,Y,YY,Female,4,57,42,1,18,-14,32,324,16
1526,R2,D3.R2.YY.16,R2.YY.16,Y,Y,YY,Female,18,56,42,1,18,0,32,324,324
2064,R2,D3.R2.YY.16,R2.YY.16,Y,Y,YY,Female,32,0,42,1,18,14,32,324,1024
157,R1,D1.R1.YO.17,R1.YO.17,Y,O,YO,Female,4,66,43,1,18,-14,32,324,16
1024,R1,D1.R1.YO.17,R1.YO.17,Y,O,YO,Female,18,0,43,1,18,0,32,324,324
1835,R1,D1.R1.YO.17,R1.YO.17,Y,O,YO,Female,32,8,43,1,18,14,32,324,1024
215,R1,D1.R1.YO.22,R1.YO.22,Y,O,YO,Female,4,83,43,1,18,-14,32,324,16
998,R1,D1.R1.YO.22,R1.YO.22,Y,O,YO,Female,18,32,43,1,18,0,32,324,324
1756,R1,D1.R1.YO.22,R1.YO.22,Y,O,YO,Female,32,0,43,1,18,14,32,324,1024
3174,R3,D1.R3.OO.11,R3.OO.11,O,O,OO,Female,4,47,43,1,18,-14,32,324,16
3610,R3,D1.R3.OO.11,R3.OO.11,O,O,OO,Female,18,59,43,1,18,0,32,324,324
4038,R3,D1.R3.OO.11,R3.OO.11,O,O,OO,Female,32,0,43,1,18,14,32,324,1024
3167,R3,D1.R3.OO.9,R3.OO.9,O,O,OO,Female,4,64,43,1,18,-14,32,324,16
3611,R3,D1.R3.OO.9,R3.OO.9,O,O,OO,Female,18,37,43,1,18,0,32,324,324
4080,R3,D1.R3.OO.9,R3.OO.9,O,O,OO,Female,32,1,43,1,18,14,32,324,1024
3234,R3,D1.R3.OY.3,R3.OY.3,O,Y,OY,Female,4,84,43,1,18,-14,32,324,16
3653,R3,D1.R3.OY.3,R3.OY.3,O,Y,OY,Female,18,62,43,1,18,0,32,324,324
4026,R3,D1.R3.OY.3,R3.OY.3,O,Y,OY,Female,32,11,43,1,18,14,32,324,1024
3236,R3,D1.R3.OY.4,R3.OY.4,O,Y,OY,Female,4,73,43,1,18,-14,32,324,16
3603,R3,D1.R3.OY.4,R3.OY.4,O,Y,OY,Female,18,72,43,1,18,0,32,324,324
4093,R3,D1.R3.OY.4,R3.OY.4,O,Y,OY,Female,32,0,43,1,18,14,32,324,1024
3195,R3,D1.R3.OY.9,R3.OY.9,O,Y,OY,Female,4,46,43,1,18,-14,32,324,16
3649,R3,D1.R3.OY.9,R3.OY.9,O,Y,OY,Female,18,57,43,1,18,0,32,324,324
4056,R3,D1.R3.OY.9,R3.OY.9,O,Y,OY,Female,32,0,43,1,18,14,32,324,1024
3169,R3,D1.R3.YO.18,R3.YO.18,Y,O,YO,Female,4,55,43,1,18,-14,32,324,16
3598,R3,D1.R3.YO.18,R3.YO.18,Y,O,YO,Female,18,60,43,1,18,0,32,324,324
4060,R3,D1.R3.YO.18,R3.YO.18,Y,O,YO,Female,32,0,43,1,18,14,32,324,1024
3152,R3,D1.R3.YO.27,R3.YO.27,Y,O,YO,Female,4,57,43,1,18,-14,32,324,16
3651,R3,D1.R3.YO.27,R3.YO.27,Y,O,YO,Female,18,58,43,1,18,0,32,324,324
4058,R3,D1.R3.YO.27,R3.YO.27,Y,O,YO,Female,32,0,43,1,18,14,32,324,1024
3243,R3,D1.R3.YO.28,R3.YO.28,Y,O,YO,Female,4,40,43,1,18,-14,32,324,16
3599,R3,D1.R3.YO.28,R3.YO.28,Y,O,YO,Female,18,43,43,1,18,0,32,324,324
4024,R3,D1.R3.YO.28,R3.YO.28,Y,O,YO,Female,32,2,43,1,18,14,32,324,1024
3203,R3,D1.R3.YY.15,R3.YY.15,Y,Y,YY,Female,4,71,43,1,18,-14,32,324,16
3674,R3,D1.R3.YY.15,R3.YY.15,Y,Y,YY,Female,18,54,43,1,18,0,32,324,324
4089,R3,D1.R3.YY.15,R3.YY.15,Y,Y,YY,Female,32,0,43,1,18,14,32,324,1024
3198,R3,D1.R3.YY.3,R3.YY.3,Y,Y,YY,Female,4,66,43,1,18,-14,32,324,16
3670,R3,D1.R3.YY.3,R3.YY.3,Y,Y,YY,Female,18,58,43,1,18,0,32,324,324
4077,R3,D1.R3.YY.3,R3.YY.3,Y,Y,YY,Female,32,0,43,1,18,14,32,324,1024
3184,R3,D1.R3.YY.4,R3.YY.4,Y,Y,YY,Female,4,77,43,1,18,-14,32,324,16
3626,R3,D1.R3.YY.4,R3.YY.4,Y,Y,YY,Female,18,50,43,1,18,0,32,324,324
4065,R3,D1.R3.YY.4,R3.YY.4,Y,Y,YY,Female,32,1,43,1,18,14,32,324,1024
3223,R3,D1.R3.YY.7,R3.YY.7,Y,Y,YY,Female,4,59,43,1,18,-14,32,324,16
3698,R3,D1.R3.YY.7,R3.YY.7,Y,Y,YY,Female,18,10,43,1,18,0,32,324,324
4057,R3,D1.R3.YY.7,R3.YY.7,Y,Y,YY,Female,32,0,43,1,18,14,32,324,1024
3164,R3,D1.R3.YY.9,R3.YY.9,Y,Y,YY,Female,4,0,43,1,18,-14,32,324,16
3624,R3,D1.R3.YY.9,R3.YY.9,Y,Y,YY,Female,18,62,43,1,18,0,32,324,324
4088,R3,D1.R3.YY.9,R3.YY.9,Y,Y,YY,Female,32,0,43,1,18,14,32,324,1024
3431,R4,D1.R4.OO.9,R4.OO.9,O,O,OO,Female,4,66,43,1,18,-14,32,324,16
3830,R4,D1.R4.OO.9,R4.OO.9,O,O,OO,Female,18,0,43,1,18,0,32,324,324
4244,R4,D1.R4.OO.9,R4.OO.9,O,O,OO,Female,32,0,43,1,18,14,32,324,1024
3371,R4,D1.R4.YY.9,R4.YY.9,Y,Y,YY,Female,4,83,43,1,18,-14,32,324,16
3857,R4,D1.R4.YY.9,R4.YY.9,Y,Y,YY,Female,18,65,43,1,18,0,32,324,324
4225,R4,D1.R4.YY.9,R4.YY.9,Y,Y,YY,Female,32,28,43,1,18,14,32,324,1024
547,R2,D2.R2.OY.10,R2.OY.10,O,Y,OY,Female,4,76,43,1,18,-14,32,324,16
1324,R2,D2.R2.OY.10,R2.OY.10,O,Y,OY,Female,18,0,43,1,18,0,32,324,324
2091,R2,D2.R2.OY.10,R2.OY.10,O,Y,OY,Female,32,0,43,1,18,14,32,324,1024
580,R2,D2.R2.YO.3,R2.YO.3,Y,O,YO,Female,4,72,43,1,18,-14,32,324,16
1518,R2,D2.R2.YO.3,R2.YO.3,Y,O,YO,Female,18,76,43,1,18,0,32,324,324
2183,R2,D2.R2.YO.3,R2.YO.3,Y,O,YO,Female,32,36,43,1,18,14,32,324,1024
3202,R3,D2.R3.OO.9,R3.OO.9,O,O,OO,Female,4,60,43,1,18,-14,32,324,16
3679,R3,D2.R3.OO.9,R3.OO.9,O,O,OO,Female,18,0,43,1,18,0,32,324,324
4085,R3,D2.R3.OO.9,R3.OO.9,O,O,OO,Female,32,0,43,1,18,14,32,324,1024
3168,R3,D2.R3.OY.1,R3.OY.1,O,Y,OY,Female,4,55,43,1,18,-14,32,324,16
3694,R3,D2.R3.OY.1,R3.OY.1,O,Y,OY,Female,18,59,43,1,18,0,32,324,324
4059,R3,D2.R3.OY.1,R3.OY.1,O,Y,OY,Female,32,0,43,1,18,14,32,324,1024
3134,R3,D2.R3.OY.20,R3.OY.20,O,Y,OY,Female,4,53,43,1,18,-14,32,324,16
3647,R3,D2.R3.OY.20,R3.OY.20,O,Y,OY,Female,18,53,43,1,18,0,32,324,324
4062,R3,D2.R3.OY.20,R3.OY.20,O,Y,OY,Female,32,0,43,1,18,14,32,324,1024
3142,R3,D2.R3.YO.21,R3.YO.21,Y,O,YO,Female,4,64,43,1,18,-14,32,324,16
3605,R3,D2.R3.YO.21,R3.YO.21,Y,O,YO,Female,18,61,43,1,18,0,32,324,324
4043,R3,D2.R3.YO.21,R3.YO.21,Y,O,YO,Female,32,0,43,1,18,14,32,324,1024
3239,R3,D2.R3.YO.24,R3.YO.24,Y,O,YO,Female,4,42,43,1,4,0,4,16,16
3156,R3,D2.R3.YY.14,R3.YY.14,Y,Y,YY,Female,4,65,43,1,18,-14,32,324,16
3616,R3,D2.R3.YY.14,R3.YY.14,Y,Y,YY,Female,18,48,43,1,18,0,32,324,324
4048,R3,D2.R3.YY.14,R3.YY.14,Y,Y,YY,Female,32,0,43,1,18,14,32,324,1024
3233,R3,D2.R3.YY.15,R3.YY.15,Y,Y,YY,Female,4,60,43,1,18,-14,32,324,16
3619,R3,D2.R3.YY.15,R3.YY.15,Y,Y,YY,Female,18,28,43,1,18,0,32,324,324
4079,R3,D2.R3.YY.15,R3.YY.15,Y,Y,YY,Female,32,0,43,1,18,14,32,324,1024
3189,R3,D2.R3.YY.22,R3.YY.22,Y,Y,YY,Female,4,49,43,1,18,-14,32,324,16
3600,R3,D2.R3.YY.22,R3.YY.22,Y,Y,YY,Female,18,67,43,1,18,0,32,324,324
4033,R3,D2.R3.YY.22,R3.YY.22,Y,Y,YY,Female,32,0,43,1,18,14,32,324,1024
3238,R3,D2.R3.YY.5,R3.YY.5,Y,Y,YY,Female,4,53,43,1,18,-14,32,324,16
3601,R3,D2.R3.YY.5,R3.YY.5,Y,Y,YY,Female,18,58,43,1,18,0,32,324,324
4028,R3,D2.R3.YY.5,R3.YY.5,Y,Y,YY,Female,32,0,43,1,18,14,32,324,1024
3375,R4,D2.R4.OO.26,R4.OO.26,O,O,OO,Female,4,52,43,1,18,-14,32,324,16
3871,R4,D2.R4.OO.26,R4.OO.26,O,O,OO,Female,18,48,43,1,18,0,32,324,324
4259,R4,D2.R4.OO.26,R4.OO.26,O,O,OO,Female,32,0,43,1,18,14,32,324,1024
3478,R4,D2.R4.OY.1,R4.OY.1,O,Y,OY,Female,4,66,43,1,18,-14,32,324,16
3862,R4,D2.R4.OY.1,R4.OY.1,O,Y,OY,Female,18,0,43,1,18,0,32,324,324
4228,R4,D2.R4.OY.1,R4.OY.1,O,Y,OY,Female,32,0,43,1,18,14,32,324,1024
3366,R4,D2.R4.OY.10,R4.OY.10,O,Y,OY,Female,4,67,43,1,18,-14,32,324,16
3846,R4,D2.R4.OY.10,R4.OY.10,O,Y,OY,Female,18,45,43,1,18,0,32,324,324
4247,R4,D2.R4.OY.10,R4.OY.10,O,Y,OY,Female,32,0,43,1,18,14,32,324,1024
3370,R4,D2.R4.YO.22,R4.YO.22,Y,O,YO,Female,4,80,43,1,18,-14,32,324,16
3873,R4,D2.R4.YO.22,R4.YO.22,Y,O,YO,Female,18,56,43,1,18,0,32,324,324
4221,R4,D2.R4.YO.22,R4.YO.22,Y,O,YO,Female,32,0,43,1,18,14,32,324,1024
3452,R4,D2.R4.YO.25,R4.YO.25,Y,O,YO,Female,4,67,43,1,18,-14,32,324,16
3900,R4,D2.R4.YO.25,R4.YO.25,Y,O,YO,Female,18,59,43,1,18,0,32,324,324
4276,R4,D2.R4.YO.25,R4.YO.25,Y,O,YO,Female,32,0,43,1,18,14,32,324,1024
3408,R4,D2.R4.YO.9,R4.YO.9,Y,O,YO,Female,4,27,43,1,18,-14,32,324,16
3884,R4,D2.R4.YO.9,R4.YO.9,Y,O,YO,Female,18,8,43,1,18,0,32,324,324
4210,R4,D2.R4.YO.9,R4.YO.9,Y,O,YO,Female,32,0,43,1,18,14,32,324,1024
3389,R4,D2.R4.YY.5,R4.YY.5,Y,Y,YY,Female,4,66,43,1,18,-14,32,324,16
3858,R4,D2.R4.YY.5,R4.YY.5,Y,Y,YY,Female,18,37,43,1,18,0,32,324,324
4238,R4,D2.R4.YY.5,R4.YY.5,Y,Y,YY,Female,32,0,43,1,18,14,32,324,1024
3439,R4,D2.R4.YY.9,R4.YY.9,Y,Y,YY,Female,4,70,43,1,11,-7,18,121,16
3879,R4,D2.R4.YY.9,R4.YY.9,Y,Y,YY,Female,18,65,43,1,11,7,18,121,324
55,R1,D3.R1.YO.11,R1.YO.11,Y,O,YO,Female,4,68,43,1,18,-14,32,324,16
1087,R1,D3.R1.YO.11,R1.YO.11,Y,O,YO,Female,18,43,43,1,18,0,32,324,324
1823,R1,D3.R1.YO.11,R1.YO.11,Y,O,YO,Female,32,0,43,1,18,14,32,324,1024
12,R1,D3.R1.YY.28,R1.YY.28,Y,Y,YY,Female,4,74,43,1,18,-14,32,324,16
1073,R1,D3.R1.YY.28,R1.YY.28,Y,Y,YY,Female,18,48,43,1,18,0,32,324,324
1839,R1,D3.R1.YY.28,R1.YY.28,Y,Y,YY,Female,32,47,43,1,18,14,32,324,1024
3154,R3,D3.R3.OO.10,R3.OO.10,O,O,OO,Female,4,69,43,1,18,-14,32,324,16
3602,R3,D3.R3.OO.10,R3.OO.10,O,O,OO,Female,18,0,43,1,18,0,32,324,324
4087,R3,D3.R3.OO.10,R3.OO.10,O,O,OO,Female,32,0,43,1,18,14,32,324,1024
3185,R3,D3.R3.YO.18,R3.YO.18,Y,O,YO,Female,4,52,43,1,18,-14,32,324,16
3623,R3,D3.R3.YO.18,R3.YO.18,Y,O,YO,Female,18,66,43,1,18,0,32,324,324
4090,R3,D3.R3.YO.18,R3.YO.18,Y,O,YO,Female,32,25,43,1,18,14,32,324,1024
3149,R3,D3.R3.YO.21,R3.YO.21,Y,O,YO,Female,4,77,43,1,18,-14,32,324,16
3654,R3,D3.R3.YO.21,R3.YO.21,Y,O,YO,Female,18,59,43,1,18,0,32,324,324
4050,R3,D3.R3.YO.21,R3.YO.21,Y,O,YO,Female,32,0,43,1,18,14,32,324,1024
3182,R3,D3.R3.YO.23,R3.YO.23,Y,O,YO,Female,4,59,43,1,18,-14,32,324,16
3615,R3,D3.R3.YO.23,R3.YO.23,Y,O,YO,Female,18,41,43,1,18,0,32,324,324
4027,R3,D3.R3.YO.23,R3.YO.23,Y,O,YO,Female,32,0,43,1,18,14,32,324,1024
3146,R3,D3.R3.YO.27,R3.YO.27,Y,O,YO,Female,4,28,43,1,18,-14,32,324,16
3690,R3,D3.R3.YO.27,R3.YO.27,Y,O,YO,Female,18,62,43,1,18,0,32,324,324
4081,R3,D3.R3.YO.27,R3.YO.27,Y,O,YO,Female,32,0,43,1,18,14,32,324,1024
3178,R3,D3.R3.YO.28,R3.YO.28,Y,O,YO,Female,4,75,43,1,18,-14,32,324,16
3669,R3,D3.R3.YO.28,R3.YO.28,Y,O,YO,Female,18,37,43,1,18,0,32,324,324
4064,R3,D3.R3.YO.28,R3.YO.28,Y,O,YO,Female,32,0,43,1,18,14,32,324,1024
3176,R3,D3.R3.YY.22,R3.YY.22,Y,Y,YY,Female,4,45,43,1,18,-14,32,324,16
3636,R3,D3.R3.YY.22,R3.YY.22,Y,Y,YY,Female,18,0,43,1,18,0,32,324,324
4022,R3,D3.R3.YY.22,R3.YY.22,Y,Y,YY,Female,32,0,43,1,18,14,32,324,1024
3218,R3,D3.R3.YY.4,R3.YY.4,Y,Y,YY,Female,4,72,43,1,18,-14,32,324,16
3638,R3,D3.R3.YY.4,R3.YY.4,Y,Y,YY,Female,18,46,43,1,18,0,32,324,324
4052,R3,D3.R3.YY.4,R3.YY.4,Y,Y,YY,Female,32,0,43,1,18,14,32,324,1024
3397,R4,D3.R4.YO.11,R4.YO.11,Y,O,YO,Female,4,79,43,1,18,-14,32,324,16
3906,R4,D3.R4.YO.11,R4.YO.11,Y,O,YO,Female,18,51,43,1,18,0,32,324,324
4233,R4,D3.R4.YO.11,R4.YO.11,Y,O,YO,Female,32,0,43,1,18,14,32,324,1024
202,R1,D1.R1.YY.33,R1.YY.33,Y,Y,YY,Female,4,82,44,1,18,-14,32,324,16
947,R1,D1.R1.YY.33,R1.YY.33,Y,Y,YY,Female,18,53,44,1,18,0,32,324,324
1850,R1,D1.R1.YY.33,R1.YY.33,Y,Y,YY,Female,32,33,44,1,18,14,32,324,1024
472,R2,D1.R2.YO.20,R2.YO.20,Y,O,YO,Female,4,71,44,1,18,-14,32,324,16
1532,R2,D1.R2.YO.20,R2.YO.20,Y,O,YO,Female,18,61,44,1,18,0,32,324,324
2038,R2,D1.R2.YO.20,R2.YO.20,Y,O,YO,Female,32,0,44,1,18,14,32,324,1024
222,R1,D2.R1.YO.13,R1.YO.13,Y,O,YO,Female,4,53,44,1,18,-14,32,324,16
1052,R1,D2.R1.YO.13,R1.YO.13,Y,O,YO,Female,18,48,44,1,18,0,32,324,324
1794,R1,D2.R1.YO.13,R1.YO.13,Y,O,YO,Female,32,0,44,1,18,14,32,324,1024
519,R2,D2.R2.OO.38,R2.OO.38,O,O,OO,Female,4,89,44,1,18,-14,32,324,16
1388,R2,D2.R2.OO.38,R2.OO.38,O,O,OO,Female,18,55,44,1,18,0,32,324,324
2059,R2,D2.R2.OO.38,R2.OO.38,O,O,OO,Female,32,0,44,1,18,14,32,324,1024
616,R2,D3.R2.OO.41,R2.OO.41,O,O,OO,Female,4,63,44,1,18,-14,32,324,16
1440,R2,D3.R2.OO.41,R2.OO.41,O,O,OO,Female,18,63,44,1,18,0,32,324,324
2048,R2,D3.R2.OO.41,R2.OO.41,O,O,OO,Female,32,0,44,1,18,14,32,324,1024
452,R2,D3.R2.OY.4,R2.OY.4,O,Y,OY,Female,4,53,44,1,18,-14,32,324,16
1394,R2,D3.R2.OY.4,R2.OY.4,O,Y,OY,Female,18,104,44,1,18,0,32,324,324
2076,R2,D3.R2.OY.4,R2.OY.4,O,Y,OY,Female,32,0,44,1,18,14,32,324,1024
532,R2,D3.R2.YO.11,R2.YO.11,Y,O,YO,Female,4,74,44,1,18,-14,32,324,16
1402,R2,D3.R2.YO.11,R2.YO.11,Y,O,YO,Female,18,15,44,1,18,0,32,324,324
2020,R2,D3.R2.YO.11,R2.YO.11,Y,O,YO,Female,32,0,44,1,18,14,32,324,1024
613,R2,D3.R2.YO.25,R2.YO.25,Y,O,YO,Female,4,84,44,1,18,-14,32,324,16
1426,R2,D3.R2.YO.25,R2.YO.25,Y,O,YO,Female,18,13,44,1,18,0,32,324,324
2154,R2,D3.R2.YO.25,R2.YO.25,Y,O,YO,Female,32,1,44,1,18,14,32,324,1024
677,R2,D3.R2.YY.26,R2.YY.26,Y,Y,YY,Female,4,75,44,1,18,-14,32,324,16
1386,R2,D3.R2.YY.26,R2.YY.26,Y,Y,YY,Female,18,69,44,1,18,0,32,324,324
2080,R2,D3.R2.YY.26,R2.YY.26,Y,Y,YY,Female,32,0,44,1,18,14,32,324,1024
3465,R4,D1.R4.OY.1,R4.OY.1,O,Y,OY,Female,4,58,45,1,18,-14,32,324,16
3878,R4,D1.R4.OY.1,R4.OY.1,O,Y,OY,Female,18,52,45,1,18,0,32,324,324
4263,R4,D1.R4.OY.1,R4.OY.1,O,Y,OY,Female,32,0,45,1,18,14,32,324,1024
3428,R4,D1.R4.YY.25,R4.YY.25,Y,Y,YY,Female,4,53,45,1,11,-7,18,121,16
3893,R4,D1.R4.YY.25,R4.YY.25,Y,Y,YY,Female,18,56,45,1,11,7,18,121,324
3140,R3,D2.R3.OY.28,R3.OY.28,O,Y,OY,Female,4,65,45,1,18,-14,32,324,16
3691,R3,D2.R3.OY.28,R3.OY.28,O,Y,OY,Female,18,61,45,1,18,0,32,324,324
4071,R3,D2.R3.OY.28,R3.OY.28,O,Y,OY,Female,32,3,45,1,18,14,32,324,1024
3212,R3,D2.R3.YO.19,R3.YO.19,Y,O,YO,Female,4,51,45,1,18,-14,32,324,16
3667,R3,D2.R3.YO.19,R3.YO.19,Y,O,YO,Female,18,33,45,1,18,0,32,324,324
4076,R3,D2.R3.YO.19,R3.YO.19,Y,O,YO,Female,32,0,45,1,18,14,32,324,1024
3480,R4,D2.R4.OO.25,R4.OO.25,O,O,OO,Female,4,66,45,1,18,-14,32,324,16
3814,R4,D2.R4.OO.25,R4.OO.25,O,O,OO,Female,18,55,45,1,18,0,32,324,324
4218,R4,D2.R4.OO.25,R4.OO.25,O,O,OO,Female,32,21,45,1,18,14,32,324,1024
3424,R4,D3.R4.OO.25,R4.OO.25,O,O,OO,Female,4,88,45,1,18,-14,32,324,16
3908,R4,D3.R4.OO.25,R4.OO.25,O,O,OO,Female,18,37,45,1,18,0,32,324,324
4257,R4,D3.R4.OO.25,R4.OO.25,O,O,OO,Female,32,0,45,1,18,14,32,324,1024
3422,R4,D3.R4.OY.25,R4.OY.25,O,Y,OY,Female,4,74,45,1,18,-14,32,324,16
3910,R4,D3.R4.OY.25,R4.OY.25,O,Y,OY,Female,18,61,45,1,18,0,32,324,324
4234,R4,D3.R4.OY.25,R4.OY.25,O,Y,OY,Female,32,0,45,1,18,14,32,324,1024
3383,R4,D3.R4.YO.21,R4.YO.21,Y,O,YO,Female,4,68,45,1,18,-14,32,324,16
3904,R4,D3.R4.YO.21,R4.YO.21,Y,O,YO,Female,18,67,45,1,18,0,32,324,324
4211,R4,D3.R4.YO.21,R4.YO.21,Y,O,YO,Female,32,65,45,1,18,14,32,324,1024
3417,R4,D3.R4.YY.4,R4.YY.4,Y,Y,YY,Female,4,53,45,1,18,-14,32,324,16
3860,R4,D3.R4.YY.4,R4.YY.4,Y,Y,YY,Female,18,35,45,1,18,0,32,324,324
4267,R4,D3.R4.YY.4,R4.YY.4,Y,Y,YY,Female,32,0,45,1,18,14,32,324,1024
3427,R4,D3.R4.YY.9,R4.YY.9,Y,Y,YY,Female,4,87,45,1,18,-14,32,324,16
3854,R4,D3.R4.YY.9,R4.YY.9,Y,Y,YY,Female,18,10,45,1,18,0,32,324,324
4283,R4,D3.R4.YY.9,R4.YY.9,Y,Y,YY,Female,32,0,45,1,18,14,32,324,1024
13,R1,D1.R1.YY.9,R1.YY.9,Y,Y,YY,Female,4,63,46,1,18,-14,32,324,16
1029,R1,D1.R1.YY.9,R1.YY.9,Y,Y,YY,Female,18,27,46,1,18,0,32,324,324
1807,R1,D1.R1.YY.9,R1.YY.9,Y,Y,YY,Female,32,0,46,1,18,14,32,324,1024
501,R2,D1.R2.OO.15,R2.OO.15,O,O,OO,Female,4,82,46,1,18,-14,32,324,16
1352,R2,D1.R2.OO.15,R2.OO.15,O,O,OO,Female,18,58,46,1,18,0,32,324,324
2087,R2,D1.R2.OO.15,R2.OO.15,O,O,OO,Female,32,0,46,1,18,14,32,324,1024
468,R2,D1.R2.YY.1,R2.YY.1,Y,Y,YY,Female,4,61,46,1,18,-14,32,324,16
1537,R2,D1.R2.YY.1,R2.YY.1,Y,Y,YY,Female,18,55,46,1,18,0,32,324,324
2060,R2,D1.R2.YY.1,R2.YY.1,Y,Y,YY,Female,32,0,46,1,18,14,32,324,1024
586,R2,D1.R2.YY.10,R2.YY.10,Y,Y,YY,Female,4,23,46,1,18,-14,32,324,16
1393,R2,D1.R2.YY.10,R2.YY.10,Y,Y,YY,Female,18,60,46,1,18,0,32,324,324
2121,R2,D1.R2.YY.10,R2.YY.10,Y,Y,YY,Female,32,19,46,1,18,14,32,324,1024
660,R2,D1.R2.YY.12,R2.YY.12,Y,Y,YY,Female,4,96,46,1,18,-14,32,324,16
1519,R2,D1.R2.YY.12,R2.YY.12,Y,Y,YY,Female,18,51,46,1,18,0,32,324,324
2168,R2,D1.R2.YY.12,R2.YY.12,Y,Y,YY,Female,32,1,46,1,18,14,32,324,1024
514,R2,D1.R2.YY.6,R2.YY.6,Y,Y,YY,Female,4,73,46,1,18,-14,32,324,16
1474,R2,D1.R2.YY.6,R2.YY.6,Y,Y,YY,Female,18,59,46,1,18,0,32,324,324
2132,R2,D1.R2.YY.6,R2.YY.6,Y,Y,YY,Female,32,8,46,1,18,14,32,324,1024
3153,R3,D1.R3.OY.11,R3.OY.11,O,Y,OY,Female,4,59,46,1,18,-14,32,324,16
3614,R3,D1.R3.OY.11,R3.OY.11,O,Y,OY,Female,18,28,46,1,18,0,32,324,324
4091,R3,D1.R3.OY.11,R3.OY.11,O,Y,OY,Female,32,35,46,1,18,14,32,324,1024
3479,R4,D1.R4.OY.27,R4.OY.27,O,Y,OY,Female,4,67,46,1,18,-14,32,324,16
3847,R4,D1.R4.OY.27,R4.OY.27,O,Y,OY,Female,18,29,46,1,18,0,32,324,324
4208,R4,D1.R4.OY.27,R4.OY.27,O,Y,OY,Female,32,13,46,1,18,14,32,324,1024
3374,R4,D1.R4.OY.8,R4.OY.8,O,Y,OY,Female,4,89,46,1,18,-14,32,324,16
3832,R4,D1.R4.OY.8,R4.OY.8,O,Y,OY,Female,18,71,46,1,18,0,32,324,324
4222,R4,D1.R4.OY.8,R4.OY.8,O,Y,OY,Female,32,0,46,1,18,14,32,324,1024
3412,R4,D1.R4.YO.11,R4.YO.11,Y,O,YO,Female,4,62,46,1,18,-14,32,324,16
3824,R4,D1.R4.YO.11,R4.YO.11,Y,O,YO,Female,18,29,46,1,18,0,32,324,324
4230,R4,D1.R4.YO.11,R4.YO.11,Y,O,YO,Female,32,0,46,1,18,14,32,324,1024
3381,R4,D1.R4.YY.5,R4.YY.5,Y,Y,YY,Female,4,68,46,1,18,-14,32,324,16
3826,R4,D1.R4.YY.5,R4.YY.5,Y,Y,YY,Female,18,51,46,1,18,0,32,324,324
4280,R4,D1.R4.YY.5,R4.YY.5,Y,Y,YY,Female,32,9,46,1,18,14,32,324,1024
117,R1,D2.R1.OO.25,R1.OO.25,O,O,OO,Female,4,99,46,1,18,-14,32,324,16
994,R1,D2.R1.OO.25,R1.OO.25,O,O,OO,Female,18,45,46,1,18,0,32,324,324
1761,R1,D2.R1.OO.25,R1.OO.25,O,O,OO,Female,32,0,46,1,18,14,32,324,1024
34,R1,D2.R1.YY.28,R1.YY.28,Y,Y,YY,Female,4,96,46,1,18,-14,32,324,16
1093,R1,D2.R1.YY.28,R1.YY.28,Y,Y,YY,Female,18,56,46,1,18,0,32,324,324
1842,R1,D2.R1.YY.28,R1.YY.28,Y,Y,YY,Female,32,6,46,1,18,14,32,324,1024
464,R2,D2.R2.OY.16,R2.OY.16,O,Y,OY,Female,4,74,46,1,18,-14,32,324,16
1540,R2,D2.R2.OY.16,R2.OY.16,O,Y,OY,Female,18,70,46,1,18,0,32,324,324
2113,R2,D2.R2.OY.16,R2.OY.16,O,Y,OY,Female,32,3,46,1,18,14,32,324,1024
531,R2,D2.R2.YY.14,R2.YY.14,Y,Y,YY,Female,4,98,46,1,18,-14,32,324,16
1356,R2,D2.R2.YY.14,R2.YY.14,Y,Y,YY,Female,18,33,46,1,18,0,32,324,324
2070,R2,D2.R2.YY.14,R2.YY.14,Y,Y,YY,Female,32,0,46,1,18,14,32,324,1024
516,R2,D2.R2.YY.6,R2.YY.6,Y,Y,YY,Female,4,67,46,1,18,-14,32,324,16
1338,R2,D2.R2.YY.6,R2.YY.6,Y,Y,YY,Female,18,4,46,1,18,0,32,324,324
2037,R2,D2.R2.YY.6,R2.YY.6,Y,Y,YY,Female,32,0,46,1,18,14,32,324,1024
3237,R3,D2.R3.YO.16,R3.YO.16,Y,O,YO,Female,4,56,46,1,18,-14,32,324,16
3632,R3,D2.R3.YO.16,R3.YO.16,Y,O,YO,Female,18,42,46,1,18,0,32,324,324
4075,R3,D2.R3.YO.16,R3.YO.16,Y,O,YO,Female,32,0,46,1,18,14,32,324,1024
3227,R3,D2.R3.YO.23,R3.YO.23,Y,O,YO,Female,4,52,46,1,18,-14,32,324,16
3696,R3,D2.R3.YO.23,R3.YO.23,Y,O,YO,Female,18,37,46,1,18,0,32,324,324
4042,R3,D2.R3.YO.23,R3.YO.23,Y,O,YO,Female,32,0,46,1,18,14,32,324,1024
3442,R4,D2.R4.OO.2,R4.OO.2,O,O,OO,Female,4,79,46,1,18,-14,32,324,16
3866,R4,D2.R4.OO.2,R4.OO.2,O,O,OO,Female,18,59,46,1,18,0,32,324,324
4220,R4,D2.R4.OO.2,R4.OO.2,O,O,OO,Female,32,0,46,1,18,14,32,324,1024
3432,R4,D2.R4.YO.1,R4.YO.1,Y,O,YO,Female,4,56,46,1,18,-14,32,324,16
3914,R4,D2.R4.YO.1,R4.YO.1,Y,O,YO,Female,18,54,46,1,18,0,32,324,324
4251,R4,D2.R4.YO.1,R4.YO.1,Y,O,YO,Female,32,16,46,1,18,14,32,324,1024
3429,R4,D2.R4.YO.21,R4.YO.21,Y,O,YO,Female,4,69,46,1,18,-14,32,324,16
3912,R4,D2.R4.YO.21,R4.YO.21,Y,O,YO,Female,18,69,46,1,18,0,32,324,324
4269,R4,D2.R4.YO.21,R4.YO.21,Y,O,YO,Female,32,1,46,1,18,14,32,324,1024
178,R1,D3.R1.OO.14,R1.OO.14,O,O,OO,Female,4,78,46,1,18,-14,32,324,16
1043,R1,D3.R1.OO.14,R1.OO.14,O,O,OO,Female,18,60,46,1,18,0,32,324,324
1779,R1,D3.R1.OO.14,R1.OO.14,O,O,OO,Female,32,0,46,1,18,14,32,324,1024
219,R1,D3.R1.YO.13,R1.YO.13,Y,O,YO,Female,4,83,46,1,18,-14,32,324,16
1031,R1,D3.R1.YO.13,R1.YO.13,Y,O,YO,Female,18,43,46,1,18,0,32,324,324
1772,R1,D3.R1.YO.13,R1.YO.13,Y,O,YO,Female,32,0,46,1,18,14,32,324,1024
149,R1,D3.R1.YY.15,R1.YY.15,Y,Y,YY,Female,4,64,46,1,18,-14,32,324,16
990,R1,D3.R1.YY.15,R1.YY.15,Y,Y,YY,Female,18,54,46,1,18,0,32,324,324
1764,R1,D3.R1.YY.15,R1.YY.15,Y,Y,YY,Female,32,0,46,1,18,14,32,324,1024
674,R2,D3.R2.YY.1,R2.YY.1,Y,Y,YY,Female,4,42,46,1,18,-14,32,324,16
1463,R2,D3.R2.YY.1,R2.YY.1,Y,Y,YY,Female,18,52,46,1,18,0,32,324,324
2164,R2,D3.R2.YY.1,R2.YY.1,Y,Y,YY,Female,32,15,46,1,18,14,32,324,1024
672,R2,D3.R2.YY.15,R2.YY.15,Y,Y,YY,Female,4,82,46,1,18,-14,32,324,16
1357,R2,D3.R2.YY.15,R2.YY.15,Y,Y,YY,Female,18,66,46,1,18,0,32,324,324
2128,R2,D3.R2.YY.15,R2.YY.15,Y,Y,YY,Female,32,2,46,1,18,14,32,324,1024
500,R2,D3.R2.YY.23,R2.YY.23,Y,Y,YY,Female,4,83,46,1,18,-14,32,324,16
1545,R2,D3.R2.YY.23,R2.YY.23,Y,Y,YY,Female,18,0,46,1,18,0,32,324,324
2053,R2,D3.R2.YY.23,R2.YY.23,Y,Y,YY,Female,32,0,46,1,18,14,32,324,1024
3205,R3,D3.R3.YO.16,R3.YO.16,Y,O,YO,Female,4,48,46,1,18,-14,32,324,16
3681,R3,D3.R3.YO.16,R3.YO.16,Y,O,YO,Female,18,33,46,1,18,0,32,324,324
4030,R3,D3.R3.YO.16,R3.YO.16,Y,O,YO,Female,32,0,46,1,18,14,32,324,1024
3216,R3,D3.R3.YY.16,R3.YY.16,Y,Y,YY,Female,4,53,46,1,18,-14,32,324,16
3677,R3,D3.R3.YY.16,R3.YY.16,Y,Y,YY,Female,18,39,46,1,18,0,32,324,324
4082,R3,D3.R3.YY.16,R3.YY.16,Y,Y,YY,Female,32,0,46,1,18,14,32,324,1024
3386,R4,D3.R4.OO.2,R4.OO.2,O,O,OO,Female,4,59,46,1,18,-14,32,324,16
3834,R4,D3.R4.OO.2,R4.OO.2,O,O,OO,Female,18,50,46,1,18,0,32,324,324
4236,R4,D3.R4.OO.2,R4.OO.2,O,O,OO,Female,32,9,46,1,18,14,32,324,1024
3448,R4,D3.R4.YO.25,R4.YO.25,Y,O,YO,Female,4,81,46,1,18,-14,32,324,16
3825,R4,D3.R4.YO.25,R4.YO.25,Y,O,YO,Female,18,58,46,1,18,0,32,324,324
4245,R4,D3.R4.YO.25,R4.YO.25,Y,O,YO,Female,32,0,46,1,18,14,32,324,1024
3411,R4,D3.R4.YY.1,R4.YY.1,Y,Y,YY,Female,4,54,46,1,18,-14,32,324,16
3903,R4,D3.R4.YY.1,R4.YY.1,Y,Y,YY,Female,18,41,46,1,18,0,32,324,324
4250,R4,D3.R4.YY.1,R4.YY.1,Y,Y,YY,Female,32,0,46,1,18,14,32,324,1024
160,R1,D1.R1.YY.15,R1.YY.15,Y,Y,YY,Female,4,97,47,1,18,-14,32,324,16
999,R1,D1.R1.YY.15,R1.YY.15,Y,Y,YY,Female,18,51,47,1,18,0,32,324,324
1836,R1,D1.R1.YY.15,R1.YY.15,Y,Y,YY,Female,32,38,47,1,18,14,32,324,1024
184,R1,D1.R1.YY.7,R1.YY.7,Y,Y,YY,Female,4,84,47,1,18,-14,32,324,16
1032,R1,D1.R1.YY.7,R1.YY.7,Y,Y,YY,Female,18,51,47,1,18,0,32,324,324
1775,R1,D1.R1.YY.7,R1.YY.7,Y,Y,YY,Female,32,0,47,1,18,14,32,324,1024
474,R2,D1.R2.OO.64,R2.OO.64,O,O,OO,Female,4,53,47,1,18,-14,32,324,16
1366,R2,D1.R2.OO.64,R2.OO.64,O,O,OO,Female,18,47,47,1,18,0,32,324,324
2024,R2,D1.R2.OO.64,R2.OO.64,O,O,OO,Female,32,0,47,1,18,14,32,324,1024
540,R2,D1.R2.OO.70,R2.OO.70,O,O,OO,Female,4,73,47,1,18,-14,32,324,16
1524,R2,D1.R2.OO.70,R2.OO.70,O,O,OO,Female,18,70,47,1,18,0,32,324,324
2107,R2,D1.R2.OO.70,R2.OO.70,O,O,OO,Female,32,9,47,1,18,14,32,324,1024
490,R2,D1.R2.OY.15,R2.OY.15,O,Y,OY,Female,4,85,47,1,18,-14,32,324,16
1390,R2,D1.R2.OY.15,R2.OY.15,O,Y,OY,Female,18,36,47,1,18,0,32,324,324
2066,R2,D1.R2.OY.15,R2.OY.15,O,Y,OY,Female,32,0,47,1,18,14,32,324,1024
584,R2,D1.R2.YO.1,R2.YO.1,Y,O,YO,Female,4,76,47,1,18,-14,32,324,16
1373,R2,D1.R2.YO.1,R2.YO.1,Y,O,YO,Female,18,52,47,1,18,0,32,324,324
2092,R2,D1.R2.YO.1,R2.YO.1,Y,O,YO,Female,32,1,47,1,18,14,32,324,1024
594,R2,D1.R2.YY.2,R2.YY.2,Y,Y,YY,Female,4,70,47,1,18,-14,32,324,16
1321,R2,D1.R2.YY.2,R2.YY.2,Y,Y,YY,Female,18,0,47,1,18,0,32,324,324
2042,R2,D1.R2.YY.2,R2.YY.2,Y,Y,YY,Female,32,0,47,1,18,14,32,324,1024
596,R2,D1.R2.YY.20,R2.YY.20,Y,Y,YY,Female,4,61,47,1,18,-14,32,324,16
1434,R2,D1.R2.YY.20,R2.YY.20,Y,Y,YY,Female,18,59,47,1,18,0,32,324,324
2172,R2,D1.R2.YY.20,R2.YY.20,Y,Y,YY,Female,32,12,47,1,18,14,32,324,1024
538,R2,D1.R2.YY.26,R2.YY.26,Y,Y,YY,Female,4,82,47,1,18,-14,32,324,16
1506,R2,D1.R2.YY.26,R2.YY.26,Y,Y,YY,Female,18,71,47,1,18,0,32,324,324
2114,R2,D1.R2.YY.26,R2.YY.26,Y,Y,YY,Female,32,4,47,1,18,14,32,324,1024
3224,R3,D1.R3.OO.19,R3.OO.19,O,O,OO,Female,4,44,47,1,18,-14,32,324,16
3620,R3,D1.R3.OO.19,R3.OO.19,O,O,OO,Female,18,0,47,1,18,0,32,324,324
4067,R3,D1.R3.OO.19,R3.OO.19,O,O,OO,Female,32,0,47,1,18,14,32,324,1024
3229,R3,D1.R3.YY.8,R3.YY.8,Y,Y,YY,Female,4,70,47,1,18,-14,32,324,16
3659,R3,D1.R3.YY.8,R3.YY.8,Y,Y,YY,Female,18,35,47,1,18,0,32,324,324
4049,R3,D1.R3.YY.8,R3.YY.8,Y,Y,YY,Female,32,0,47,1,18,14,32,324,1024
79,R1,D2.R1.OO.19,R1.OO.19,O,O,OO,Female,4,71,47,1,18,-14,32,324,16
1104,R1,D2.R1.OO.19,R1.OO.19,O,O,OO,Female,18,25,47,1,18,0,32,324,324
1827,R1,D2.R1.OO.19,R1.OO.19,O,O,OO,Female,32,0,47,1,18,14,32,324,1024
111,R1,D2.R1.OY.20,R1.OY.20,O,Y,OY,Female,4,84,47,1,18,-14,32,324,16
949,R1,D2.R1.OY.20,R1.OY.20,O,Y,OY,Female,18,58,47,1,18,0,32,324,324
1844,R1,D2.R1.OY.20,R1.OY.20,O,Y,OY,Female,32,5,47,1,18,14,32,324,1024
31,R1,D2.R1.OY.52,R1.OY.52,O,Y,OY,Female,4,30,47,1,18,-14,32,324,16
1057,R1,D2.R1.OY.52,R1.OY.52,O,Y,OY,Female,18,52,47,1,18,0,32,324,324
1824,R1,D2.R1.OY.52,R1.OY.52,O,Y,OY,Female,32,0,47,1,18,14,32,324,1024
223,R1,D2.R1.YO.22,R1.YO.22,Y,O,YO,Female,4,79,47,1,18,-14,32,324,16
993,R1,D2.R1.YO.22,R1.YO.22,Y,O,YO,Female,18,50,47,1,18,0,32,324,324
1856,R1,D2.R1.YO.22,R1.YO.22,Y,O,YO,Female,32,8,47,1,18,14,32,324,1024
63,R1,D2.R1.YO.29,R1.YO.29,Y,O,YO,Female,4,46,47,1,18,-14,32,324,16
1055,R1,D2.R1.YO.29,R1.YO.29,Y,O,YO,Female,18,58,47,1,18,0,32,324,324
1808,R1,D2.R1.YO.29,R1.YO.29,Y,O,YO,Female,32,0,47,1,18,14,32,324,1024
51,R1,D2.R1.YO.30,R1.YO.30,Y,O,YO,Female,4,85,47,1,18,-14,32,324,16
1078,R1,D2.R1.YO.30,R1.YO.30,Y,O,YO,Female,18,57,47,1,18,0,32,324,324
1831,R1,D2.R1.YO.30,R1.YO.30,Y,O,YO,Female,32,0,47,1,18,14,32,324,1024
7,R1,D2.R1.YO.8,R1.YO.8,Y,O,YO,Female,4,54,47,1,18,-14,32,324,16
1142,R1,D2.R1.YO.8,R1.YO.8,Y,O,YO,Female,18,59,47,1,18,0,32,324,324
1803,R1,D2.R1.YO.8,R1.YO.8,Y,O,YO,Female,32,0,47,1,18,14,32,324,1024
161,R1,D2.R1.YY.16,R1.YY.16,Y,Y,YY,Female,4,47,47,1,18,-14,32,324,16
1040,R1,D2.R1.YY.16,R1.YY.16,Y,Y,YY,Female,18,29,47,1,18,0,32,324,324
1857,R1,D2.R1.YY.16,R1.YY.16,Y,Y,YY,Female,32,4,47,1,18,14,32,324,1024
153,R1,D2.R1.YY.6,R1.YY.6,Y,Y,YY,Female,4,64,47,1,18,-14,32,324,16
973,R1,D2.R1.YY.6,R1.YY.6,Y,Y,YY,Female,18,44,47,1,18,0,32,324,324
1746,R1,D2.R1.YY.6,R1.YY.6,Y,Y,YY,Female,32,0,47,1,18,14,32,324,1024
456,R2,D2.R2.OO.15,R2.OO.15,O,O,OO,Female,4,70,47,1,18,-14,32,324,16
1470,R2,D2.R2.OO.15,R2.OO.15,O,O,OO,Female,18,47,47,1,18,0,32,324,324
2039,R2,D2.R2.OO.15,R2.OO.15,O,O,OO,Female,32,0,47,1,18,14,32,324,1024
649,R2,D2.R2.OO.16,R2.OO.16,O,O,OO,Female,4,59,47,1,18,-14,32,324,16
1438,R2,D2.R2.OO.16,R2.OO.16,O,O,OO,Female,18,57,47,1,18,0,32,324,324
2169,R2,D2.R2.OO.16,R2.OO.16,O,O,OO,Female,32,11,47,1,18,14,32,324,1024
671,R2,D2.R2.OO.44,R2.OO.44,O,O,OO,Female,4,64,47,1,18,-14,32,324,16
1498,R2,D2.R2.OO.44,R2.OO.44,O,O,OO,Female,18,41,47,1,18,0,32,324,324
2056,R2,D2.R2.OO.44,R2.OO.44,O,O,OO,Female,32,0,47,1,18,14,32,324,1024
523,R2,D2.R2.OY.25,R2.OY.25,O,Y,OY,Female,4,69,47,1,18,-14,32,324,16
1466,R2,D2.R2.OY.25,R2.OY.25,O,Y,OY,Female,18,53,47,1,18,0,32,324,324
2062,R2,D2.R2.OY.25,R2.OY.25,O,Y,OY,Female,32,0,47,1,18,14,32,324,1024
663,R2,D2.R2.OY.29,R2.OY.29,O,Y,OY,Female,4,74,47,1,25,-21,46,625,16
1492,R2,D2.R2.OY.29,R2.OY.29,O,Y,OY,Female,18,73,47,1,25,-7,46,625,324
2118,R2,D2.R2.OY.29,R2.OY.29,O,Y,OY,Female,32,8,47,1,25,7,46,625,1024
2611,R2,D2.R2.OY.29,R2.OY.29,O,Y,OY,Female,46,33,47,1,25,21,46,625,2116
566,R2,D2.R2.OY.43,R2.OY.43,O,Y,OY,Female,4,70,47,1,18,-14,32,324,16
1382,R2,D2.R2.OY.43,R2.OY.43,O,Y,OY,Female,18,61,47,1,18,0,32,324,324
2081,R2,D2.R2.OY.43,R2.OY.43,O,Y,OY,Female,32,0,47,1,18,14,32,324,1024
620,R2,D2.R2.YO.5,R2.YO.5,Y,O,YO,Female,4,81,47,1,18,-14,32,324,16
1420,R2,D2.R2.YO.5,R2.YO.5,Y,O,YO,Female,18,62,47,1,18,0,32,324,324
2029,R2,D2.R2.YO.5,R2.YO.5,Y,O,YO,Female,32,0,47,1,18,14,32,324,1024
447,R2,D2.R2.YY.12,R2.YY.12,Y,Y,YY,Female,4,80,47,1,18,-14,32,324,16
1499,R2,D2.R2.YY.12,R2.YY.12,Y,Y,YY,Female,18,39,47,1,18,0,32,324,324
2176,R2,D2.R2.YY.12,R2.YY.12,Y,Y,YY,Female,32,37,47,1,18,14,32,324,1024
570,R2,D2.R2.YY.17,R2.YY.17,Y,Y,YY,Female,4,69,47,1,18,-14,32,324,16
1481,R2,D2.R2.YY.17,R2.YY.17,Y,Y,YY,Female,18,58,47,1,18,0,32,324,324
2112,R2,D2.R2.YY.17,R2.YY.17,Y,Y,YY,Female,32,7,47,1,18,14,32,324,1024
3171,R3,D2.R3.OO.2,R3.OO.2,O,O,OO,Female,4,62,47,1,18,-14,32,324,16
3668,R3,D2.R3.OO.2,R3.OO.2,O,O,OO,Female,18,56,47,1,18,0,32,324,324
4068,R3,D2.R3.OO.2,R3.OO.2,O,O,OO,Female,32,4,47,1,18,14,32,324,1024
3138,R3,D2.R3.OO.8,R3.OO.8,O,O,OO,Female,4,68,47,1,18,-14,32,324,16
3657,R3,D2.R3.OO.8,R3.OO.8,O,O,OO,Female,18,69,47,1,18,0,32,324,324
4086,R3,D2.R3.OO.8,R3.OO.8,O,O,OO,Female,32,27,47,1,18,14,32,324,1024
133,R1,D3.R1.OO.25,R1.OO.25,O,O,OO,Female,4,50,47,1,18,-14,32,324,16
1035,R1,D3.R1.OO.25,R1.OO.25,O,O,OO,Female,18,49,47,1,18,0,32,324,324
1776,R1,D3.R1.OO.25,R1.OO.25,O,O,OO,Female,32,0,47,1,18,14,32,324,1024
6,R1,D3.R1.OO.60,R1.OO.60,O,O,OO,Female,4,67,47,1,18,-14,32,324,16
1094,R1,D3.R1.OO.60,R1.OO.60,O,O,OO,Female,18,69,47,1,18,0,32,324,324
1738,R1,D3.R1.OO.60,R1.OO.60,O,O,OO,Female,32,0,47,1,18,14,32,324,1024
61,R1,D3.R1.OY.23,R1.OY.23,O,Y,OY,Female,4,60,47,1,18,-14,32,324,16
1102,R1,D3.R1.OY.23,R1.OY.23,O,Y,OY,Female,18,42,47,1,18,0,32,324,324
1825,R1,D3.R1.OY.23,R1.OY.23,O,Y,OY,Female,32,0,47,1,18,14,32,324,1024
201,R1,D3.R1.OY.70,R1.OY.70,O,Y,OY,Female,4,51,47,1,18,-14,32,324,16
966,R1,D3.R1.OY.70,R1.OY.70,O,Y,OY,Female,18,42,47,1,18,0,32,324,324
1848,R1,D3.R1.OY.70,R1.OY.70,O,Y,OY,Female,32,14,47,1,18,14,32,324,1024
224,R1,D3.R1.YO.15,R1.YO.15,Y,O,YO,Female,4,87,47,1,18,-14,32,324,16
953,R1,D3.R1.YO.15,R1.YO.15,Y,O,YO,Female,18,52,47,1,18,0,32,324,324
1851,R1,D3.R1.YO.15,R1.YO.15,Y,O,YO,Female,32,37,47,1,18,14,32,324,1024
144,R1,D3.R1.YO.21,R1.YO.21,Y,O,YO,Female,4,78,47,1,18,-14,32,324,16
1105,R1,D3.R1.YO.21,R1.YO.21,Y,O,YO,Female,18,59,47,1,18,0,32,324,324
1828,R1,D3.R1.YO.21,R1.YO.21,Y,O,YO,Female,32,0,47,1,18,14,32,324,1024
151,R1,D3.R1.YY.16,R1.YY.16,Y,Y,YY,Female,4,56,47,1,18,-14,32,324,16
995,R1,D3.R1.YY.16,R1.YY.16,Y,Y,YY,Female,18,49,47,1,18,0,32,324,324
1762,R1,D3.R1.YY.16,R1.YY.16,Y,Y,YY,Female,32,0,47,1,18,14,32,324,1024
110,R1,D3.R1.YY.7,R1.YY.7,Y,Y,YY,Female,4,55,47,1,18,-14,32,324,16
954,R1,D3.R1.YY.7,R1.YY.7,Y,Y,YY,Female,18,39,47,1,18,0,32,324,324
1742,R1,D3.R1.YY.7,R1.YY.7,Y,Y,YY,Female,32,0,47,1,18,14,32,324,1024
676,R2,D3.R2.OO.13,R2.OO.13,O,O,OO,Female,4,52,47,1,18,-14,32,324,16
1515,R2,D3.R2.OO.13,R2.OO.13,O,O,OO,Female,18,47,47,1,18,0,32,324,324
2133,R2,D3.R2.OO.13,R2.OO.13,O,O,OO,Female,32,24,47,1,18,14,32,324,1024
651,R2,D3.R2.OO.16,R2.OO.16,O,O,OO,Female,4,77,47,1,18,-14,32,324,16
1416,R2,D3.R2.OO.16,R2.OO.16,O,O,OO,Female,18,67,47,1,18,0,32,324,324
2155,R2,D3.R2.OO.16,R2.OO.16,O,O,OO,Female,32,32,47,1,18,14,32,324,1024
664,R2,D3.R2.OO.23,R2.OO.23,O,O,OO,Female,4,57,47,1,18,-14,32,324,16
1493,R2,D3.R2.OO.23,R2.OO.23,O,O,OO,Female,18,40,47,1,18,0,32,324,324
2178,R2,D3.R2.OO.23,R2.OO.23,O,O,OO,Female,32,27,47,1,18,14,32,324,1024
693,R2,D3.R2.OO.3,R2.OO.3,O,O,OO,Female,4,63,47,1,18,-14,32,324,16
1362,R2,D3.R2.OO.3,R2.OO.3,O,O,OO,Female,18,64,47,1,18,0,32,324,324
2137,R2,D3.R2.OO.3,R2.OO.3,O,O,OO,Female,32,21,47,1,18,14,32,324,1024
568,R2,D3.R2.OO.62,R2.OO.62,O,O,OO,Female,4,46,47,1,18,-14,32,324,16
1479,R2,D3.R2.OO.62,R2.OO.62,O,O,OO,Female,18,48,47,1,18,0,32,324,324
2175,R2,D3.R2.OO.62,R2.OO.62,O,O,OO,Female,32,19,47,1,18,14,32,324,1024
542,R2,D3.R2.OY.10,R2.OY.10,O,Y,OY,Female,4,63,47,1,18,-14,32,324,16
1517,R2,D3.R2.OY.10,R2.OY.10,O,Y,OY,Female,18,39,47,1,18,0,32,324,324
2105,R2,D3.R2.OY.10,R2.OY.10,O,Y,OY,Female,32,10,47,1,18,14,32,324,1024
605,R2,D3.R2.OY.43,R2.OY.43,O,Y,OY,Female,4,55,47,1,18,-14,32,324,16
1429,R2,D3.R2.OY.43,R2.OY.43,O,Y,OY,Female,18,55,47,1,18,0,32,324,324
2031,R2,D3.R2.OY.43,R2.OY.43,O,Y,OY,Female,32,0,47,1,18,14,32,324,1024
694,R2,D3.R2.YO.13,R2.YO.13,Y,O,YO,Female,4,51,47,1,18,-14,32,324,16
1319,R2,D3.R2.YO.13,R2.YO.13,Y,O,YO,Female,18,0,47,1,18,0,32,324,324
2052,R2,D3.R2.YO.13,R2.YO.13,Y,O,YO,Female,32,0,47,1,18,14,32,324,1024
650,R2,D3.R2.YO.27,R2.YO.27,Y,O,YO,Female,4,27,47,1,18,-14,32,324,16
1425,R2,D3.R2.YO.27,R2.YO.27,Y,O,YO,Female,18,60,47,1,18,0,32,324,324
2028,R2,D3.R2.YO.27,R2.YO.27,Y,O,YO,Female,32,0,47,1,18,14,32,324,1024
636,R2,D3.R2.YY.10,R2.YY.10,Y,Y,YY,Female,4,66,47,1,18,-14,32,324,16
1337,R2,D3.R2.YY.10,R2.YY.10,Y,Y,YY,Female,18,0,47,1,18,0,32,324,324
2034,R2,D3.R2.YY.10,R2.YY.10,Y,Y,YY,Female,32,0,47,1,18,14,32,324,1024
558,R2,D3.R2.YY.20,R2.YY.20,Y,Y,YY,Female,4,16,47,1,18,-14,32,324,16
1374,R2,D3.R2.YY.20,R2.YY.20,Y,Y,YY,Female,18,73,47,1,18,0,32,324,324
2090,R2,D3.R2.YY.20,R2.YY.20,Y,Y,YY,Female,32,0,47,1,18,14,32,324,1024
3155,R3,D3.R3.YY.7,R3.YY.7,Y,Y,YY,Female,4,57,47,1,18,-14,32,324,16
3666,R3,D3.R3.YY.7,R3.YY.7,Y,Y,YY,Female,18,14,47,1,18,0,32,324,324
4045,R3,D3.R3.YY.7,R3.YY.7,Y,Y,YY,Female,32,0,47,1,18,14,32,324,1024
3128,R3,D3.R3.YY.8,R3.YY.8,Y,Y,YY,Female,4,63,47,1,18,-14,32,324,16
3687,R3,D3.R3.YY.8,R3.YY.8,Y,Y,YY,Female,18,85,47,1,18,0,32,324,324
4095,R3,D3.R3.YY.8,R3.YY.8,Y,Y,YY,Female,32,0,47,1,18,14,32,324,1024
3173,R3,D1.R3.YO.19,R3.YO.19,Y,O,YO,Female,4,41,48,1,25,-21,46,625,16
3621,R3,D1.R3.YO.19,R3.YO.19,Y,O,YO,Female,18,27,48,1,25,-7,46,625,324
4074,R3,D1.R3.YO.19,R3.YO.19,Y,O,YO,Female,32,34,48,1,25,7,46,625,1024
4295,R3,D1.R3.YO.19,R3.YO.19,Y,O,YO,Female,46,0,48,1,25,21,46,625,2116
3214,R3,D2.R3.OO.1,R3.OO.1,O,O,OO,Female,4,45,48,1,25,-21,46,625,16
3673,R3,D2.R3.OO.1,R3.OO.1,O,O,OO,Female,18,2,48,1,25,-7,46,625,324
4039,R3,D2.R3.OO.1,R3.OO.1,O,O,OO,Female,32,0,48,1,25,7,46,625,1024
4286,R3,D2.R3.OO.1,R3.OO.1,O,O,OO,Female,46,0,48,1,25,21,46,625,2116
3219,R3,D2.R3.YY.3,R3.YY.3,Y,Y,YY,Female,4,80,48,1,25,-21,46,625,16
3644,R3,D2.R3.YY.3,R3.YY.3,Y,Y,YY,Female,18,77,48,1,25,-7,46,625,324
4084,R3,D2.R3.YY.3,R3.YY.3,Y,Y,YY,Female,32,27,48,1,25,7,46,625,1024
4287,R3,D2.R3.YY.3,R3.YY.3,Y,Y,YY,Female,46,0,48,1,25,21,46,625,2116
3144,R3,D3.R3.OY.11,R3.OY.11,O,Y,OY,Female,4,50,48,1,25,-21,46,625,16
3662,R3,D3.R3.OY.11,R3.OY.11,O,Y,OY,Female,18,43,48,1,25,-7,46,625,324
4023,R3,D3.R3.OY.11,R3.OY.11,O,Y,OY,Female,32,19,48,1,25,7,46,625,1024
4298,R3,D3.R3.OY.11,R3.OY.11,O,Y,OY,Female,46,0,48,1,25,21,46,625,2116
3191,R3,D3.R3.YY.14,R3.YY.14,Y,Y,YY,Female,4,64,48,1,25,-21,46,625,16
3678,R3,D3.R3.YY.14,R3.YY.14,Y,Y,YY,Female,18,28,48,1,25,-7,46,625,324
4066,R3,D3.R3.YY.14,R3.YY.14,Y,Y,YY,Female,32,0,48,1,25,7,46,625,1024
4292,R3,D3.R3.YY.14,R3.YY.14,Y,Y,YY,Female,46,0,48,1,25,21,46,625,2116
33,R1,D1.R1.OO.19,R1.OO.19,O,O,OO,Female,4,57,49,1,25,-21,46,625,16
1090,R1,D1.R1.OO.19,R1.OO.19,O,O,OO,Female,18,38,49,1,25,-7,46,625,324
1736,R1,D1.R1.OO.19,R1.OO.19,O,O,OO,Female,32,0,49,1,25,7,46,625,1024
2377,R1,D1.R1.OO.19,R1.OO.19,O,O,OO,Female,46,0,49,1,25,21,46,625,2116
181,R1,D1.R1.YY.16,R1.YY.16,Y,Y,YY,Female,4,64,49,1,25,-21,46,625,16
1001,R1,D1.R1.YY.16,R1.YY.16,Y,Y,YY,Female,18,29,49,1,25,-7,46,625,324
1757,R1,D1.R1.YY.16,R1.YY.16,Y,Y,YY,Female,32,0,49,1,25,7,46,625,1024
2357,R1,D1.R1.YY.16,R1.YY.16,Y,Y,YY,Female,46,0,49,1,25,21,46,625,2116
118,R1,D1.R1.YY.3,R1.YY.3,Y,Y,YY,Female,4,65,49,1,25,-21,46,625,16
955,R1,D1.R1.YY.3,R1.YY.3,Y,Y,YY,Female,18,43,49,1,25,-7,46,625,324
1743,R1,D1.R1.YY.3,R1.YY.3,Y,Y,YY,Female,32,0,49,1,25,7,46,625,1024
2343,R1,D1.R1.YY.3,R1.YY.3,Y,Y,YY,Female,46,0,49,1,25,21,46,625,2116
565,R2,D1.R2.OO.10,R2.OO.10,O,O,OO,Female,4,51,49,1,25,-21,46,625,16
1350,R2,D1.R2.OO.10,R2.OO.10,O,O,OO,Female,18,24,49,1,25,-7,46,625,324
2086,R2,D1.R2.OO.10,R2.OO.10,O,O,OO,Female,32,0,49,1,25,7,46,625,1024
2563,R2,D1.R2.OO.10,R2.OO.10,O,O,OO,Female,46,0,49,1,25,21,46,625,2116
583,R2,D1.R2.OY.9,R2.OY.9,O,Y,OY,Female,4,56,49,1,25,-21,46,625,16
1455,R2,D1.R2.OY.9,R2.OY.9,O,Y,OY,Female,18,50,49,1,25,-7,46,625,324
2111,R2,D1.R2.OY.9,R2.OY.9,O,Y,OY,Female,32,13,49,1,25,7,46,625,1024
2580,R2,D1.R2.OY.9,R2.OY.9,O,Y,OY,Female,46,0,49,1,25,21,46,625,2116
591,R2,D1.R2.YO.19,R2.YO.19,Y,O,YO,Female,4,70,49,1,25,-21,46,625,16
1443,R2,D1.R2.YO.19,R2.YO.19,Y,O,YO,Female,18,50,49,1,25,-7,46,625,324
2163,R2,D1.R2.YO.19,R2.YO.19,Y,O,YO,Female,32,29,49,1,25,7,46,625,1024
2538,R2,D1.R2.YO.19,R2.YO.19,Y,O,YO,Female,46,0,49,1,25,21,46,625,2116
488,R2,D1.R2.YY.19,R2.YY.19,Y,Y,YY,Female,4,56,49,1,25,-21,46,625,16
1464,R2,D1.R2.YY.19,R2.YY.19,Y,Y,YY,Female,18,65,49,1,25,-7,46,625,324
2180,R2,D1.R2.YY.19,R2.YY.19,Y,Y,YY,Female,32,1,49,1,25,7,46,625,1024
2558,R2,D1.R2.YY.19,R2.YY.19,Y,Y,YY,Female,46,0,49,1,25,21,46,625,2116
125,R1,D2.R1.OO.9,R1.OO.9,O,O,OO,Female,4,82,49,1,25,-21,46,625,16
965,R1,D2.R1.OO.9,R1.OO.9,O,O,OO,Female,18,46,49,1,25,-7,46,625,324
1748,R1,D2.R1.OO.9,R1.OO.9,O,O,OO,Female,32,0,49,1,25,7,46,625,1024
2381,R1,D2.R1.OO.9,R1.OO.9,O,O,OO,Female,46,0,49,1,25,21,46,625,2116
225,R1,D2.R1.OY.29,R1.OY.29,O,Y,OY,Female,4,99,49,1,25,-21,46,625,16
983,R1,D2.R1.OY.29,R1.OY.29,O,Y,OY,Female,18,63,49,1,25,-7,46,625,324
1751,R1,D2.R1.OY.29,R1.OY.29,O,Y,OY,Female,32,0,49,1,25,7,46,625,1024
2379,R1,D2.R1.OY.29,R1.OY.29,O,Y,OY,Female,46,0,49,1,25,21,46,625,2116
66,R1,D2.R1.OY.3,R1.OY.3,O,Y,OY,Female,4,78,49,1,25,-21,46,625,16
1072,R1,D2.R1.OY.3,R1.OY.3,O,Y,OY,Female,18,41,49,1,25,-7,46,625,324
1818,R1,D2.R1.OY.3,R1.OY.3,O,Y,OY,Female,32,0,49,1,25,7,46,625,1024
2363,R1,D2.R1.OY.3,R1.OY.3,O,Y,OY,Female,46,0,49,1,25,21,46,625,2116
183,R1,D2.R1.OY.40,R1.OY.40,O,Y,OY,Female,4,73,49,1,25,-21,46,625,16
1110,R1,D2.R1.OY.40,R1.OY.40,O,Y,OY,Female,18,0,49,1,25,-7,46,625,324
1859,R1,D2.R1.OY.40,R1.OY.40,O,Y,OY,Female,32,38,49,1,25,7,46,625,1024
2384,R1,D2.R1.OY.40,R1.OY.40,O,Y,OY,Female,46,0,49,1,25,21,46,625,2116
102,R1,D2.R1.OY.54,R1.OY.54,O,Y,OY,Female,4,112,49,1,18,-14,32,324,16
944,R1,D2.R1.OY.54,R1.OY.54,O,Y,OY,Female,18,59,49,1,18,0,32,324,324
1847,R1,D2.R1.OY.54,R1.OY.54,O,Y,OY,Female,32,44,49,1,18,14,32,324,1024
97,R1,D2.R1.OY.77,R1.OY.77,O,Y,OY,Female,4,99,49,1,25,-21,46,625,16
1026,R1,D2.R1.OY.77,R1.OY.77,O,Y,OY,Female,18,19,49,1,25,-7,46,625,324
1786,R1,D2.R1.OY.77,R1.OY.77,O,Y,OY,Female,32,0,49,1,25,7,46,625,1024
2374,R1,D2.R1.OY.77,R1.OY.77,O,Y,OY,Female,46,0,49,1,25,21,46,625,2116
129,R1,D2.R1.OY.78,R1.OY.78,O,Y,OY,Female,4,69,49,1,25,-21,46,625,16
1098,R1,D2.R1.OY.78,R1.OY.78,O,Y,OY,Female,18,51,49,1,25,-7,46,625,324
1811,R1,D2.R1.OY.78,R1.OY.78,O,Y,OY,Female,32,0,49,1,25,7,46,625,1024
2366,R1,D2.R1.OY.78,R1.OY.78,O,Y,OY,Female,46,0,49,1,25,21,46,625,2116
123,R1,D2.R1.YO.2,R1.YO.2,Y,O,YO,Female,4,54,49,1,25,-21,46,625,16
971,R1,D2.R1.YO.2,R1.YO.2,Y,O,YO,Female,18,47,49,1,25,-7,46,625,324
1745,R1,D2.R1.YO.2,R1.YO.2,Y,O,YO,Female,32,0,49,1,25,7,46,625,1024
2367,R1,D2.R1.YO.2,R1.YO.2,Y,O,YO,Female,46,0,49,1,25,21,46,625,2116
169,R1,D2.R1.YO.21,R1.YO.21,Y,O,YO,Female,4,88,49,1,25,-21,46,625,16
1004,R1,D2.R1.YO.21,R1.YO.21,Y,O,YO,Female,18,0,49,1,25,-7,46,625,324
1771,R1,D2.R1.YO.21,R1.YO.21,Y,O,YO,Female,32,0,49,1,25,7,46,625,1024
2368,R1,D2.R1.YO.21,R1.YO.21,Y,O,YO,Female,46,0,49,1,25,21,46,625,2116
164,R1,D2.R1.YO.9,R1.YO.9,Y,O,YO,Female,4,91,49,1,25,-21,46,625,16
1033,R1,D2.R1.YO.9,R1.YO.9,Y,O,YO,Female,18,50,49,1,25,-7,46,625,324
1866,R1,D2.R1.YO.9,R1.YO.9,Y,O,YO,Female,32,12,49,1,25,7,46,625,1024
2352,R1,D2.R1.YO.9,R1.YO.9,Y,O,YO,Female,46,0,49,1,25,21,46,625,2116
217,R1,D2.R1.YY.10,R1.YY.10,Y,Y,YY,Female,4,82,49,1,25,-21,46,625,16
1038,R1,D2.R1.YY.10,R1.YY.10,Y,Y,YY,Female,18,68,49,1,25,-7,46,625,324
1765,R1,D2.R1.YY.10,R1.YY.10,Y,Y,YY,Female,32,0,49,1,25,7,46,625,1024
2375,R1,D2.R1.YY.10,R1.YY.10,Y,Y,YY,Female,46,0,49,1,25,21,46,625,2116
524,R2,D2.R2.OO.5,R2.OO.5,O,O,OO,Female,4,79,49,1,25,-21,46,625,16
1509,R2,D2.R2.OO.5,R2.OO.5,O,O,OO,Female,18,65,49,1,25,-7,46,625,324
2074,R2,D2.R2.OO.5,R2.OO.5,O,O,OO,Female,32,0,49,1,25,7,46,625,1024
2532,R2,D2.R2.OO.5,R2.OO.5,O,O,OO,Female,46,0,49,1,25,21,46,625,2116
563,R2,D2.R2.OY.11,R2.OY.11,O,Y,OY,Female,4,83,49,1,25,-21,46,625,16
1367,R2,D2.R2.OY.11,R2.OY.11,O,Y,OY,Female,18,89,49,1,25,-7,46,625,324
2141,R2,D2.R2.OY.11,R2.OY.11,O,Y,OY,Female,32,13,49,1,25,7,46,625,1024
2535,R2,D2.R2.OY.11,R2.OY.11,O,Y,OY,Female,46,0,49,1,25,21,46,625,2116
681,R2,D2.R2.OY.24,R2.OY.24,O,Y,OY,Female,4,70,49,1,25,-21,46,625,16
1345,R2,D2.R2.OY.24,R2.OY.24,O,Y,OY,Female,18,0,49,1,25,-7,46,625,324
2078,R2,D2.R2.OY.24,R2.OY.24,O,Y,OY,Female,32,0,49,1,25,7,46,625,1024
2573,R2,D2.R2.OY.24,R2.OY.24,O,Y,OY,Female,46,0,49,1,25,21,46,625,2116
38,R1,D3.R1.OY.52,R1.OY.52,O,Y,OY,Female,4,80,49,1,25,-21,46,625,16
1121,R1,D3.R1.OY.52,R1.OY.52,O,Y,OY,Female,18,0,49,1,25,-7,46,625,324
1789,R1,D3.R1.OY.52,R1.OY.52,O,Y,OY,Female,32,0,49,1,25,7,46,625,1024
2358,R1,D3.R1.OY.52,R1.OY.52,O,Y,OY,Female,46,0,49,1,25,21,46,625,2116
453,R2,D3.R2.OY.25,R2.OY.25,O,Y,OY,Female,4,93,49,1,25,-21,46,625,16
1368,R2,D3.R2.OY.25,R2.OY.25,O,Y,OY,Female,18,19,49,1,25,-7,46,625,324
2143,R2,D3.R2.OY.25,R2.OY.25,O,Y,OY,Female,32,13,49,1,25,7,46,625,1024
2534,R2,D3.R2.OY.25,R2.OY.25,O,Y,OY,Female,46,0,49,1,25,21,46,625,2116
653,R2,D3.R2.YO.4,R2.YO.4,Y,O,YO,Female,4,76,49,1,25,-21,46,625,16
1421,R2,D3.R2.YO.4,R2.YO.4,Y,O,YO,Female,18,36,49,1,25,-7,46,625,324
2030,R2,D3.R2.YO.4,R2.YO.4,Y,O,YO,Female,32,0,49,1,25,7,46,625,1024
2542,R2,D3.R2.YO.4,R2.YO.4,Y,O,YO,Female,46,0,49,1,25,21,46,625,2116
462,R2,D3.R2.YY.14,R2.YY.14,Y,Y,YY,Female,4,103,49,1,25,-21,46,625,16
1538,R2,D3.R2.YY.14,R2.YY.14,Y,Y,YY,Female,18,67,49,1,25,-7,46,625,324
2124,R2,D3.R2.YY.14,R2.YY.14,Y,Y,YY,Female,32,6,49,1,25,7,46,625,1024
2526,R2,D3.R2.YY.14,R2.YY.14,Y,Y,YY,Female,46,0,49,1,25,21,46,625,2116
539,R2,D3.R2.YY.6,R2.YY.6,Y,Y,YY,Female,4,75,49,1,25,-21,46,625,16
1521,R2,D3.R2.YY.6,R2.YY.6,Y,Y,YY,Female,18,46,49,1,25,-7,46,625,324
2103,R2,D3.R2.YY.6,R2.YY.6,Y,Y,YY,Female,32,8,49,1,25,7,46,625,1024
2553,R2,D3.R2.YY.6,R2.YY.6,Y,Y,YY,Female,46,0,49,1,25,21,46,625,2116
3380,R4,D1.R4.YO.10,R4.YO.10,Y,O,YO,Female,4,80,50,1,25,-21,46,625,16
3835,R4,D1.R4.YO.10,R4.YO.10,Y,O,YO,Female,18,72,50,1,25,-7,46,625,324
4265,R4,D1.R4.YO.10,R4.YO.10,Y,O,YO,Female,32,0,50,1,25,7,46,625,1024
4399,R4,D1.R4.YO.10,R4.YO.10,Y,O,YO,Female,46,0,50,1,25,21,46,625,2116
3382,R4,D1.R4.YO.21,R4.YO.21,Y,O,YO,Female,4,73,50,1,25,-21,46,625,16
3899,R4,D1.R4.YO.21,R4.YO.21,Y,O,YO,Female,18,43,50,1,25,-7,46,625,324
4282,R4,D1.R4.YO.21,R4.YO.21,Y,O,YO,Female,32,43,50,1,25,7,46,625,1024
4396,R4,D1.R4.YO.21,R4.YO.21,Y,O,YO,Female,46,0,50,1,25,21,46,625,2116
3226,R3,D2.R3.YY.8,R3.YY.8,Y,Y,YY,Female,4,72,50,1,25,-21,46,625,16
3642,R3,D2.R3.YY.8,R3.YY.8,Y,Y,YY,Female,18,54,50,1,25,-7,46,625,324
4025,R3,D2.R3.YY.8,R3.YY.8,Y,Y,YY,Female,32,40,50,1,25,7,46,625,1024
4288,R3,D2.R3.YY.8,R3.YY.8,Y,Y,YY,Female,46,0,50,1,25,21,46,625,2116
3454,R4,D2.R4.OO.17,R4.OO.17,O,O,OO,Female,4,52,50,1,25,-21,46,625,16
3885,R4,D2.R4.OO.17,R4.OO.17,O,O,OO,Female,18,13,50,1,25,-7,46,625,324
4214,R4,D2.R4.OO.17,R4.OO.17,O,O,OO,Female,32,22,50,1,25,7,46,625,1024
4395,R4,D2.R4.OO.17,R4.OO.17,O,O,OO,Female,46,0,50,1,25,21,46,625,2116
3467,R4,D2.R4.YY.2,R4.YY.2,Y,Y,YY,Female,4,63,50,1,25,-21,46,625,16
3870,R4,D2.R4.YY.2,R4.YY.2,Y,Y,YY,Female,18,64,50,1,25,-7,46,625,324
4248,R4,D2.R4.YY.2,R4.YY.2,Y,Y,YY,Female,32,0,50,1,25,7,46,625,1024
4402,R4,D2.R4.YY.2,R4.YY.2,Y,Y,YY,Female,46,0,50,1,25,21,46,625,2116
3430,R4,D3.R4.OO.18,R4.OO.18,O,O,OO,Female,4,57,50,1,25,-21,46,625,16
3877,R4,D3.R4.OO.18,R4.OO.18,O,O,OO,Female,18,63,50,1,25,-7,46,625,324
4255,R4,D3.R4.OO.18,R4.OO.18,O,O,OO,Female,32,0,50,1,25,7,46,625,1024
4401,R4,D3.R4.OO.18,R4.OO.18,O,O,OO,Female,46,0,50,1,25,21,46,625,2116
3401,R4,D3.R4.OY.13,R4.OY.13,O,Y,OY,Female,4,78,50,1,25,-21,46,625,16
3818,R4,D3.R4.OY.13,R4.OY.13,O,Y,OY,Female,18,62,50,1,25,-7,46,625,324
4249,R4,D3.R4.OY.13,R4.OY.13,O,Y,OY,Female,32,0,50,1,25,7,46,625,1024
4387,R4,D3.R4.OY.13,R4.OY.13,O,Y,OY,Female,46,0,50,1,25,21,46,625,2116
3410,R4,D3.R4.YO.10,R4.YO.10,Y,O,YO,Female,4,47,50,1,25,-21,46,625,16
3859,R4,D3.R4.YO.10,R4.YO.10,Y,O,YO,Female,18,68,50,1,25,-7,46,625,324
4227,R4,D3.R4.YO.10,R4.YO.10,Y,O,YO,Female,32,14,50,1,25,7,46,625,1024
4389,R4,D3.R4.YO.10,R4.YO.10,Y,O,YO,Female,46,1,50,1,25,21,46,625,2116
3466,R4,D3.R4.YO.22,R4.YO.22,Y,O,YO,Female,4,69,50,1,25,-21,46,625,16
3895,R4,D3.R4.YO.22,R4.YO.22,Y,O,YO,Female,18,38,50,1,25,-7,46,625,324
4256,R4,D3.R4.YO.22,R4.YO.22,Y,O,YO,Female,32,14,50,1,25,7,46,625,1024
4400,R4,D3.R4.YO.22,R4.YO.22,Y,O,YO,Female,46,0,50,1,25,21,46,625,2116
156,R1,D1.R1.OO.39,R1.OO.39,O,O,OO,Female,4,74,52,1,25,-21,46,625,16
1037,R1,D1.R1.OO.39,R1.OO.39,O,O,OO,Female,18,63,52,1,25,-7,46,625,324
1862,R1,D1.R1.OO.39,R1.OO.39,O,O,OO,Female,32,57,52,1,25,7,46,625,1024
2347,R1,D1.R1.OO.39,R1.OO.39,O,O,OO,Female,46,0,52,1,25,21,46,625,2116
57,R1,D1.R1.YO.4,R1.YO.4,Y,O,YO,Female,4,58,52,1,25,-21,46,625,16
1117,R1,D1.R1.YO.4,R1.YO.4,Y,O,YO,Female,18,68,52,1,25,-7,46,625,324
1793,R1,D1.R1.YO.4,R1.YO.4,Y,O,YO,Female,32,0,52,1,25,7,46,625,1024
2362,R1,D1.R1.YO.4,R1.YO.4,Y,O,YO,Female,46,0,52,1,25,21,46,625,2116
167,R1,D1.R1.YO.7,R1.YO.7,Y,O,YO,Female,4,77,52,1,25,-21,46,625,16
963,R1,D1.R1.YO.7,R1.YO.7,Y,O,YO,Female,18,36,52,1,25,-7,46,625,324
1732,R1,D1.R1.YO.7,R1.YO.7,Y,O,YO,Female,32,0,52,1,25,7,46,625,1024
2378,R1,D1.R1.YO.7,R1.YO.7,Y,O,YO,Female,46,0,52,1,25,21,46,625,2116
20,R1,D1.R1.YY.35,R1.YY.35,Y,Y,YY,Female,4,59,52,1,25,-21,46,625,16
1077,R1,D1.R1.YY.35,R1.YY.35,Y,Y,YY,Female,18,50,52,1,25,-7,46,625,324
1820,R1,D1.R1.YY.35,R1.YY.35,Y,Y,YY,Female,32,0,52,1,25,7,46,625,1024
2356,R1,D1.R1.YY.35,R1.YY.35,Y,Y,YY,Female,46,0,52,1,25,21,46,625,2116
608,R2,D1.R2.OO.41,R2.OO.41,O,O,OO,Female,4,80,52,1,25,-21,46,625,16
1454,R2,D1.R2.OO.41,R2.OO.41,O,O,OO,Female,18,58,52,1,25,-7,46,625,324
2065,R2,D1.R2.OO.41,R2.OO.41,O,O,OO,Female,32,0,52,1,25,7,46,625,1024
2559,R2,D1.R2.OO.41,R2.OO.41,O,O,OO,Female,46,0,52,1,25,21,46,625,2116
655,R2,D1.R2.OY.14,R2.OY.14,O,Y,OY,Female,4,71,52,1,25,-21,46,625,16
1535,R2,D1.R2.OY.14,R2.OY.14,O,Y,OY,Female,18,46,52,1,25,-7,46,625,324
2117,R2,D1.R2.OY.14,R2.OY.14,O,Y,OY,Female,32,2,52,1,25,7,46,625,1024
2551,R2,D1.R2.OY.14,R2.OY.14,O,Y,OY,Female,46,0,52,1,25,21,46,625,2116
684,R2,D1.R2.OY.22,R2.OY.22,O,Y,OY,Female,4,60,52,1,25,-21,46,625,16
1512,R2,D1.R2.OY.22,R2.OY.22,O,Y,OY,Female,18,58,52,1,25,-7,46,625,324
2185,R2,D1.R2.OY.22,R2.OY.22,O,Y,OY,Female,32,34,52,1,25,7,46,625,1024
2550,R2,D1.R2.OY.22,R2.OY.22,O,Y,OY,Female,46,0,52,1,25,21,46,625,2116
520,R2,D1.R2.OY.24,R2.OY.24,O,Y,OY,Female,4,68,52,1,25,-21,46,625,16
1522,R2,D1.R2.OY.24,R2.OY.24,O,Y,OY,Female,18,53,52,1,25,-7,46,625,324
2040,R2,D1.R2.OY.24,R2.OY.24,O,Y,OY,Female,32,0,52,1,25,7,46,625,1024
2547,R2,D1.R2.OY.24,R2.OY.24,O,Y,OY,Female,46,0,52,1,25,21,46,625,2116
611,R2,D1.R2.YO.5,R2.YO.5,Y,O,YO,Female,4,40,52,1,25,-21,46,625,16
1427,R2,D1.R2.YO.5,R2.YO.5,Y,O,YO,Female,18,55,52,1,25,-7,46,625,324
2032,R2,D1.R2.YO.5,R2.YO.5,Y,O,YO,Female,32,0,52,1,25,7,46,625,1024
2529,R2,D1.R2.YO.5,R2.YO.5,Y,O,YO,Female,46,0,52,1,25,21,46,625,2116
598,R2,D1.R2.YY.5,R2.YY.5,Y,Y,YY,Female,4,64,52,1,25,-21,46,625,16
1459,R2,D1.R2.YY.5,R2.YY.5,Y,Y,YY,Female,18,46,52,1,25,-7,46,625,324
2104,R2,D1.R2.YY.5,R2.YY.5,Y,Y,YY,Female,32,18,52,1,25,7,46,625,1024
2587,R2,D1.R2.YY.5,R2.YY.5,Y,Y,YY,Female,46,0,52,1,25,21,46,625,2116
3129,R3,D1.R3.OY.20,R3.OY.20,O,Y,OY,Female,4,50,52,1,25,-21,46,625,16
3656,R3,D1.R3.OY.20,R3.OY.20,O,Y,OY,Female,18,0,52,1,25,-7,46,625,324
4051,R3,D1.R3.OY.20,R3.OY.20,O,Y,OY,Female,32,0,52,1,25,7,46,625,1024
4293,R3,D1.R3.OY.20,R3.OY.20,O,Y,OY,Female,46,0,52,1,25,21,46,625,2116
3232,R3,D1.R3.YY.22,R3.YY.22,Y,Y,YY,Female,4,54,52,1,25,-21,46,625,16
3613,R3,D1.R3.YY.22,R3.YY.22,Y,Y,YY,Female,18,55,52,1,25,-7,46,625,324
4094,R3,D1.R3.YY.22,R3.YY.22,Y,Y,YY,Female,32,0,52,1,25,7,46,625,1024
4296,R3,D1.R3.YY.22,R3.YY.22,Y,Y,YY,Female,46,0,52,1,25,21,46,625,2116
3475,R4,D1.R4.YO.1,R4.YO.1,Y,O,YO,Female,4,65,52,1,25,-21,46,625,16
3867,R4,D1.R4.YO.1,R4.YO.1,Y,O,YO,Female,18,56,52,1,25,-7,46,625,324
4243,R4,D1.R4.YO.1,R4.YO.1,Y,O,YO,Female,32,0,52,1,25,7,46,625,1024
4390,R4,D1.R4.YO.1,R4.YO.1,Y,O,YO,Female,46,0,52,1,25,21,46,625,2116
3400,R4,D1.R4.YY.4,R4.YY.4,Y,Y,YY,Female,4,79,52,1,25,-21,46,625,16
3888,R4,D1.R4.YY.4,R4.YY.4,Y,Y,YY,Female,18,39,52,1,25,-7,46,625,324
4229,R4,D1.R4.YY.4,R4.YY.4,Y,Y,YY,Female,32,0,52,1,25,7,46,625,1024
4388,R4,D1.R4.YY.4,R4.YY.4,Y,Y,YY,Female,46,0,52,1,25,21,46,625,2116
146,R1,D2.R1.OO.14,R1.OO.14,O,O,OO,Female,4,33,52,1,25,-21,46,625,16
992,R1,D2.R1.OO.14,R1.OO.14,O,O,OO,Female,18,45,52,1,25,-7,46,625,324
1853,R1,D2.R1.OO.14,R1.OO.14,O,O,OO,Female,32,11,52,1,25,7,46,625,1024
2387,R1,D2.R1.OO.14,R1.OO.14,O,O,OO,Female,46,3,52,1,25,21,46,625,2116
95,R1,D2.R1.OY.23,R1.OY.23,O,Y,OY,Female,4,72,52,1,25,-21,46,625,16
1089,R1,D2.R1.OY.23,R1.OY.23,O,Y,OY,Female,18,54,52,1,25,-7,46,625,324
1737,R1,D2.R1.OY.23,R1.OY.23,O,Y,OY,Female,32,0,52,1,25,7,46,625,1024
2372,R1,D2.R1.OY.23,R1.OY.23,O,Y,OY,Female,46,0,52,1,25,21,46,625,2116
197,R1,D2.R1.YO.15,R1.YO.15,Y,O,YO,Female,4,88,52,1,18,-14,32,324,16
956,R1,D2.R1.YO.15,R1.YO.15,Y,O,YO,Female,18,49,52,1,18,0,32,324,324
1741,R1,D2.R1.YO.15,R1.YO.15,Y,O,YO,Female,32,0,52,1,18,14,32,324,1024
136,R1,D2.R1.YO.20,R1.YO.20,Y,O,YO,Female,4,109,52,1,25,-21,46,625,16
1045,R1,D2.R1.YO.20,R1.YO.20,Y,O,YO,Female,18,78,52,1,25,-7,46,625,324
1849,R1,D2.R1.YO.20,R1.YO.20,Y,O,YO,Female,32,69,52,1,25,7,46,625,1024
2371,R1,D2.R1.YO.20,R1.YO.20,Y,O,YO,Female,46,0,52,1,25,21,46,625,2116
165,R1,D2.R1.YY.7,R1.YY.7,Y,Y,YY,Female,4,87,52,1,25,-21,46,625,16
1041,R1,D2.R1.YY.7,R1.YY.7,Y,Y,YY,Female,18,48,52,1,25,-7,46,625,324
1768,R1,D2.R1.YY.7,R1.YY.7,Y,Y,YY,Female,32,0,52,1,25,7,46,625,1024
2355,R1,D2.R1.YY.7,R1.YY.7,Y,Y,YY,Female,46,0,52,1,25,21,46,625,2116
467,R2,D2.R2.OO.10,R2.OO.10,O,O,OO,Female,4,103,52,1,25,-21,46,625,16
1417,R2,D2.R2.OO.10,R2.OO.10,O,O,OO,Female,18,61,52,1,25,-7,46,625,324
2156,R2,D2.R2.OO.10,R2.OO.10,O,O,OO,Female,32,46,52,1,25,7,46,625,1024
2539,R2,D2.R2.OO.10,R2.OO.10,O,O,OO,Female,46,0,52,1,25,21,46,625,2116
548,R2,D2.R2.OO.46,R2.OO.46,O,O,OO,Female,4,62,52,1,25,-21,46,625,16
1385,R2,D2.R2.OO.46,R2.OO.46,O,O,OO,Female,18,38,52,1,25,-7,46,625,324
2085,R2,D2.R2.OO.46,R2.OO.46,O,O,OO,Female,32,0,52,1,25,7,46,625,1024
2578,R2,D2.R2.OO.46,R2.OO.46,O,O,OO,Female,46,0,52,1,25,21,46,625,2116
469,R2,D2.R2.OO.62,R2.OO.62,O,O,OO,Female,4,62,52,1,25,-21,46,625,16
1410,R2,D2.R2.OO.62,R2.OO.62,O,O,OO,Female,18,44,52,1,25,-7,46,625,324
2021,R2,D2.R2.OO.62,R2.OO.62,O,O,OO,Female,32,0,52,1,25,7,46,625,1024
2537,R2,D2.R2.OO.62,R2.OO.62,O,O,OO,Female,46,0,52,1,25,21,46,625,2116
602,R2,D2.R2.OO.73,R2.OO.73,O,O,OO,Female,4,102,52,1,25,-21,46,625,16
1451,R2,D2.R2.OO.73,R2.OO.73,O,O,OO,Female,18,73,52,1,25,-7,46,625,324
2181,R2,D2.R2.OO.73,R2.OO.73,O,O,OO,Female,32,34,52,1,25,7,46,625,1024
2545,R2,D2.R2.OO.73,R2.OO.73,O,O,OO,Female,46,0,52,1,25,21,46,625,2116
482,R2,D2.R2.OY.2,R2.OY.2,O,Y,OY,Female,4,58,52,1,25,-21,46,625,16
1401,R2,D2.R2.OY.2,R2.OY.2,O,Y,OY,Female,18,52,52,1,25,-7,46,625,324
2023,R2,D2.R2.OY.2,R2.OY.2,O,Y,OY,Female,32,0,52,1,25,7,46,625,1024
2575,R2,D2.R2.OY.2,R2.OY.2,O,Y,OY,Female,46,0,52,1,25,21,46,625,2116
647,R2,D2.R2.OY.3,R2.OY.3,O,Y,OY,Female,4,67,52,1,25,-21,46,625,16
1430,R2,D2.R2.OY.3,R2.OY.3,O,Y,OY,Female,18,69,52,1,25,-7,46,625,324
2160,R2,D2.R2.OY.3,R2.OY.3,O,Y,OY,Female,32,17,52,1,25,7,46,625,1024
2541,R2,D2.R2.OY.3,R2.OY.3,O,Y,OY,Female,46,0,52,1,25,21,46,625,2116
640,R2,D2.R2.OY.9,R2.OY.9,O,Y,OY,Female,4,62,52,1,25,-21,46,625,16
1408,R2,D2.R2.OY.9,R2.OY.9,O,Y,OY,Female,18,67,52,1,25,-7,46,625,324
2158,R2,D2.R2.OY.9,R2.OY.9,O,Y,OY,Female,32,23,52,1,25,7,46,625,1024
2602,R2,D2.R2.OY.9,R2.OY.9,O,Y,OY,Female,46,48,52,1,25,21,46,625,2116
534,R2,D2.R2.YO.11,R2.YO.11,Y,O,YO,Female,4,82,52,1,25,-21,46,625,16
1364,R2,D2.R2.YO.11,R2.YO.11,Y,O,YO,Female,18,72,52,1,25,-7,46,625,324
2144,R2,D2.R2.YO.11,R2.YO.11,Y,O,YO,Female,32,9,52,1,25,7,46,625,1024
2577,R2,D2.R2.YO.11,R2.YO.11,Y,O,YO,Female,46,0,52,1,25,21,46,625,2116
667,R2,D2.R2.YO.16,R2.YO.16,Y,O,YO,Female,4,83,52,1,25,-21,46,625,16
1489,R2,D2.R2.YO.16,R2.YO.16,Y,O,YO,Female,18,55,52,1,25,-7,46,625,324
2120,R2,D2.R2.YO.16,R2.YO.16,Y,O,YO,Female,32,4,52,1,25,7,46,625,1024
2571,R2,D2.R2.YO.16,R2.YO.16,Y,O,YO,Female,46,0,52,1,25,21,46,625,2116
593,R2,D2.R2.YO.19,R2.YO.19,Y,O,YO,Female,4,70,52,1,25,-21,46,625,16
1448,R2,D2.R2.YO.19,R2.YO.19,Y,O,YO,Female,18,33,52,1,25,-7,46,625,324
2093,R2,D2.R2.YO.19,R2.YO.19,Y,O,YO,Female,32,16,52,1,25,7,46,625,1024
2565,R2,D2.R2.YO.19,R2.YO.19,Y,O,YO,Female,46,0,52,1,25,21,46,625,2116
476,R2,D2.R2.YO.24,R2.YO.24,Y,O,YO,Female,4,27,52,1,25,-21,46,625,16
1528,R2,D2.R2.YO.24,R2.YO.24,Y,O,YO,Female,18,73,52,1,25,-7,46,625,324
2171,R2,D2.R2.YO.24,R2.YO.24,Y,O,YO,Female,32,29,52,1,25,7,46,625,1024
2618,R2,D2.R2.YO.24,R2.YO.24,Y,O,YO,Female,46,1,52,1,25,21,46,625,2116
587,R2,D2.R2.YY.10,R2.YY.10,Y,Y,YY,Female,4,59,52,1,25,-21,46,625,16
1397,R2,D2.R2.YY.10,R2.YY.10,Y,Y,YY,Female,18,84,52,1,25,-7,46,625,324
2177,R2,D2.R2.YY.10,R2.YY.10,Y,Y,YY,Female,32,6,52,1,25,7,46,625,1024
2548,R2,D2.R2.YY.10,R2.YY.10,Y,Y,YY,Female,46,0,52,1,25,21,46,625,2116
601,R2,D2.R2.YY.22,R2.YY.22,Y,Y,YY,Female,4,72,52,1,25,-21,46,625,16
1452,R2,D2.R2.YY.22,R2.YY.22,Y,Y,YY,Female,18,63,52,1,25,-7,46,625,324
2079,R2,D2.R2.YY.22,R2.YY.22,Y,Y,YY,Female,32,0,52,1,25,7,46,625,1024
2572,R2,D2.R2.YY.22,R2.YY.22,Y,Y,YY,Female,46,0,52,1,25,21,46,625,2116
460,R2,D2.R2.YY.4,R2.YY.4,Y,Y,YY,Female,4,70,52,1,25,-21,46,625,16
1407,R2,D2.R2.YY.4,R2.YY.4,Y,Y,YY,Female,18,68,52,1,25,-7,46,625,324
2161,R2,D2.R2.YY.4,R2.YY.4,Y,Y,YY,Female,32,34,52,1,25,7,46,625,1024
2608,R2,D2.R2.YY.4,R2.YY.4,Y,Y,YY,Female,46,55,52,1,25,21,46,625,2116
3405,R4,D2.R4.OY.16,R4.OY.16,O,Y,OY,Female,4,61,52,1,25,-21,46,625,16
3887,R4,D2.R4.OY.16,R4.OY.16,O,Y,OY,Female,18,52,52,1,25,-7,46,625,324
4264,R4,D2.R4.OY.16,R4.OY.16,O,Y,OY,Female,32,49,52,1,25,7,46,625,1024
4398,R4,D2.R4.OY.16,R4.OY.16,O,Y,OY,Female,46,0,52,1,25,21,46,625,2116
138,R1,D3.R1.YO.17,R1.YO.17,Y,O,YO,Female,4,92,52,1,25,-21,46,625,16
1080,R1,D3.R1.YO.17,R1.YO.17,Y,O,YO,Female,18,19,52,1,25,-7,46,625,324
1832,R1,D3.R1.YO.17,R1.YO.17,Y,O,YO,Female,32,0,52,1,25,7,46,625,1024
2360,R1,D3.R1.YO.17,R1.YO.17,Y,O,YO,Female,46,0,52,1,25,21,46,625,2116
132,R1,D3.R1.YO.7,R1.YO.7,Y,O,YO,Female,4,68,52,1,25,-21,46,625,16
970,R1,D3.R1.YO.7,R1.YO.7,Y,O,YO,Female,18,52,52,1,25,-7,46,625,324
1852,R1,D3.R1.YO.7,R1.YO.7,Y,O,YO,Female,32,13,52,1,25,7,46,625,1024
2376,R1,D3.R1.YO.7,R1.YO.7,Y,O,YO,Female,46,0,52,1,25,21,46,625,2116
216,R1,D3.R1.YY.37,R1.YY.37,Y,Y,YY,Female,4,30,52,1,25,-21,46,625,16
988,R1,D3.R1.YY.37,R1.YY.37,Y,Y,YY,Female,18,51,52,1,25,-7,46,625,324
1855,R1,D3.R1.YY.37,R1.YY.37,Y,Y,YY,Female,32,14,52,1,25,7,46,625,1024
2344,R1,D3.R1.YY.37,R1.YY.37,Y,Y,YY,Female,46,0,52,1,25,21,46,625,2116
678,R2,D3.R2.OY.29,R2.OY.29,O,Y,OY,Female,4,56,52,1,18,-14,32,324,16
1505,R2,D3.R2.OY.29,R2.OY.29,O,Y,OY,Female,18,38,52,1,18,0,32,324,324
2115,R2,D3.R2.OY.29,R2.OY.29,O,Y,OY,Female,32,20,52,1,18,14,32,324,1024
3162,R3,D3.R3.OO.7,R3.OO.7,O,O,OO,Female,4,51,52,1,25,-21,46,625,16
3672,R3,D3.R3.OO.7,R3.OO.7,O,O,OO,Female,18,45,52,1,25,-7,46,625,324
4037,R3,D3.R3.OO.7,R3.OO.7,O,O,OO,Female,32,7,52,1,25,7,46,625,1024
4289,R3,D3.R3.OO.7,R3.OO.7,O,O,OO,Female,46,0,52,1,25,21,46,625,2116
3425,R4,D3.R4.OY.1,R4.OY.1,O,Y,OY,Female,4,64,52,1,25,-21,46,625,16
3852,R4,D3.R4.OY.1,R4.OY.1,O,Y,OY,Female,18,58,52,1,25,-7,46,625,324
4239,R4,D3.R4.OY.1,R4.OY.1,O,Y,OY,Female,32,0,52,1,25,7,46,625,1024
4403,R4,D3.R4.OY.1,R4.OY.1,O,Y,OY,Female,46,0,52,1,25,21,46,625,2116
3137,R3,D1.R3.OO.2,R3.OO.2,O,O,OO,Female,4,48,53,1,25,-21,46,625,16
3634,R3,D1.R3.OO.2,R3.OO.2,O,O,OO,Female,18,37,53,1,25,-7,46,625,324
4055,R3,D1.R3.OO.2,R3.OO.2,O,O,OO,Female,32,0,53,1,25,7,46,625,1024
4284,R3,D1.R3.OO.2,R3.OO.2,O,O,OO,Female,46,0,53,1,25,21,46,625,2116
36,R1,D1.R1.YO.12,R1.YO.12,Y,O,YO,Female,4,54,54,1,25,-21,46,625,16
1086,R1,D1.R1.YO.12,R1.YO.12,Y,O,YO,Female,18,45,54,1,25,-7,46,625,324
1845,R1,D1.R1.YO.12,R1.YO.12,Y,O,YO,Female,32,35,54,1,25,7,46,625,1024
2351,R1,D1.R1.YO.12,R1.YO.12,Y,O,YO,Female,46,0,54,1,25,21,46,625,2116
479,R2,D1.R2.OO.44,R2.OO.44,O,O,OO,Female,4,69,54,1,25,-21,46,625,16
1358,R2,D1.R2.OO.44,R2.OO.44,O,O,OO,Female,18,26,54,1,25,-7,46,625,324
2088,R2,D1.R2.OO.44,R2.OO.44,O,O,OO,Female,32,0,54,1,25,7,46,625,1024
2544,R2,D1.R2.OO.44,R2.OO.44,O,O,OO,Female,46,0,54,1,25,21,46,625,2116
682,R2,D2.R2.YO.15,R2.YO.15,Y,O,YO,Female,4,64,54,1,25,-21,46,625,16
1495,R2,D2.R2.YO.15,R2.YO.15,Y,O,YO,Female,18,56,54,1,25,-7,46,625,324
2043,R2,D2.R2.YO.15,R2.YO.15,Y,O,YO,Female,32,0,54,1,25,7,46,625,1024
2584,R2,D2.R2.YO.15,R2.YO.15,Y,O,YO,Female,46,0,54,1,25,21,46,625,2116
3471,R4,D2.R4.OY.8,R4.OY.8,O,Y,OY,Female,4,92,54,1,25,-21,46,625,16
3894,R4,D2.R4.OY.8,R4.OY.8,O,Y,OY,Female,18,24,54,1,25,-7,46,625,324
4235,R4,D2.R4.OY.8,R4.OY.8,O,Y,OY,Female,32,0,54,1,25,7,46,625,1024
4394,R4,D2.R4.OY.8,R4.OY.8,O,Y,OY,Female,46,0,54,1,25,21,46,625,2116
459,R2,D3.R2.OO.30,R2.OO.30,O,O,OO,Female,4,61,54,1,25,-21,46,625,16
1412,R2,D3.R2.OO.30,R2.OO.30,O,O,OO,Female,18,61,54,1,25,-7,46,625,324
2150,R2,D3.R2.OO.30,R2.OO.30,O,O,OO,Female,32,0,54,1,25,7,46,625,1024
2527,R2,D3.R2.OO.30,R2.OO.30,O,O,OO,Female,46,0,54,1,25,21,46,625,2116
549,R2,D3.R2.OO.9,R2.OO.9,O,O,OO,Female,4,63,54,1,25,-21,46,625,16
1377,R2,D3.R2.OO.9,R2.OO.9,O,O,OO,Female,18,74,54,1,25,-7,46,625,324
2130,R2,D3.R2.OO.9,R2.OO.9,O,O,OO,Female,32,38,54,1,25,7,46,625,1024
2528,R2,D3.R2.OO.9,R2.OO.9,O,O,OO,Female,46,0,54,1,25,21,46,625,2116
635,R2,D3.R2.YY.9,R2.YY.9,Y,Y,YY,Female,4,87,54,1,25,-21,46,625,16
1541,R2,D3.R2.YY.9,R2.YY.9,Y,Y,YY,Female,18,61,54,1,25,-7,46,625,324
2108,R2,D3.R2.YY.9,R2.YY.9,Y,Y,YY,Female,32,32,54,1,25,7,46,625,1024
2617,R2,D3.R2.YY.9,R2.YY.9,Y,Y,YY,Female,46,13,54,1,25,21,46,625,2116
190,R1,D1.R1.OY.40,R1.OY.40,O,Y,OY,Female,4,58,56,1,25,-21,46,625,16
1053,R1,D1.R1.OY.40,R1.OY.40,O,Y,OY,Female,18,49,56,1,25,-7,46,625,324
1763,R1,D1.R1.OY.40,R1.OY.40,O,Y,OY,Female,32,0,56,1,25,7,46,625,1024
2365,R1,D1.R1.OY.40,R1.OY.40,O,Y,OY,Female,46,0,56,1,25,21,46,625,2116
25,R1,D1.R1.YO.11,R1.YO.11,Y,O,YO,Female,4,74,56,1,25,-21,46,625,16
1106,R1,D1.R1.YO.11,R1.YO.11,Y,O,YO,Female,18,60,56,1,25,-7,46,625,324
1867,R1,D1.R1.YO.11,R1.YO.11,Y,O,YO,Female,32,46,56,1,25,7,46,625,1024
2386,R1,D1.R1.YO.11,R1.YO.11,Y,O,YO,Female,46,15,56,1,25,21,46,625,2116
657,R2,D1.R2.OO.13,R2.OO.13,O,O,OO,Female,4,73,56,1,25,-21,46,625,16
1536,R2,D1.R2.OO.13,R2.OO.13,O,O,OO,Female,18,76,56,1,25,-7,46,625,324
2182,R2,D1.R2.OO.13,R2.OO.13,O,O,OO,Female,32,12,56,1,25,7,46,625,1024
2574,R2,D1.R2.OO.13,R2.OO.13,O,O,OO,Female,46,0,56,1,25,21,46,625,2116
536,R2,D1.R2.OO.9,R2.OO.9,O,O,OO,Female,4,75,56,1,25,-21,46,625,16
1360,R2,D1.R2.OO.9,R2.OO.9,O,O,OO,Female,18,49,56,1,25,-7,46,625,324
2131,R2,D1.R2.OO.9,R2.OO.9,O,O,OO,Female,32,36,56,1,25,7,46,625,1024
2552,R2,D1.R2.OO.9,R2.OO.9,O,O,OO,Female,46,0,56,1,25,21,46,625,2116
628,R2,D1.R2.OY.11,R2.OY.11,O,Y,OY,Female,4,97,56,1,25,-21,46,625,16
1422,R2,D1.R2.OY.11,R2.OY.11,O,Y,OY,Female,18,58,56,1,25,-7,46,625,324
2152,R2,D1.R2.OY.11,R2.OY.11,O,Y,OY,Female,32,29,56,1,25,7,46,625,1024
2606,R2,D1.R2.OY.11,R2.OY.11,O,Y,OY,Female,46,33,56,1,25,21,46,625,2116
552,R2,D1.R2.YO.11,R2.YO.11,Y,O,YO,Female,4,63,56,1,25,-21,46,625,16
1403,R2,D1.R2.YO.11,R2.YO.11,Y,O,YO,Female,18,38,56,1,25,-7,46,625,324
2148,R2,D1.R2.YO.11,R2.YO.11,Y,O,YO,Female,32,6,56,1,25,7,46,625,1024
2570,R2,D1.R2.YO.11,R2.YO.11,Y,O,YO,Female,46,0,56,1,25,21,46,625,2116
91,R1,D2.R1.YO.14,R1.YO.14,Y,O,YO,Female,4,41,56,1,25,-21,46,625,16
1103,R1,D2.R1.YO.14,R1.YO.14,Y,O,YO,Female,18,24,56,1,25,-7,46,625,324
1838,R1,D2.R1.YO.14,R1.YO.14,Y,O,YO,Female,32,8,56,1,25,7,46,625,1024
2369,R1,D2.R1.YO.14,R1.YO.14,Y,O,YO,Female,46,0,56,1,25,21,46,625,2116
556,R2,D2.R2.OO.70,R2.OO.70,O,O,OO,Female,4,86,56,1,25,-21,46,625,16
1330,R2,D2.R2.OO.70,R2.OO.70,O,O,OO,Female,18,0,56,1,25,-7,46,625,324
2129,R2,D2.R2.OO.70,R2.OO.70,O,O,OO,Female,32,18,56,1,25,7,46,625,1024
2557,R2,D2.R2.OO.70,R2.OO.70,O,O,OO,Female,46,0,56,1,25,21,46,625,2116
689,R2,D2.R2.OY.22,R2.OY.22,O,Y,OY,Female,4,74,56,1,25,-21,46,625,16
1383,R2,D2.R2.OY.22,R2.OY.22,O,Y,OY,Female,18,71,56,1,25,-7,46,625,324
2096,R2,D2.R2.OY.22,R2.OY.22,O,Y,OY,Female,32,5,56,1,25,7,46,625,1024
2581,R2,D2.R2.OY.22,R2.OY.22,O,Y,OY,Female,46,0,56,1,25,21,46,625,2116
645,R2,D2.R2.YO.20,R2.YO.20,Y,O,YO,Female,4,88,56,1,25,-21,46,625,16
1533,R2,D2.R2.YO.20,R2.YO.20,Y,O,YO,Female,18,47,56,1,25,-7,46,625,324
2106,R2,D2.R2.YO.20,R2.YO.20,Y,O,YO,Female,32,22,56,1,25,7,46,625,1024
2566,R2,D2.R2.YO.20,R2.YO.20,Y,O,YO,Female,46,0,56,1,25,21,46,625,2116
521,R2,D2.R2.YY.9,R2.YY.9,Y,Y,YY,Female,4,94,56,1,25,-21,46,625,16
1529,R2,D2.R2.YY.9,R2.YY.9,Y,Y,YY,Female,18,65,56,1,25,-7,46,625,324
2101,R2,D2.R2.YY.9,R2.YY.9,Y,Y,YY,Female,32,29,56,1,25,7,46,625,1024
2531,R2,D2.R2.YY.9,R2.YY.9,Y,Y,YY,Female,46,0,56,1,25,21,46,625,2116
175,R1,D3.R1.OY.40,R1.OY.40,O,Y,OY,Female,4,76,56,1,25,-21,46,625,16
1011,R1,D3.R1.OY.40,R1.OY.40,O,Y,OY,Female,18,7,56,1,25,-7,46,625,324
1846,R1,D3.R1.OY.40,R1.OY.40,O,Y,OY,Female,32,5,56,1,25,7,46,625,1024
2383,R1,D3.R1.OY.40,R1.OY.40,O,Y,OY,Female,46,0,56,1,25,21,46,625,2116
10,R1,D3.R1.YY.9,R1.YY.9,Y,Y,YY,Female,4,74,56,1,25,-21,46,625,16
1148,R1,D3.R1.YY.9,R1.YY.9,Y,Y,YY,Female,18,54,56,1,25,-7,46,625,324
1868,R1,D3.R1.YY.9,R1.YY.9,Y,Y,YY,Female,32,69,56,1,25,7,46,625,1024
2346,R1,D3.R1.YY.9,R1.YY.9,Y,Y,YY,Female,46,0,56,1,25,21,46,625,2116
495,R2,D3.R2.OY.22,R2.OY.22,O,Y,OY,Female,4,41,56,1,25,-21,46,625,16
1523,R2,D3.R2.OY.22,R2.OY.22,O,Y,OY,Female,18,23,56,1,25,-7,46,625,324
2071,R2,D3.R2.OY.22,R2.OY.22,O,Y,OY,Female,32,0,56,1,25,7,46,625,1024
2533,R2,D3.R2.OY.22,R2.OY.22,O,Y,OY,Female,46,0,56,1,25,21,46,625,2116
630,R2,D3.R2.OY.33,R2.OY.33,O,Y,OY,Female,4,102,56,1,25,-21,46,625,16
1415,R2,D3.R2.OY.33,R2.OY.33,O,Y,OY,Female,18,109,56,1,25,-7,46,625,324
2149,R2,D3.R2.OY.33,R2.OY.33,O,Y,OY,Female,32,2,56,1,25,7,46,625,1024
2569,R2,D3.R2.OY.33,R2.OY.33,O,Y,OY,Female,46,0,56,1,25,21,46,625,2116
505,R2,D3.R2.OY.47,R2.OY.47,O,Y,OY,Female,4,59,56,1,25,-21,46,625,16
1389,R2,D3.R2.OY.47,R2.OY.47,O,Y,OY,Female,18,58,56,1,25,-7,46,625,324
2110,R2,D3.R2.OY.47,R2.OY.47,O,Y,OY,Female,32,16,56,1,25,7,46,625,1024
2585,R2,D3.R2.OY.47,R2.OY.47,O,Y,OY,Female,46,0,56,1,25,21,46,625,2116
618,R2,D1.R2.OO.62,R2.OO.62,O,O,OO,Female,4,74,57,1,25,-21,46,625,16
1437,R2,D1.R2.OO.62,R2.OO.62,O,O,OO,Female,18,59,57,1,25,-7,46,625,324
2173,R2,D1.R2.OO.62,R2.OO.62,O,O,OO,Female,32,23,57,1,25,7,46,625,1024
2546,R2,D1.R2.OO.62,R2.OO.62,O,O,OO,Female,46,0,57,1,25,21,46,625,2116
659,R2,D1.R2.OY.47,R2.OY.47,O,Y,OY,Female,4,73,57,1,25,-21,46,625,16
1380,R2,D1.R2.OY.47,R2.OY.47,O,Y,OY,Female,18,61,57,1,25,-7,46,625,324
2136,R2,D1.R2.OY.47,R2.OY.47,O,Y,OY,Female,32,21,57,1,25,7,46,625,1024
2604,R2,D1.R2.OY.47,R2.OY.47,O,Y,OY,Female,46,46,57,1,25,21,46,625,2116
3186,R3,D1.R3.YY.14,R3.YY.14,Y,Y,YY,Female,4,58,57,1,25,-21,46,625,16
3661,R3,D1.R3.YY.14,R3.YY.14,Y,Y,YY,Female,18,51,57,1,25,-7,46,625,324
4041,R3,D1.R3.YY.14,R3.YY.14,Y,Y,YY,Female,32,22,57,1,25,7,46,625,1024
4290,R3,D1.R3.YY.14,R3.YY.14,Y,Y,YY,Female,46,0,57,1,25,21,46,625,2116
3385,R4,D1.R4.OY.25,R4.OY.25,O,Y,OY,Female,4,49,57,1,25,-21,46,625,16
3874,R4,D1.R4.OY.25,R4.OY.25,O,Y,OY,Female,18,63,57,1,25,-7,46,625,324
4206,R4,D1.R4.OY.25,R4.OY.25,O,Y,OY,Female,32,0,57,1,25,7,46,625,1024
4386,R4,D1.R4.OY.25,R4.OY.25,O,Y,OY,Female,46,0,57,1,25,21,46,625,2116
121,R1,D2.R1.OO.4,R1.OO.4,O,O,OO,Female,4,78,57,1,25,-21,46,625,16
1097,R1,D2.R1.OO.4,R1.OO.4,O,O,OO,Female,18,47,57,1,25,-7,46,625,324
1864,R1,D2.R1.OO.4,R1.OO.4,O,O,OO,Female,32,32,57,1,25,7,46,625,1024
2388,R1,D2.R1.OO.4,R1.OO.4,O,O,OO,Female,46,5,57,1,25,21,46,625,2116
530,R2,D2.R2.OO.9,R2.OO.9,O,O,OO,Female,4,81,57,1,25,-21,46,625,16
1320,R2,D2.R2.OO.9,R2.OO.9,O,O,OO,Female,18,0,57,1,25,-7,46,625,324
2046,R2,D2.R2.OO.9,R2.OO.9,O,O,OO,Female,32,0,57,1,25,7,46,625,1024
2583,R2,D2.R2.OO.9,R2.OO.9,O,O,OO,Female,46,0,57,1,25,21,46,625,2116
510,R2,D2.R2.OY.47,R2.OY.47,O,Y,OY,Female,4,69,57,1,25,-21,46,625,16
1376,R2,D2.R2.OY.47,R2.OY.47,O,Y,OY,Female,18,59,57,1,25,-7,46,625,324
2135,R2,D2.R2.OY.47,R2.OY.47,O,Y,OY,Female,32,20,57,1,25,7,46,625,1024
2567,R2,D2.R2.OY.47,R2.OY.47,O,Y,OY,Female,46,0,57,1,25,21,46,625,2116
3151,R3,D2.R3.OY.11,R3.OY.11,O,Y,OY,Female,4,55,57,1,25,-21,46,625,16
3617,R3,D2.R3.OY.11,R3.OY.11,O,Y,OY,Female,18,67,57,1,25,-7,46,625,324
4046,R3,D2.R3.OY.11,R3.OY.11,O,Y,OY,Female,32,59,57,1,25,7,46,625,1024
4294,R3,D2.R3.OY.11,R3.OY.11,O,Y,OY,Female,46,0,57,1,25,21,46,625,2116
499,R2,D3.R2.OY.13,R2.OY.13,O,Y,OY,Female,4,75,57,1,25,-21,46,625,16
1379,R2,D3.R2.OY.13,R2.OY.13,O,Y,OY,Female,18,65,57,1,25,-7,46,625,324
2140,R2,D3.R2.OY.13,R2.OY.13,O,Y,OY,Female,32,22,57,1,25,7,46,625,1024
2555,R2,D3.R2.OY.13,R2.OY.13,O,Y,OY,Female,46,0,57,1,25,21,46,625,2116
675,R2,D3.R2.OY.14,R2.OY.14,O,Y,OY,Female,4,41,57,1,25,-21,46,625,16
1500,R2,D3.R2.OY.14,R2.OY.14,O,Y,OY,Female,18,56,57,1,25,-7,46,625,324
2119,R2,D3.R2.OY.14,R2.OY.14,O,Y,OY,Female,32,10,57,1,25,7,46,625,1024
2530,R2,D3.R2.OY.14,R2.OY.14,O,Y,OY,Female,46,0,57,1,25,21,46,625,2116
624,R2,D3.R2.OY.9,R2.OY.9,O,Y,OY,Female,4,59,57,1,25,-21,46,625,16
1439,R2,D3.R2.OY.9,R2.OY.9,O,Y,OY,Female,18,54,57,1,25,-7,46,625,324
2044,R2,D3.R2.OY.9,R2.OY.9,O,Y,OY,Female,32,0,57,1,25,7,46,625,1024
2549,R2,D3.R2.OY.9,R2.OY.9,O,Y,OY,Female,46,0,57,1,25,21,46,625,2116
494,R2,D3.R2.YO.1,R2.YO.1,Y,O,YO,Female,4,83,57,1,25,-21,46,625,16
1525,R2,D3.R2.YO.1,R2.YO.1,Y,O,YO,Female,18,50,57,1,25,-7,46,625,324
2047,R2,D3.R2.YO.1,R2.YO.1,Y,O,YO,Female,32,0,57,1,25,7,46,625,1024
2560,R2,D3.R2.YO.1,R2.YO.1,Y,O,YO,Female,46,0,57,1,25,21,46,625,2116
504,R2,D3.R2.YY.12,R2.YY.12,Y,Y,YY,Female,4,74,57,1,25,-21,46,625,16
1405,R2,D3.R2.YY.12,R2.YY.12,Y,Y,YY,Female,18,47,57,1,25,-7,46,625,324
2146,R2,D3.R2.YY.12,R2.YY.12,Y,Y,YY,Female,32,8,57,1,25,7,46,625,1024
2612,R2,D3.R2.YY.12,R2.YY.12,Y,Y,YY,Female,46,18,57,1,25,21,46,625,2116
3443,R4,D3.R4.OO.19,R4.OO.19,O,O,OO,Female,4,70,57,1,25,-21,46,625,16
3897,R4,D3.R4.OO.19,R4.OO.19,O,O,OO,Female,18,6,57,1,25,-7,46,625,324
4261,R4,D3.R4.OO.19,R4.OO.19,O,O,OO,Female,32,0,57,1,25,7,46,625,1024
4393,R4,D3.R4.OO.19,R4.OO.19,O,O,OO,Female,46,0,57,1,25,21,46,625,2116
3457,R4,D3.R4.YO.1,R4.YO.1,Y,O,YO,Female,4,73,57,1,25,-21,46,625,16
3836,R4,D3.R4.YO.1,R4.YO.1,Y,O,YO,Female,18,47,57,1,25,-7,46,625,324
4241,R4,D3.R4.YO.1,R4.YO.1,Y,O,YO,Female,32,0,57,1,25,7,46,625,1024
4397,R4,D3.R4.YO.1,R4.YO.1,Y,O,YO,Female,46,0,57,1,25,21,46,625,2116
3461,R4,D3.R4.YY.18,R4.YY.18,Y,Y,YY,Female,4,87,57,1,25,-21,46,625,16
3817,R4,D3.R4.YY.18,R4.YY.18,Y,Y,YY,Female,18,44,57,1,25,-7,46,625,324
4240,R4,D3.R4.YY.18,R4.YY.18,Y,Y,YY,Female,32,47,57,1,25,7,46,625,1024
4392,R4,D3.R4.YY.18,R4.YY.18,Y,Y,YY,Female,46,0,57,1,25,21,46,625,2116
648,R2,D1.R2.OO.67,R2.OO.67,O,O,OO,Female,4,90,58,1,25,-21,46,625,16
1431,R2,D1.R2.OO.67,R2.OO.67,O,O,OO,Female,18,81,58,1,25,-7,46,625,324
2167,R2,D1.R2.OO.67,R2.OO.67,O,O,OO,Female,32,10,58,1,25,7,46,625,1024
2536,R2,D1.R2.OO.67,R2.OO.67,O,O,OO,Female,46,0,58,1,25,21,46,625,2116
577,R2,D2.R2.OO.67,R2.OO.67,O,O,OO,Female,4,78,58,1,25,-21,46,625,16
1363,R2,D2.R2.OO.67,R2.OO.67,O,O,OO,Female,18,80,58,1,25,-7,46,625,324
2139,R2,D2.R2.OO.67,R2.OO.67,O,O,OO,Female,32,15,58,1,25,7,46,625,1024
2579,R2,D2.R2.OO.67,R2.OO.67,O,O,OO,Female,46,0,58,1,25,21,46,625,2116
673,R2,D3.R2.OO.46,R2.OO.46,O,O,OO,Female,4,61,58,1,25,-21,46,625,16
1391,R2,D3.R2.OO.46,R2.OO.46,O,O,OO,Female,18,71,58,1,25,-7,46,625,324
2084,R2,D3.R2.OO.46,R2.OO.46,O,O,OO,Female,32,0,58,1,25,7,46,625,1024
2568,R2,D3.R2.OO.46,R2.OO.46,O,O,OO,Female,46,0,58,1,25,21,46,625,2116
553,R2,D1.R2.OO.46,R2.OO.46,O,O,OO,Female,4,51,59,1,25,-21,46,625,16
1369,R2,D1.R2.OO.46,R2.OO.46,O,O,OO,Female,18,56,59,1,25,-7,46,625,324
2145,R2,D1.R2.OO.46,R2.OO.46,O,O,OO,Female,32,30,59,1,25,7,46,625,1024
2588,R2,D1.R2.OO.46,R2.OO.46,O,O,OO,Female,46,0,59,1,25,21,46,625,2116
90,R1,D2.R1.OY.12,R1.OY.12,O,Y,OY,Female,4,74,59,1,25,-21,46,625,16
1124,R1,D2.R1.OY.12,R1.OY.12,O,Y,OY,Female,18,66,59,1,25,-7,46,625,324
1860,R1,D2.R1.OY.12,R1.OY.12,O,Y,OY,Female,32,71,59,1,25,7,46,625,1024
2354,R1,D2.R1.OY.12,R1.OY.12,O,Y,OY,Female,46,0,59,1,25,21,46,625,2116
75,R1,D2.R1.YO.12,R1.YO.12,Y,O,YO,Female,4,59,59,1,25,-21,46,625,16
1130,R1,D2.R1.YO.12,R1.YO.12,Y,O,YO,Female,18,52,59,1,25,-7,46,625,324
1870,R1,D2.R1.YO.12,R1.YO.12,Y,O,YO,Female,32,29,59,1,25,7,46,625,1024
2359,R1,D2.R1.YO.12,R1.YO.12,Y,O,YO,Female,46,0,59,1,25,21,46,625,2116
3204,R3,D2.R3.OO.19,R3.OO.19,O,O,OO,Female,4,50,59,1,25,-21,46,625,16
3692,R3,D2.R3.OO.19,R3.OO.19,O,O,OO,Female,18,52,59,1,25,-7,46,625,324
4073,R3,D2.R3.OO.19,R3.OO.19,O,O,OO,Female,32,59,59,1,25,7,46,625,1024
4285,R3,D2.R3.OO.19,R3.OO.19,O,O,OO,Female,46,0,59,1,25,21,46,625,2116
477,R2,D1.R2.YO.13,R2.YO.13,Y,O,YO,Female,4,21,60,1,25,-21,46,625,16
1370,R2,D1.R2.YO.13,R2.YO.13,Y,O,YO,Female,18,42,60,1,25,-7,46,625,324
2147,R2,D1.R2.YO.13,R2.YO.13,Y,O,YO,Female,32,4,60,1,25,7,46,625,1024
2543,R2,D1.R2.YO.13,R2.YO.13,Y,O,YO,Female,46,0,60,1,25,21,46,625,2116
3148,R3,D1.R3.YO.22,R3.YO.22,Y,O,YO,Female,4,69,60,1,25,-21,46,625,16
3631,R3,D1.R3.YO.22,R3.YO.22,Y,O,YO,Female,18,72,60,1,25,-7,46,625,324
4070,R3,D1.R3.YO.22,R3.YO.22,Y,O,YO,Female,32,1,60,1,25,7,46,625,1024
4291,R3,D1.R3.YO.22,R3.YO.22,Y,O,YO,Female,46,0,60,1,25,21,46,625,2116
3456,R4,D1.R4.OO.17,R4.OO.17,O,O,OO,Female,4,82,60,1,25,-21,46,625,16
3864,R4,D1.R4.OO.17,R4.OO.17,O,O,OO,Female,18,56,60,1,25,-7,46,625,324
4219,R4,D1.R4.OO.17,R4.OO.17,O,O,OO,Female,32,0,60,1,25,7,46,625,1024
4391,R4,D1.R4.OO.17,R4.OO.17,O,O,OO,Female,46,0,60,1,25,21,46,625,2116
147,R1,D2.R1.YO.24,R1.YO.24,Y,O,YO,Female,4,95,60,1,25,-21,46,625,16
1070,R1,D2.R1.YO.24,R1.YO.24,Y,O,YO,Female,18,62,60,1,25,-7,46,625,324
1841,R1,D2.R1.YO.24,R1.YO.24,Y,O,YO,Female,32,12,60,1,25,7,46,625,1024
2349,R1,D2.R1.YO.24,R1.YO.24,Y,O,YO,Female,46,0,60,1,25,21,46,625,2116
64,R1,D2.R1.YY.19,R1.YY.19,Y,Y,YY,Female,4,70,60,1,25,-21,46,625,16
1064,R1,D2.R1.YY.19,R1.YY.19,Y,Y,YY,Female,18,52,60,1,25,-7,46,625,324
1812,R1,D2.R1.YY.19,R1.YY.19,Y,Y,YY,Female,32,0,60,1,25,7,46,625,1024
2364,R1,D2.R1.YY.19,R1.YY.19,Y,Y,YY,Female,46,0,60,1,25,21,46,625,2116
537,R2,D2.R2.OO.13,R2.OO.13,O,O,OO,Female,4,63,60,1,25,-21,46,625,16
1510,R2,D2.R2.OO.13,R2.OO.13,O,O,OO,Female,18,54,60,1,25,-7,46,625,324
2097,R2,D2.R2.OO.13,R2.OO.13,O,O,OO,Female,32,19,60,1,25,7,46,625,1024
2561,R2,D2.R2.OO.13,R2.OO.13,O,O,OO,Female,46,0,60,1,25,21,46,625,2116
633,R2,D3.R2.YY.4,R2.YY.4,Y,Y,YY,Female,4,21,60,1,25,-21,46,625,16
1534,R2,D3.R2.YY.4,R2.YY.4,Y,Y,YY,Female,18,16,60,1,25,-7,46,625,324
2063,R2,D3.R2.YY.4,R2.YY.4,Y,Y,YY,Female,32,0,60,1,25,7,46,625,1024
2582,R2,D3.R2.YY.4,R2.YY.4,Y,Y,YY,Female,46,0,60,1,25,21,46,625,2116
131,R1,D1.R1.OO.4,R1.OO.4,O,O,OO,Female,4,56,61,1,25,-21,46,625,16
969,R1,D1.R1.OO.4,R1.OO.4,O,O,OO,Female,18,59,61,1,25,-7,46,625,324
1744,R1,D1.R1.OO.4,R1.OO.4,O,O,OO,Female,32,0,61,1,25,7,46,625,1024
2348,R1,D1.R1.OO.4,R1.OO.4,O,O,OO,Female,46,0,61,1,25,21,46,625,2116
194,R1,D1.R1.YO.13,R1.YO.13,Y,O,YO,Female,4,62,61,1,25,-21,46,625,16
1005,R1,D1.R1.YO.13,R1.YO.13,Y,O,YO,Female,18,41,61,1,25,-7,46,625,324
1858,R1,D1.R1.YO.13,R1.YO.13,Y,O,YO,Female,32,16,61,1,25,7,46,625,1024
2373,R1,D1.R1.YO.13,R1.YO.13,Y,O,YO,Female,46,0,61,1,25,21,46,625,2116
571,R2,D1.R2.OY.3,R2.OY.3,O,Y,OY,Female,4,72,61,1,25,-21,46,625,16
1496,R2,D1.R2.OY.3,R2.OY.3,O,Y,OY,Female,18,30,61,1,25,-7,46,625,324
2067,R2,D1.R2.OY.3,R2.OY.3,O,Y,OY,Female,32,0,61,1,25,7,46,625,1024
2562,R2,D1.R2.OY.3,R2.OY.3,O,Y,OY,Female,46,0,61,1,25,21,46,625,2116
517,R2,D1.R2.YO.12,R2.YO.12,Y,O,YO,Female,4,71,61,1,25,-21,46,625,16
1507,R2,D1.R2.YO.12,R2.YO.12,Y,O,YO,Female,18,62,61,1,25,-7,46,625,324
2102,R2,D1.R2.YO.12,R2.YO.12,Y,O,YO,Female,32,20,61,1,25,7,46,625,1024
2614,R2,D1.R2.YO.12,R2.YO.12,Y,O,YO,Female,46,51,61,1,25,21,46,625,2116
515,R2,D1.R2.YO.23,R2.YO.23,Y,O,YO,Female,4,78,61,1,25,-21,46,625,16
1511,R2,D1.R2.YO.23,R2.YO.23,Y,O,YO,Female,18,56,61,1,25,-7,46,625,324
2099,R2,D1.R2.YO.23,R2.YO.23,Y,O,YO,Female,32,20,61,1,25,7,46,625,1024
2610,R2,D1.R2.YO.23,R2.YO.23,Y,O,YO,Female,46,23,61,1,25,21,46,625,2116
572,R2,D1.R2.YY.17,R2.YY.17,Y,Y,YY,Female,4,61,61,1,25,-21,46,625,16
1396,R2,D1.R2.YY.17,R2.YY.17,Y,Y,YY,Female,18,50,61,1,25,-7,46,625,324
2165,R2,D1.R2.YY.17,R2.YY.17,Y,Y,YY,Female,32,29,61,1,25,7,46,625,1024
2622,R2,D1.R2.YY.17,R2.YY.17,Y,Y,YY,Female,46,10,61,1,25,21,46,625,2116
24,R1,D2.R1.OO.35,R1.OO.35,O,O,OO,Female,4,47,61,1,25,-21,46,625,16
1058,R1,D2.R1.OO.35,R1.OO.35,O,O,OO,Female,18,41,61,1,25,-7,46,625,324
1806,R1,D2.R1.OO.35,R1.OO.35,O,O,OO,Female,32,0,61,1,25,7,46,625,1024
2345,R1,D2.R1.OO.35,R1.OO.35,O,O,OO,Female,46,0,61,1,25,21,46,625,2116
214,R1,D2.R1.OY.70,R1.OY.70,O,Y,OY,Female,4,83,61,1,25,-21,46,625,16
958,R1,D2.R1.OY.70,R1.OY.70,O,Y,OY,Female,18,58,61,1,25,-7,46,625,324
1843,R1,D2.R1.OY.70,R1.OY.70,O,Y,OY,Female,32,48,61,1,25,7,46,625,1024
2353,R1,D2.R1.OY.70,R1.OY.70,O,Y,OY,Female,46,0,61,1,25,21,46,625,2116
100,R1,D2.R1.YY.15,R1.YY.15,Y,Y,YY,Female,4,109,61,1,25,-21,46,625,16
1047,R1,D2.R1.YY.15,R1.YY.15,Y,Y,YY,Female,18,87,61,1,25,-7,46,625,324
1865,R1,D2.R1.YY.15,R1.YY.15,Y,Y,YY,Female,32,47,61,1,25,7,46,625,1024
2380,R1,D2.R1.YY.15,R1.YY.15,Y,Y,YY,Female,46,0,61,1,25,21,46,625,2116
159,R1,D2.R1.YY.27,R1.YY.27,Y,Y,YY,Female,4,87,61,1,25,-21,46,625,16
1112,R1,D2.R1.YY.27,R1.YY.27,Y,Y,YY,Female,18,57,61,1,25,-7,46,625,324
1861,R1,D2.R1.YY.27,R1.YY.27,Y,Y,YY,Female,32,62,61,1,25,7,46,625,1024
2385,R1,D2.R1.YY.27,R1.YY.27,Y,Y,YY,Female,46,9,61,1,25,21,46,625,2116
455,R2,D2.R2.YY.15,R2.YY.15,Y,Y,YY,Female,4,75,61,1,25,-21,46,625,16
1384,R2,D2.R2.YY.15,R2.YY.15,Y,Y,YY,Female,18,55,61,1,25,-7,46,625,324
2127,R2,D2.R2.YY.15,R2.YY.15,Y,Y,YY,Female,32,4,61,1,25,7,46,625,1024
2525,R2,D2.R2.YY.15,R2.YY.15,Y,Y,YY,Female,46,0,61,1,25,21,46,625,2116
60,R1,D3.R1.OY.65,R1.OY.65,O,Y,OY,Female,4,57,61,1,32,-28,60,1024,16
1054,R1,D3.R1.OY.65,R1.OY.65,O,Y,OY,Female,18,46,61,1,32,-14,60,1024,324
1840,R1,D3.R1.OY.65,R1.OY.65,O,Y,OY,Female,32,34,61,1,32,0,60,1024,1024
2389,R1,D3.R1.OY.65,R1.OY.65,O,Y,OY,Female,46,14,61,1,32,14,60,1024,2116
2749,R1,D3.R1.OY.65,R1.OY.65,O,Y,OY,Female,60,0,61,1,32,28,60,1024,3600
49,R1,D3.R1.YO.14,R1.YO.14,Y,O,YO,Female,4,66,61,1,25,-21,46,625,16
1118,R1,D3.R1.YO.14,R1.YO.14,Y,O,YO,Female,18,47,61,1,25,-7,46,625,324
1863,R1,D3.R1.YO.14,R1.YO.14,Y,O,YO,Female,32,41,61,1,25,7,46,625,1024
2342,R1,D3.R1.YO.14,R1.YO.14,Y,O,YO,Female,46,0,61,1,25,21,46,625,2116
195,R1,D3.R1.YY.10,R1.YY.10,Y,Y,YY,Female,4,92,61,1,25,-21,46,625,16
996,R1,D3.R1.YY.10,R1.YY.10,Y,Y,YY,Female,18,44,61,1,25,-7,46,625,324
1854,R1,D3.R1.YY.10,R1.YY.10,Y,Y,YY,Female,32,54,61,1,25,7,46,625,1024
2382,R1,D3.R1.YY.10,R1.YY.10,Y,Y,YY,Female,46,0,61,1,25,21,46,625,2116
638,R2,D3.R2.OO.67,R2.OO.67,O,O,OO,Female,4,95,61,1,25,-21,46,625,16
1399,R2,D3.R2.OO.67,R2.OO.67,O,O,OO,Female,18,81,61,1,25,-7,46,625,324
2151,R2,D3.R2.OO.67,R2.OO.67,O,O,OO,Female,32,21,61,1,25,7,46,625,1024
2540,R2,D3.R2.OO.67,R2.OO.67,O,O,OO,Female,46,0,61,1,25,21,46,625,2116
541,R2,D3.R2.OO.74,R2.OO.74,O,O,OO,Female,4,66,61,1,25,-21,46,625,16
1488,R2,D3.R2.OO.74,R2.OO.74,O,O,OO,Female,18,41,61,1,25,-7,46,625,324
2123,R2,D3.R2.OO.74,R2.OO.74,O,O,OO,Female,32,34,61,1,25,7,46,625,1024
2576,R2,D3.R2.OO.74,R2.OO.74,O,O,OO,Female,46,0,61,1,25,21,46,625,2116
485,R2,D3.R2.YY.7,R2.YY.7,Y,Y,YY,Female,4,62,61,1,25,-21,46,625,16
1520,R2,D3.R2.YY.7,R2.YY.7,Y,Y,YY,Female,18,61,61,1,25,-7,46,625,324
2095,R2,D3.R2.YY.7,R2.YY.7,Y,Y,YY,Female,32,1,61,1,25,7,46,625,1024
2554,R2,D3.R2.YY.7,R2.YY.7,Y,Y,YY,Female,46,0,61,1,25,21,46,625,2116
685,R2,D1.R2.YO.9,R2.YO.9,Y,O,YO,Female,4,67,64,1,32,-28,60,1024,16
1502,R2,D1.R2.YO.9,R2.YO.9,Y,O,YO,Female,18,34,64,1,32,-14,60,1024,324
2170,R2,D1.R2.YO.9,R2.YO.9,Y,O,YO,Female,32,28,64,1,32,0,60,1024,1024
2620,R2,D1.R2.YO.9,R2.YO.9,Y,O,YO,Female,46,1,64,1,32,14,60,1024,2116
2868,R2,D1.R2.YO.9,R2.YO.9,Y,O,YO,Female,60,0,64,1,32,28,60,1024,3600
3242,R3,D1.R3.OO.7,R3.OO.7,O,O,OO,Female,4,43,64,1,32,-28,60,1024,16
3637,R3,D1.R3.OO.7,R3.OO.7,O,O,OO,Female,18,61,64,1,32,-14,60,1024,324
4061,R3,D1.R3.OO.7,R3.OO.7,O,O,OO,Female,32,82,64,1,32,0,60,1024,1024
4297,R3,D1.R3.OO.7,R3.OO.7,O,O,OO,Female,46,1,64,1,32,14,60,1024,2116
4531,R3,D1.R3.OO.7,R3.OO.7,O,O,OO,Female,60,0,64,1,32,28,60,1024,3600
449,R2,D2.R2.YO.23,R2.YO.23,Y,O,YO,Female,4,67,64,1,32,-28,60,1024,16
1354,R2,D2.R2.YO.23,R2.YO.23,Y,O,YO,Female,18,61,64,1,32,-14,60,1024,324
2138,R2,D2.R2.YO.23,R2.YO.23,Y,O,YO,Female,32,2,64,1,32,0,60,1024,1024
2556,R2,D2.R2.YO.23,R2.YO.23,Y,O,YO,Female,46,0,64,1,32,14,60,1024,2116
2860,R2,D2.R2.YO.23,R2.YO.23,Y,O,YO,Female,60,0,64,1,32,28,60,1024,3600
623,R2,D3.R2.YO.19,R2.YO.19,Y,O,YO,Female,4,49,64,1,32,-28,60,1024,16
1442,R2,D3.R2.YO.19,R2.YO.19,Y,O,YO,Female,18,63,64,1,32,-14,60,1024,324
2162,R2,D3.R2.YO.19,R2.YO.19,Y,O,YO,Female,32,29,64,1,32,0,60,1024,1024
2615,R2,D3.R2.YO.19,R2.YO.19,Y,O,YO,Female,46,45,64,1,32,14,60,1024,2116
2870,R2,D3.R2.YO.19,R2.YO.19,Y,O,YO,Female,60,0,64,1,32,28,60,1024,3600
46,R1,D1.R1.OO.21,R1.OO.21,O,O,OO,Female,4,46,65,1,32,-28,60,1024,16
1074,R1,D1.R1.OO.21,R1.OO.21,O,O,OO,Female,18,66,65,1,32,-14,60,1024,324
1819,R1,D1.R1.OO.21,R1.OO.21,O,O,OO,Female,32,0,65,1,32,0,60,1024,1024
2350,R1,D1.R1.OO.21,R1.OO.21,O,O,OO,Female,46,0,65,1,32,14,60,1024,2116
2750,R1,D1.R1.OO.21,R1.OO.21,O,O,OO,Female,60,0,65,1,32,28,60,1024,3600
484,R2,D2.R2.OO.64,R2.OO.64,O,O,OO,Female,4,51,66,1,32,-28,60,1024,16
1372,R2,D2.R2.OO.64,R2.OO.64,O,O,OO,Female,18,58,66,1,32,-14,60,1024,324
2142,R2,D2.R2.OO.64,R2.OO.64,O,O,OO,Female,32,28,66,1,32,0,60,1024,1024
2564,R2,D2.R2.OO.64,R2.OO.64,O,O,OO,Female,46,0,66,1,32,14,60,1024,2116
2862,R2,D2.R2.OO.64,R2.OO.64,O,O,OO,Female,60,0,66,1,32,28,60,1024,3600
512,R2,D1.R2.YO.15,R2.YO.15,Y,O,YO,Female,4,48,70,1,32,-28,60,1024,16
1487,R2,D1.R2.YO.15,R2.YO.15,Y,O,YO,Female,18,65,70,1,32,-14,60,1024,324
2126,R2,D1.R2.YO.15,R2.YO.15,Y,O,YO,Female,32,9,70,1,32,0,60,1024,1024
2603,R2,D1.R2.YO.15,R2.YO.15,Y,O,YO,Female,46,45,70,1,32,14,60,1024,2116
2869,R2,D1.R2.YO.15,R2.YO.15,Y,O,YO,Female,60,0,70,1,32,28,60,1024,3600
466,R2,D3.R2.OY.36,R2.OY.36,O,Y,OY,Female,4,77,70,1,32,-28,60,1024,16
1418,R2,D3.R2.OY.36,R2.OY.36,O,Y,OY,Female,18,66,70,1,32,-14,60,1024,324
2153,R2,D3.R2.OY.36,R2.OY.36,O,Y,OY,Female,32,26,70,1,32,0,60,1024,1024
2609,R2,D3.R2.OY.36,R2.OY.36,O,Y,OY,Female,46,43,70,1,32,14,60,1024,2116
2861,R2,D3.R2.OY.36,R2.OY.36,O,Y,OY,Female,60,0,70,1,32,28,60,1024,3600
622,R2,D3.R2.OY.46,R2.OY.46,O,Y,OY,Female,4,63,70,1,32,-28,60,1024,16
1445,R2,D3.R2.OY.46,R2.OY.46,O,Y,OY,Female,18,83,70,1,32,-14,60,1024,324
2166,R2,D3.R2.OY.46,R2.OY.46,O,Y,OY,Female,32,39,70,1,32,0,60,1024,1024
2613,R2,D3.R2.OY.46,R2.OY.46,O,Y,OY,Female,46,19,70,1,32,14,60,1024,2116
2867,R2,D3.R2.OY.46,R2.OY.46,O,Y,OY,Female,60,0,70,1,32,28,60,1024,3600
450,R2,D3.R2.YO.23,R2.YO.23,Y,O,YO,Female,4,60,70,1,32,-28,60,1024,16
1503,R2,D3.R2.YO.23,R2.YO.23,Y,O,YO,Female,18,43,70,1,32,-14,60,1024,324
2094,R2,D3.R2.YO.23,R2.YO.23,Y,O,YO,Female,32,36,70,1,32,0,60,1024,1024
2616,R2,D3.R2.YO.23,R2.YO.23,Y,O,YO,Female,46,19,70,1,32,14,60,1024,2116
2859,R2,D3.R2.YO.23,R2.YO.23,Y,O,YO,Female,60,0,70,1,32,28,60,1024,3600
652,R2,D3.R2.YY.13,R2.YY.13,Y,Y,YY,Female,4,96,70,1,32,-28,60,1024,16
1413,R2,D3.R2.YY.13,R2.YY.13,Y,Y,YY,Female,18,65,70,1,32,-14,60,1024,324
2157,R2,D3.R2.YY.13,R2.YY.13,Y,Y,YY,Female,32,34,70,1,32,0,60,1024,1024
2605,R2,D3.R2.YY.13,R2.YY.13,Y,Y,YY,Female,46,26,70,1,32,14,60,1024,2116
2866,R2,D3.R2.YY.13,R2.YY.13,Y,Y,YY,Female,60,0,70,1,32,28,60,1024,3600
612,R2,D1.R2.OY.36,R2.OY.36,O,Y,OY,Female,4,70,71,1,32,-28,60,1024,16
1423,R2,D1.R2.OY.36,R2.OY.36,O,Y,OY,Female,18,56,71,1,32,-14,60,1024,324
2159,R2,D1.R2.OY.36,R2.OY.36,O,Y,OY,Female,32,2,71,1,32,0,60,1024,1024
2621,R2,D1.R2.OY.36,R2.OY.36,O,Y,OY,Female,46,23,71,1,32,14,60,1024,2116
2865,R2,D1.R2.OY.36,R2.OY.36,O,Y,OY,Female,60,0,71,1,32,28,60,1024,3600
567,R2,D1.R2.YY.4,R2.YY.4,Y,Y,YY,Female,4,60,71,1,32,-28,60,1024,16
1494,R2,D1.R2.YY.4,R2.YY.4,Y,Y,YY,Female,18,40,71,1,32,-14,60,1024,324
2100,R2,D1.R2.YY.4,R2.YY.4,Y,Y,YY,Female,32,22,71,1,32,0,60,1024,1024
2607,R2,D1.R2.YY.4,R2.YY.4,Y,Y,YY,Female,46,44,71,1,32,14,60,1024,2116
2863,R2,D1.R2.YY.4,R2.YY.4,Y,Y,YY,Female,60,0,71,1,32,28,60,1024,3600
475,R2,D1.R2.OY.29,R2.OY.29,O,Y,OY,Female,4,54,75,1,32,-28,60,1024,16
1392,R2,D1.R2.OY.29,R2.OY.29,O,Y,OY,Female,18,45,75,1,32,-14,60,1024,324
2073,R2,D1.R2.OY.29,R2.OY.29,O,Y,OY,Female,32,0,75,1,32,0,60,1024,1024
2619,R2,D1.R2.OY.29,R2.OY.29,O,Y,OY,Female,46,2,75,1,32,14,60,1024,2116
2864,R2,D1.R2.OY.29,R2.OY.29,O,Y,OY,Female,60,0,75,1,32,28,60,1024,3600
3187,R3,D1.R3.YY.16,R3.YY.16,Y,Y,YY,Female,4,24,#N/A,0,11,-7,18,121,16
3645,R3,D1.R3.YY.16,R3.YY.16,Y,Y,YY,Female,18,1,#N/A,0,11,7,18,121,324
3464,R4,D1.R4.OO.19,R4.OO.19,O,O,OO,Female,4,82,#N/A,0,11,-7,18,121,16
3875,R4,D1.R4.OO.19,R4.OO.19,O,O,OO,Female,18,21,#N/A,0,11,7,18,121,324
3423,R4,D1.R4.OO.5,R4.OO.5,O,O,OO,Female,4,50,#N/A,0,11,-7,18,121,16
3918,R4,D1.R4.OO.5,R4.OO.5,O,O,OO,Female,18,43,#N/A,0,11,7,18,121,324
3460,R4,D1.R4.YO.26,R4.YO.26,Y,O,YO,Female,4,77,#N/A,0,11,-7,18,121,16
3849,R4,D1.R4.YO.26,R4.YO.26,Y,O,YO,Female,18,0,#N/A,0,11,7,18,121,324
3158,R3,D2.R3.YO.18,R3.YO.18,Y,O,YO,Female,4,63,#N/A,0,11,-7,18,121,16
3607,R3,D2.R3.YO.18,R3.YO.18,Y,O,YO,Female,18,0,#N/A,0,11,7,18,121,324
3127,R3,D2.R3.YO.28,R3.YO.28,Y,O,YO,Female,4,61,#N/A,0,18,-14,32,324,16
3658,R3,D2.R3.YO.28,R3.YO.28,Y,O,YO,Female,18,60,#N/A,0,18,0,32,324,324
4069,R3,D2.R3.YO.28,R3.YO.28,Y,O,YO,Female,32,0,#N/A,0,18,14,32,324,1024
3688,R3,D2.R3.YY.11,R3.YY.11,Y,Y,YY,Female,18,59,#N/A,0,25,-7,32,625,324
4078,R3,D2.R3.YY.11,R3.YY.11,Y,Y,YY,Female,32,0,#N/A,0,25,7,32,625,1024
3130,R3,D3.R3.OO.11,R3.OO.11,O,O,OO,Female,4,51,#N/A,0,11,-7,18,121,16
3680,R3,D3.R3.OO.11,R3.OO.11,O,O,OO,Female,18,60,#N/A,0,11,7,18,121,324
3207,R3,D3.R3.YY.3,R3.YY.3,Y,Y,YY,Female,4,65,#N/A,0,4,0,4,16,16
