ring,year,age,AFR,lifespan,laying_date,clutch_size,brood_size_hatching,brood_size_fledging,sex,LO,colony
Frontiers_000206,2007,4,2,5,16.0,1.0,0.0,,F,0,SK
Frontiers_000206,2005,2,2,5,40.0,2.0,0.0,0.0,F,0,SK
Frontiers_000206,2008,5,2,5,20.0,3.0,0.0,0.0,F,1,SK
Frontiers_000206,2006,3,2,5,26.0,3.0,2.0,,F,0,SK
Frontiers_000380,2005,2,2,2,52.0,2.0,0.0,0.0,M,1,BT
Frontiers_000508,2007,4,3,16,11.0,3.0,0.0,0.0,M,0,BT
Frontiers_000508,2013,10,3,16,19.0,3.0,2.0,2.0,M,0,BT
Frontiers_000508,2019,16,3,16,26.0,3.0,3.0,3.0,M,1,BT
Frontiers_000508,2018,15,3,16,9.0,3.0,2.0,2.0,M,0,BT
Frontiers_000508,2011,8,3,16,2.0,3.0,2.0,2.0,M,0,BT
Frontiers_000508,2012,9,3,16,17.0,2.0,1.0,1.0,M,0,BT
Frontiers_000508,2014,11,3,16,14.0,3.0,3.0,3.0,M,0,BT
Frontiers_000508,2009,6,3,16,12.0,4.0,0.0,0.0,M,0,BT
Frontiers_000508,2017,14,3,16,22.0,3.0,0.0,0.0,M,0,BT
Frontiers_000508,2008,5,3,16,22.0,3.0,3.0,3.0,M,0,BT
Frontiers_000508,2010,7,3,16,15.0,3.0,2.0,2.0,M,0,BT
Frontiers_000508,2006,3,3,16,26.0,3.0,2.0,2.0,M,0,BT
Frontiers_000275,2008,5,2,5,34.0,2.0,0.0,0.0,F,1,BT
Frontiers_000275,2005,2,2,5,51.0,2.0,0.0,0.0,F,0,BT
Frontiers_000275,2006,3,2,5,44.0,2.0,0.0,0.0,F,0,BT
Frontiers_000224,2007,4,3,5,8.0,3.0,3.0,1.0,M,0,BT
Frontiers_000224,2008,5,3,5,16.0,3.0,3.0,2.0,M,1,BT
Frontiers_000224,2006,3,3,5,24.0,3.0,3.0,3.0,M,0,BT
Frontiers_000350,2015,12,3,13,18.0,3.0,2.0,2.0,F,0,BT
Frontiers_000350,2013,10,3,13,19.0,3.0,3.0,2.0,F,0,BT
Frontiers_000350,2010,7,3,13,24.0,3.0,3.0,2.0,F,0,BT
Frontiers_000350,2012,9,3,13,26.0,3.0,3.0,0.0,F,0,BT
Frontiers_000350,2009,6,3,13,11.0,3.0,3.0,3.0,F,0,BT
Frontiers_000350,2007,4,3,13,8.0,3.0,3.0,1.0,F,0,BT
Frontiers_000350,2008,5,3,13,16.0,3.0,3.0,2.0,F,0,BT
Frontiers_000350,2016,13,3,13,26.0,3.0,2.0,2.0,F,1,BT
Frontiers_000350,2014,11,3,13,14.0,3.0,3.0,3.0,F,0,BT
Frontiers_000350,2006,3,3,13,24.0,3.0,3.0,3.0,F,0,BT
Frontiers_000350,2011,8,3,13,1.0,3.0,3.0,3.0,F,0,BT
Frontiers_000357,2005,2,2,3,52.0,2.0,0.0,0.0,F,0,BT
Frontiers_000357,2006,3,2,3,24.0,2.0,2.0,2.0,F,1,BT
Frontiers_000039,2006,3,3,3,32.0,3.0,2.0,2.0,F,1,BT
Frontiers_000511,2005,2,2,13,47.0,3.0,0.0,0.0,M,0,BT
Frontiers_000511,2009,6,2,13,13.0,3.0,2.0,2.0,M,0,BT
Frontiers_000511,2012,9,2,13,28.0,1.0,0.0,0.0,M,0,BT
Frontiers_000511,2008,5,2,13,20.0,3.0,3.0,3.0,M,0,BT
Frontiers_000511,2015,12,2,13,18.0,3.0,3.0,3.0,M,0,BT
Frontiers_000511,2014,11,2,13,25.0,3.0,1.0,0.0,M,0,BT
Frontiers_000511,2013,10,2,13,44.0,2.0,2.0,2.0,M,0,BT
Frontiers_000511,2016,13,2,13,18.0,3.0,3.0,3.0,M,1,BT
Frontiers_000511,2007,4,2,13,16.0,3.0,3.0,0.0,M,0,BT
Frontiers_000511,2006,3,2,13,26.0,3.0,3.0,3.0,M,0,BT
Frontiers_000511,2011,8,2,13,4.0,3.0,3.0,3.0,M,0,BT
Frontiers_000190,2007,4,3,4,13.0,3.0,3.0,0.0,F,1,BT
Frontiers_000190,2006,3,3,4,28.0,3.0,3.0,3.0,F,0,BT
Frontiers_000117,2009,6,2,9,49.0,2.0,2.0,0.0,M,0,BT
Frontiers_000117,2008,5,2,9,22.0,3.0,3.0,3.0,M,0,BT
Frontiers_000117,2005,2,2,9,32.0,3.0,3.0,1.0,M,0,BT
Frontiers_000117,2012,9,2,9,15.0,3.0,3.0,0.0,M,1,BT
Frontiers_000117,2011,8,2,9,4.0,3.0,3.0,3.0,M,0,BT
Frontiers_000117,2010,7,2,9,28.0,2.0,2.0,2.0,M,0,BT
Frontiers_000117,2007,4,2,9,15.0,3.0,3.0,2.0,M,0,BT
Frontiers_000117,2006,3,2,9,24.0,3.0,3.0,2.0,M,0,BT
Frontiers_000098,2008,5,3,5,20.0,3.0,3.0,3.0,M,1,BT
Frontiers_000098,2006,3,3,5,30.0,2.0,3.0,3.0,M,0,BT
Frontiers_000242,2008,5,4,5,20.0,3.0,3.0,3.0,M,1,BT
Frontiers_000242,2007,4,4,5,27.0,3.0,0.0,0.0,M,0,BT
Frontiers_000452,2002,4,4,7,,,,2.0,M,0,SK
Frontiers_000452,2005,7,4,7,28.0,3.0,3.0,3.0,M,1,SK
Frontiers_000452,2004,6,4,7,32.0,2.0,,1.0,M,0,SK
Frontiers_000452,2003,5,4,7,12.0,3.0,3.0,3.0,M,0,SK
Frontiers_000145,2001,3,3,5,28.0,3.0,3.0,3.0,M,0,SK
Frontiers_000145,2003,5,3,5,39.0,2.0,0.0,0.0,M,1,SK
Frontiers_000145,2002,4,3,5,21.0,3.0,1.0,1.0,M,0,SK
Frontiers_000543,2001,3,3,3,20.0,3.0,3.0,3.0,F,1,SK
Frontiers_000199,2003,4,3,7,36.0,1.0,1.0,1.0,F,0,SK
Frontiers_000199,2002,3,3,7,38.0,2.0,2.0,1.0,F,0,SK
Frontiers_000199,2006,7,3,7,24.0,3.0,3.0,3.0,F,1,SK
Frontiers_000199,2005,6,3,7,28.0,2.0,2.0,2.0,F,0,SK
Frontiers_000199,2004,5,3,7,26.0,3.0,2.0,2.0,F,0,SK
Frontiers_000119,2008,9,3,9,20.0,3.0,3.0,3.0,M,1,SK
Frontiers_000119,2003,4,3,9,17.0,2.0,0.0,0.0,M,0,SK
Frontiers_000119,2005,6,3,9,32.0,3.0,2.0,2.0,M,0,SK
Frontiers_000119,2002,3,3,9,42.0,3.0,1.0,1.0,M,0,SK
Frontiers_000119,2004,5,3,9,26.0,3.0,2.0,,M,0,SK
Frontiers_000094,2002,3,3,4,21.0,3.0,1.0,1.0,F,0,SK
Frontiers_000094,2003,4,3,4,39.0,2.0,0.0,0.0,F,1,SK
Frontiers_000194,2005,6,3,7,24.0,2.0,2.0,0.0,M,0,BT
Frontiers_000194,2004,5,3,7,21.0,3.0,3.0,3.0,M,0,BT
Frontiers_000194,2006,7,3,7,24.0,3.0,1.0,2.0,M,1,BT
Frontiers_000194,2002,3,3,7,21.0,3.0,2.0,1.0,M,0,BT
Frontiers_000329,2002,3,3,3,28.0,3.0,3.0,2.0,F,1,SK
Frontiers_000346,2005,6,3,15,30.0,3.0,3.0,0.0,M,0,SK
Frontiers_000346,2010,11,3,15,29.0,3.0,3.0,3.0,M,0,SK
Frontiers_000346,2009,10,3,15,15.0,3.0,3.0,3.0,M,0,SK
Frontiers_000346,2007,8,3,15,26.0,2.0,2.0,0.0,M,0,SK
Frontiers_000346,2006,7,3,15,30.0,3.0,3.0,,M,0,SK
Frontiers_000346,2008,9,3,15,22.0,3.0,3.0,3.0,M,0,SK
Frontiers_000346,2002,3,3,15,38.0,2.0,2.0,1.0,M,0,SK
Frontiers_000346,2004,5,3,15,20.0,3.0,0.0,0.0,M,0,SK
Frontiers_000346,2003,4,3,15,31.0,3.0,3.0,3.0,M,0,SK
Frontiers_000346,2014,15,3,15,38.0,2.0,1.0,1.0,M,1,SK
Frontiers_000395,2005,6,5,8,26.0,3.0,3.0,,M,0,SK
Frontiers_000395,2006,7,5,8,28.0,,0.0,0.0,M,0,SK
Frontiers_000395,2007,8,5,8,14.0,,0.0,,M,1,SK
Frontiers_000395,2004,5,5,8,19.0,3.0,3.0,,M,0,SK
Frontiers_000316,2005,6,4,8,27.0,3.0,2.0,2.0,M,0,SK
Frontiers_000316,2004,5,4,8,21.0,3.0,1.0,1.0,M,0,SK
Frontiers_000316,2006,7,4,8,22.0,3.0,3.0,,M,0,SK
Frontiers_000316,2003,4,4,8,17.0,2.0,2.0,,M,0,SK
Frontiers_000316,2007,8,4,8,16.0,1.0,1.0,0.0,M,1,SK
Frontiers_000036,2003,4,3,4,14.0,2.0,1.0,1.0,F,1,SK
Frontiers_000036,2002,3,3,4,28.0,2.0,2.0,2.0,F,0,SK
Frontiers_000426,2003,4,2,9,14.0,3.0,3.0,,F,0,SK
Frontiers_000426,2002,3,2,9,24.0,2.0,2.0,2.0,F,0,SK
Frontiers_000426,2001,2,2,9,30.0,2.0,2.0,2.0,F,0,SK
Frontiers_000426,2005,6,2,9,26.0,3.0,3.0,3.0,F,0,SK
Frontiers_000426,2004,5,2,9,22.0,2.0,2.0,,F,0,SK
Frontiers_000426,2007,8,2,9,11.0,3.0,3.0,3.0,F,0,SK
Frontiers_000426,2006,7,2,9,24.0,3.0,3.0,3.0,F,0,SK
Frontiers_000378,2003,4,4,6,19.0,3.0,2.0,2.0,F,0,BT
Frontiers_000378,2004,5,4,6,24.0,3.0,2.0,2.0,F,0,BT
Frontiers_000378,2005,6,4,6,26.0,3.0,3.0,2.0,F,1,BT
Frontiers_000259,2003,2,2,2,49.0,2.0,2.0,2.0,F,1,SK
Frontiers_000372,2010,9,3,10,26.0,3.0,2.0,2.0,F,0,SK
Frontiers_000372,2004,3,3,10,31.0,2.0,2.0,,F,0,SK
Frontiers_000372,2005,4,3,10,32.0,3.0,3.0,3.0,F,0,SK
Frontiers_000372,2011,10,3,10,9.0,3.0,0.0,0.0,F,1,SK
Frontiers_000052,2008,7,2,8,20.0,3.0,0.0,0.0,M,0,SK
Frontiers_000052,2003,2,2,8,42.0,2.0,0.0,0.0,M,0,SK
Frontiers_000052,2004,3,2,8,31.0,1.0,0.0,0.0,M,0,SK
Frontiers_000052,2006,5,2,8,44.0,3.0,2.0,,M,0,SK
Frontiers_000052,2007,6,2,8,16.0,1.0,0.0,,M,0,SK
Frontiers_000250,2013,12,4,12,20.0,3.0,3.0,2.0,F,1,SK
Frontiers_000250,2007,6,4,12,28.0,2.0,0.0,0.0,F,0,SK
Frontiers_000250,2008,7,4,12,19.0,3.0,1.0,1.0,F,0,SK
Frontiers_000250,2011,10,4,12,6.0,3.0,3.0,3.0,F,0,SK
Frontiers_000250,2005,4,4,12,33.0,3.0,3.0,3.0,F,0,SK
Frontiers_000250,2012,11,4,12,22.0,3.0,3.0,3.0,F,0,SK
Frontiers_000250,2009,8,4,12,10.0,3.0,0.0,0.0,F,0,SK
Frontiers_000250,2006,5,4,12,26.0,3.0,3.0,3.0,F,0,SK
Frontiers_000041,2006,5,3,11,22.0,3.0,0.0,,F,0,SK
Frontiers_000041,2012,11,3,11,15.0,3.0,2.0,2.0,F,1,SK
Frontiers_000041,2004,3,3,11,20.0,3.0,2.0,,F,0,SK
Frontiers_000041,2005,4,3,11,25.0,2.0,2.0,0.0,F,0,SK
Frontiers_000041,2009,8,3,11,12.0,3.0,2.0,2.0,F,0,SK
Frontiers_000041,2008,7,3,11,18.0,3.0,3.0,3.0,F,0,SK
Frontiers_000041,2010,9,3,11,16.0,2.0,2.0,1.0,F,0,SK
Frontiers_000371,2004,3,2,3,23.0,3.0,0.0,0.0,M,1,SK
Frontiers_000371,2003,2,2,3,47.0,2.0,2.0,2.0,M,0,SK
Frontiers_000414,2006,5,3,7,32.0,1.0,1.0,1.0,F,0,SK
Frontiers_000414,2005,4,3,7,33.0,2.0,2.0,2.0,F,0,SK
Frontiers_000414,2004,3,3,7,36.0,1.0,0.0,0.0,F,0,SK
Frontiers_000209,2005,4,3,5,31.0,3.0,3.0,2.0,F,0,SK
Frontiers_000209,2004,3,3,5,45.0,2.0,2.0,1.0,F,0,SK
Frontiers_000209,2006,5,3,5,27.0,3.0,3.0,,F,1,SK
Frontiers_000370,2006,5,3,7,27.0,3.0,3.0,,M,0,SK
Frontiers_000370,2008,7,3,7,28.0,3.0,0.0,0.0,M,1,SK
Frontiers_000370,2005,4,3,7,31.0,3.0,3.0,2.0,M,0,SK
Frontiers_000370,2007,6,3,7,28.0,2.0,0.0,0.0,M,0,SK
Frontiers_000370,2004,3,3,7,45.0,2.0,2.0,1.0,M,0,SK
Frontiers_000040,2005,4,3,8,28.0,3.0,0.0,0.0,F,0,SK
Frontiers_000040,2004,3,3,8,32.0,2.0,2.0,,F,0,SK
Frontiers_000040,2009,8,3,8,9.0,3.0,3.0,3.0,F,1,SK
Frontiers_000040,2006,5,3,8,20.0,3.0,3.0,,F,0,SK
Frontiers_000040,2008,7,3,8,39.0,2.0,0.0,0.0,F,0,SK
Frontiers_000480,2004,3,3,4,26.0,3.0,2.0,,F,0,SK
Frontiers_000480,2005,4,3,4,29.0,3.0,3.0,2.0,F,1,SK
Frontiers_000273,2003,2,2,3,15.0,3.0,2.0,2.0,F,0,SK
Frontiers_000273,2004,3,2,3,19.0,3.0,3.0,,F,1,SK
Frontiers_000157,2005,4,3,7,27.0,3.0,3.0,3.0,M,0,SK
Frontiers_000157,2004,3,3,7,28.0,3.0,3.0,3.0,M,0,SK
Frontiers_000157,2006,5,3,7,33.0,2.0,2.0,,M,0,SK
Frontiers_000157,2008,7,3,7,26.0,3.0,3.0,2.0,M,1,SK
Frontiers_000157,2007,6,3,7,18.0,1.0,0.0,0.0,M,0,SK
Frontiers_000356,2008,7,3,7,18.0,3.0,3.0,3.0,M,1,SK
Frontiers_000356,2006,5,3,7,24.0,2.0,1.0,1.0,M,0,SK
Frontiers_000356,2004,3,3,7,23.0,2.0,2.0,,M,0,SK
Frontiers_000356,2005,4,3,7,27.0,3.0,3.0,1.0,M,0,SK
Frontiers_000018,2004,3,2,3,29.0,2.0,2.0,2.0,F,1,SK
Frontiers_000018,2003,2,2,3,,,,1.0,F,0,SK
Frontiers_000436,2004,3,3,3,32.0,2.0,2.0,,M,1,SK
Frontiers_000430,2002,4,3,4,21.0,3.0,3.0,2.0,F,1,SK
Frontiers_000430,2001,3,3,4,20.0,1.0,0.0,0.0,F,0,SK
Frontiers_000284,2002,3,3,12,23.0,3.0,3.0,2.0,M,0,BT
Frontiers_000284,2005,6,3,12,23.0,2.0,1.0,0.0,M,0,BT
Frontiers_000284,2009,10,3,12,11.0,3.0,3.0,3.0,M,0,BT
Frontiers_000284,2003,4,3,12,23.0,1.0,0.0,0.0,M,0,BT
Frontiers_000284,2006,7,3,12,22.0,3.0,2.0,2.0,M,0,BT
Frontiers_000284,2007,8,3,12,7.0,2.0,2.0,2.0,M,0,BT
Frontiers_000284,2004,5,3,12,23.0,3.0,3.0,2.0,M,0,BT
Frontiers_000284,2010,11,3,12,22.0,3.0,2.0,2.0,M,0,BT
Frontiers_000284,2011,12,3,12,9.0,2.0,1.0,1.0,M,1,BT
Frontiers_000284,2008,9,3,12,18.0,3.0,2.0,2.0,M,0,BT
Frontiers_000521,2007,11,4,12,6.0,3.0,3.0,3.0,M,0,BT
Frontiers_000521,2003,7,4,12,14.0,3.0,3.0,3.0,M,0,BT
Frontiers_000521,2006,10,4,12,20.0,3.0,3.0,2.0,M,0,BT
Frontiers_000521,2000,4,4,12,8.0,3.0,3.0,,M,0,BT
Frontiers_000521,2001,5,4,12,20.0,3.0,3.0,,M,0,BT
Frontiers_000521,2004,8,4,12,17.0,3.0,3.0,2.0,M,0,BT
Frontiers_000521,2005,9,4,12,24.0,3.0,2.0,1.0,M,0,BT
Frontiers_000521,2002,6,4,12,24.0,3.0,3.0,3.0,M,0,BT
Frontiers_000521,2008,12,4,12,18.0,3.0,2.0,2.0,M,1,BT
Frontiers_000409,2001,4,2,4,22.0,3.0,2.0,,F,1,BT
Frontiers_000409,2000,3,2,4,16.0,3.0,3.0,,F,0,BT
Frontiers_000409,1999,2,2,4,32.0,3.0,2.0,0.0,F,0,BT
Frontiers_000163,2004,7,4,7,22.0,3.0,3.0,3.0,M,1,BT
Frontiers_000163,2003,6,4,7,19.0,3.0,2.0,2.0,M,0,BT
Frontiers_000163,2001,4,4,7,30.0,2.0,0.0,0.0,M,0,BT
Frontiers_000163,2002,5,4,7,24.0,2.0,2.0,2.0,M,0,BT
Frontiers_000307,2004,7,5,10,17.0,3.0,3.0,2.0,F,0,BT
Frontiers_000307,2005,8,5,10,24.0,3.0,2.0,1.0,F,0,BT
Frontiers_000307,2002,5,5,10,20.0,3.0,3.0,0.0,F,0,BT
Frontiers_000307,2007,10,5,10,6.0,3.0,3.0,3.0,F,1,BT
Frontiers_000307,2003,6,5,10,10.0,3.0,3.0,2.0,F,0,BT
Frontiers_000307,2006,9,5,10,20.0,3.0,3.0,2.0,F,0,BT
Frontiers_000132,2001,4,3,7,20.0,3.0,3.0,,M,0,BT
Frontiers_000132,2002,5,3,7,19.0,3.0,3.0,3.0,M,0,BT
Frontiers_000132,2003,6,3,7,14.0,3.0,3.0,3.0,M,0,BT
Frontiers_000132,2004,7,3,7,17.0,3.0,3.0,0.0,M,1,BT
Frontiers_000132,2000,3,3,7,12.0,3.0,0.0,0.0,M,0,BT
Frontiers_000354,2005,8,5,9,26.0,3.0,2.0,2.0,M,0,SK
Frontiers_000354,2006,9,5,9,22.0,3.0,3.0,3.0,M,1,SK
Frontiers_000354,2004,7,5,9,21.0,3.0,2.0,2.0,M,0,SK
Frontiers_000354,2003,6,5,9,15.0,1.0,1.0,1.0,M,0,SK
Frontiers_000354,2002,5,5,9,19.0,3.0,3.0,3.0,M,0,SK
Frontiers_000236,2003,6,5,6,10.0,3.0,3.0,,F,1,SK
Frontiers_000236,2002,5,5,6,21.0,3.0,3.0,3.0,F,0,SK
Frontiers_000460,2000,3,3,6,16.0,3.0,3.0,,M,0,BT
Frontiers_000460,2001,4,3,6,26.0,3.0,3.0,,M,0,BT
Frontiers_000460,2003,6,3,6,10.0,3.0,3.0,3.0,M,1,BT
Frontiers_000460,2002,5,3,6,19.0,3.0,2.0,2.0,M,0,BT
Frontiers_000280,2002,5,5,6,23.0,4.0,,2.0,F,0,SK
Frontiers_000280,2003,6,5,6,16.0,3.0,2.0,1.0,F,1,SK
Frontiers_000352,2002,5,5,6,38.0,3.0,3.0,2.0,F,0,SK
Frontiers_000352,2003,6,5,6,15.0,3.0,3.0,,F,1,SK
Frontiers_000237,2002,5,5,5,24.0,3.0,3.0,2.0,F,1,SK
Frontiers_000020,2002,4,4,5,26.0,3.0,3.0,3.0,F,0,SK
Frontiers_000181,2001,3,3,4,28.0,3.0,3.0,2.0,M,0,SK
Frontiers_000181,2002,4,3,4,19.0,3.0,0.0,0.0,M,1,SK
Frontiers_000267,2001,3,3,5,28.0,3.0,3.0,3.0,F,0,SK
Frontiers_000267,2003,5,3,5,16.0,3.0,3.0,,F,1,SK
Frontiers_000267,2002,4,3,5,23.0,3.0,3.0,2.0,F,0,SK
Frontiers_000144,2003,5,5,5,32.0,2.0,0.0,0.0,F,1,SK
Frontiers_000142,2006,8,3,14,43.0,2.0,2.0,,M,0,SK
Frontiers_000142,2011,13,3,14,6.0,3.0,3.0,3.0,M,0,SK
Frontiers_000142,2001,3,3,14,30.0,3.0,0.0,0.0,M,0,SK
Frontiers_000142,2008,10,3,14,16.0,3.0,3.0,3.0,M,0,SK
Frontiers_000142,2007,9,3,14,11.0,2.0,1.0,1.0,M,0,SK
Frontiers_000142,2010,12,3,14,30.0,3.0,3.0,3.0,M,0,SK
Frontiers_000142,2003,5,3,14,36.0,1.0,1.0,1.0,M,0,SK
Frontiers_000142,2009,11,3,14,10.0,3.0,0.0,0.0,M,0,SK
Frontiers_000142,2002,4,3,14,23.0,3.0,3.0,2.0,M,0,SK
Frontiers_000142,2012,14,3,14,20.0,3.0,3.0,2.0,M,1,SK
Frontiers_000170,2001,3,3,3,30.0,2.0,2.0,2.0,M,1,SK
Frontiers_000192,2003,5,4,7,15.0,3.0,2.0,2.0,M,0,SK
Frontiers_000192,2004,6,4,7,23.0,3.0,3.0,2.0,M,0,SK
Frontiers_000192,2002,4,4,7,26.0,3.0,3.0,3.0,M,0,SK
Frontiers_000192,2005,7,4,7,32.0,3.0,2.0,2.0,M,1,SK
Frontiers_000260,2006,8,2,9,26.0,2.0,2.0,,M,0,SK
Frontiers_000260,2000,2,2,9,18.0,1.0,,0.0,M,0,SK
Frontiers_000260,2001,3,2,9,28.0,2.0,0.0,0.0,M,0,SK
Frontiers_000260,2005,7,2,9,34.0,2.0,1.0,,M,0,SK
Frontiers_000260,2002,4,2,9,24.0,3.0,3.0,3.0,M,0,SK
Frontiers_000260,2007,9,2,9,16.0,3.0,1.0,0.0,M,1,SK
Frontiers_000260,2004,6,2,9,23.0,1.0,0.0,0.0,M,0,SK
Frontiers_000260,2003,5,2,9,11.0,3.0,2.0,,M,0,SK
Frontiers_000115,2006,8,3,8,24.0,3.0,3.0,,M,1,SK
Frontiers_000115,2005,7,3,8,32.0,3.0,2.0,1.0,M,0,SK
Frontiers_000115,2003,5,3,8,12.0,3.0,3.0,,M,0,SK
Frontiers_000115,2002,4,3,8,26.0,3.0,2.0,2.0,M,0,SK
Frontiers_000115,2004,6,3,8,23.0,3.0,3.0,2.0,M,0,SK
Frontiers_000115,2001,3,3,8,28.0,3.0,2.0,2.0,M,0,SK
Frontiers_000317,2001,3,3,3,30.0,3.0,3.0,3.0,M,1,SK
Frontiers_000439,2005,7,4,12,26.0,4.0,3.0,,F,0,SK
Frontiers_000439,2003,5,4,12,12.0,3.0,3.0,,F,0,SK
Frontiers_000439,2002,4,4,12,21.0,2.0,0.0,0.0,F,0,SK
Frontiers_000439,2004,6,4,12,17.0,3.0,3.0,2.0,F,0,SK
Frontiers_000439,2008,10,4,12,18.0,1.0,0.0,0.0,F,0,SK
Frontiers_000439,2009,11,4,12,16.0,1.0,0.0,0.0,F,0,SK
Frontiers_000439,2006,8,4,12,19.0,,0.0,0.0,F,0,SK
Frontiers_000449,2001,3,3,3,30.0,3.0,0.0,0.0,F,1,SK
Frontiers_000210,2002,4,3,5,51.0,2.0,0.0,0.0,F,0,SK
Frontiers_000210,2003,5,3,5,15.0,1.0,1.0,1.0,F,1,SK
Frontiers_000210,2001,3,3,5,34.0,2.0,1.0,1.0,F,0,SK
Frontiers_000024,2002,4,3,5,21.0,3.0,2.0,1.0,F,0,BT
Frontiers_000024,2003,5,3,5,16.0,1.0,0.0,0.0,F,1,BT
Frontiers_000024,2001,3,3,5,30.0,3.0,3.0,,F,0,BT
Frontiers_000389,2001,3,3,7,28.0,3.0,3.0,2.0,F,0,SK
Frontiers_000389,2002,4,3,7,19.0,3.0,0.0,0.0,F,0,SK
Frontiers_000389,2004,6,3,7,8.0,3.0,2.0,2.0,F,0,SK
Frontiers_000389,2003,5,3,7,12.0,3.0,3.0,,F,0,SK
Frontiers_000389,2005,7,3,7,19.0,3.0,3.0,1.0,F,1,SK
Frontiers_000498,2002,4,4,4,38.0,2.0,2.0,2.0,M,1,SK
Frontiers_000379,2001,3,3,3,28.0,1.0,0.0,0.0,F,1,SK
Frontiers_000195,2002,4,3,12,19.0,3.0,3.0,2.0,M,0,SK
Frontiers_000195,2010,12,3,12,49.0,2.0,2.0,2.0,M,1,SK
Frontiers_000195,2008,10,3,12,20.0,3.0,3.0,3.0,M,0,SK
Frontiers_000195,2006,8,3,12,22.0,3.0,3.0,3.0,M,0,SK
Frontiers_000195,2004,6,3,12,19.0,3.0,3.0,3.0,M,0,SK
Frontiers_000195,2003,5,3,12,10.0,3.0,3.0,,M,0,SK
Frontiers_000195,2005,7,3,12,26.0,3.0,3.0,2.0,M,0,SK
Frontiers_000195,2007,9,3,12,7.0,2.0,1.0,,M,0,SK
Frontiers_000195,2001,3,3,12,18.0,3.0,3.0,3.0,M,0,SK
Frontiers_000003,2004,6,3,11,23.0,3.0,3.0,2.0,F,0,SK
Frontiers_000003,2003,5,3,11,15.0,3.0,2.0,2.0,F,0,SK
Frontiers_000003,2005,7,3,11,32.0,3.0,2.0,2.0,F,0,SK
Frontiers_000003,2008,10,3,11,18.0,2.0,0.0,0.0,F,0,SK
Frontiers_000003,2002,4,3,11,26.0,3.0,3.0,3.0,F,0,SK
Frontiers_000003,2001,3,3,11,32.0,3.0,2.0,1.0,F,0,SK
Frontiers_000003,2009,11,3,11,16.0,3.0,3.0,2.0,F,1,SK
Frontiers_000003,2006,8,3,11,29.0,3.0,1.0,0.0,F,0,SK
Frontiers_000003,2007,9,3,11,16.0,3.0,1.0,0.0,F,0,SK
Frontiers_000331,2001,3,3,3,28.0,3.0,3.0,3.0,F,1,SK
Frontiers_000526,2005,7,4,18,34.0,3.0,3.0,0.0,M,0,SK
Frontiers_000526,2004,6,4,18,26.0,,0.0,0.0,M,0,SK
Frontiers_000526,2008,10,4,18,18.0,3.0,3.0,3.0,M,0,SK
Frontiers_000526,2010,12,4,18,16.0,2.0,2.0,1.0,M,0,SK
Frontiers_000526,2012,14,4,18,15.0,3.0,2.0,2.0,M,0,SK
Frontiers_000526,2007,9,4,18,16.0,3.0,2.0,,M,0,SK
Frontiers_000526,2011,13,4,18,3.0,3.0,0.0,0.0,M,0,SK
Frontiers_000526,2009,11,4,18,12.0,3.0,2.0,2.0,M,0,SK
Frontiers_000526,2002,4,4,18,24.0,3.0,3.0,2.0,M,0,SK
Frontiers_000526,2003,5,4,18,14.0,3.0,2.0,,M,0,SK
Frontiers_000526,2015,17,4,18,14.0,3.0,3.0,3.0,M,0,SK
Frontiers_000526,2006,8,4,18,29.0,3.0,3.0,,M,0,SK
Frontiers_000526,2016,18,4,18,14.0,3.0,3.0,3.0,M,1,SK
Frontiers_000526,2014,16,4,18,23.0,3.0,3.0,3.0,M,0,SK
Frontiers_000133,2004,6,4,6,,3.0,3.0,3.0,M,1,SK
Frontiers_000133,2003,5,4,6,,,,3.0,M,0,SK
Frontiers_000133,2002,4,4,6,,,,3.0,M,0,SK
Frontiers_000445,2001,3,3,13,26.0,2.0,2.0,2.0,M,0,SK
Frontiers_000445,2004,6,3,13,24.0,3.0,3.0,1.0,M,0,SK
Frontiers_000445,2007,9,3,13,5.0,3.0,3.0,,M,0,SK
Frontiers_000445,2008,10,3,13,18.0,3.0,3.0,3.0,M,0,SK
Frontiers_000445,2005,7,3,13,33.0,3.0,3.0,3.0,M,0,SK
Frontiers_000445,2006,8,3,13,26.0,3.0,3.0,3.0,M,0,SK
Frontiers_000445,2011,13,3,13,7.0,3.0,3.0,3.0,M,1,SK
Frontiers_000445,2010,12,3,13,21.0,3.0,3.0,2.0,M,0,SK
Frontiers_000445,2002,4,3,13,26.0,3.0,3.0,3.0,M,0,SK
Frontiers_000333,2004,6,4,6,22.0,3.0,3.0,3.0,M,1,SK
Frontiers_000333,2003,5,4,6,13.0,3.0,2.0,,M,0,SK
Frontiers_000333,2002,4,4,6,37.0,3.0,3.0,3.0,M,0,SK
Frontiers_000136,2002,4,3,5,21.0,3.0,3.0,3.0,M,0,SK
Frontiers_000136,2001,3,3,5,30.0,3.0,3.0,2.0,M,0,SK
Frontiers_000136,2003,5,3,5,36.0,3.0,0.0,0.0,M,1,SK
Frontiers_000270,2001,3,3,9,28.0,3.0,3.0,3.0,M,0,SK
Frontiers_000270,2002,4,3,9,23.0,3.0,3.0,2.0,M,0,SK
Frontiers_000270,2007,9,3,9,27.0,2.0,2.0,2.0,M,1,SK
Frontiers_000270,2006,8,3,9,24.0,3.0,0.0,0.0,M,0,SK
Frontiers_000482,2002,4,2,5,24.0,2.0,2.0,2.0,M,0,SK
Frontiers_000482,2001,3,2,5,22.0,3.0,2.0,2.0,M,0,SK
Frontiers_000353,2005,7,4,8,31.0,3.0,3.0,2.0,F,0,SK
Frontiers_000353,2004,6,4,8,24.0,3.0,3.0,,F,0,SK
Frontiers_000353,2003,5,4,8,14.0,3.0,2.0,2.0,F,0,SK
Frontiers_000353,2002,4,4,8,31.0,3.0,3.0,2.0,F,0,SK
Frontiers_000353,2006,8,4,8,29.0,3.0,1.0,1.0,F,1,SK
Frontiers_000164,2004,6,3,9,20.0,3.0,3.0,2.0,M,0,SK
Frontiers_000164,2007,9,3,9,7.0,3.0,2.0,,M,1,SK
Frontiers_000164,2005,7,3,9,25.0,3.0,3.0,,M,0,SK
Frontiers_000164,2003,5,3,9,12.0,3.0,3.0,3.0,M,0,SK
Frontiers_000164,2006,8,3,9,22.0,1.0,0.0,,M,0,SK
Frontiers_000164,2002,4,3,9,21.0,3.0,3.0,2.0,M,0,SK
Frontiers_000396,2002,4,4,5,28.0,3.0,3.0,2.0,M,0,SK
Frontiers_000048,2002,4,3,4,38.0,2.0,2.0,2.0,F,1,SK
Frontiers_000048,2001,3,3,4,39.0,2.0,2.0,2.0,F,0,SK
Frontiers_000151,2007,9,3,11,11.0,3.0,0.0,,M,0,SK
Frontiers_000151,2003,5,3,11,32.0,3.0,3.0,3.0,M,0,SK
Frontiers_000151,2004,6,3,11,26.0,3.0,3.0,,M,0,SK
Frontiers_000151,2006,8,3,11,30.0,,0.0,0.0,M,0,SK
Frontiers_000151,2009,11,3,11,18.0,3.0,1.0,0.0,M,1,SK
Frontiers_000151,2001,3,3,11,30.0,3.0,1.0,0.0,M,0,SK
Frontiers_000151,2005,7,3,11,27.0,3.0,2.0,2.0,M,0,SK
Frontiers_000151,2002,4,3,11,29.0,3.0,3.0,2.0,M,0,SK
Frontiers_000151,2008,10,3,11,16.0,3.0,0.0,0.0,M,0,SK
Frontiers_000037,2001,3,3,3,20.0,4.0,3.0,3.0,M,1,SK
Frontiers_000355,2002,5,4,9,23.0,3.0,3.0,3.0,M,0,BT
Frontiers_000355,2005,8,4,9,23.0,3.0,2.0,2.0,M,0,BT
Frontiers_000355,2003,6,4,9,12.0,3.0,3.0,3.0,M,0,BT
Frontiers_000355,2001,4,4,9,22.0,2.0,1.0,1.0,M,0,BT
Frontiers_000355,2004,7,4,9,10.0,3.0,3.0,3.0,M,0,BT
Frontiers_000355,2006,9,4,9,22.0,3.0,3.0,2.0,M,1,BT
Frontiers_000146,2007,10,3,11,8.0,3.0,3.0,2.0,F,0,BT
Frontiers_000146,2008,11,3,11,14.0,4.0,4.0,1.0,F,1,BT
Frontiers_000146,2006,9,3,11,15.0,3.0,3.0,3.0,F,0,BT
Frontiers_000146,2005,8,3,11,20.0,3.0,2.0,2.0,F,0,BT
Frontiers_000146,2002,5,3,11,19.0,3.0,3.0,3.0,F,0,BT
Frontiers_000146,2000,3,3,11,19.0,3.0,3.0,,F,0,BT
Frontiers_000146,2004,7,3,11,10.0,4.0,3.0,3.0,F,0,BT
Frontiers_000146,2003,6,3,11,10.0,3.0,2.0,2.0,F,0,BT
Frontiers_000146,2001,4,3,11,28.0,3.0,2.0,,F,0,BT
Frontiers_000497,2006,9,3,16,15.0,3.0,3.0,3.0,M,0,BT
Frontiers_000497,2013,16,3,16,23.0,1.0,1.0,1.0,M,1,BT
Frontiers_000497,2008,11,3,16,14.0,4.0,4.0,1.0,M,0,BT
Frontiers_000497,2003,6,3,16,10.0,3.0,2.0,2.0,M,0,BT
Frontiers_000497,2004,7,3,16,10.0,4.0,3.0,3.0,M,0,BT
Frontiers_000497,2001,4,3,16,28.0,3.0,2.0,,M,0,BT
Frontiers_000497,2011,14,3,16,7.0,3.0,0.0,0.0,M,0,BT
Frontiers_000497,2007,10,3,16,8.0,3.0,3.0,2.0,M,0,BT
Frontiers_000497,2010,13,3,16,31.0,3.0,2.0,2.0,M,0,BT
Frontiers_000497,2009,12,3,16,11.0,3.0,0.0,1.0,M,0,BT
Frontiers_000497,2012,15,3,16,13.0,3.0,0.0,0.0,M,0,BT
Frontiers_000497,2002,5,3,16,19.0,3.0,3.0,3.0,M,0,BT
Frontiers_000497,2000,3,3,16,19.0,3.0,3.0,,M,0,BT
Frontiers_000497,2005,8,3,16,20.0,3.0,2.0,2.0,M,0,BT
Frontiers_000500,2000,3,3,20,16.0,3.0,3.0,,F,0,BT
Frontiers_000500,2017,19,3,20,20.0,3.0,0.0,0.0,F,1,BT
Frontiers_000500,2015,18,3,20,14.0,3.0,2.0,2.0,F,0,BT
Frontiers_000500,2010,13,3,20,14.0,3.0,2.0,2.0,F,0,BT
Frontiers_000500,2016,19,3,20,19.0,3.0,3.0,2.0,F,0,BT
Frontiers_000500,2002,5,3,20,20.0,3.0,3.0,3.0,F,0,BT
Frontiers_000500,2004,7,3,20,17.0,3.0,3.0,3.0,F,0,BT
Frontiers_000500,2012,15,3,20,26.0,3.0,2.0,2.0,F,0,BT
Frontiers_000500,2008,11,3,20,16.0,3.0,0.0,0.0,F,0,BT
Frontiers_000500,2001,4,3,20,26.0,3.0,3.0,,F,0,BT
Frontiers_000500,2005,8,3,20,20.0,3.0,3.0,0.0,F,0,BT
Frontiers_000500,2003,6,3,20,12.0,3.0,1.0,1.0,F,0,BT
Frontiers_000500,2007,10,3,20,5.0,3.0,3.0,0.0,F,0,BT
Frontiers_000500,2006,9,3,20,22.0,3.0,3.0,3.0,F,0,BT
Frontiers_000500,2014,17,3,20,12.0,3.0,0.0,0.0,F,0,BT
Frontiers_000500,2009,12,3,20,6.0,3.0,2.0,2.0,F,0,BT
Frontiers_000500,2011,14,3,20,2.0,3.0,3.0,3.0,F,0,BT
Frontiers_000500,2013,16,3,20,19.0,3.0,2.0,2.0,F,0,BT
Frontiers_000178,2001,3,3,4,22.0,4.0,4.0,,M,0,BT
Frontiers_000178,2002,4,3,4,23.0,3.0,3.0,2.0,M,1,BT
Frontiers_000138,2000,2,2,2,18.0,3.0,1.0,1.0,M,1,SK
Frontiers_000204,2003,5,3,5,10.0,3.0,3.0,3.0,F,1,BT
Frontiers_000204,2001,3,3,5,28.0,2.0,1.0,,F,0,BT
Frontiers_000204,2002,4,3,5,22.0,3.0,3.0,3.0,F,0,BT
Frontiers_000222,2005,7,4,9,29.0,3.0,3.0,2.0,M,0,SK
Frontiers_000222,2003,5,4,9,14.0,3.0,2.0,2.0,M,0,SK
Frontiers_000222,2006,8,4,9,24.0,3.0,1.0,1.0,M,0,SK
Frontiers_000222,2002,4,4,9,31.0,3.0,3.0,2.0,M,0,SK
Frontiers_000222,2007,9,4,9,10.0,3.0,3.0,2.0,M,1,SK
Frontiers_000188,2006,8,3,11,15.0,3.0,2.0,2.0,M,0,BT
Frontiers_000188,2003,5,3,11,10.0,3.0,3.0,3.0,M,0,BT
Frontiers_000188,2008,10,3,11,18.0,2.0,1.0,1.0,M,0,BT
Frontiers_000188,2009,11,3,11,9.0,2.0,2.0,2.0,M,1,BT
Frontiers_000188,2005,7,3,11,20.0,3.0,3.0,2.0,M,0,BT
Frontiers_000188,2004,6,3,11,19.0,3.0,2.0,2.0,M,0,BT
Frontiers_000188,2002,4,3,11,22.0,3.0,3.0,3.0,M,0,BT
Frontiers_000188,2001,3,3,11,28.0,2.0,1.0,,M,0,BT
Frontiers_000457,2003,4,4,4,32.0,2.0,0.0,0.0,M,1,SK
Frontiers_000402,2006,8,3,8,24.0,3.0,3.0,2.0,M,1,BT
Frontiers_000402,2005,7,3,8,27.0,3.0,3.0,2.0,M,0,BT
Frontiers_000402,2002,4,3,8,24.0,2.0,2.0,2.0,M,0,BT
Frontiers_000402,2003,5,3,8,12.0,3.0,3.0,3.0,M,0,BT
Frontiers_000402,2004,6,3,8,21.0,2.0,2.0,2.0,M,0,BT
Frontiers_000402,2001,3,3,8,24.0,3.0,3.0,,M,0,BT
Frontiers_000301,2006,7,3,7,24.0,3.0,3.0,2.0,F,1,SK
Frontiers_000301,2005,6,3,7,27.0,3.0,3.0,3.0,F,0,SK
Frontiers_000301,2003,4,3,7,14.0,3.0,2.0,2.0,F,0,SK
Frontiers_000301,2002,3,3,7,24.0,3.0,3.0,2.0,F,0,SK
Frontiers_000301,2004,5,3,7,28.0,3.0,3.0,3.0,F,0,SK
Frontiers_000239,2006,7,3,10,22.0,2.0,0.0,0.0,F,0,SK
Frontiers_000239,2002,3,3,10,28.0,2.0,2.0,2.0,F,0,SK
Frontiers_000239,2009,10,3,10,11.0,3.0,3.0,3.0,F,1,SK
Frontiers_000239,2003,4,3,10,14.0,3.0,3.0,,F,0,SK
Frontiers_000239,2008,9,3,10,18.0,2.0,1.0,1.0,F,0,SK
Frontiers_000239,2005,6,3,10,27.0,3.0,3.0,3.0,F,0,SK
Frontiers_000239,2004,5,3,10,23.0,3.0,2.0,,F,0,SK
Frontiers_000542,2004,5,3,10,26.0,2.0,2.0,2.0,F,0,SK
Frontiers_000542,2006,7,3,10,44.0,3.0,2.0,,F,0,SK
Frontiers_000542,2007,8,3,10,18.0,3.0,0.0,1.0,F,0,SK
Frontiers_000542,2005,6,3,10,30.0,3.0,3.0,0.0,F,0,SK
Frontiers_000542,2003,4,3,10,14.0,3.0,3.0,,F,0,SK
Frontiers_000542,2008,9,3,10,22.0,3.0,3.0,3.0,F,0,SK
Frontiers_000542,2009,10,3,10,16.0,3.0,3.0,3.0,F,1,SK
Frontiers_000542,2002,3,3,10,27.0,2.0,2.0,2.0,F,0,SK
Frontiers_000196,2003,4,3,11,36.0,2.0,2.0,2.0,F,0,SK
Frontiers_000196,2007,8,3,11,7.0,3.0,3.0,,F,0,SK
Frontiers_000196,2002,3,3,11,38.0,2.0,2.0,1.0,F,0,SK
Frontiers_000196,2009,10,3,11,16.0,3.0,2.0,2.0,F,0,SK
Frontiers_000196,2010,11,3,11,32.0,2.0,0.0,0.0,F,1,SK
Frontiers_000196,2005,6,3,11,53.0,1.0,0.0,0.0,F,0,SK
Frontiers_000196,2004,5,3,11,28.0,2.0,0.0,0.0,F,0,SK
Frontiers_000196,2006,7,3,11,24.0,3.0,0.0,0.0,F,0,SK
Frontiers_000196,2008,9,3,11,18.0,3.0,3.0,2.0,F,0,SK
Frontiers_000029,2002,3,3,8,27.0,2.0,2.0,2.0,M,0,SK
Frontiers_000029,2006,7,3,8,49.0,2.0,1.0,1.0,M,0,SK
Frontiers_000029,2004,5,3,8,23.0,3.0,3.0,,M,0,SK
Frontiers_000419,2003,4,4,6,14.0,3.0,3.0,,M,0,SK
Frontiers_000419,2005,6,4,6,32.0,3.0,3.0,3.0,M,1,SK
Frontiers_000419,2004,5,4,6,31.0,2.0,2.0,,M,0,SK
Frontiers_000294,2004,5,4,10,23.0,3.0,0.0,0.0,M,0,SK
Frontiers_000294,2006,7,4,10,29.0,3.0,1.0,0.0,M,0,SK
Frontiers_000294,2007,8,4,10,7.0,3.0,2.0,,M,0,SK
Frontiers_000294,2003,4,4,10,29.0,2.0,0.0,0.0,M,0,SK
Frontiers_000294,2005,6,4,10,32.0,2.0,1.0,1.0,M,0,SK
Frontiers_000294,2008,9,4,10,23.0,2.0,2.0,2.0,M,0,SK
Frontiers_000323,2003,4,3,4,16.0,2.0,2.0,2.0,F,1,BT
Frontiers_000323,2002,3,3,4,29.0,2.0,2.0,2.0,F,0,BT
Frontiers_000218,2002,3,3,5,36.0,2.0,,,F,0,SK
Frontiers_000218,2003,4,3,5,29.0,2.0,0.0,0.0,F,0,SK
Frontiers_000218,2004,5,3,5,23.0,3.0,0.0,0.0,F,1,SK
Frontiers_000479,2008,9,3,10,16.0,3.0,0.0,0.0,F,0,SK
Frontiers_000479,2003,4,3,10,15.0,3.0,3.0,3.0,F,0,SK
Frontiers_000479,2004,5,3,10,17.0,3.0,3.0,3.0,F,0,SK
Frontiers_000479,2005,6,3,10,30.0,3.0,1.0,1.0,F,0,SK
Frontiers_000479,2002,3,3,10,29.0,3.0,3.0,2.0,F,0,SK
Frontiers_000479,2009,10,3,10,18.0,3.0,1.0,0.0,F,1,SK
Frontiers_000479,2007,8,3,10,11.0,3.0,3.0,0.0,F,0,SK
Frontiers_000469,2002,3,3,14,37.0,2.0,2.0,2.0,F,0,SK
Frontiers_000469,2006,7,3,14,24.0,3.0,3.0,2.0,F,0,SK
Frontiers_000469,2008,9,3,14,19.0,3.0,1.0,1.0,F,0,SK
Frontiers_000469,2005,6,3,14,27.0,2.0,1.0,1.0,F,0,SK
Frontiers_000469,2012,13,3,14,22.0,3.0,3.0,0.0,F,0,SK
Frontiers_000469,2011,12,3,14,10.0,2.0,1.0,1.0,F,0,SK
Frontiers_000469,2010,11,3,14,28.0,3.0,0.0,0.0,F,0,SK
Frontiers_000469,2004,5,3,14,24.0,2.0,2.0,,F,0,SK
Frontiers_000231,2003,4,2,4,14.0,2.0,1.0,1.0,F,1,SK
Frontiers_000231,2002,3,2,4,46.0,2.0,0.0,0.0,F,0,SK
Frontiers_000231,2001,2,2,4,39.0,2.0,1.0,1.0,F,0,SK
Frontiers_000214,2002,3,3,3,26.0,3.0,3.0,3.0,M,1,SK
Frontiers_000514,2002,3,3,4,,,,2.0,F,0,SK
Frontiers_000514,2003,4,3,4,12.0,3.0,3.0,3.0,F,1,SK
Frontiers_000318,2001,2,2,2,20.0,1.0,0.0,0.0,M,1,SK
Frontiers_000016,2003,4,3,6,15.0,3.0,2.0,,M,0,SK
Frontiers_000016,2002,3,3,6,24.0,3.0,3.0,2.0,M,0,SK
Frontiers_000016,2005,6,3,6,32.0,3.0,2.0,,M,1,SK
Frontiers_000016,2004,5,3,6,24.0,3.0,2.0,,M,0,SK
Frontiers_000177,2009,10,2,18,11.0,3.0,3.0,3.0,M,0,SK
Frontiers_000177,2004,5,2,18,22.0,3.0,0.0,0.0,M,0,SK
Frontiers_000177,2005,6,2,18,31.0,3.0,3.0,0.0,M,0,SK
Frontiers_000177,2008,9,2,18,20.0,2.0,1.0,1.0,M,0,SK
Frontiers_000177,2001,2,2,18,28.0,2.0,2.0,0.0,M,0,SK
Frontiers_000177,2007,8,2,18,26.0,3.0,1.0,0.0,M,0,SK
Frontiers_000177,2006,7,2,18,24.0,3.0,3.0,3.0,M,0,SK
Frontiers_000177,2016,17,2,18,20.0,2.0,2.0,1.0,M,0,SK
Frontiers_000177,2013,14,2,18,20.0,3.0,1.0,0.0,M,0,SK
Frontiers_000177,2010,11,2,18,24.0,3.0,2.0,2.0,M,0,SK
Frontiers_000177,2003,4,2,18,15.0,3.0,3.0,,M,0,SK
Frontiers_000177,2017,18,2,18,29.0,3.0,3.0,3.0,M,1,SK
Frontiers_000177,2002,3,2,18,28.0,3.0,2.0,2.0,M,0,SK
Frontiers_000149,2005,6,5,15,32.0,3.0,2.0,1.0,F,0,SK
Frontiers_000149,2008,9,5,15,31.0,2.0,1.0,0.0,F,0,SK
Frontiers_000149,2006,7,5,15,24.0,3.0,3.0,,F,0,SK
Frontiers_000149,2009,10,5,15,16.0,3.0,3.0,3.0,F,0,SK
Frontiers_000149,2012,13,5,15,32.0,1.0,1.0,1.0,F,0,SK
Frontiers_000149,2007,8,5,15,26.0,1.0,0.0,0.0,F,0,SK
Frontiers_000149,2014,15,5,15,26.0,3.0,1.0,1.0,F,1,SK
Frontiers_000149,2004,5,5,15,23.0,3.0,3.0,2.0,F,0,SK
Frontiers_000339,2002,3,2,3,21.0,3.0,3.0,3.0,F,1,SK
Frontiers_000339,2001,2,2,3,30.0,3.0,3.0,2.0,F,0,SK
Frontiers_000079,2003,4,3,7,14.0,3.0,3.0,,M,0,SK
Frontiers_000079,2002,3,3,7,24.0,2.0,2.0,2.0,M,0,SK
Frontiers_000079,2005,6,3,7,28.0,2.0,2.0,2.0,M,0,SK
Frontiers_000051,2002,4,4,5,23.0,3.0,3.0,2.0,F,0,BT
Frontiers_000051,2003,5,4,5,16.0,2.0,0.0,0.0,F,1,BT
Frontiers_000049,2015,17,3,18,18.0,3.0,3.0,2.0,F,0,BT
Frontiers_000049,2002,4,3,18,24.0,3.0,1.0,1.0,F,0,BT
Frontiers_000049,2008,10,3,18,20.0,3.0,3.0,3.0,F,0,BT
Frontiers_000049,2011,13,3,18,9.0,3.0,3.0,2.0,F,0,BT
Frontiers_000049,2013,15,3,18,20.0,3.0,2.0,1.0,F,0,BT
Frontiers_000049,2009,11,3,18,13.0,3.0,2.0,2.0,F,0,BT
Frontiers_000049,2010,12,3,18,25.0,3.0,2.0,2.0,F,0,BT
Frontiers_000049,2016,18,3,18,19.0,3.0,3.0,2.0,F,1,BT
Frontiers_000049,2012,14,3,18,15.0,2.0,0.0,0.0,F,0,BT
Frontiers_000049,2004,6,3,18,21.0,3.0,3.0,3.0,F,0,BT
Frontiers_000049,2003,5,3,18,12.0,3.0,3.0,3.0,F,0,BT
Frontiers_000049,2007,9,3,18,11.0,3.0,2.0,0.0,F,0,BT
Frontiers_000049,2014,16,3,18,16.0,3.0,3.0,3.0,F,0,BT
Frontiers_000049,2001,3,3,18,30.0,2.0,2.0,,F,0,BT
Frontiers_000049,2005,7,3,18,23.0,3.0,3.0,3.0,F,0,BT
Frontiers_000049,2006,8,3,18,22.0,3.0,2.0,1.0,F,0,BT
Frontiers_000368,2001,3,3,5,52.0,2.0,1.0,0.0,F,0,BT
Frontiers_000368,2003,5,3,5,10.0,3.0,3.0,2.0,F,1,BT
Frontiers_000368,2002,4,3,5,21.0,3.0,3.0,2.0,F,0,BT
Frontiers_000257,2002,4,3,8,24.0,3.0,3.0,3.0,M,0,SK
Frontiers_000257,2005,7,3,8,29.0,3.0,3.0,,M,0,SK
Frontiers_000257,2003,5,3,8,12.0,2.0,2.0,2.0,M,0,SK
Frontiers_000257,2001,3,3,8,28.0,3.0,3.0,3.0,M,0,SK
Frontiers_000257,2004,6,3,8,19.0,3.0,0.0,0.0,M,0,SK
Frontiers_000348,2001,3,3,3,28.0,3.0,3.0,,F,1,BT
Frontiers_000291,2002,4,3,6,21.0,3.0,3.0,3.0,F,0,BT
Frontiers_000291,2001,3,3,6,28.0,2.0,2.0,,F,0,BT
Frontiers_000291,2004,6,3,6,8.0,2.0,1.0,1.0,F,1,BT
Frontiers_000291,2003,5,3,6,12.0,3.0,2.0,2.0,F,0,BT
Frontiers_000096,2015,15,2,16,12.0,2.0,2.0,2.0,M,0,BT
Frontiers_000096,2004,4,2,16,19.0,3.0,3.0,3.0,M,0,BT
Frontiers_000096,2005,5,2,16,23.0,3.0,3.0,3.0,M,0,BT
Frontiers_000096,2002,2,2,16,24.0,3.0,3.0,2.0,M,0,BT
Frontiers_000096,2011,11,2,16,10.0,1.0,0.0,0.0,M,0,BT
Frontiers_000096,2007,7,2,16,33.0,1.0,0.0,0.0,M,0,BT
Frontiers_000096,2003,3,2,16,14.0,3.0,3.0,3.0,M,0,BT
Frontiers_000096,2010,10,2,16,25.0,3.0,3.0,3.0,M,0,BT
Frontiers_000096,2009,9,2,16,10.0,4.0,4.0,3.0,M,0,BT
Frontiers_000096,2016,16,2,16,13.0,3.0,3.0,3.0,M,1,BT
Frontiers_000096,2012,12,2,16,15.0,3.0,2.0,2.0,M,0,BT
Frontiers_000096,2008,8,2,16,18.0,3.0,3.0,3.0,M,0,BT
Frontiers_000096,2006,6,2,16,22.0,3.0,2.0,1.0,M,0,BT
Frontiers_000096,2014,14,2,16,12.0,3.0,3.0,3.0,M,0,BT
Frontiers_000096,2013,13,2,16,22.0,2.0,2.0,2.0,M,0,BT
Frontiers_000401,2005,3,3,9,28.0,3.0,3.0,2.0,M,0,BT
Frontiers_000401,2009,7,3,9,11.0,3.0,3.0,3.0,M,0,BT
Frontiers_000401,2010,8,3,9,29.0,3.0,2.0,2.0,M,0,BT
Frontiers_000401,2011,9,3,9,7.0,3.0,3.0,2.0,M,1,BT
Frontiers_000401,2007,5,3,9,9.0,3.0,3.0,0.0,M,0,BT
Frontiers_000401,2006,4,3,9,22.0,3.0,3.0,2.0,M,0,BT
Frontiers_000401,2008,6,3,9,23.0,3.0,3.0,3.0,M,0,BT
Frontiers_000240,2005,5,3,9,29.0,3.0,3.0,3.0,M,0,BT
Frontiers_000240,2008,8,3,9,18.0,3.0,3.0,2.0,M,0,BT
Frontiers_000240,2003,3,3,9,12.0,3.0,3.0,3.0,M,0,BT
Frontiers_000240,2004,4,3,9,19.0,3.0,3.0,3.0,M,0,BT
Frontiers_000240,2009,9,3,9,11.0,3.0,3.0,3.0,M,1,BT
Frontiers_000240,2007,7,3,9,10.0,3.0,2.0,2.0,M,0,BT
Frontiers_000240,2006,6,3,9,20.0,3.0,2.0,2.0,M,0,BT
Frontiers_000200,2006,6,3,10,32.0,2.0,2.0,,M,0,SK
Frontiers_000200,2003,3,3,10,46.0,1.0,1.0,1.0,M,0,SK
Frontiers_000200,2005,5,3,10,33.0,2.0,2.0,0.0,M,0,SK
Frontiers_000200,2008,8,3,10,26.0,3.0,0.0,0.0,M,0,SK
Frontiers_000200,2009,9,3,10,16.0,3.0,0.0,1.0,M,0,SK
Frontiers_000200,2004,4,3,10,28.0,2.0,2.0,2.0,M,0,SK
Frontiers_000200,2010,10,3,10,43.0,3.0,0.0,0.0,M,1,SK
Frontiers_000488,2009,9,3,9,6.0,3.0,3.0,3.0,F,1,BT
Frontiers_000488,2005,5,3,9,29.0,3.0,3.0,3.0,F,0,BT
Frontiers_000488,2003,3,3,9,14.0,3.0,3.0,3.0,F,0,BT
Frontiers_000488,2004,4,3,9,19.0,3.0,3.0,3.0,F,0,BT
Frontiers_000488,2006,6,3,9,20.0,3.0,2.0,2.0,F,0,BT
Frontiers_000488,2008,8,3,9,18.0,3.0,3.0,3.0,F,0,BT
Frontiers_000488,2007,7,3,9,13.0,3.0,2.0,2.0,F,0,BT
Frontiers_000108,2011,11,3,11,12.0,3.0,3.0,3.0,F,1,BT
Frontiers_000108,2003,3,3,11,38.0,1.0,0.0,0.0,F,0,BT
Frontiers_000108,2007,7,3,11,9.0,3.0,3.0,1.0,F,0,BT
Frontiers_000108,2006,6,3,11,20.0,3.0,0.0,0.0,F,0,BT
Frontiers_000108,2010,10,3,11,29.0,3.0,1.0,1.0,F,0,BT
Frontiers_000108,2009,9,3,11,9.0,3.0,3.0,3.0,F,0,BT
Frontiers_000108,2005,5,3,11,26.0,3.0,3.0,2.0,F,0,BT
Frontiers_000108,2004,4,3,11,17.0,3.0,3.0,0.0,F,0,BT
Frontiers_000108,2008,8,3,11,18.0,3.0,1.0,1.0,F,0,BT
Frontiers_000466,2004,4,4,4,19.0,3.0,3.0,3.0,M,1,BT
Frontiers_000332,2004,4,3,17,,3.0,3.0,3.0,F,0,SK
Frontiers_000332,2013,13,3,17,20.0,3.0,0.0,0.0,F,0,SK
Frontiers_000332,2015,15,3,17,16.0,3.0,3.0,3.0,F,0,SK
Frontiers_000332,2005,5,3,17,,,,2.0,F,0,SK
Frontiers_000332,2006,6,3,17,,,,2.0,F,0,SK
Frontiers_000332,2003,3,3,17,46.0,1.0,1.0,1.0,F,0,SK
Frontiers_000332,2017,17,3,17,21.0,3.0,0.0,0.0,F,1,SK
Frontiers_000332,2012,12,3,17,28.0,,,1.0,F,0,SK
Frontiers_000332,2016,16,3,17,14.0,3.0,3.0,3.0,F,0,SK
Frontiers_000332,2014,14,3,17,23.0,3.0,2.0,2.0,F,0,SK
Frontiers_000253,2003,5,3,5,10.0,3.0,3.0,3.0,M,1,SK
Frontiers_000253,2001,3,3,5,18.0,3.0,2.0,2.0,M,0,SK
Frontiers_000253,2002,4,3,5,17.0,3.0,3.0,3.0,M,0,SK
Frontiers_000244,2003,4,4,5,21.0,3.0,3.0,2.0,M,0,BT
Frontiers_000244,2004,5,4,5,23.0,3.0,2.0,1.0,M,1,BT
Frontiers_000205,2008,5,3,11,19.0,3.0,0.0,0.0,F,0,BT
Frontiers_000205,2012,9,3,11,18.0,3.0,3.0,3.0,F,0,BT
Frontiers_000205,2010,7,3,11,24.0,3.0,2.0,2.0,F,0,BT
Frontiers_000205,2009,6,3,11,13.0,3.0,3.0,3.0,F,0,BT
Frontiers_000205,2006,3,3,11,22.0,3.0,0.0,0.0,F,0,BT
Frontiers_000205,2014,11,3,11,13.0,2.0,1.0,1.0,F,1,BT
Frontiers_000205,2013,10,3,11,20.0,3.0,2.0,1.0,F,0,BT
Frontiers_000205,2011,8,3,11,4.0,3.0,1.0,1.0,F,0,BT
Frontiers_000205,2007,4,3,11,13.0,3.0,0.0,0.0,F,0,BT
Frontiers_000390,2001,2,2,2,24.0,3.0,3.0,,F,1,BT
Frontiers_000058,2010,11,3,11,29.0,3.0,3.0,3.0,F,1,BT
Frontiers_000058,2008,9,3,11,20.0,3.0,3.0,3.0,F,0,BT
Frontiers_000058,2006,7,3,11,24.0,3.0,3.0,2.0,F,0,BT
Frontiers_000058,2004,5,3,11,21.0,3.0,3.0,3.0,F,0,BT
Frontiers_000058,2009,10,3,11,12.0,3.0,3.0,3.0,F,0,BT
Frontiers_000058,2003,4,3,11,23.0,3.0,3.0,3.0,F,0,BT
Frontiers_000058,2007,8,3,11,18.0,3.0,0.0,0.0,F,0,BT
Frontiers_000058,2002,3,3,11,36.0,2.0,2.0,2.0,F,0,BT
Frontiers_000058,2005,6,3,11,27.0,3.0,3.0,2.0,F,0,BT
Frontiers_000266,2009,10,4,13,23.0,2.0,2.0,2.0,M,0,BT
Frontiers_000266,2003,4,4,13,14.0,3.0,3.0,3.0,M,0,BT
Frontiers_000266,2004,5,4,13,19.0,3.0,3.0,3.0,M,0,BT
Frontiers_000266,2008,9,4,13,20.0,3.0,3.0,3.0,M,0,BT
Frontiers_000266,2012,13,4,13,19.0,3.0,3.0,2.0,M,1,BT
Frontiers_000266,2006,7,4,13,20.0,3.0,3.0,3.0,M,0,BT
Frontiers_000266,2007,8,4,13,13.0,4.0,3.0,1.0,M,0,BT
Frontiers_000266,2005,6,4,13,21.0,3.0,3.0,3.0,M,0,BT
Frontiers_000266,2010,11,4,13,29.0,3.0,2.0,2.0,M,0,BT
Frontiers_000489,2004,5,3,5,24.0,3.0,3.0,1.0,F,1,SK
Frontiers_000489,2002,3,3,5,52.0,2.0,0.0,0.0,F,0,SK
Frontiers_000489,2003,4,3,5,32.0,3.0,0.0,0.0,F,0,SK
Frontiers_000274,2008,9,1,12,20.0,3.0,3.0,3.0,F,0,BT
Frontiers_000274,2009,10,1,12,13.0,3.0,2.0,2.0,F,0,BT
Frontiers_000274,2000,2,1,12,16.0,4.0,4.0,,F,0,BT
Frontiers_000274,2004,5,1,12,14.0,3.0,2.0,2.0,F,0,BT
Frontiers_000274,2001,2,1,12,26.0,3.0,3.0,,F,0,BT
Frontiers_000274,2002,3,1,12,23.0,3.0,3.0,2.0,F,0,BT
Frontiers_000274,2011,12,1,12,9.0,2.0,2.0,2.0,F,1,BT
Frontiers_000274,2006,7,1,12,24.0,3.0,1.0,2.0,F,0,BT
Frontiers_000274,2007,8,1,12,13.0,4.0,3.0,1.0,F,0,BT
Frontiers_000274,2003,4,1,12,14.0,3.0,3.0,2.0,F,0,BT
Frontiers_000274,2005,6,1,12,24.0,2.0,2.0,0.0,F,0,BT
Frontiers_000148,2004,4,4,5,47.0,2.0,2.0,1.0,M,0,BT
Frontiers_000148,2005,5,4,5,25.0,3.0,3.0,3.0,M,1,BT
Frontiers_000374,2002,3,3,3,28.0,2.0,2.0,2.0,F,1,SK
Frontiers_000125,2004,5,3,5,23.0,3.0,3.0,,F,1,SK
Frontiers_000125,2002,3,3,5,27.0,2.0,2.0,2.0,F,0,SK
Frontiers_000125,2003,4,3,5,15.0,3.0,2.0,,F,0,SK
Frontiers_000415,2007,8,3,11,16.0,3.0,0.0,0.0,M,0,SK
Frontiers_000415,2005,6,3,11,32.0,1.0,0.0,0.0,M,0,SK
Frontiers_000415,2002,3,3,11,28.0,2.0,2.0,2.0,M,0,SK
Frontiers_000415,2004,5,3,11,39.0,2.0,2.0,2.0,M,0,SK
Frontiers_000415,2006,7,3,11,27.0,3.0,3.0,,M,0,SK
Frontiers_000415,2003,4,3,11,14.0,3.0,1.0,0.0,M,0,SK
Frontiers_000415,2008,9,3,11,47.0,2.0,0.0,0.0,M,0,SK
Frontiers_000415,2009,10,3,11,17.0,3.0,2.0,2.0,M,0,SK
Frontiers_000009,2006,7,3,9,28.0,3.0,0.0,0.0,F,0,SK
Frontiers_000009,2007,8,3,9,15.0,,0.0,0.0,F,0,SK
Frontiers_000009,2003,4,3,9,17.0,2.0,2.0,,F,0,SK
Frontiers_000009,2004,5,3,9,31.0,2.0,2.0,,F,0,SK
Frontiers_000009,2005,6,3,9,29.0,3.0,3.0,1.0,F,0,SK
Frontiers_000009,2002,3,3,9,39.0,2.0,1.0,1.0,F,0,SK
Frontiers_000009,2008,9,3,9,47.0,2.0,0.0,0.0,F,1,SK
Frontiers_000337,2005,6,4,7,30.0,3.0,3.0,0.0,F,0,SK
Frontiers_000337,2006,7,4,7,24.0,3.0,3.0,1.0,F,1,SK
Frontiers_000337,2004,5,4,7,24.0,3.0,3.0,3.0,F,0,SK
Frontiers_000102,2011,11,2,14,11.0,3.0,1.0,1.0,M,0,SK
Frontiers_000102,2002,2,2,14,38.0,2.0,2.0,1.0,M,0,SK
Frontiers_000102,2004,4,2,14,29.0,2.0,2.0,2.0,M,0,SK
Frontiers_000102,2012,12,2,14,24.0,3.0,3.0,3.0,M,0,SK
Frontiers_000102,2013,13,2,14,20.0,3.0,3.0,2.0,M,0,SK
Frontiers_000102,2014,14,2,14,27.0,2.0,1.0,1.0,M,1,SK
Frontiers_000102,2010,10,2,14,26.0,3.0,1.0,1.0,M,0,SK
Frontiers_000102,2005,5,2,14,28.0,2.0,2.0,2.0,M,0,SK
Frontiers_000102,2006,6,2,14,24.0,3.0,3.0,3.0,M,0,SK
Frontiers_000102,2007,7,2,14,6.0,2.0,2.0,1.0,M,0,SK
Frontiers_000102,2008,8,2,14,18.0,3.0,3.0,2.0,M,0,SK
Frontiers_000102,2009,9,2,14,12.0,3.0,3.0,3.0,M,0,SK
Frontiers_000532,2003,3,3,7,14.0,3.0,2.0,,F,0,SK
Frontiers_000532,2006,6,3,7,22.0,3.0,3.0,,F,0,SK
Frontiers_000532,2005,5,3,7,27.0,3.0,3.0,2.0,F,0,SK
Frontiers_000532,2004,4,3,7,26.0,3.0,3.0,,F,0,SK
Frontiers_000532,2007,7,3,7,14.0,3.0,0.0,0.0,F,1,SK
Frontiers_000263,2003,3,2,9,32.0,3.0,0.0,0.0,F,0,BT
Frontiers_000263,2002,2,2,9,27.0,3.0,3.0,2.0,F,0,BT
Frontiers_000263,2004,4,2,9,19.0,3.0,3.0,3.0,F,0,BT
Frontiers_000263,2009,9,2,9,15.0,2.0,2.0,2.0,F,1,BT
Frontiers_000263,2008,8,2,9,18.0,2.0,1.0,1.0,F,0,BT
Frontiers_000038,2005,5,3,5,33.0,3.0,2.0,0.0,F,1,SK
Frontiers_000038,2004,4,3,5,20.0,3.0,3.0,,F,0,SK
Frontiers_000038,2003,3,3,5,14.0,3.0,3.0,,F,0,SK
Frontiers_000506,2006,6,3,6,27.0,3.0,2.0,2.0,M,1,SK
Frontiers_000506,2005,5,3,6,29.0,3.0,3.0,2.0,M,0,SK
Frontiers_000506,2004,4,3,6,23.0,3.0,3.0,,M,0,SK
Frontiers_000506,2003,3,3,6,28.0,3.0,3.0,3.0,M,0,SK
Frontiers_000046,2005,5,3,7,25.0,3.0,3.0,3.0,M,0,SK
Frontiers_000046,2006,6,3,7,22.0,2.0,0.0,1.0,M,0,SK
Frontiers_000046,2004,4,3,7,19.0,3.0,3.0,,M,0,SK
Frontiers_000046,2003,3,3,7,14.0,3.0,3.0,3.0,M,0,SK
Frontiers_000046,2007,7,3,7,11.0,3.0,1.0,0.0,M,1,SK
Frontiers_000483,2004,4,3,11,17.0,3.0,3.0,3.0,M,0,BT
Frontiers_000483,2003,3,3,11,12.0,3.0,1.0,1.0,M,0,BT
Frontiers_000483,2005,5,3,11,20.0,3.0,3.0,0.0,M,0,BT
Frontiers_000483,2006,6,3,11,22.0,3.0,3.0,3.0,M,0,BT
Frontiers_000483,2010,10,3,11,25.0,3.0,3.0,2.0,M,0,BT
Frontiers_000483,2009,9,3,11,13.0,3.0,3.0,3.0,M,0,BT
Frontiers_000483,2007,7,3,11,33.0,2.0,0.0,0.0,M,0,BT
Frontiers_000483,2011,11,3,11,7.0,3.0,2.0,2.0,M,1,BT
Frontiers_000483,2008,8,3,11,20.0,2.0,1.0,1.0,M,0,BT
Frontiers_000484,2007,7,2,7,16.0,3.0,2.0,,F,1,SK
Frontiers_000484,2005,5,2,7,34.0,3.0,3.0,0.0,F,0,SK
Frontiers_000484,2006,6,2,7,29.0,3.0,3.0,,F,0,SK
Frontiers_000484,2004,4,2,7,26.0,,0.0,0.0,F,0,SK
Frontiers_000484,2002,2,2,7,54.0,2.0,0.0,0.0,F,0,SK
Frontiers_000169,2004,4,3,5,31.0,2.0,2.0,,M,0,SK
Frontiers_000169,2005,5,3,5,29.0,3.0,3.0,1.0,M,1,SK
Frontiers_000169,2003,3,3,5,36.0,2.0,2.0,2.0,M,0,SK
Frontiers_000002,2004,4,3,4,19.0,3.0,2.0,0.0,F,1,BT
Frontiers_000002,2003,3,3,4,33.0,2.0,1.0,0.0,F,0,BT
Frontiers_000175,2004,4,4,4,28.0,3.0,3.0,0.0,M,1,SK
Frontiers_000264,2006,6,3,7,24.0,3.0,1.0,1.0,F,0,SK
Frontiers_000264,2007,7,3,7,10.0,3.0,3.0,2.0,F,1,SK
Frontiers_000264,2005,5,3,7,29.0,3.0,3.0,2.0,F,0,SK
Frontiers_000264,2003,3,3,7,31.0,3.0,3.0,3.0,F,0,SK
Frontiers_000122,2005,5,4,5,33.0,3.0,2.0,0.0,M,1,SK
Frontiers_000122,2004,4,4,5,24.0,3.0,1.0,1.0,M,0,SK
Frontiers_000451,2011,11,4,13,9.0,3.0,0.0,0.0,F,0,SK
Frontiers_000451,2004,4,4,13,19.0,3.0,2.0,,F,0,SK
Frontiers_000451,2006,6,4,13,24.0,2.0,2.0,,F,0,SK
Frontiers_000451,2013,13,4,13,20.0,3.0,1.0,0.0,F,1,SK
Frontiers_000451,2007,7,4,13,9.0,3.0,3.0,0.0,F,0,SK
Frontiers_000451,2005,5,4,13,28.0,2.0,1.0,0.0,F,0,SK
Frontiers_000464,2005,5,4,6,32.0,2.0,2.0,,M,0,SK
Frontiers_000464,2004,4,4,6,22.0,3.0,3.0,3.0,M,0,SK
Frontiers_000464,2006,6,4,6,24.0,3.0,3.0,,M,1,SK
Frontiers_000140,2003,3,3,6,37.0,2.0,2.0,0.0,F,0,SK
Frontiers_000140,2006,6,3,6,24.0,3.0,0.0,0.0,F,1,SK
Frontiers_000293,2007,7,3,7,17.0,3.0,2.0,0.0,M,1,BT
Frontiers_000293,2004,4,3,7,24.0,3.0,2.0,2.0,M,0,BT
Frontiers_000293,2006,6,3,7,32.0,3.0,2.0,2.0,M,0,BT
Frontiers_000293,2003,3,3,7,38.0,1.0,0.0,0.0,M,0,BT
Frontiers_000293,2005,5,3,7,26.0,3.0,3.0,2.0,M,0,BT
Frontiers_000369,2004,4,3,6,21.0,3.0,2.0,2.0,F,0,SK
Frontiers_000369,2003,3,3,6,38.0,2.0,2.0,2.0,F,0,SK
Frontiers_000369,2005,5,3,6,26.0,3.0,2.0,2.0,F,0,SK
Frontiers_000369,2006,6,3,6,22.0,3.0,3.0,3.0,F,1,SK
Frontiers_000391,2016,16,3,17,14.0,3.0,3.0,2.0,M,0,SK
Frontiers_000391,2009,9,3,17,14.0,2.0,2.0,2.0,M,0,SK
Frontiers_000391,2010,10,3,17,28.0,1.0,1.0,1.0,M,0,SK
Frontiers_000391,2013,13,3,17,21.0,2.0,0.0,0.0,M,0,SK
Frontiers_000391,2005,5,3,17,30.0,3.0,2.0,,M,0,SK
Frontiers_000391,2012,12,3,17,28.0,2.0,2.0,2.0,M,0,SK
Frontiers_000391,2011,11,3,17,9.0,3.0,2.0,2.0,M,0,SK
Frontiers_000391,2015,15,3,17,14.0,3.0,3.0,3.0,M,0,SK
Frontiers_000391,2008,8,3,17,18.0,3.0,3.0,3.0,M,0,SK
Frontiers_000391,2004,4,3,17,61.0,2.0,0.0,0.0,M,0,SK
Frontiers_000391,2014,14,3,17,17.0,3.0,3.0,3.0,M,0,SK
Frontiers_000391,2003,3,3,17,38.0,2.0,0.0,0.0,M,0,SK
Frontiers_000391,2017,17,3,17,21.0,3.0,3.0,3.0,M,1,SK
Frontiers_000068,2005,5,2,15,27.0,3.0,3.0,1.0,F,0,SK
Frontiers_000068,2008,8,2,15,18.0,3.0,3.0,3.0,F,0,SK
Frontiers_000068,2010,10,2,15,21.0,3.0,3.0,2.0,F,0,SK
Frontiers_000068,2011,11,2,15,7.0,3.0,3.0,3.0,F,0,SK
Frontiers_000068,2002,2,2,15,51.0,2.0,2.0,1.0,F,0,SK
Frontiers_000068,2012,12,2,15,19.0,3.0,3.0,3.0,F,0,SK
Frontiers_000068,2009,9,2,15,15.0,3.0,3.0,3.0,F,0,SK
Frontiers_000068,2014,14,2,15,25.0,4.0,4.0,,F,0,SK
Frontiers_000068,2004,4,2,15,24.0,3.0,2.0,,F,0,SK
Frontiers_000068,2006,6,2,15,24.0,2.0,1.0,1.0,F,0,SK
Frontiers_000068,2015,15,2,15,17.0,4.0,3.0,3.0,F,1,SK
Frontiers_000068,2013,13,2,15,20.0,3.0,0.0,0.0,F,0,SK
Frontiers_000298,2005,5,3,6,32.0,2.0,2.0,,F,0,SK
Frontiers_000298,2003,3,3,6,36.0,2.0,0.0,0.0,F,0,SK
Frontiers_000298,2006,6,3,6,34.0,2.0,0.0,0.0,F,1,SK
Frontiers_000298,2004,4,3,6,32.0,2.0,2.0,,F,0,SK
Frontiers_000060,2004,4,3,7,21.0,2.0,2.0,,F,0,SK
Frontiers_000060,2006,6,3,7,22.0,3.0,2.0,2.0,F,0,SK
Frontiers_000060,2007,7,3,7,11.0,3.0,1.0,0.0,F,1,SK
Frontiers_000060,2003,3,3,7,14.0,3.0,2.0,,F,0,SK
Frontiers_000060,2005,5,3,7,27.0,3.0,3.0,3.0,F,0,SK
Frontiers_000344,2004,4,4,5,43.0,2.0,2.0,2.0,M,0,SK
Frontiers_000344,2005,5,4,5,26.0,3.0,3.0,2.0,M,1,SK
Frontiers_000106,2006,6,5,7,22.0,3.0,0.0,,M,0,SK
Frontiers_000106,2005,5,5,7,25.0,2.0,2.0,0.0,M,0,SK
Frontiers_000023,2006,6,3,9,20.0,3.0,3.0,3.0,M,0,BT
Frontiers_000023,2005,5,3,9,20.0,3.0,2.0,2.0,M,0,BT
Frontiers_000023,2003,3,3,9,14.0,3.0,2.0,2.0,M,0,BT
Frontiers_000023,2004,4,3,9,17.0,3.0,3.0,2.0,M,0,BT
Frontiers_000023,2007,7,3,9,11.0,2.0,0.0,1.0,M,0,BT
Frontiers_000023,2009,9,3,9,7.0,3.0,3.0,3.0,M,1,BT
Frontiers_000023,2008,8,3,9,16.0,3.0,3.0,3.0,M,0,BT
Frontiers_000540,2003,3,3,3,13.0,3.0,3.0,,F,1,SK
Frontiers_000279,2003,3,2,3,12.0,2.0,2.0,,F,1,SK
Frontiers_000279,2002,2,2,3,24.0,2.0,1.0,1.0,F,0,SK
Frontiers_000361,2003,3,3,3,38.0,2.0,1.0,0.0,F,1,SK
Frontiers_000310,2008,8,3,9,18.0,3.0,1.0,1.0,M,0,BT
Frontiers_000310,2007,7,3,9,9.0,3.0,3.0,1.0,M,0,BT
Frontiers_000310,2003,3,3,9,35.0,2.0,2.0,0.0,M,0,BT
Frontiers_000310,2009,9,3,9,9.0,3.0,3.0,3.0,M,1,BT
Frontiers_000165,2003,3,3,5,12.0,3.0,3.0,,F,0,SK
Frontiers_000165,2004,4,3,5,17.0,3.0,3.0,2.0,F,0,SK
Frontiers_000165,2005,5,3,5,25.0,3.0,0.0,0.0,F,1,SK
Frontiers_000360,2005,2,2,2,33.0,2.0,0.0,0.0,M,1,BT
Frontiers_000429,2009,9,3,9,16.0,2.0,0.0,0.0,F,1,SK
Frontiers_000429,2003,3,3,9,50.0,1.0,0.0,0.0,F,0,SK
Frontiers_000429,2005,5,3,9,27.0,3.0,2.0,1.0,F,0,SK
Frontiers_000429,2004,4,3,9,21.0,3.0,3.0,,F,0,SK
Frontiers_000367,2011,11,3,12,2.0,3.0,0.0,0.0,M,0,BT
Frontiers_000367,2005,5,3,12,29.0,2.0,2.0,0.0,M,0,BT
Frontiers_000367,2012,12,3,12,17.0,3.0,0.0,0.0,M,1,BT
Frontiers_000367,2009,9,3,12,11.0,2.0,2.0,1.0,M,0,BT
Frontiers_000367,2006,6,3,12,22.0,3.0,2.0,2.0,M,0,BT
Frontiers_000367,2010,10,3,12,22.0,3.0,0.0,0.0,M,0,BT
Frontiers_000367,2008,8,3,12,20.0,3.0,0.0,0.0,M,0,BT
Frontiers_000367,2007,7,3,12,11.0,3.0,0.0,0.0,M,0,BT
Frontiers_000367,2004,4,3,12,19.0,3.0,2.0,0.0,M,0,BT
Frontiers_000367,2003,3,3,12,33.0,2.0,1.0,0.0,M,0,BT
Frontiers_000191,2007,7,4,8,5.0,3.0,3.0,,F,0,SK
Frontiers_000191,2008,8,4,8,18.0,3.0,3.0,3.0,F,1,SK
Frontiers_000191,2006,6,4,8,26.0,3.0,0.0,0.0,F,0,SK
Frontiers_000191,2004,4,4,8,23.0,2.0,2.0,,F,0,SK
Frontiers_000191,2005,5,4,8,32.0,3.0,2.0,,F,0,SK
Frontiers_000043,2005,5,3,11,21.0,3.0,3.0,3.0,F,0,BT
Frontiers_000043,2010,10,3,11,31.0,1.0,0.0,0.0,F,0,BT
Frontiers_000043,2004,4,3,11,19.0,3.0,3.0,3.0,F,0,BT
Frontiers_000043,2009,9,3,11,11.0,2.0,2.0,1.0,F,0,BT
Frontiers_000043,2007,7,3,11,15.0,,0.0,0.0,F,0,BT
Frontiers_000043,2008,8,3,11,20.0,3.0,0.0,0.0,F,0,BT
Frontiers_000043,2003,3,3,11,14.0,3.0,3.0,3.0,F,0,BT
Frontiers_000043,2011,11,3,11,6.0,3.0,3.0,3.0,F,1,BT
Frontiers_000043,2006,6,3,11,20.0,3.0,3.0,3.0,F,0,BT
Frontiers_000486,2004,4,4,5,28.0,2.0,2.0,2.0,F,0,SK
Frontiers_000486,2005,5,4,5,33.0,2.0,2.0,0.0,F,1,SK
Frontiers_000527,2004,4,3,6,24.0,2.0,2.0,,M,0,SK
Frontiers_000527,2005,5,3,6,27.0,2.0,1.0,1.0,M,0,SK
Frontiers_000527,2006,6,3,6,24.0,3.0,3.0,2.0,M,1,SK
Frontiers_000064,2005,5,3,7,25.0,3.0,3.0,1.0,M,0,SK
Frontiers_000064,2007,7,3,7,28.0,3.0,0.0,0.0,M,1,SK
Frontiers_000064,2003,3,3,7,17.0,3.0,2.0,2.0,M,0,SK
Frontiers_000064,2004,4,3,7,17.0,3.0,3.0,3.0,M,0,SK
Frontiers_000064,2006,6,3,7,26.0,3.0,3.0,3.0,M,0,SK
Frontiers_000071,2003,3,3,3,36.0,2.0,2.0,2.0,F,1,SK
Frontiers_000129,2004,4,2,6,26.0,3.0,2.0,,F,0,SK
Frontiers_000129,2005,5,2,6,32.0,3.0,2.0,2.0,F,0,SK
Frontiers_000129,2003,3,2,6,17.0,2.0,0.0,0.0,F,0,SK
Frontiers_000129,2006,6,2,6,28.0,3.0,2.0,2.0,F,1,SK
Frontiers_000129,2002,2,2,6,42.0,3.0,1.0,1.0,F,0,SK
Frontiers_000528,2011,11,3,11,6.0,3.0,3.0,3.0,F,1,BT
Frontiers_000528,2003,3,3,11,21.0,3.0,3.0,2.0,F,0,BT
Frontiers_000528,2009,9,3,11,5.0,3.0,3.0,3.0,F,0,BT
Frontiers_000528,2006,6,3,11,22.0,3.0,2.0,2.0,F,0,BT
Frontiers_000528,2005,5,3,11,33.0,2.0,0.0,0.0,F,0,BT
Frontiers_000528,2004,4,3,11,19.0,3.0,2.0,2.0,F,0,BT
Frontiers_000528,2008,8,3,11,19.0,3.0,3.0,3.0,F,0,BT
Frontiers_000528,2010,10,3,11,14.0,3.0,3.0,2.0,F,0,BT
Frontiers_000315,2005,5,3,6,30.0,2.0,2.0,1.0,F,0,SK
Frontiers_000315,2003,3,3,6,47.0,2.0,2.0,2.0,F,0,SK
Frontiers_000315,2004,4,3,6,23.0,3.0,0.0,0.0,F,0,SK
Frontiers_000247,2005,4,4,9,30.0,3.0,2.0,2.0,M,0,SK
Frontiers_000247,2006,5,4,9,32.0,3.0,2.0,3.0,M,0,SK
Frontiers_000247,2008,7,4,9,18.0,3.0,2.0,2.0,M,0,SK
Frontiers_000247,2009,8,4,9,13.0,3.0,3.0,3.0,M,0,SK
Frontiers_000158,2006,5,3,5,30.0,3.0,2.0,2.0,M,1,BT
Frontiers_000158,2004,3,3,5,24.0,3.0,3.0,3.0,M,0,BT
Frontiers_000248,2004,3,3,4,22.0,3.0,3.0,3.0,F,0,BT
Frontiers_000342,2004,3,3,16,21.0,3.0,3.0,3.0,F,0,BT
Frontiers_000342,2012,11,3,16,19.0,3.0,0.0,0.0,F,0,BT
Frontiers_000342,2013,12,3,16,44.0,2.0,0.0,0.0,F,0,BT
Frontiers_000342,2017,16,3,16,22.0,3.0,2.0,2.0,F,1,BT
Frontiers_000342,2015,14,3,16,18.0,3.0,3.0,2.0,F,0,BT
Frontiers_000342,2005,4,3,16,27.0,3.0,2.0,2.0,F,0,BT
Frontiers_000342,2014,13,3,16,23.0,3.0,3.0,3.0,F,0,BT
Frontiers_000342,2010,9,3,16,17.0,3.0,0.0,0.0,F,0,BT
Frontiers_000342,2009,8,3,16,7.0,3.0,3.0,2.0,F,0,BT
Frontiers_000342,2011,10,3,16,4.0,3.0,2.0,2.0,F,0,BT
Frontiers_000342,2016,15,3,16,24.0,3.0,3.0,1.0,F,0,BT
Frontiers_000342,2006,5,3,16,22.0,3.0,3.0,3.0,F,0,BT
Frontiers_000342,2008,7,3,16,18.0,3.0,3.0,3.0,F,0,BT
Frontiers_000342,2007,6,3,16,10.0,3.0,3.0,0.0,F,0,BT
Frontiers_000375,2004,3,2,3,24.0,2.0,2.0,1.0,F,1,BT
Frontiers_000375,2003,2,2,3,35.0,2.0,2.0,0.0,F,0,BT
Frontiers_000042,2003,2,2,2,49.0,2.0,2.0,2.0,M,1,SK
Frontiers_000014,2014,13,2,20,25.0,3.0,0.0,0.0,M,0,SK
Frontiers_000014,2010,9,2,20,24.0,3.0,3.0,2.0,M,0,SK
Frontiers_000014,2016,15,2,20,19.0,3.0,0.0,1.0,M,0,SK
Frontiers_000014,2019,18,2,20,28.0,2.0,2.0,2.0,M,0,SK
Frontiers_000014,2003,2,2,20,36.0,2.0,2.0,2.0,M,0,SK
Frontiers_000014,2006,5,2,20,25.0,3.0,2.0,,M,0,SK
Frontiers_000014,2005,4,2,20,27.0,3.0,3.0,1.0,M,0,SK
Frontiers_000014,2007,6,2,20,18.0,3.0,3.0,,M,0,SK
Frontiers_000014,2008,7,2,20,19.0,3.0,1.0,0.0,M,0,SK
Frontiers_000014,2021,19,2,20,42.0,2.0,0.0,0.0,M,1,SK
Frontiers_000014,2004,3,2,20,42.0,3.0,3.0,2.0,M,0,SK
Frontiers_000014,2018,17,2,20,20.0,3.0,0.0,0.0,M,0,SK
Frontiers_000014,2020,19,2,20,27.0,3.0,0.0,0.0,M,0,SK
Frontiers_000014,2009,8,2,20,17.0,3.0,3.0,3.0,M,0,SK
Frontiers_000516,2006,5,5,6,32.0,2.0,1.0,1.0,M,0,SK
Frontiers_000516,2007,6,5,6,11.0,3.0,3.0,0.0,M,1,SK
Frontiers_000019,2004,3,3,5,45.0,1.0,0.0,0.0,F,0,SK
Frontiers_000019,2006,5,3,5,54.0,2.0,0.0,0.0,F,1,SK
Frontiers_000141,2006,5,5,7,28.0,3.0,3.0,,M,0,SK
Frontiers_000265,2005,3,3,3,27.0,3.0,3.0,2.0,F,1,SK
Frontiers_000219,2009,7,3,10,17.0,3.0,2.0,2.0,F,0,SK
Frontiers_000219,2005,3,3,10,34.0,2.0,1.0,,F,0,SK
Frontiers_000219,2006,4,3,10,26.0,2.0,2.0,,F,0,SK
Frontiers_000219,2007,5,3,10,26.0,2.0,1.0,1.0,F,0,SK
Frontiers_000219,2012,10,3,10,22.0,2.0,2.0,1.0,F,1,SK
Frontiers_000219,2008,6,3,10,31.0,3.0,0.0,0.0,F,0,SK
Frontiers_000219,2011,9,3,10,9.0,3.0,2.0,2.0,F,0,SK
Frontiers_000219,2010,8,3,10,30.0,3.0,3.0,3.0,F,0,SK
Frontiers_000408,2012,10,3,10,22.0,2.0,0.0,0.0,M,1,SK
Frontiers_000408,2005,3,3,10,57.0,2.0,1.0,1.0,M,0,SK
Frontiers_000408,2009,7,3,10,42.0,1.0,0.0,0.0,M,0,SK
Frontiers_000461,2007,5,2,5,13.0,3.0,2.0,,F,1,SK
Frontiers_000461,2005,3,2,5,29.0,3.0,3.0,3.0,F,0,SK
Frontiers_000461,2006,4,2,5,28.0,3.0,3.0,3.0,F,0,SK
Frontiers_000461,2004,2,2,5,28.0,2.0,2.0,2.0,F,0,SK
Frontiers_000365,2005,3,3,3,33.0,2.0,2.0,0.0,M,1,SK
Frontiers_000062,2005,3,3,4,33.0,3.0,2.0,,F,0,SK
Frontiers_000062,2006,4,3,4,26.0,3.0,3.0,,F,1,SK
Frontiers_000072,2005,3,3,5,34.0,3.0,2.0,,M,0,SK
Frontiers_000072,2006,4,3,5,32.0,2.0,0.0,,M,0,SK
Frontiers_000160,2005,3,3,4,30.0,3.0,3.0,0.0,F,0,SK
Frontiers_000160,2006,4,3,4,24.0,3.0,2.0,3.0,F,1,SK
Frontiers_000539,2007,5,3,5,26.0,2.0,1.0,0.0,M,1,SK
Frontiers_000539,2006,4,3,5,22.0,3.0,1.0,1.0,M,0,SK
Frontiers_000539,2005,3,3,5,32.0,3.0,2.0,,M,0,SK
Frontiers_000351,2006,4,3,9,24.0,3.0,3.0,,F,0,SK
Frontiers_000351,2007,5,3,9,11.0,3.0,1.0,0.0,F,0,SK
Frontiers_000351,2005,3,3,9,32.0,2.0,1.0,1.0,F,0,SK
Frontiers_000351,2009,7,3,9,18.0,3.0,3.0,3.0,F,0,SK
Frontiers_000351,2011,9,3,9,5.0,3.0,3.0,3.0,F,1,SK
Frontiers_000351,2010,8,3,9,28.0,2.0,0.0,0.0,F,0,SK
Frontiers_000351,2008,6,3,9,20.0,3.0,3.0,3.0,F,0,SK
Frontiers_000278,2006,4,4,4,47.0,3.0,3.0,,M,1,SK
Frontiers_000012,2014,12,3,13,25.0,3.0,3.0,3.0,F,0,SK
Frontiers_000012,2011,9,3,13,9.0,4.0,0.0,0.0,F,0,SK
Frontiers_000012,2007,5,3,13,11.0,3.0,3.0,,F,0,SK
Frontiers_000012,2012,10,3,13,17.0,3.0,3.0,3.0,F,0,SK
Frontiers_000012,2015,13,3,13,17.0,3.0,3.0,3.0,F,1,SK
Frontiers_000012,2013,11,3,13,22.0,3.0,1.0,1.0,F,0,SK
Frontiers_000012,2009,7,3,13,24.0,3.0,3.0,3.0,F,0,SK
Frontiers_000012,2008,6,3,13,21.0,3.0,3.0,3.0,F,0,SK
Frontiers_000012,2005,3,3,13,37.0,3.0,3.0,2.0,F,0,SK
Frontiers_000012,2006,4,3,13,26.0,3.0,2.0,,F,0,SK
Frontiers_000012,2010,8,3,13,30.0,3.0,3.0,3.0,F,0,SK
Frontiers_000226,2005,3,2,4,26.0,3.0,3.0,2.0,F,0,BT
Frontiers_000226,2006,4,2,4,22.0,3.0,2.0,2.0,F,1,BT
Frontiers_000226,2004,2,2,4,24.0,2.0,2.0,2.0,F,0,BT
Frontiers_000201,2005,3,3,4,32.0,3.0,3.0,0.0,M,0,BT
Frontiers_000201,2006,4,3,4,22.0,3.0,2.0,2.0,M,1,BT
Frontiers_000475,2005,3,3,8,50.0,2.0,0.0,0.0,M,0,BT
Frontiers_000127,2005,3,2,6,28.0,3.0,3.0,2.0,F,0,BT
Frontiers_000127,2004,2,2,6,34.0,2.0,1.0,0.0,F,0,BT
Frontiers_000127,2006,4,2,6,22.0,3.0,3.0,2.0,F,0,BT
Frontiers_000127,2007,5,2,6,9.0,3.0,3.0,0.0,F,0,BT
Frontiers_000262,2005,3,3,5,29.0,2.0,2.0,0.0,F,0,BT
Frontiers_000262,2007,5,3,5,11.0,3.0,0.0,0.0,F,1,BT
Frontiers_000262,2006,4,3,5,22.0,3.0,2.0,2.0,F,0,BT
Frontiers_000308,2007,5,4,10,16.0,3.0,3.0,0.0,F,0,BT
Frontiers_000308,2008,6,4,10,20.0,3.0,3.0,3.0,F,0,BT
Frontiers_000308,2009,7,4,10,13.0,3.0,2.0,2.0,F,0,BT
Frontiers_000308,2011,9,4,10,4.0,3.0,3.0,3.0,F,0,BT
Frontiers_000308,2006,4,4,10,26.0,3.0,3.0,3.0,F,0,BT
Frontiers_000006,2009,7,3,8,10.0,3.0,0.0,0.0,F,0,SK
Frontiers_000006,2007,5,3,8,8.0,3.0,1.0,0.0,F,0,SK
Frontiers_000006,2005,3,3,8,32.0,2.0,1.0,1.0,F,0,SK
Frontiers_000006,2010,8,3,8,38.0,2.0,2.0,2.0,F,1,SK
Frontiers_000006,2008,6,3,8,20.0,3.0,3.0,3.0,F,0,SK
Frontiers_000006,2006,4,3,8,26.0,3.0,0.0,0.0,F,0,SK
Frontiers_000366,2008,6,4,9,20.0,3.0,3.0,3.0,M,0,SK
Frontiers_000366,2011,9,4,9,9.0,3.0,0.0,0.0,M,1,SK
Frontiers_000366,2006,4,4,9,32.0,1.0,1.0,1.0,M,0,SK
Frontiers_000135,2014,12,3,15,18.0,3.0,3.0,3.0,M,0,BT
Frontiers_000135,2012,10,3,15,19.0,3.0,2.0,0.0,M,0,BT
Frontiers_000135,2009,7,3,15,13.0,3.0,3.0,3.0,M,0,BT
Frontiers_000135,2015,13,3,15,14.0,3.0,3.0,1.0,M,0,BT
Frontiers_000135,2008,6,3,15,18.0,3.0,3.0,3.0,M,0,BT
Frontiers_000135,2017,15,3,15,22.0,3.0,3.0,3.0,M,1,BT
Frontiers_000135,2005,3,3,15,23.0,3.0,3.0,3.0,M,0,BT
Frontiers_000135,2013,11,3,15,23.0,3.0,3.0,3.0,M,0,BT
Frontiers_000135,2016,14,3,15,19.0,3.0,3.0,2.0,M,0,BT
Frontiers_000135,2007,5,3,15,21.0,3.0,2.0,1.0,M,0,BT
Frontiers_000135,2006,4,3,15,22.0,3.0,3.0,3.0,M,0,BT
Frontiers_000135,2010,8,3,15,24.0,3.0,2.0,2.0,M,0,BT
Frontiers_000135,2011,9,3,15,4.0,3.0,1.0,1.0,M,0,BT
Frontiers_000327,2009,7,6,7,16.0,3.0,3.0,3.0,M,1,SK
Frontiers_000327,2008,6,6,7,21.0,3.0,3.0,3.0,M,0,SK
Frontiers_000406,2006,4,3,4,22.0,3.0,3.0,2.0,M,1,BT
Frontiers_000406,2005,3,3,4,28.0,3.0,3.0,3.0,M,0,BT
Frontiers_000388,2008,6,2,10,26.0,3.0,3.0,3.0,F,0,SK
Frontiers_000388,2010,8,2,10,28.0,2.0,0.0,0.0,F,0,SK
Frontiers_000388,2006,4,2,10,34.0,2.0,2.0,,F,0,SK
Frontiers_000388,2007,5,2,10,21.0,2.0,2.0,,F,0,SK
Frontiers_000388,2004,2,2,10,31.0,1.0,0.0,0.0,F,0,SK
Frontiers_000388,2009,7,2,10,16.0,3.0,3.0,3.0,F,0,SK
Frontiers_000388,2005,3,2,10,39.0,2.0,1.0,0.0,F,0,SK
Frontiers_000388,2012,10,2,10,28.0,3.0,3.0,3.0,F,1,SK
Frontiers_000030,2005,3,3,3,35.0,2.0,1.0,0.0,F,1,SK
Frontiers_000090,2005,3,3,3,32.0,3.0,3.0,1.0,F,1,SK
Frontiers_000005,2005,3,3,7,32.0,2.0,0.0,0.0,F,0,BT
Frontiers_000005,2007,5,3,7,11.0,3.0,0.0,0.0,F,0,BT
Frontiers_000005,2009,7,3,7,16.0,3.0,3.0,2.0,F,1,BT
Frontiers_000005,2008,6,3,7,22.0,3.0,3.0,3.0,F,0,BT
Frontiers_000005,2006,4,3,7,26.0,3.0,2.0,2.0,F,0,BT
Frontiers_000490,2005,3,3,5,40.0,3.0,0.0,0.0,M,0,SK
Frontiers_000490,2006,4,3,5,24.0,3.0,1.0,1.0,M,0,SK
Frontiers_000343,2005,3,3,4,34.0,3.0,2.0,,F,0,SK
Frontiers_000343,2006,4,3,4,32.0,2.0,0.0,,F,1,SK
Frontiers_000454,2011,9,6,10,11.0,3.0,3.0,3.0,M,0,SK
Frontiers_000454,2008,6,6,10,18.0,3.0,3.0,2.0,M,0,SK
Frontiers_000454,2012,10,6,10,19.0,3.0,2.0,2.0,M,1,SK
Frontiers_000454,2009,7,6,10,10.0,3.0,3.0,3.0,M,0,SK
Frontiers_000182,2004,2,2,2,60.0,2.0,2.0,2.0,F,1,SK
Frontiers_000013,2005,3,2,8,28.0,3.0,3.0,3.0,F,0,BT
Frontiers_000013,2010,8,2,8,29.0,3.0,0.0,0.0,F,1,BT
Frontiers_000013,2009,7,2,8,11.0,3.0,3.0,3.0,F,0,BT
Frontiers_000013,2006,4,2,8,22.0,3.0,3.0,2.0,F,0,BT
Frontiers_000013,2004,2,2,8,47.0,2.0,2.0,1.0,F,0,BT
Frontiers_000013,2007,5,2,8,21.0,3.0,2.0,1.0,F,0,BT
Frontiers_000013,2008,6,2,8,18.0,3.0,3.0,3.0,F,0,BT
Frontiers_000468,2007,5,3,6,16.0,3.0,3.0,0.0,F,0,SK
Frontiers_000468,2005,3,3,6,32.0,3.0,2.0,0.0,F,0,SK
Frontiers_000468,2006,4,3,6,27.0,3.0,2.0,,F,0,SK
Frontiers_000468,2008,6,3,6,18.0,3.0,1.0,1.0,F,1,SK
Frontiers_000442,2009,7,2,11,14.0,2.0,2.0,2.0,F,0,SK
Frontiers_000442,2008,6,2,11,18.0,3.0,3.0,3.0,F,0,SK
Frontiers_000442,2010,8,2,11,28.0,1.0,1.0,1.0,F,0,SK
Frontiers_000442,2004,2,2,11,61.0,2.0,0.0,0.0,F,0,SK
Frontiers_000442,2005,3,2,11,30.0,3.0,2.0,,F,0,SK
Frontiers_000442,2012,10,2,11,19.0,3.0,3.0,3.0,F,0,SK
Frontiers_000442,2007,5,2,11,26.0,3.0,1.0,0.0,F,0,SK
Frontiers_000411,2008,6,3,6,23.0,2.0,2.0,1.0,F,1,SK
Frontiers_000411,2007,5,3,6,18.0,3.0,3.0,0.0,F,0,SK
Frontiers_000411,2006,4,3,6,30.0,2.0,0.0,0.0,F,0,SK
Frontiers_000411,2005,3,3,6,53.0,3.0,0.0,0.0,F,0,SK
Frontiers_000092,2012,11,3,15,28.0,3.0,3.0,3.0,M,0,SK
Frontiers_000092,2009,8,3,15,14.0,3.0,3.0,3.0,M,0,SK
Frontiers_000092,2008,7,3,15,28.0,1.0,0.0,0.0,M,0,SK
Frontiers_000092,2016,15,3,15,21.0,3.0,3.0,3.0,M,1,SK
Frontiers_000092,2015,14,3,15,17.0,3.0,2.0,2.0,M,0,SK
Frontiers_000092,2004,3,3,15,19.0,3.0,3.0,,M,0,SK
Frontiers_000092,2013,12,3,15,44.0,3.0,2.0,2.0,M,0,SK
Frontiers_000092,2014,13,3,15,26.0,3.0,3.0,3.0,M,0,SK
Frontiers_000092,2007,6,3,15,16.0,3.0,2.0,,M,0,SK
Frontiers_000092,2006,5,3,15,24.0,3.0,3.0,2.0,M,0,SK
Frontiers_000092,2005,4,3,15,32.0,2.0,1.0,1.0,M,0,SK
Frontiers_000503,2012,11,3,12,15.0,3.0,1.0,1.0,F,0,BT
Frontiers_000503,2004,3,3,12,23.0,3.0,2.0,1.0,F,0,BT
Frontiers_000503,2009,8,3,12,11.0,3.0,3.0,3.0,F,0,BT
Frontiers_000503,2008,7,3,12,18.0,3.0,2.0,2.0,F,0,BT
Frontiers_000503,2007,6,3,12,7.0,2.0,2.0,2.0,F,0,BT
Frontiers_000503,2013,12,3,12,20.0,3.0,1.0,1.0,F,1,BT
Frontiers_000503,2011,10,3,12,9.0,2.0,1.0,1.0,F,0,BT
Frontiers_000503,2006,5,3,12,22.0,3.0,2.0,2.0,F,0,BT
Frontiers_000503,2010,9,3,12,22.0,3.0,2.0,2.0,F,0,BT
Frontiers_000459,2007,4,3,6,16.0,1.0,0.0,,F,0,SK
Frontiers_000459,2006,3,3,6,44.0,2.0,0.0,0.0,F,0,SK
Frontiers_000290,2007,3,3,7,26.0,3.0,1.0,0.0,M,0,SK
Frontiers_000290,2011,7,3,7,13.0,2.0,0.0,0.0,M,1,SK
Frontiers_000290,2009,5,3,7,16.0,2.0,0.0,0.0,M,0,SK
Frontiers_000290,2008,4,3,7,18.0,3.0,3.0,3.0,M,0,SK
Frontiers_000491,2011,7,4,7,42.0,2.0,2.0,2.0,M,1,SK
Frontiers_000491,2008,4,4,7,39.0,2.0,0.0,0.0,M,0,SK
Frontiers_000286,2010,8,3,8,28.0,3.0,0.0,0.0,M,1,SK
Frontiers_000286,2009,7,3,8,11.0,3.0,3.0,3.0,M,0,SK
Frontiers_000286,2007,5,3,8,24.0,3.0,0.0,0.0,M,0,SK
Frontiers_000286,2008,6,3,8,18.0,3.0,3.0,3.0,M,0,SK
Frontiers_000286,2005,3,3,8,45.0,1.0,0.0,0.0,M,0,SK
Frontiers_000286,2006,4,3,8,54.0,1.0,1.0,0.0,M,0,SK
Frontiers_000173,2006,3,3,4,28.0,3.0,2.0,2.0,M,0,SK
Frontiers_000173,2007,4,3,4,11.0,3.0,0.0,0.0,M,1,SK
Frontiers_000114,2006,3,3,5,52.0,2.0,0.0,0.0,M,0,SK
Frontiers_000154,2008,5,4,5,31.0,3.0,0.0,0.0,M,1,SK
Frontiers_000154,2007,4,4,5,28.0,3.0,0.0,1.0,M,0,SK
Frontiers_000458,2008,5,5,5,33.0,2.0,2.0,2.0,F,1,SK
Frontiers_000334,2005,2,2,2,48.0,2.0,2.0,2.0,F,1,SK
Frontiers_000075,2008,5,2,8,18.0,3.0,3.0,2.0,F,0,SK
Frontiers_000075,2007,4,2,8,7.0,3.0,3.0,0.0,F,0,SK
Frontiers_000075,2005,2,2,8,32.0,3.0,2.0,,F,0,SK
Frontiers_000075,2006,3,2,8,22.0,3.0,1.0,1.0,F,0,SK
Frontiers_000075,2009,6,2,8,10.0,3.0,3.0,3.0,F,0,SK
Frontiers_000022,2012,9,4,9,22.0,2.0,0.0,0.0,M,1,SK
Frontiers_000022,2008,5,4,9,19.0,3.0,1.0,1.0,M,0,SK
Frontiers_000022,2011,8,4,9,13.0,2.0,0.0,0.0,M,0,SK
Frontiers_000022,2007,4,4,9,26.0,3.0,0.0,1.0,M,0,SK
Frontiers_000022,2009,6,4,9,10.0,3.0,0.0,0.0,M,0,SK
Frontiers_000522,2010,7,2,13,38.0,2.0,2.0,2.0,M,0,SK
Frontiers_000522,2014,11,2,13,16.0,2.0,2.0,2.0,M,0,SK
Frontiers_000522,2013,10,2,13,15.0,3.0,1.0,1.0,M,0,SK
Frontiers_000522,2005,2,2,13,51.0,2.0,0.0,0.0,M,0,SK
Frontiers_000522,2008,5,2,13,20.0,3.0,0.0,0.0,M,0,SK
Frontiers_000522,2012,9,2,13,26.0,3.0,3.0,3.0,M,0,SK
Frontiers_000522,2016,13,2,13,19.0,3.0,3.0,2.0,M,1,SK
Frontiers_000522,2009,6,2,13,16.0,3.0,3.0,2.0,M,0,SK
Frontiers_000067,2006,3,3,3,28.0,3.0,3.0,,F,1,SK
Frontiers_000077,2005,2,2,5,53.0,2.0,0.0,0.0,F,0,SK
Frontiers_000077,2006,3,2,5,32.0,3.0,3.0,,F,0,SK
Frontiers_000077,2008,5,2,5,20.0,2.0,0.0,0.0,F,1,SK
Frontiers_000103,2005,2,2,3,35.0,2.0,1.0,0.0,M,0,SK
Frontiers_000103,2006,3,2,3,32.0,2.0,2.0,,M,1,SK
Frontiers_000189,2006,3,3,3,27.0,3.0,2.0,,M,1,SK
Frontiers_000485,2007,4,4,4,28.0,3.0,0.0,1.0,F,1,SK
Frontiers_000525,2008,5,2,5,16.0,4.0,3.0,2.0,M,1,BT
Frontiers_000525,2006,3,2,5,24.0,3.0,3.0,2.0,M,0,BT
Frontiers_000525,2005,2,2,5,51.0,2.0,0.0,0.0,M,0,BT
Frontiers_000525,2007,4,2,5,15.0,3.0,3.0,2.0,M,0,BT
Frontiers_000085,2006,3,2,3,24.0,3.0,3.0,,F,1,SK
Frontiers_000147,2010,7,2,12,28.0,2.0,0.0,0.0,M,0,SK
Frontiers_000147,2015,12,2,12,17.0,3.0,3.0,3.0,M,1,SK
Frontiers_000147,2009,6,2,12,18.0,3.0,3.0,3.0,M,0,SK
Frontiers_000147,2007,4,2,12,18.0,3.0,3.0,,M,0,SK
Frontiers_000147,2012,9,2,12,19.0,3.0,3.0,3.0,M,0,SK
Frontiers_000147,2008,5,2,12,20.0,3.0,3.0,3.0,M,0,SK
Frontiers_000147,2006,3,2,12,34.0,2.0,0.0,0.0,M,0,SK
Frontiers_000147,2014,11,2,12,25.0,3.0,1.0,1.0,M,0,SK
Frontiers_000147,2013,10,2,12,24.0,1.0,0.0,0.0,M,0,SK
Frontiers_000031,2012,9,3,9,43.0,1.0,1.0,1.0,F,1,SK
Frontiers_000031,2008,5,3,9,19.0,3.0,0.0,0.0,F,0,SK
Frontiers_000031,2006,3,3,9,47.0,3.0,3.0,,F,0,SK
Frontiers_000462,2005,2,2,4,33.0,3.0,2.0,0.0,F,0,SK
Frontiers_000462,2007,4,2,4,26.0,3.0,3.0,0.0,F,1,SK
Frontiers_000462,2006,3,2,4,24.0,3.0,3.0,3.0,F,0,SK
Frontiers_000529,2007,4,3,6,,3.0,3.0,0.0,F,0,SK
Frontiers_000529,2008,5,3,6,20.0,2.0,0.0,0.0,F,0,SK
Frontiers_000529,2009,6,3,6,18.0,3.0,2.0,1.0,F,1,SK
Frontiers_000529,2006,3,3,6,53.0,2.0,0.0,0.0,F,0,SK
Frontiers_000450,2009,6,3,10,15.0,3.0,3.0,3.0,F,0,SK
Frontiers_000450,2006,3,3,10,30.0,3.0,3.0,,F,0,SK
Frontiers_000450,2012,9,3,10,29.0,3.0,3.0,3.0,F,0,SK
Frontiers_000450,2007,4,3,10,27.0,2.0,2.0,2.0,F,0,SK
Frontiers_000450,2008,5,3,10,33.0,3.0,0.0,0.0,F,0,SK
Frontiers_000450,2010,7,3,10,29.0,3.0,3.0,3.0,F,0,SK
Frontiers_000243,2016,13,3,14,21.0,3.0,0.0,1.0,M,0,SK
Frontiers_000243,2008,5,3,14,28.0,2.0,0.0,0.0,M,0,SK
Frontiers_000243,2015,12,3,14,21.0,2.0,0.0,0.0,M,0,SK
Frontiers_000243,2010,7,3,14,28.0,3.0,0.0,0.0,M,0,SK
Frontiers_000243,2007,4,3,14,24.0,3.0,2.0,1.0,M,0,SK
Frontiers_000243,2017,14,3,14,27.0,3.0,0.0,0.0,M,1,SK
Frontiers_000243,2014,11,3,14,24.0,3.0,0.0,1.0,M,0,SK
Frontiers_000243,2006,3,3,14,43.0,3.0,1.0,1.0,M,0,SK
Frontiers_000243,2012,9,3,14,19.0,3.0,0.0,0.0,M,0,SK
Frontiers_000243,2011,8,3,14,10.0,2.0,1.0,1.0,M,0,SK
Frontiers_000243,2013,10,3,14,18.0,3.0,0.0,0.0,M,0,SK
Frontiers_000066,2008,5,2,7,23.0,3.0,1.0,0.0,M,0,SK
Frontiers_000066,2006,3,2,7,34.0,,0.0,0.0,M,0,SK
Frontiers_000066,2005,2,2,7,33.0,3.0,2.0,0.0,M,0,SK
Frontiers_000066,2009,6,2,7,11.0,3.0,3.0,3.0,M,0,SK
Frontiers_000066,2010,7,2,7,26.0,1.0,1.0,1.0,M,1,SK
Frontiers_000124,2006,3,3,4,43.0,3.0,2.0,,M,0,SK
Frontiers_000124,2007,4,3,4,23.0,3.0,0.0,0.0,M,1,SK
Frontiers_000349,2006,3,3,3,28.0,3.0,3.0,3.0,M,1,SK
Frontiers_000230,2012,9,2,9,26.0,3.0,0.0,0.0,F,1,SK
Frontiers_000230,2008,5,2,9,31.0,3.0,1.0,1.0,F,0,SK
Frontiers_000230,2005,2,2,9,33.0,2.0,2.0,0.0,F,0,SK
Frontiers_000230,2011,8,2,9,13.0,3.0,3.0,3.0,F,0,SK
Frontiers_000230,2010,7,2,9,40.0,2.0,2.0,1.0,F,0,SK
Frontiers_000230,2007,4,2,9,11.0,3.0,0.0,,F,0,SK
Frontiers_000230,2009,6,2,9,18.0,3.0,0.0,1.0,F,0,SK
Frontiers_000230,2006,3,2,9,30.0,2.0,2.0,,F,0,SK
Frontiers_000518,2007,4,3,5,28.0,2.0,0.0,0.0,M,0,SK
Frontiers_000518,2006,3,3,5,29.0,2.0,1.0,1.0,M,0,SK
Frontiers_000453,2009,6,3,6,14.0,2.0,1.0,1.0,M,1,SK
Frontiers_000453,2008,5,3,6,20.0,2.0,0.0,0.0,M,0,SK
Frontiers_000453,2007,4,3,6,9.0,3.0,3.0,,M,0,SK
Frontiers_000453,2006,3,3,6,32.0,3.0,3.0,,M,0,SK
Frontiers_000472,2005,2,2,4,38.0,2.0,2.0,2.0,F,0,SK
Frontiers_000472,2007,4,2,4,7.0,3.0,3.0,0.0,F,1,SK
Frontiers_000472,2006,3,2,4,29.0,2.0,2.0,2.0,F,0,SK
Frontiers_000070,2005,2,2,14,51.0,2.0,0.0,0.0,F,0,SK
Frontiers_000070,2010,7,2,14,28.0,1.0,1.0,1.0,F,0,SK
Frontiers_000070,2008,5,2,14,20.0,3.0,3.0,3.0,F,0,SK
Frontiers_000070,2007,4,2,14,14.0,3.0,0.0,0.0,F,0,SK
Frontiers_000070,2017,14,2,14,23.0,3.0,1.0,1.0,F,1,SK
Frontiers_000070,2006,3,2,14,34.0,,0.0,0.0,F,0,SK
Frontiers_000070,2009,6,2,14,17.0,1.0,1.0,0.0,F,0,SK
Frontiers_000070,2014,11,2,14,27.0,3.0,3.0,2.0,F,0,SK
Frontiers_000070,2016,13,2,14,20.0,2.0,2.0,1.0,F,0,SK
Frontiers_000335,2008,5,5,6,19.0,3.0,1.0,1.0,M,0,SK
Frontiers_000446,2007,4,3,5,24.0,3.0,2.0,1.0,F,0,SK
Frontiers_000446,2008,5,3,5,28.0,2.0,0.0,0.0,F,1,SK
Frontiers_000446,2006,3,3,5,43.0,3.0,1.0,1.0,F,0,SK
Frontiers_000104,2011,8,4,9,11.0,3.0,0.0,0.0,F,0,SK
Frontiers_000104,2009,6,4,9,13.0,3.0,1.0,1.0,F,0,SK
Frontiers_000104,2012,9,4,9,17.0,3.0,0.0,0.0,F,1,SK
Frontiers_000104,2007,4,4,9,14.0,3.0,1.0,0.0,F,0,SK
Frontiers_000104,2010,7,4,9,20.0,3.0,3.0,3.0,F,0,SK
Frontiers_000104,2008,5,4,9,20.0,3.0,1.0,1.0,F,0,SK
Frontiers_000387,2005,2,2,3,57.0,2.0,1.0,1.0,F,0,SK
Frontiers_000505,2006,3,3,7,49.0,2.0,0.0,0.0,F,0,SK
Frontiers_000505,2010,7,3,7,32.0,2.0,2.0,2.0,F,1,SK
Frontiers_000505,2009,6,3,7,16.0,3.0,0.0,1.0,F,0,SK
Frontiers_000268,2008,4,3,6,18.0,3.0,0.0,1.0,M,0,BT
Frontiers_000541,2007,3,2,7,15.0,3.0,3.0,2.0,F,0,BT
Frontiers_000541,2011,7,2,7,6.0,2.0,2.0,2.0,F,1,BT
Frontiers_000541,2010,6,2,7,19.0,4.0,3.0,2.0,F,0,BT
Frontiers_000541,2009,5,2,7,12.0,4.0,0.0,0.0,F,0,BT
Frontiers_000541,2008,4,2,7,16.0,4.0,3.0,2.0,F,0,BT
Frontiers_000541,2006,2,2,7,54.0,3.0,0.0,0.0,F,0,BT
Frontiers_000345,2007,3,3,3,15.0,3.0,3.0,1.0,F,1,BT
Frontiers_000499,2007,3,3,4,25.0,3.0,0.0,0.0,F,0,BT
Frontiers_000499,2008,4,3,4,14.0,3.0,2.0,1.0,F,1,BT
Frontiers_000254,2006,2,2,2,30.0,2.0,3.0,3.0,F,1,BT
Frontiers_000069,2013,9,4,13,20.0,3.0,3.0,3.0,F,0,BT
Frontiers_000069,2009,5,4,13,11.0,3.0,3.0,3.0,F,0,BT
Frontiers_000069,2011,7,4,13,5.0,3.0,2.0,2.0,F,0,BT
Frontiers_000069,2017,13,4,13,22.0,3.0,1.0,1.0,F,1,BT
Frontiers_000069,2016,12,4,13,13.0,3.0,3.0,3.0,F,0,BT
Frontiers_000069,2008,4,4,13,18.0,3.0,3.0,2.0,F,0,BT
Frontiers_000069,2014,10,4,13,24.0,3.0,0.0,0.0,F,0,BT
Frontiers_000069,2012,8,4,13,15.0,3.0,3.0,3.0,F,0,BT
Frontiers_000069,2010,6,4,13,28.0,2.0,0.0,0.0,F,0,BT
Frontiers_000069,2015,11,4,13,14.0,3.0,3.0,2.0,F,0,BT
Frontiers_000193,2016,12,3,12,15.0,3.0,2.0,2.0,F,1,BT
Frontiers_000193,2009,5,3,12,10.0,3.0,3.0,3.0,F,0,BT
Frontiers_000193,2012,8,3,12,13.0,3.0,2.0,2.0,F,0,BT
Frontiers_000193,2014,10,3,12,14.0,3.0,3.0,3.0,F,0,BT
Frontiers_000193,2010,6,3,12,25.0,3.0,3.0,2.0,F,0,BT
Frontiers_000193,2008,4,3,12,20.0,3.0,3.0,3.0,F,0,BT
Frontiers_000193,2013,9,3,12,16.0,3.0,3.0,3.0,F,0,BT
Frontiers_000193,2007,3,3,12,8.0,3.0,3.0,0.0,F,0,BT
Frontiers_000193,2015,11,3,12,14.0,3.0,3.0,3.0,F,0,BT
Frontiers_000193,2011,7,3,12,4.0,3.0,3.0,3.0,F,0,BT
Frontiers_000493,2006,2,2,2,43.0,2.0,2.0,1.0,M,1,BT
Frontiers_000216,2007,3,2,10,9.0,3.0,2.0,0.0,F,0,BT
Frontiers_000216,2006,2,2,10,32.0,1.0,0.0,0.0,F,0,BT
Frontiers_000216,2014,10,2,10,12.0,3.0,3.0,3.0,F,1,BT
Frontiers_000216,2013,9,2,10,22.0,2.0,2.0,2.0,F,0,BT
Frontiers_000216,2008,4,2,10,18.0,3.0,3.0,3.0,F,0,BT
Frontiers_000216,2012,8,2,10,15.0,3.0,2.0,2.0,F,0,BT
Frontiers_000216,2009,5,2,10,10.0,4.0,4.0,3.0,F,0,BT
Frontiers_000216,2011,7,2,10,10.0,1.0,0.0,0.0,F,0,BT
Frontiers_000216,2010,6,2,10,25.0,3.0,3.0,3.0,F,0,BT
Frontiers_000235,2007,3,3,4,26.0,2.0,1.0,1.0,M,0,SK
Frontiers_000487,2013,9,3,11,24.0,1.0,1.0,1.0,M,0,BT
Frontiers_000487,2009,5,3,11,15.0,3.0,2.0,2.0,M,0,BT
Frontiers_000487,2008,4,3,11,29.0,3.0,1.0,1.0,M,0,BT
Frontiers_000487,2011,7,3,11,6.0,3.0,3.0,3.0,M,0,BT
Frontiers_000487,2015,11,3,11,18.0,3.0,1.0,1.0,M,1,BT
Frontiers_000487,2010,6,3,11,35.0,3.0,3.0,3.0,M,0,BT
Frontiers_000487,2014,10,3,11,16.0,3.0,3.0,0.0,M,0,BT
Frontiers_000487,2014,10,3,11,63.0,2.0,0.0,0.0,M,0,BT
Frontiers_000487,2012,8,3,11,25.0,2.0,2.0,2.0,M,0,BT
Frontiers_000203,2009,5,3,10,6.0,3.0,3.0,3.0,M,0,BT
Frontiers_000203,2007,3,3,10,13.0,3.0,2.0,2.0,M,0,BT
Frontiers_000203,2014,10,3,10,14.0,3.0,1.0,1.0,M,1,BT
Frontiers_000203,2012,8,3,10,19.0,3.0,3.0,3.0,M,0,BT
Frontiers_000203,2013,9,3,10,19.0,3.0,0.0,0.0,M,0,BT
Frontiers_000203,2008,4,3,10,18.0,3.0,3.0,3.0,M,0,BT
Frontiers_000545,2006,3,2,14,30.0,3.0,2.0,2.0,F,0,BT
Frontiers_000545,2007,4,2,14,13.0,3.0,3.0,1.0,F,0,BT
Frontiers_000545,2017,14,2,14,20.0,3.0,2.0,1.0,F,1,BT
Frontiers_000545,2010,7,2,14,35.0,2.0,2.0,2.0,F,0,BT
Frontiers_000545,2015,12,2,14,15.0,4.0,4.0,2.0,F,0,BT
Frontiers_000545,2016,13,2,14,18.0,4.0,4.0,2.0,F,0,BT
Frontiers_000545,2005,2,2,14,50.0,2.0,0.0,0.0,F,0,BT
Frontiers_000545,2009,6,2,14,9.0,4.0,3.0,3.0,F,0,BT
Frontiers_000545,2008,5,2,14,18.0,3.0,3.0,3.0,F,0,BT
Frontiers_000545,2013,10,2,14,23.0,2.0,0.0,0.0,F,0,BT
Frontiers_000545,2012,9,2,14,17.0,3.0,3.0,3.0,F,0,BT
Frontiers_000545,2014,11,2,14,23.0,3.0,3.0,1.0,F,0,BT
Frontiers_000545,2011,8,2,14,4.0,1.0,0.0,0.0,F,0,BT
Frontiers_000185,2010,5,2,9,31.0,4.0,0.0,0.0,M,0,BT
Frontiers_000185,2008,3,2,9,14.0,3.0,2.0,1.0,M,0,BT
Frontiers_000185,2013,8,2,9,19.0,3.0,0.0,1.0,M,0,BT
Frontiers_000185,2014,9,2,9,14.0,3.0,2.0,2.0,M,1,BT
Frontiers_000185,2012,7,2,9,28.0,2.0,2.0,2.0,M,0,BT
Frontiers_000185,2009,4,2,9,16.0,3.0,0.0,1.0,M,0,BT
Frontiers_000185,2007,2,2,9,25.0,3.0,0.0,0.0,M,0,BT
Frontiers_000437,2012,7,4,7,19.0,3.0,3.0,3.0,F,1,BT
Frontiers_000437,2010,5,4,7,31.0,4.0,0.0,0.0,F,0,BT
Frontiers_000437,2009,4,4,7,16.0,3.0,0.0,1.0,F,0,BT
Frontiers_000474,2012,7,3,7,13.0,3.0,3.0,2.0,F,1,BT
Frontiers_000474,2011,6,3,7,7.0,3.0,2.0,2.0,F,0,BT
Frontiers_000474,2008,3,3,7,20.0,2.0,1.0,1.0,F,0,BT
Frontiers_000474,2010,5,3,7,25.0,3.0,3.0,2.0,F,0,BT
Frontiers_000474,2009,4,3,7,13.0,3.0,3.0,3.0,F,0,BT
Frontiers_000217,2010,5,3,7,31.0,3.0,2.0,2.0,F,0,BT
Frontiers_000217,2011,6,3,7,7.0,3.0,0.0,0.0,F,0,BT
Frontiers_000217,2009,4,3,7,11.0,3.0,0.0,1.0,F,0,BT
Frontiers_000217,2012,7,3,7,15.0,3.0,0.0,0.0,F,1,BT
Frontiers_000217,2008,3,3,7,45.0,3.0,0.0,0.0,F,0,BT
Frontiers_000095,2008,3,3,10,26.0,3.0,3.0,3.0,F,0,BT
Frontiers_000095,2012,7,3,10,15.0,3.0,3.0,3.0,F,0,BT
Frontiers_000095,2014,9,3,10,16.0,3.0,3.0,3.0,F,0,BT
Frontiers_000095,2010,5,3,10,25.0,3.0,3.0,2.0,F,0,BT
Frontiers_000095,2015,10,3,10,16.0,3.0,3.0,3.0,F,1,BT
Frontiers_000095,2009,4,3,10,14.0,3.0,3.0,3.0,F,0,BT
Frontiers_000095,2011,6,3,10,9.0,3.0,3.0,3.0,F,0,BT
Frontiers_000501,2009,4,3,7,13.0,3.0,3.0,3.0,F,0,BT
Frontiers_000501,2012,7,3,7,17.0,3.0,3.0,3.0,F,1,BT
Frontiers_000501,2008,3,3,7,,,2.0,2.0,F,0,BT
Frontiers_000501,2010,5,3,7,29.0,3.0,3.0,3.0,F,0,BT
Frontiers_000501,2011,6,3,7,9.0,3.0,3.0,3.0,F,0,BT
Frontiers_000118,2008,3,3,7,23.0,,0.0,0.0,F,0,BT
Frontiers_000118,2010,5,3,7,29.0,3.0,2.0,0.0,F,0,BT
Frontiers_000118,2011,6,3,7,4.0,3.0,3.0,3.0,F,0,BT
Frontiers_000118,2009,4,3,7,17.0,3.0,1.0,1.0,F,0,BT
Frontiers_000118,2012,7,3,7,22.0,3.0,1.0,1.0,F,1,BT
Frontiers_000271,2009,2,2,3,23.0,3.0,3.0,2.0,F,0,SK
Frontiers_000271,2010,3,2,3,49.0,2.0,2.0,2.0,F,1,SK
Frontiers_000076,2013,6,5,9,20.0,3.0,3.0,3.0,F,0,SK
Frontiers_000076,2016,9,5,9,13.0,3.0,3.0,3.0,F,1,SK
Frontiers_000076,2012,5,5,9,22.0,3.0,3.0,3.0,F,0,SK
Frontiers_000076,2014,7,5,9,25.0,3.0,3.0,3.0,F,0,SK
Frontiers_000076,2015,8,5,9,14.0,3.0,3.0,3.0,F,0,SK
Frontiers_000481,2010,3,3,11,31.0,2.0,0.0,0.0,M,0,BT
Frontiers_000481,2011,4,3,11,9.0,2.0,2.0,2.0,M,0,BT
Frontiers_000481,2013,6,3,11,21.0,2.0,0.0,0.0,M,0,BT
Frontiers_000481,2017,10,3,11,31.0,3.0,0.0,0.0,M,0,BT
Frontiers_000481,2015,8,3,11,19.0,2.0,2.0,1.0,M,0,BT
Frontiers_000481,2016,9,3,11,18.0,3.0,3.0,3.0,M,0,BT
Frontiers_000481,2014,7,3,11,27.0,3.0,0.0,0.0,M,0,BT
Frontiers_000481,2012,5,3,11,28.0,2.0,2.0,2.0,M,0,BT
Frontiers_000107,2011,4,3,5,12.0,1.0,1.0,1.0,F,0,BT
Frontiers_000107,2012,5,3,5,19.0,3.0,3.0,3.0,F,1,BT
Frontiers_000107,2010,3,3,5,33.0,2.0,2.0,2.0,F,0,BT
Frontiers_000172,2016,9,2,11,15.0,3.0,3.0,3.0,F,0,BT
Frontiers_000172,2010,3,2,11,22.0,3.0,0.0,0.0,F,0,BT
Frontiers_000172,2017,10,2,11,18.0,3.0,3.0,3.0,F,0,BT
Frontiers_000172,2013,6,2,11,16.0,3.0,3.0,3.0,F,0,BT
Frontiers_000172,2009,2,2,11,16.0,2.0,0.0,0.0,F,0,BT
Frontiers_000172,2011,4,2,11,2.0,3.0,0.0,0.0,F,0,BT
Frontiers_000172,2014,7,2,11,14.0,3.0,3.0,3.0,F,0,BT
Frontiers_000172,2015,8,2,11,14.0,3.0,3.0,2.0,F,0,BT
Frontiers_000172,2018,11,2,11,9.0,3.0,3.0,2.0,F,1,BT
Frontiers_000448,2016,9,4,9,24.0,3.0,3.0,1.0,M,1,BT
Frontiers_000448,2014,7,4,9,23.0,3.0,3.0,3.0,M,0,BT
Frontiers_000448,2013,6,4,9,44.0,2.0,0.0,0.0,M,0,BT
Frontiers_000448,2011,4,4,9,12.0,3.0,3.0,3.0,M,0,BT
Frontiers_000448,2015,8,4,9,18.0,3.0,3.0,2.0,M,0,BT
Frontiers_000150,2009,2,2,5,18.0,3.0,2.0,2.0,F,0,SK
Frontiers_000150,2010,3,2,5,31.0,2.0,2.0,2.0,F,0,SK
Frontiers_000150,2012,5,2,5,20.0,2.0,2.0,2.0,F,1,SK
Frontiers_000364,2012,6,3,11,17.0,3.0,3.0,3.0,F,0,BT
Frontiers_000364,2016,10,3,11,18.0,3.0,3.0,2.0,F,0,BT
Frontiers_000364,2017,11,3,11,22.0,3.0,3.0,3.0,F,1,BT
Frontiers_000364,2014,8,3,11,24.0,3.0,3.0,2.0,F,0,BT
Frontiers_000364,2011,5,3,11,7.0,3.0,3.0,2.0,F,0,BT
Frontiers_000364,2009,3,3,11,16.0,3.0,3.0,3.0,F,0,BT
Frontiers_000364,2013,7,3,11,20.0,3.0,3.0,2.0,F,0,BT
Frontiers_000364,2015,9,3,11,18.0,3.0,3.0,2.0,F,0,BT
Frontiers_000364,2010,4,3,11,29.0,3.0,3.0,3.0,F,0,BT
Frontiers_000319,2014,11,4,14,16.0,4.0,3.0,3.0,M,0,BT
Frontiers_000319,2017,14,4,14,20.0,3.0,3.0,2.0,M,1,BT
Frontiers_000319,2007,4,4,14,28.0,2.0,0.0,0.0,M,0,BT
Frontiers_000319,2009,6,4,14,11.0,3.0,3.0,3.0,M,0,BT
Frontiers_000319,2012,9,4,14,15.0,3.0,0.0,0.0,M,0,BT
Frontiers_000319,2015,12,4,14,14.0,3.0,2.0,2.0,M,0,BT
Frontiers_000319,2011,8,4,14,6.0,3.0,2.0,2.0,M,0,BT
Frontiers_000319,2016,13,4,14,16.0,3.0,3.0,3.0,M,0,BT
Frontiers_000319,2010,7,4,14,29.0,3.0,0.0,0.0,M,0,BT
Frontiers_000078,2016,13,2,16,21.0,3.0,0.0,1.0,M,0,SK
Frontiers_000078,2014,11,2,16,28.0,3.0,0.0,0.0,M,0,SK
Frontiers_000078,2009,6,2,16,16.0,3.0,0.0,1.0,M,0,SK
Frontiers_000078,2011,8,2,16,11.0,3.0,0.0,0.0,M,0,SK
Frontiers_000078,2018,15,2,16,20.0,3.0,0.0,0.0,M,0,SK
Frontiers_000078,2013,10,2,16,46.0,3.0,2.0,2.0,M,0,SK
Frontiers_000078,2012,9,2,16,17.0,3.0,0.0,0.0,M,0,SK
Frontiers_000078,2015,12,2,16,20.0,3.0,2.0,2.0,M,0,SK
Frontiers_000078,2019,16,2,16,31.0,3.0,0.0,0.0,M,1,SK
Frontiers_000078,2010,7,2,16,32.0,2.0,2.0,2.0,M,0,SK
Frontiers_000232,2009,4,3,10,15.0,3.0,2.0,2.0,F,0,BT
Frontiers_000232,2011,6,3,10,9.0,3.0,3.0,3.0,F,0,BT
Frontiers_000232,2008,3,3,10,29.0,3.0,1.0,1.0,F,0,BT
Frontiers_000232,2014,9,3,10,63.0,2.0,0.0,0.0,F,0,BT
Frontiers_000232,2012,7,3,10,32.0,3.0,3.0,2.0,F,0,BT
Frontiers_000232,2010,5,3,10,31.0,3.0,3.0,3.0,F,0,BT
Frontiers_000232,2015,10,3,10,18.0,3.0,1.0,1.0,F,1,BT
Frontiers_000232,2014,9,3,10,16.0,3.0,3.0,0.0,F,0,BT
Frontiers_000232,2013,8,3,10,24.0,1.0,1.0,1.0,F,0,BT
Frontiers_000322,2013,9,2,14,19.0,3.0,3.0,2.0,M,0,BT
Frontiers_000322,2009,5,2,14,7.0,3.0,3.0,2.0,M,0,BT
Frontiers_000322,2006,2,2,14,50.0,2.0,0.0,0.0,M,0,BT
Frontiers_000322,2014,10,2,14,12.0,3.0,0.0,0.0,M,0,BT
Frontiers_000322,2017,13,2,14,24.0,1.0,0.0,0.0,M,0,BT
Frontiers_000322,2015,11,2,14,14.0,3.0,2.0,2.0,M,0,BT
Frontiers_000322,2016,12,2,14,19.0,3.0,3.0,2.0,M,0,BT
Frontiers_000086,2009,5,3,5,13.0,3.0,3.0,0.0,M,1,BT
Frontiers_000086,2008,4,3,5,18.0,3.0,3.0,3.0,M,0,BT
Frontiers_000086,2007,3,3,5,15.0,3.0,0.0,0.0,M,0,BT
Frontiers_000017,2010,4,2,7,31.0,2.0,0.0,0.0,F,0,BT
Frontiers_000017,2011,5,2,7,9.0,2.0,1.0,1.0,F,0,BT
Frontiers_000017,2009,3,2,7,21.0,3.0,2.0,2.0,F,0,BT
Frontiers_000017,2013,7,2,7,44.0,2.0,2.0,2.0,F,1,BT
Frontiers_000017,2008,2,2,7,40.0,2.0,0.0,0.0,F,0,BT
Frontiers_000362,2009,3,3,3,17.0,3.0,3.0,3.0,M,1,BT
Frontiers_000314,2011,5,3,11,9.0,3.0,0.0,0.0,F,0,BT
Frontiers_000314,2009,3,3,11,17.0,3.0,3.0,3.0,F,0,BT
Frontiers_000314,2014,8,3,11,16.0,4.0,3.0,3.0,F,0,BT
Frontiers_000314,2010,4,3,11,31.0,3.0,3.0,3.0,F,0,BT
Frontiers_000314,2013,7,3,11,24.0,1.0,0.0,0.0,F,0,BT
Frontiers_000314,2016,10,3,11,18.0,3.0,3.0,0.0,F,0,BT
Frontiers_000314,2015,9,3,11,18.0,3.0,3.0,3.0,F,0,BT
Frontiers_000314,2012,6,3,11,17.0,3.0,3.0,3.0,F,0,BT
Frontiers_000314,2017,11,3,11,18.0,4.0,1.0,1.0,F,1,BT
Frontiers_000025,2015,9,2,13,15.0,3.0,3.0,3.0,M,0,BT
Frontiers_000025,2013,7,2,13,21.0,3.0,3.0,3.0,M,0,BT
Frontiers_000025,2017,11,2,13,24.0,2.0,0.0,0.0,M,0,BT
Frontiers_000025,2018,12,2,13,6.0,3.0,3.0,3.0,M,0,BT
Frontiers_000025,2010,4,2,13,28.0,2.0,1.0,1.0,M,0,BT
Frontiers_000025,2019,13,2,13,29.0,3.0,3.0,3.0,M,1,BT
Frontiers_000025,2009,3,2,13,23.0,3.0,1.0,0.0,M,0,BT
Frontiers_000025,2012,6,2,13,13.0,3.0,3.0,2.0,M,0,BT
Frontiers_000025,2008,2,2,13,32.0,2.0,2.0,2.0,M,0,BT
Frontiers_000025,2014,8,2,13,14.0,3.0,2.0,2.0,M,0,BT
Frontiers_000025,2016,10,2,13,16.0,3.0,3.0,3.0,M,0,BT
Frontiers_000398,2009,3,2,6,13.0,3.0,3.0,3.0,M,0,BT
Frontiers_000398,2008,2,2,6,40.0,2.0,0.0,0.0,M,0,BT
Frontiers_000398,2010,4,2,6,29.0,3.0,3.0,3.0,M,0,BT
Frontiers_000398,2012,6,2,6,17.0,3.0,3.0,3.0,M,1,BT
Frontiers_000398,2011,5,2,6,9.0,3.0,3.0,3.0,M,0,BT
Frontiers_000403,2007,2,2,4,13.0,3.0,3.0,0.0,M,0,BT
Frontiers_000403,2008,3,2,4,21.0,3.0,3.0,3.0,M,0,BT
Frontiers_000403,2009,4,2,4,13.0,3.0,3.0,,M,1,BT
Frontiers_000161,2009,4,4,4,11.0,4.0,4.0,3.0,F,1,BT
Frontiers_000261,2006,3,3,7,32.0,2.0,2.0,,F,0,SK
Frontiers_000261,2007,4,3,7,23.0,3.0,0.0,0.0,F,0,SK
Frontiers_000261,2008,5,3,7,18.0,3.0,3.0,3.0,F,0,SK
Frontiers_000261,2009,6,3,7,16.0,2.0,0.0,0.0,F,0,SK
Frontiers_000252,2006,3,3,3,43.0,1.0,0.0,0.0,M,1,SK
Frontiers_000251,2007,4,3,7,26.0,3.0,1.0,0.0,F,0,SK
Frontiers_000251,2006,3,3,7,43.0,1.0,0.0,0.0,F,0,SK
Frontiers_000537,2007,3,2,3,28.0,2.0,0.0,0.0,F,1,SK
Frontiers_000215,2006,2,2,4,54.0,1.0,1.0,0.0,F,0,SK
Frontiers_000215,2007,3,2,4,26.0,2.0,0.0,0.0,F,0,SK
Frontiers_000007,2009,5,4,12,17.0,3.0,3.0,3.0,F,0,SK
Frontiers_000007,2016,12,4,12,17.0,3.0,3.0,3.0,F,1,SK
Frontiers_000007,2012,8,4,12,22.0,3.0,3.0,3.0,F,0,SK
Frontiers_000007,2008,4,4,12,20.0,3.0,0.0,0.0,F,0,SK
Frontiers_000007,2014,10,4,12,25.0,3.0,0.0,0.0,F,0,SK
Frontiers_000007,2010,6,4,12,24.0,3.0,3.0,2.0,F,0,SK
Frontiers_000276,2008,4,4,4,22.0,3.0,1.0,1.0,F,1,SK
Frontiers_000432,2006,2,2,2,43.0,3.0,2.0,,F,1,SK
Frontiers_000081,2006,2,2,2,44.0,2.0,0.0,0.0,M,1,SK
Frontiers_000302,2008,4,3,8,33.0,2.0,2.0,2.0,M,0,SK
Frontiers_000302,2012,8,3,8,22.0,3.0,3.0,0.0,M,1,SK
Frontiers_000302,2010,6,3,8,30.0,3.0,3.0,3.0,M,0,SK
Frontiers_000302,2007,3,3,8,13.0,3.0,2.0,,M,0,SK
Frontiers_000302,2009,5,3,8,17.0,3.0,2.0,1.0,M,0,SK
Frontiers_000523,2008,4,2,6,16.0,3.0,3.0,3.0,F,0,SK
Frontiers_000523,2007,3,2,6,11.0,2.0,1.0,1.0,F,0,SK
Frontiers_000523,2006,2,2,6,43.0,2.0,2.0,,F,0,SK
Frontiers_000523,2010,6,2,6,30.0,3.0,3.0,3.0,F,1,SK
Frontiers_000285,2007,3,3,3,18.0,3.0,3.0,,F,1,SK
Frontiers_000162,2007,3,3,5,26.0,3.0,3.0,0.0,M,0,SK
Frontiers_000162,2008,4,3,5,23.0,3.0,2.0,2.0,M,0,SK
Frontiers_000443,2008,4,3,12,20.0,2.0,1.0,1.0,F,0,SK
Frontiers_000443,2010,6,3,12,24.0,3.0,2.0,2.0,F,0,SK
Frontiers_000443,2015,11,3,12,14.0,3.0,3.0,3.0,F,0,SK
Frontiers_000443,2012,8,3,12,37.0,1.0,0.0,0.0,F,0,SK
Frontiers_000443,2007,3,3,12,26.0,3.0,1.0,0.0,F,0,SK
Frontiers_000443,2016,12,3,12,14.0,3.0,3.0,3.0,F,1,SK
Frontiers_000443,2013,9,3,12,44.0,1.0,0.0,0.0,F,0,SK
Frontiers_000443,2009,5,3,12,11.0,3.0,3.0,3.0,F,0,SK
Frontiers_000443,2014,10,3,12,23.0,3.0,3.0,3.0,F,0,SK
Frontiers_000056,2008,4,4,6,33.0,2.0,2.0,2.0,M,0,SK
Frontiers_000056,2010,6,4,6,32.0,2.0,2.0,2.0,M,1,SK
Frontiers_000399,2009,5,3,8,36.0,3.0,0.0,0.0,M,0,SK
Frontiers_000399,2008,4,3,8,18.0,3.0,1.0,1.0,M,0,SK
Frontiers_000032,2009,5,4,5,15.0,3.0,3.0,3.0,M,1,SK
Frontiers_000427,2010,6,3,7,27.0,3.0,3.0,3.0,F,0,SK
Frontiers_000427,2009,5,3,7,15.0,3.0,3.0,3.0,F,0,SK
Frontiers_000427,2011,7,3,7,11.0,3.0,3.0,2.0,F,1,SK
Frontiers_000427,2007,3,3,7,21.0,3.0,2.0,,F,0,SK
Frontiers_000427,2008,4,3,7,24.0,3.0,3.0,2.0,F,0,SK
Frontiers_000159,2006,2,2,4,49.0,2.0,1.0,1.0,F,0,SK
Frontiers_000159,2008,4,2,4,33.0,2.0,2.0,2.0,F,1,SK
Frontiers_000044,2007,3,3,9,26.0,2.0,2.0,0.0,F,0,SK
Frontiers_000044,2013,9,3,9,22.0,3.0,0.0,0.0,F,1,SK
Frontiers_000044,2009,5,3,9,16.0,3.0,3.0,3.0,F,0,SK
Frontiers_000044,2010,6,3,9,29.0,3.0,3.0,3.0,F,0,SK
Frontiers_000045,2008,4,3,8,23.0,3.0,2.0,2.0,F,0,SK
Frontiers_000045,2007,3,3,8,13.0,2.0,0.0,,F,0,SK
Frontiers_000045,2010,6,3,8,61.0,3.0,0.0,0.0,F,0,SK
Frontiers_000045,2012,8,3,8,24.0,3.0,3.0,3.0,F,1,SK
Frontiers_000045,2011,7,3,8,13.0,2.0,0.0,0.0,F,0,SK
Frontiers_000321,2007,3,3,3,11.0,3.0,0.0,,F,1,SK
Frontiers_000033,2007,3,2,3,26.0,3.0,0.0,1.0,F,1,SK
Frontiers_000004,2011,7,4,7,10.0,3.0,0.0,0.0,F,1,SK
Frontiers_000004,2008,4,4,7,23.0,2.0,2.0,2.0,F,0,SK
Frontiers_000004,2009,5,4,7,14.0,3.0,3.0,3.0,F,0,SK
Frontiers_000004,2010,6,4,7,21.0,3.0,0.0,0.0,F,0,SK
Frontiers_000166,2012,8,5,15,19.0,3.0,0.0,1.0,M,0,SK
Frontiers_000166,2018,14,5,15,13.0,2.0,0.0,0.0,M,0,SK
Frontiers_000166,2014,10,5,15,27.0,3.0,0.0,0.0,M,0,SK
Frontiers_000166,2013,9,5,15,18.0,2.0,0.0,0.0,M,0,SK
Frontiers_000166,2009,5,5,15,16.0,1.0,0.0,0.0,M,0,SK
Frontiers_000338,2007,2,1,1,30.0,2.0,0.0,0.0,F,1,SK
Frontiers_000473,2009,5,3,5,13.0,3.0,2.0,0.0,M,1,SK
Frontiers_000473,2007,3,3,5,30.0,,1.0,0.0,M,0,SK
Frontiers_000473,2008,4,3,5,18.0,3.0,0.0,0.0,M,0,SK
Frontiers_000289,2008,3,3,6,20.0,3.0,1.0,1.0,M,0,SK
Frontiers_000289,2010,5,3,6,26.0,3.0,2.0,2.0,M,0,SK
Frontiers_000325,2008,3,3,3,31.0,2.0,1.0,1.0,F,1,SK
Frontiers_000283,2009,4,4,4,16.0,3.0,3.0,3.0,F,1,SK
Frontiers_000520,2008,3,3,6,39.0,2.0,0.0,0.0,M,0,SK
Frontiers_000467,2016,11,4,13,28.0,2.0,0.0,0.0,F,0,SK
Frontiers_000467,2013,8,4,13,24.0,1.0,0.0,0.0,F,0,SK
Frontiers_000467,2015,10,4,13,18.0,3.0,1.0,1.0,F,0,SK
Frontiers_000467,2009,4,4,13,16.0,1.0,0.0,0.0,F,0,SK
Frontiers_000467,2014,9,4,13,30.0,2.0,2.0,2.0,F,0,SK
Frontiers_000467,2017,12,4,13,25.0,3.0,3.0,3.0,F,0,SK
Frontiers_000476,2008,3,3,4,,2.0,1.0,0.0,M,0,SK
Frontiers_000476,2009,4,3,4,25.0,3.0,1.0,1.0,M,1,SK
Frontiers_000536,2012,7,3,9,26.0,3.0,3.0,3.0,F,0,SK
Frontiers_000536,2010,5,3,9,26.0,1.0,1.0,1.0,F,0,SK
Frontiers_000536,2011,6,3,9,9.0,3.0,3.0,3.0,F,0,SK
Frontiers_000536,2009,4,3,9,11.0,3.0,3.0,3.0,F,0,SK
Frontiers_000536,2013,8,3,9,15.0,3.0,1.0,1.0,F,0,SK
Frontiers_000536,2008,3,3,9,23.0,3.0,1.0,0.0,F,0,SK
Frontiers_000536,2014,9,3,9,16.0,2.0,2.0,2.0,F,1,SK
Frontiers_000111,2013,8,3,9,18.0,3.0,0.0,0.0,F,0,SK
Frontiers_000111,2014,9,3,9,24.0,3.0,0.0,1.0,F,1,SK
Frontiers_000111,2009,4,3,9,14.0,3.0,2.0,2.0,F,0,SK
Frontiers_000111,2008,3,3,9,31.0,3.0,2.0,2.0,F,0,SK
Frontiers_000111,2011,6,3,9,7.0,3.0,3.0,3.0,F,0,SK
Frontiers_000111,2010,5,3,9,28.0,3.0,2.0,2.0,F,0,SK
Frontiers_000111,2012,7,3,9,19.0,3.0,0.0,0.0,F,0,SK
Frontiers_000180,2009,4,3,4,18.0,3.0,2.0,1.0,M,1,SK
Frontiers_000180,2008,3,3,4,20.0,2.0,0.0,0.0,M,0,SK
Frontiers_000258,2009,4,4,5,17.0,3.0,2.0,2.0,M,0,SK
Frontiers_000258,2010,5,4,5,40.0,2.0,2.0,1.0,M,1,SK
Frontiers_000153,2010,5,3,7,32.0,3.0,0.0,0.0,M,0,SK
Frontiers_000153,2011,6,3,7,7.0,3.0,3.0,3.0,M,0,SK
Frontiers_000153,2008,3,3,7,22.0,3.0,1.0,1.0,M,0,SK
Frontiers_000153,2012,7,3,7,17.0,3.0,3.0,3.0,M,1,SK
Frontiers_000153,2009,4,3,7,17.0,3.0,3.0,2.0,M,0,SK
Frontiers_000496,2009,5,5,6,10.0,3.0,0.0,0.0,F,0,SK
Frontiers_000496,2010,6,5,6,28.0,3.0,0.0,0.0,F,1,SK
Frontiers_000083,2008,3,3,4,,2.0,1.0,0.0,F,0,SK
Frontiers_000026,2014,9,3,11,25.0,3.0,3.0,3.0,M,0,BT
Frontiers_000026,2013,8,3,11,20.0,3.0,3.0,2.0,M,0,BT
Frontiers_000026,2011,6,3,11,7.0,3.0,3.0,2.0,M,0,BT
Frontiers_000026,2009,4,3,11,16.0,3.0,3.0,3.0,M,0,BT
Frontiers_000026,2016,11,3,11,16.0,3.0,3.0,2.0,M,1,BT
Frontiers_000026,2015,10,3,11,16.0,3.0,3.0,2.0,M,0,BT
Frontiers_000026,2010,5,3,11,29.0,3.0,3.0,3.0,M,0,BT
Frontiers_000026,2012,7,3,11,17.0,3.0,3.0,3.0,M,0,BT
Frontiers_000026,2008,3,3,11,,,2.0,2.0,M,0,BT
Frontiers_000336,2013,8,3,10,20.0,3.0,2.0,2.0,F,0,SK
Frontiers_000336,2009,4,3,10,19.0,3.0,3.0,3.0,F,0,SK
Frontiers_000336,2014,9,3,10,24.0,3.0,3.0,1.0,F,0,SK
Frontiers_000336,2012,7,3,10,19.0,3.0,3.0,2.0,F,0,SK
Frontiers_000336,2015,10,3,10,17.0,3.0,3.0,3.0,F,1,SK
Frontiers_000277,2014,6,3,9,16.0,3.0,3.0,3.0,F,0,BT
Frontiers_000277,2017,9,3,9,20.0,3.0,3.0,3.0,F,1,BT
Frontiers_000277,2012,4,3,9,19.0,3.0,2.0,0.0,F,0,BT
Frontiers_000277,2016,8,3,9,15.0,3.0,3.0,3.0,F,0,BT
Frontiers_000277,2013,5,3,9,22.0,3.0,3.0,3.0,F,0,BT
Frontiers_000277,2015,7,3,9,14.0,3.0,3.0,3.0,F,0,BT
Frontiers_000277,2011,3,3,9,6.0,3.0,0.0,0.0,F,0,BT
Frontiers_000208,2013,5,4,6,19.0,2.0,2.0,2.0,M,0,BT
Frontiers_000385,2011,3,3,3,10.0,1.0,0.0,0.0,F,1,BT
Frontiers_000168,2014,6,3,7,23.0,3.0,0.0,0.0,F,0,BT
Frontiers_000168,2013,5,3,7,24.0,2.0,1.0,0.0,F,0,BT
Frontiers_000168,2011,3,3,7,20.0,3.0,3.0,2.0,F,0,BT
Frontiers_000168,2012,4,3,7,22.0,2.0,0.0,0.0,F,0,BT
Frontiers_000168,2015,7,3,7,18.0,4.0,3.0,2.0,F,1,BT
Frontiers_000407,2013,5,4,5,24.0,3.0,3.0,2.0,F,1,BT
Frontiers_000407,2012,4,4,5,26.0,3.0,2.0,2.0,F,0,BT
Frontiers_000359,2012,4,4,8,25.0,2.0,0.0,0.0,F,0,BT
Frontiers_000359,2016,8,4,8,30.0,3.0,3.0,3.0,F,1,BT
Frontiers_000359,2014,6,4,8,18.0,3.0,3.0,3.0,F,0,BT
Frontiers_000359,2015,7,4,8,18.0,3.0,3.0,2.0,F,0,BT
Frontiers_000359,2013,5,4,8,21.0,2.0,0.0,0.0,F,0,BT
Frontiers_000088,2014,6,6,9,25.0,3.0,0.0,1.0,M,0,BT
Frontiers_000088,2017,9,6,9,22.0,3.0,3.0,3.0,M,1,BT
Frontiers_000088,2016,8,6,9,27.0,3.0,3.0,3.0,M,0,BT
Frontiers_000421,2015,7,4,8,20.0,3.0,0.0,0.0,M,0,BT
Frontiers_000421,2013,5,4,8,21.0,2.0,0.0,0.0,M,0,BT
Frontiers_000421,2016,8,4,8,20.0,3.0,3.0,3.0,M,1,BT
Frontiers_000421,2014,6,4,8,16.0,3.0,2.0,2.0,M,0,BT
Frontiers_000421,2012,4,4,8,24.0,3.0,2.0,2.0,M,0,BT
Frontiers_000519,2012,4,4,4,28.0,2.0,0.0,0.0,M,1,BT
Frontiers_000225,2012,4,4,5,16.0,4.0,0.0,0.0,F,0,BT
Frontiers_000392,2013,5,3,9,24.0,2.0,1.0,1.0,F,0,BT
Frontiers_000392,2014,6,3,9,38.0,2.0,0.0,0.0,F,0,BT
Frontiers_000392,2012,4,3,9,26.0,3.0,3.0,2.0,F,0,BT
Frontiers_000392,2015,7,3,9,18.0,3.0,3.0,3.0,F,0,BT
Frontiers_000392,2017,9,3,9,20.0,3.0,3.0,3.0,F,1,BT
Frontiers_000392,2016,8,3,9,19.0,3.0,3.0,2.0,F,0,BT
Frontiers_000087,2010,2,2,2,42.0,2.0,2.0,2.0,M,1,BT
Frontiers_000184,2016,9,2,9,19.0,3.0,3.0,2.0,F,1,BT
Frontiers_000184,2009,2,2,9,23.0,2.0,2.0,2.0,F,0,BT
Frontiers_000184,2014,7,2,9,18.0,3.0,3.0,3.0,F,0,BT
Frontiers_000184,2013,6,2,9,23.0,3.0,3.0,3.0,F,0,BT
Frontiers_000184,2011,4,2,9,7.0,3.0,2.0,2.0,F,0,BT
Frontiers_000184,2010,3,2,9,29.0,3.0,2.0,2.0,F,0,BT
Frontiers_000184,2012,5,2,9,19.0,3.0,3.0,2.0,F,0,BT
Frontiers_000184,2015,8,2,9,14.0,3.0,3.0,1.0,F,0,BT
Frontiers_000063,2014,5,2,5,26.0,3.0,0.0,0.0,F,1,BT
Frontiers_000063,2011,2,2,5,9.0,2.0,2.0,0.0,F,0,BT
Frontiers_000143,2013,4,3,5,24.0,2.0,2.0,2.0,F,0,BT
Frontiers_000143,2012,3,3,5,38.0,3.0,0.0,0.0,F,0,BT
Frontiers_000381,2014,5,3,6,26.0,3.0,3.0,3.0,M,0,SK
Frontiers_000381,2015,6,3,6,22.0,3.0,3.0,3.0,M,1,SK
Frontiers_000381,2012,3,3,6,28.0,2.0,2.0,2.0,M,0,SK
Frontiers_000381,2013,4,3,6,24.0,2.0,0.0,0.0,M,0,SK
Frontiers_000433,2011,2,2,2,13.0,2.0,2.0,2.0,M,1,BT
Frontiers_000471,2012,3,3,3,26.0,3.0,3.0,2.0,M,1,BT
Frontiers_000438,2013,4,3,8,22.0,2.0,0.0,0.0,M,0,BT
Frontiers_000438,2017,8,3,8,22.0,3.0,3.0,3.0,M,1,BT
Frontiers_000438,2014,5,3,8,24.0,3.0,3.0,0.0,M,0,BT
Frontiers_000438,2015,6,3,8,18.0,3.0,3.0,3.0,M,0,BT
Frontiers_000438,2012,3,3,8,22.0,3.0,3.0,3.0,M,0,BT
Frontiers_000438,2016,7,3,8,16.0,3.0,3.0,3.0,M,0,BT
Frontiers_000156,2013,4,4,5,19.0,3.0,0.0,0.0,F,0,BT
Frontiers_000156,2013,4,4,5,22.0,2.0,0.0,0.0,F,0,BT
Frontiers_000156,2014,5,4,5,43.0,3.0,0.0,0.0,F,1,BT
Frontiers_000234,2014,5,2,8,24.0,3.0,3.0,0.0,F,0,BT
Frontiers_000234,2011,2,2,8,31.0,2.0,0.0,0.0,F,0,BT
Frontiers_000234,2015,6,2,8,18.0,3.0,3.0,3.0,F,0,BT
Frontiers_000234,2017,8,2,8,22.0,3.0,3.0,3.0,F,1,BT
Frontiers_000234,2016,7,2,8,16.0,3.0,3.0,3.0,F,0,BT
Frontiers_000234,2012,3,2,8,22.0,3.0,3.0,3.0,F,0,BT
Frontiers_000123,2012,3,3,6,26.0,3.0,3.0,0.0,M,0,BT
Frontiers_000123,2014,5,3,6,14.0,3.0,3.0,3.0,M,0,BT
Frontiers_000123,2015,6,3,6,18.0,3.0,2.0,2.0,M,1,BT
Frontiers_000123,2013,4,3,6,19.0,3.0,3.0,2.0,M,0,BT
Frontiers_000470,2013,4,4,5,24.0,2.0,1.0,1.0,M,0,BT
Frontiers_000470,2014,5,4,5,23.0,3.0,3.0,1.0,M,1,BT
Frontiers_000050,2012,3,3,4,28.0,3.0,3.0,3.0,F,0,BT
Frontiers_000050,2013,4,3,4,24.0,2.0,1.0,1.0,F,1,BT
Frontiers_000425,2012,3,3,5,28.0,2.0,2.0,2.0,F,0,SK
Frontiers_000425,2013,4,3,5,44.0,2.0,1.0,1.0,F,0,SK
Frontiers_000425,2014,5,3,5,27.0,2.0,2.0,1.0,F,1,SK
Frontiers_000227,2010,2,2,8,46.0,2.0,0.0,0.0,F,0,BT
Frontiers_000227,2013,5,2,8,21.0,3.0,3.0,3.0,F,0,BT
Frontiers_000227,2014,6,2,8,14.0,3.0,2.0,2.0,F,0,BT
Frontiers_000227,2011,3,2,8,13.0,2.0,2.0,2.0,F,0,BT
Frontiers_000227,2015,7,2,8,15.0,3.0,3.0,3.0,F,0,BT
Frontiers_000227,2012,4,2,8,22.0,2.0,1.0,1.0,F,0,BT
Frontiers_000227,2016,8,2,8,16.0,3.0,3.0,3.0,F,1,BT
Frontiers_000126,2015,5,2,6,16.0,3.0,3.0,3.0,F,0,BT
Frontiers_000126,2014,4,2,6,15.0,2.0,1.0,1.0,F,0,BT
Frontiers_000126,2016,6,2,6,18.0,3.0,3.0,3.0,F,1,BT
Frontiers_000126,2012,2,2,6,28.0,2.0,1.0,1.0,F,0,BT
Frontiers_000126,2013,3,2,6,18.0,3.0,3.0,3.0,F,0,BT
Frontiers_000082,2015,5,3,5,16.0,3.0,3.0,2.0,M,1,BT
Frontiers_000082,2014,4,3,5,24.0,3.0,0.0,0.0,M,0,BT
Frontiers_000082,2013,3,3,5,44.0,2.0,2.0,2.0,M,0,BT
Frontiers_000312,2014,4,4,4,25.0,3.0,2.0,2.0,F,1,SK
Frontiers_000139,2016,6,5,10,18.0,3.0,3.0,2.0,F,0,BT
Frontiers_000139,2019,9,5,10,24.0,3.0,3.0,2.0,F,0,BT
Frontiers_000139,2017,7,5,10,22.0,2.0,2.0,2.0,F,0,BT
Frontiers_000139,2015,5,5,10,18.0,3.0,2.0,2.0,F,0,BT
Frontiers_000139,2018,8,5,10,10.0,1.0,1.0,1.0,F,0,BT
Frontiers_000139,2020,10,5,10,15.0,3.0,3.0,3.0,F,1,BT
Frontiers_000065,2014,4,3,6,25.0,3.0,3.0,0.0,M,0,BT
Frontiers_000065,2013,3,3,6,25.0,1.0,1.0,1.0,M,0,BT
Frontiers_000065,2016,6,3,6,16.0,3.0,3.0,3.0,M,1,BT
Frontiers_000065,2015,5,3,6,16.0,3.0,3.0,2.0,M,0,BT
Frontiers_000544,2010,4,3,6,33.0,3.0,2.0,2.0,M,0,SK
Frontiers_000544,2012,6,3,6,22.0,2.0,1.0,1.0,M,1,SK
Frontiers_000544,2009,3,3,6,30.0,2.0,2.0,2.0,M,0,SK
Frontiers_000116,2008,2,2,2,36.0,2.0,2.0,0.0,F,1,SK
Frontiers_000524,2009,3,2,6,13.0,3.0,3.0,0.0,F,0,BT
Frontiers_000524,2010,4,2,6,28.0,2.0,2.0,2.0,F,0,BT
Frontiers_000524,2008,2,2,6,32.0,2.0,2.0,2.0,F,0,BT
Frontiers_000524,2012,6,2,6,15.0,3.0,3.0,0.0,F,1,BT
Frontiers_000524,2011,5,2,6,4.0,3.0,3.0,3.0,F,0,BT
Frontiers_000324,2009,3,3,6,14.0,2.0,1.0,1.0,F,0,SK
Frontiers_000324,2010,4,3,6,34.0,3.0,3.0,3.0,F,0,SK
Frontiers_000386,2008,2,2,3,36.0,2.0,2.0,0.0,M,0,SK
Frontiers_000386,2009,3,2,3,18.0,3.0,3.0,3.0,M,1,SK
Frontiers_000444,2015,9,3,9,17.0,3.0,3.0,3.0,M,1,SK
Frontiers_000444,2012,6,3,9,28.0,3.0,2.0,2.0,M,0,SK
Frontiers_000444,2009,3,3,9,19.0,3.0,3.0,3.0,M,0,SK
Frontiers_000444,2013,7,3,9,21.0,2.0,1.0,1.0,M,0,SK
Frontiers_000393,2009,3,3,13,16.0,3.0,0.0,0.0,M,0,SK
Frontiers_000393,2017,11,3,13,23.0,3.0,3.0,2.0,M,0,SK
Frontiers_000393,2016,10,3,13,19.0,3.0,3.0,3.0,M,0,SK
Frontiers_000393,2019,13,3,13,24.0,3.0,3.0,3.0,M,1,SK
Frontiers_000241,2010,4,3,10,26.0,3.0,3.0,2.0,F,0,SK
Frontiers_000241,2016,10,3,10,15.0,3.0,3.0,3.0,F,1,SK
Frontiers_000241,2014,8,3,10,26.0,3.0,3.0,3.0,F,0,SK
Frontiers_000241,2009,3,3,10,18.0,3.0,3.0,3.0,F,0,SK
Frontiers_000241,2015,9,3,10,17.0,3.0,3.0,3.0,F,0,SK
Frontiers_000241,2013,7,3,10,24.0,2.0,0.0,0.0,F,0,SK
Frontiers_000241,2012,6,3,10,26.0,3.0,2.0,0.0,F,0,SK
Frontiers_000422,2009,3,3,3,14.0,3.0,3.0,3.0,M,1,SK
Frontiers_000121,2009,3,3,3,14.0,3.0,3.0,3.0,F,1,SK
Frontiers_000287,2010,4,4,9,32.0,3.0,3.0,1.0,M,0,SK
Frontiers_000287,2015,9,4,9,17.0,4.0,3.0,3.0,M,1,SK
Frontiers_000287,2011,5,4,9,13.0,3.0,3.0,3.0,M,0,SK
Frontiers_000287,2012,6,4,9,19.0,3.0,3.0,3.0,M,0,SK
Frontiers_000255,2016,10,3,11,16.0,3.0,3.0,3.0,F,0,SK
Frontiers_000255,2012,6,3,11,17.0,3.0,3.0,3.0,F,0,SK
Frontiers_000255,2014,8,3,11,25.0,3.0,3.0,2.0,F,0,SK
Frontiers_000255,2010,4,3,11,32.0,3.0,0.0,0.0,F,0,SK
Frontiers_000255,2015,9,3,11,17.0,3.0,3.0,3.0,F,0,SK
Frontiers_000255,2013,7,3,11,44.0,2.0,2.0,2.0,F,0,SK
Frontiers_000255,2011,5,3,11,7.0,3.0,3.0,3.0,F,0,SK
Frontiers_000255,2017,11,3,11,21.0,3.0,3.0,3.0,F,1,SK
Frontiers_000255,2009,3,3,11,17.0,3.0,3.0,2.0,F,0,SK
Frontiers_000495,2009,3,3,5,10.0,3.0,0.0,0.0,F,0,SK
Frontiers_000495,2010,4,3,5,26.0,3.0,1.0,1.0,F,0,SK
Frontiers_000440,2009,3,3,3,40.0,3.0,0.0,0.0,F,1,SK
Frontiers_000010,2009,3,3,3,18.0,3.0,3.0,3.0,F,1,SK
Frontiers_000297,2010,4,3,4,30.0,3.0,3.0,3.0,F,1,SK
Frontiers_000297,2009,3,3,4,17.0,3.0,2.0,1.0,F,0,SK
Frontiers_000131,2007,2,2,2,28.0,3.0,0.0,0.0,F,1,SK
Frontiers_000384,2009,4,3,4,18.0,3.0,3.0,3.0,M,1,SK
Frontiers_000384,2008,3,3,4,38.0,3.0,0.0,0.0,M,0,SK
Frontiers_000233,2014,7,3,10,27.0,2.0,2.0,2.0,F,0,SK
Frontiers_000233,2010,3,3,10,47.0,2.0,2.0,2.0,F,0,SK
Frontiers_000233,2015,8,3,10,18.0,3.0,3.0,3.0,F,0,SK
Frontiers_000233,2017,10,3,10,23.0,3.0,2.0,2.0,F,1,SK
Frontiers_000233,2013,6,3,10,21.0,2.0,0.0,0.0,F,0,SK
Frontiers_000233,2016,9,3,10,21.0,3.0,3.0,3.0,F,0,SK
Frontiers_000382,2010,3,3,5,46.0,2.0,0.0,0.0,M,0,BT
Frontiers_000382,2012,5,3,5,16.0,2.0,2.0,2.0,M,1,BT
Frontiers_000128,2009,2,2,2,16.0,3.0,3.0,3.0,M,1,SK
Frontiers_000197,2010,3,3,3,32.0,3.0,3.0,2.0,M,1,SK
Frontiers_000417,2014,7,2,11,27.0,3.0,1.0,1.0,M,0,SK
Frontiers_000417,2017,10,2,11,21.0,3.0,3.0,3.0,M,0,SK
Frontiers_000417,2018,11,2,11,13.0,3.0,3.0,2.0,M,1,SK
Frontiers_000417,2015,8,2,11,17.0,3.0,3.0,3.0,M,0,SK
Frontiers_000417,2016,9,2,11,21.0,3.0,2.0,2.0,M,0,SK
Frontiers_000417,2009,2,2,11,23.0,3.0,3.0,2.0,M,0,SK
Frontiers_000309,2012,4,4,4,28.0,2.0,2.0,1.0,M,1,SK
Frontiers_000246,2012,4,3,9,28.0,3.0,3.0,3.0,F,0,SK
Frontiers_000246,2017,9,3,9,23.0,3.0,3.0,3.0,F,1,SK
Frontiers_000246,2015,7,3,9,17.0,3.0,3.0,3.0,F,0,SK
Frontiers_000246,2011,3,3,9,16.0,3.0,3.0,3.0,F,0,SK
Frontiers_000246,2013,5,3,9,21.0,2.0,1.0,1.0,F,0,SK
Frontiers_000246,2016,8,3,9,19.0,3.0,3.0,3.0,F,0,SK
Frontiers_000412,2012,4,2,4,22.0,3.0,3.0,3.0,M,1,SK
Frontiers_000412,2010,2,2,4,38.0,2.0,2.0,2.0,M,0,SK
Frontiers_000424,2018,10,4,10,13.0,3.0,2.0,2.0,F,1,SK
Frontiers_000424,2012,4,4,10,19.0,3.0,3.0,3.0,F,0,SK
Frontiers_000424,2015,7,4,10,18.0,3.0,3.0,3.0,F,0,SK
Frontiers_000313,2016,8,4,8,14.0,3.0,3.0,3.0,M,1,SK
Frontiers_000313,2014,6,4,8,23.0,3.0,2.0,2.0,M,0,SK
Frontiers_000313,2013,5,4,8,20.0,3.0,0.0,0.0,M,0,SK
Frontiers_000313,2012,4,4,8,22.0,3.0,3.0,3.0,M,0,SK
Frontiers_000313,2015,7,4,8,16.0,3.0,3.0,3.0,M,0,SK
Frontiers_000057,2011,3,3,10,42.0,2.0,2.0,2.0,F,0,SK
Frontiers_000057,2015,7,3,10,21.0,3.0,3.0,3.0,F,0,SK
Frontiers_000057,2013,5,3,10,18.0,2.0,2.0,2.0,F,0,SK
Frontiers_000057,2016,8,3,10,21.0,2.0,2.0,2.0,F,0,SK
Frontiers_000057,2014,6,3,10,20.0,2.0,0.0,0.0,F,0,SK
Frontiers_000057,2017,9,3,10,23.0,3.0,1.0,2.0,F,0,SK
Frontiers_000057,2012,4,3,10,26.0,3.0,3.0,2.0,F,0,SK
Frontiers_000057,2018,10,3,10,13.0,3.0,3.0,0.0,F,1,SK
Frontiers_000269,2012,4,4,6,22.0,2.0,0.0,0.0,F,0,SK
Frontiers_000269,2014,6,4,6,27.0,2.0,1.0,1.0,F,1,SK
Frontiers_000534,2016,8,4,12,21.0,2.0,2.0,2.0,M,0,SK
Frontiers_000534,2013,5,4,12,18.0,2.0,2.0,2.0,M,0,SK
Frontiers_000534,2015,7,4,12,21.0,3.0,3.0,3.0,M,0,SK
Frontiers_000534,2014,6,4,12,20.0,2.0,0.0,0.0,M,0,SK
Frontiers_000534,2018,10,4,12,13.0,3.0,3.0,0.0,M,0,SK
Frontiers_000534,2019,11,4,12,28.0,3.0,2.0,2.0,M,0,SK
Frontiers_000534,2012,4,4,12,26.0,3.0,3.0,2.0,M,0,SK
Frontiers_000534,2017,9,4,12,23.0,3.0,1.0,2.0,M,0,SK
Frontiers_000113,2017,9,4,10,25.0,2.0,2.0,2.0,F,0,SK
Frontiers_000113,2013,5,4,10,21.0,2.0,1.0,1.0,F,0,SK
Frontiers_000113,2014,6,4,10,26.0,3.0,2.0,2.0,F,0,SK
Frontiers_000113,2012,4,4,10,28.0,2.0,2.0,1.0,F,0,SK
Frontiers_000113,2015,7,4,10,18.0,3.0,3.0,3.0,F,0,SK
Frontiers_000113,2016,8,4,10,21.0,3.0,3.0,3.0,F,0,SK
Frontiers_000113,2018,10,4,10,13.0,3.0,1.0,0.0,F,1,SK
Frontiers_000455,2012,4,4,4,29.0,2.0,2.0,2.0,M,1,SK
Frontiers_000431,2012,4,4,4,26.0,3.0,1.0,1.0,F,1,SK
Frontiers_000054,2012,4,4,4,22.0,2.0,1.0,1.0,F,1,SK
Frontiers_000306,2010,3,3,5,32.0,2.0,2.0,2.0,M,0,SK
Frontiers_000306,2012,5,3,5,20.0,2.0,2.0,2.0,M,1,SK
Frontiers_000084,2012,3,3,3,41.0,2.0,1.0,1.0,M,1,SK
Frontiers_000478,2012,3,3,3,22.0,2.0,0.0,0.0,M,1,SK
Frontiers_000171,2012,3,3,3,19.0,3.0,3.0,2.0,M,1,SK
Frontiers_000435,2013,4,3,8,21.0,2.0,1.0,1.0,F,0,SK
Frontiers_000435,2012,3,3,8,28.0,3.0,2.0,2.0,F,0,SK
Frontiers_000435,2016,7,3,8,14.0,3.0,2.0,2.0,F,0,SK
Frontiers_000435,2015,6,3,8,17.0,3.0,3.0,3.0,F,0,SK
Frontiers_000435,2017,8,3,8,37.0,2.0,0.0,0.0,F,1,SK
Frontiers_000047,2012,3,3,3,22.0,3.0,3.0,3.0,F,1,SK
Frontiers_000376,2015,6,3,6,18.0,2.0,1.0,1.0,F,1,SK
Frontiers_000376,2014,5,3,6,26.0,3.0,3.0,3.0,F,0,SK
Frontiers_000376,2012,3,3,6,32.0,2.0,2.0,1.0,F,0,SK
Frontiers_000376,2013,4,3,6,21.0,2.0,1.0,0.0,F,0,SK
Frontiers_000509,2016,7,3,7,15.0,3.0,3.0,3.0,M,1,SK
Frontiers_000509,2013,4,3,7,24.0,2.0,0.0,0.0,M,0,SK
Frontiers_000509,2014,5,3,7,25.0,3.0,2.0,2.0,M,0,SK
Frontiers_000509,2012,3,3,7,28.0,3.0,2.0,2.0,M,0,SK
Frontiers_000509,2015,6,3,7,17.0,3.0,3.0,3.0,M,0,SK
Frontiers_000513,2011,2,2,8,28.0,2.0,0.0,0.0,F,0,SK
Frontiers_000513,2013,4,2,8,21.0,2.0,0.0,0.0,F,0,SK
Frontiers_000513,2015,6,2,8,14.0,3.0,3.0,3.0,F,0,SK
Frontiers_000513,2017,8,2,8,21.0,3.0,3.0,3.0,F,1,SK
Frontiers_000513,2012,3,2,8,28.0,2.0,2.0,2.0,F,0,SK
Frontiers_000513,2016,7,2,8,14.0,3.0,3.0,2.0,F,0,SK
Frontiers_000513,2014,5,2,8,17.0,3.0,3.0,3.0,F,0,SK
Frontiers_000347,2012,3,3,7,28.0,3.0,3.0,3.0,F,0,SK
Frontiers_000347,2013,4,3,7,27.0,1.0,1.0,0.0,F,0,SK
Frontiers_000347,2016,7,3,7,21.0,3.0,3.0,,F,1,SK
Frontiers_000347,2014,5,3,7,27.0,3.0,2.0,2.0,F,0,SK
Frontiers_000130,2013,4,3,5,20.0,3.0,3.0,2.0,F,0,SK
Frontiers_000130,2012,3,3,5,20.0,3.0,3.0,2.0,F,0,SK
Frontiers_000130,2014,5,3,5,26.0,3.0,3.0,3.0,F,1,SK
Frontiers_000416,2017,8,3,8,21.0,3.0,2.0,2.0,F,1,SK
Frontiers_000416,2015,6,3,8,17.0,3.0,3.0,3.0,F,0,SK
Frontiers_000416,2016,7,3,8,14.0,3.0,3.0,2.0,F,0,SK
Frontiers_000416,2012,3,3,8,19.0,3.0,3.0,2.0,F,0,SK
Frontiers_000416,2014,5,3,8,26.0,3.0,2.0,2.0,F,0,SK
Frontiers_000416,2013,4,3,8,41.0,2.0,0.0,0.0,F,0,SK
Frontiers_000311,2015,6,3,6,18.0,2.0,1.0,1.0,M,1,SK
Frontiers_000311,2014,5,3,6,26.0,3.0,3.0,3.0,M,0,SK
Frontiers_000311,2012,3,3,6,32.0,2.0,2.0,1.0,M,0,SK
Frontiers_000311,2013,4,3,6,21.0,2.0,1.0,0.0,M,0,SK
Frontiers_000423,2012,3,3,5,29.0,3.0,3.0,3.0,F,0,SK
Frontiers_000423,2014,5,3,5,26.0,3.0,3.0,3.0,F,1,SK
Frontiers_000423,2013,4,3,5,18.0,3.0,2.0,2.0,F,0,SK
Frontiers_000134,2012,4,4,4,22.0,3.0,3.0,3.0,F,1,SK
Frontiers_000394,2017,5,3,5,43.0,2.0,2.0,2.0,F,1,SK
Frontiers_000394,2015,3,3,5,37.0,2.0,1.0,1.0,F,0,SK
Frontiers_000394,2016,4,3,5,21.0,1.0,0.0,0.0,F,0,SK
Frontiers_000394,2016,4,3,5,28.0,3.0,3.0,3.0,F,0,SK
Frontiers_000405,2015,3,3,7,19.0,3.0,3.0,3.0,F,0,SK
Frontiers_000405,2016,4,3,7,29.0,2.0,2.0,2.0,F,0,SK
Frontiers_000405,2017,5,3,7,23.0,3.0,3.0,2.0,F,0,SK
Frontiers_000405,2019,7,3,7,31.0,3.0,3.0,3.0,F,1,SK
Frontiers_000383,2010,2,2,4,32.0,3.0,3.0,1.0,F,0,SK
Frontiers_000383,2012,4,2,4,22.0,2.0,0.0,0.0,F,1,SK
Frontiers_000008,2011,3,3,3,25.0,3.0,0.0,0.0,F,1,SK
Frontiers_000535,2013,3,3,7,45.0,2.0,0.0,0.0,M,0,SK
Frontiers_000535,2014,4,3,7,30.0,2.0,2.0,2.0,M,0,SK
Frontiers_000535,2017,7,3,7,25.0,3.0,3.0,3.0,M,1,SK
Frontiers_000535,2016,6,3,7,28.0,2.0,0.0,0.0,M,0,SK
Frontiers_000535,2015,5,3,7,18.0,3.0,1.0,1.0,M,0,SK
Frontiers_000373,2013,3,3,3,20.0,3.0,2.0,2.0,M,1,SK
Frontiers_000400,2014,4,4,4,26.0,3.0,2.0,2.0,M,1,SK
Frontiers_000530,2012,5,4,5,19.0,3.0,0.0,1.0,F,1,SK
Frontiers_000530,2011,4,4,5,7.0,2.0,0.0,0.0,F,0,SK
Frontiers_000328,2012,3,3,6,26.0,3.0,0.0,0.0,M,0,SK
Frontiers_000328,2015,6,3,6,18.0,3.0,3.0,3.0,M,1,SK
Frontiers_000328,2014,5,3,6,38.0,2.0,0.0,0.0,M,0,SK
Frontiers_000282,2012,4,4,4,26.0,3.0,2.0,0.0,M,1,SK
Frontiers_000207,2013,3,3,4,44.0,2.0,2.0,2.0,F,0,SK
Frontiers_000207,2014,4,3,4,28.0,2.0,2.0,2.0,F,1,SK
Frontiers_000155,2015,5,5,5,19.0,3.0,2.0,2.0,M,1,BT
Frontiers_000080,2017,7,4,10,23.0,3.0,3.0,3.0,M,0,SK
Frontiers_000080,2016,6,4,10,21.0,3.0,2.0,2.0,M,0,SK
Frontiers_000080,2018,8,4,10,15.0,3.0,2.0,2.0,M,0,SK
Frontiers_000080,2020,10,4,10,18.0,3.0,3.0,3.0,M,1,SK
Frontiers_000080,2019,9,4,10,27.0,3.0,3.0,3.0,M,0,SK
Frontiers_000080,2015,5,4,10,19.0,3.0,3.0,3.0,M,0,SK
Frontiers_000080,2014,4,4,10,38.0,2.0,2.0,2.0,M,0,SK
Frontiers_000410,2013,4,3,6,44.0,2.0,2.0,2.0,F,0,SK
Frontiers_000410,2014,5,3,6,25.0,3.0,2.0,2.0,F,0,SK
Frontiers_000410,2012,3,3,6,28.0,2.0,2.0,2.0,F,0,SK
Frontiers_000410,2015,6,3,6,19.0,3.0,3.0,2.0,F,1,SK
Frontiers_000028,2017,6,3,6,25.0,3.0,3.0,3.0,M,1,SK
Frontiers_000028,2015,4,3,6,17.0,3.0,3.0,3.0,M,0,SK
Frontiers_000028,2014,3,3,6,28.0,3.0,2.0,2.0,M,0,SK
Frontiers_000028,2016,5,3,6,19.0,3.0,3.0,2.0,M,0,SK
Frontiers_000213,2014,3,3,3,24.0,3.0,3.0,1.0,M,1,SK
Frontiers_000061,2013,2,2,2,53.0,2.0,0.0,0.0,M,1,SK
Frontiers_000097,2014,3,3,5,38.0,2.0,2.0,2.0,F,0,SK
Frontiers_000097,2015,4,3,5,19.0,3.0,3.0,3.0,F,0,SK
Frontiers_000223,2012,2,2,4,34.0,3.0,2.0,1.0,F,0,BT
Frontiers_000223,2014,4,2,4,14.0,3.0,3.0,3.0,F,1,BT
Frontiers_000223,2013,3,2,4,18.0,3.0,3.0,3.0,F,0,BT
Frontiers_000091,2016,5,5,5,21.0,3.0,2.0,2.0,F,1,SK
Frontiers_000303,2017,6,3,8,23.0,3.0,3.0,3.0,M,0,SK
Frontiers_000303,2014,3,3,8,,,2.0,3.0,M,0,SK
Frontiers_000303,2016,5,3,8,28.0,2.0,2.0,2.0,M,0,SK
Frontiers_000303,2019,8,3,8,27.0,3.0,3.0,3.0,M,1,SK
Frontiers_000303,2015,4,3,8,18.0,3.0,0.0,0.0,M,0,SK
Frontiers_000303,2018,7,3,8,15.0,3.0,3.0,3.0,M,0,SK
Frontiers_000099,2013,2,2,5,44.0,3.0,2.0,2.0,M,0,SK
Frontiers_000099,2014,3,2,5,24.0,2.0,2.0,2.0,M,0,SK
Frontiers_000099,2015,4,2,5,17.0,3.0,2.0,2.0,M,0,SK
Frontiers_000099,2016,5,2,5,14.0,3.0,3.0,2.0,M,1,SK
Frontiers_000305,2014,4,4,4,26.0,3.0,3.0,3.0,M,1,SK
Frontiers_000492,2015,5,3,6,17.0,3.0,3.0,3.0,F,0,SK
Frontiers_000492,2014,4,3,6,25.0,3.0,3.0,2.0,F,0,SK
Frontiers_000492,2013,3,3,6,44.0,3.0,2.0,2.0,F,0,SK
Frontiers_000492,2016,6,3,6,13.0,3.0,3.0,3.0,F,1,SK
Frontiers_000507,2016,4,3,5,21.0,3.0,2.0,2.0,F,0,SK
Frontiers_000507,2015,3,3,5,22.0,3.0,3.0,3.0,F,0,SK
Frontiers_000507,2017,5,3,5,24.0,3.0,2.0,2.0,F,1,SK
Frontiers_000377,2015,3,2,7,18.0,3.0,2.0,2.0,F,0,SK
Frontiers_000377,2018,6,2,7,11.0,3.0,3.0,3.0,F,0,SK
Frontiers_000377,2019,7,2,7,27.0,3.0,3.0,3.0,F,1,SK
Frontiers_000377,2014,2,2,7,42.0,2.0,0.0,0.0,F,0,SK
Frontiers_000377,2017,5,2,7,54.0,3.0,3.0,3.0,F,0,SK
Frontiers_000377,2016,4,2,7,19.0,4.0,4.0,,F,0,SK
Frontiers_000074,2017,5,3,5,23.0,3.0,3.0,3.0,F,1,SK
Frontiers_000074,2015,3,3,5,22.0,2.0,2.0,2.0,F,0,SK
Frontiers_000001,2015,3,2,5,19.0,3.0,3.0,3.0,F,0,SK
Frontiers_000001,2014,2,2,5,30.0,2.0,2.0,2.0,F,0,SK
Frontiers_000001,2016,4,2,5,21.0,3.0,3.0,3.0,F,0,SK
Frontiers_000001,2017,5,2,5,23.0,3.0,3.0,3.0,F,1,SK
Frontiers_000441,2015,3,2,3,21.0,2.0,2.0,2.0,F,1,SK
Frontiers_000441,2014,2,2,3,55.0,2.0,2.0,0.0,F,0,SK
Frontiers_000221,2015,3,2,4,18.0,2.0,2.0,2.0,M,0,SK
Frontiers_000221,2014,2,2,4,50.0,2.0,1.0,1.0,M,0,SK
Frontiers_000221,2016,4,2,4,20.0,3.0,3.0,3.0,M,1,SK
Frontiers_000176,2014,2,2,4,55.0,2.0,2.0,0.0,M,0,SK
Frontiers_000176,2016,4,2,4,19.0,4.0,4.0,,M,1,SK
Frontiers_000220,2013,2,2,3,44.0,3.0,2.0,2.0,F,0,SK
Frontiers_000220,2014,3,2,3,24.0,2.0,2.0,2.0,F,1,SK
Frontiers_000299,2017,6,2,8,23.0,3.0,3.0,3.0,M,0,SK
Frontiers_000299,2019,8,2,8,25.0,3.0,0.0,0.0,M,1,SK
Frontiers_000299,2013,2,2,8,44.0,2.0,2.0,2.0,M,0,SK
Frontiers_000299,2014,3,2,8,28.0,2.0,2.0,2.0,M,0,SK
Frontiers_000299,2015,4,2,8,37.0,2.0,1.0,1.0,M,0,SK
Frontiers_000299,2018,7,2,8,13.0,3.0,1.0,0.0,M,0,SK
Frontiers_000112,2018,5,2,5,25.0,3.0,0.0,0.0,F,1,SK
Frontiers_000112,2017,4,2,5,29.0,3.0,3.0,0.0,F,0,SK
Frontiers_000011,2016,3,3,3,30.0,3.0,3.0,3.0,M,1,BT
Frontiers_000027,2018,5,4,7,8.0,3.0,3.0,1.0,F,0,BT
Frontiers_000027,2020,7,4,7,18.0,3.0,3.0,2.0,F,1,BT
Frontiers_000027,2017,4,4,7,24.0,3.0,2.0,2.0,F,0,BT
Frontiers_000027,2019,6,4,7,26.0,3.0,2.0,2.0,F,0,BT
Frontiers_000174,2016,3,3,4,29.0,2.0,2.0,2.0,M,0,SK
Frontiers_000174,2017,4,3,4,31.0,2.0,0.0,0.0,M,1,SK
Frontiers_000055,2017,3,3,3,23.0,3.0,3.0,3.0,M,1,SK
Frontiers_000035,2016,2,2,4,28.0,2.0,2.0,2.0,F,0,SK
Frontiers_000035,2018,4,2,4,18.0,2.0,2.0,2.0,F,1,SK
Frontiers_000035,2017,3,2,4,22.0,3.0,2.0,2.0,F,0,SK
Frontiers_000502,2017,3,3,3,27.0,3.0,2.0,2.0,F,1,SK
Frontiers_000341,2017,3,3,3,21.0,3.0,3.0,3.0,M,1,SK
Frontiers_000021,2017,3,3,5,34.0,3.0,3.0,2.0,F,0,SK
Frontiers_000021,2018,4,3,5,15.0,3.0,0.0,0.0,F,0,SK
Frontiers_000340,2017,3,3,3,31.0,2.0,0.0,0.0,F,1,SK
Frontiers_000110,2018,4,3,5,15.0,3.0,1.0,1.0,M,0,SK
Frontiers_000110,2017,3,3,5,31.0,3.0,3.0,2.0,M,0,SK
Frontiers_000110,2019,5,3,5,31.0,1.0,0.0,0.0,M,1,SK
Frontiers_000272,2016,2,2,3,21.0,3.0,0.0,0.0,F,0,SK
Frontiers_000272,2017,3,2,3,23.0,3.0,3.0,1.0,F,1,SK
Frontiers_000434,2016,2,2,4,21.0,1.0,0.0,0.0,F,0,SK
Frontiers_000434,2017,3,2,4,29.0,3.0,2.0,1.0,F,0,SK
Frontiers_000434,2018,4,2,4,20.0,3.0,2.0,0.0,F,1,SK
Frontiers_000418,2017,3,3,4,23.0,3.0,3.0,2.0,F,0,SK
Frontiers_000418,2018,4,3,4,10.0,3.0,2.0,0.0,F,1,SK
Frontiers_000296,2018,4,3,4,15.0,3.0,3.0,1.0,F,1,SK
Frontiers_000296,2022,8,3,4,21.0,3.0,3.0,0.0,F,0,SK
Frontiers_000296,2017,3,3,4,29.0,3.0,3.0,3.0,F,0,SK
Frontiers_000034,2016,2,2,3,77.0,1.0,1.0,1.0,F,0,SK
Frontiers_000034,2017,3,2,3,25.0,3.0,3.0,3.0,F,1,SK
Frontiers_000100,2019,4,4,7,30.0,3.0,2.0,2.0,M,0,BT
Frontiers_000100,2021,6,4,7,37.0,3.0,3.0,0.0,M,0,BT
Frontiers_000249,2018,3,3,4,15.0,3.0,3.0,3.0,F,0,SK
Frontiers_000249,2019,4,3,4,27.0,3.0,3.0,3.0,F,1,SK
Frontiers_000120,2017,2,2,3,47.0,2.0,0.0,0.0,F,0,SK
Frontiers_000447,2018,3,3,3,17.0,3.0,2.0,2.0,F,1,SK
Frontiers_000229,2017,2,2,4,47.0,2.0,0.0,0.0,M,0,SK
Frontiers_000229,2018,3,2,4,20.0,3.0,2.0,0.0,M,0,SK
Frontiers_000229,2019,4,2,4,28.0,3.0,3.0,3.0,M,1,SK
Frontiers_000465,2015,4,3,4,20.0,3.0,3.0,3.0,F,1,BT
Frontiers_000465,2014,3,3,4,25.0,3.0,3.0,3.0,F,0,BT
Frontiers_000533,2016,5,3,5,24.0,3.0,3.0,3.0,M,1,BT
Frontiers_000533,2014,3,3,5,30.0,2.0,0.0,0.0,M,0,BT
Frontiers_000073,2019,8,3,8,28.0,2.0,2.0,2.0,M,1,BT
Frontiers_000073,2016,5,3,8,22.0,3.0,3.0,3.0,M,0,BT
Frontiers_000073,2018,7,3,8,9.0,3.0,3.0,2.0,M,0,BT
Frontiers_000073,2017,6,3,8,24.0,3.0,3.0,3.0,M,0,BT
Frontiers_000073,2015,4,3,8,25.0,2.0,0.0,0.0,M,0,BT
Frontiers_000517,2017,6,3,6,23.0,3.0,3.0,3.0,F,1,SK
Frontiers_000517,2014,3,3,6,26.0,3.0,2.0,2.0,F,0,SK
Frontiers_000517,2015,4,3,6,21.0,3.0,3.0,3.0,F,0,SK
Frontiers_000517,2016,5,3,6,15.0,3.0,3.0,3.0,F,0,SK
Frontiers_000202,2015,4,3,5,18.0,3.0,3.0,3.0,M,0,BT
Frontiers_000202,2016,5,3,5,16.0,3.0,3.0,3.0,M,1,BT
Frontiers_000202,2014,3,3,5,26.0,3.0,0.0,0.0,M,0,BT
Frontiers_000504,2015,4,4,7,25.0,2.0,2.0,2.0,M,0,BT
Frontiers_000245,2017,5,4,5,20.0,3.0,3.0,2.0,M,1,BT
Frontiers_000245,2016,4,4,5,26.0,3.0,2.0,2.0,M,0,BT
Frontiers_000137,2015,3,3,4,18.0,3.0,3.0,2.0,F,0,BT
Frontiers_000137,2016,4,3,4,22.0,3.0,3.0,3.0,F,1,BT
Frontiers_000463,2017,5,3,5,24.0,3.0,3.0,3.0,F,1,BT
Frontiers_000463,2015,3,3,5,25.0,2.0,0.0,0.0,F,0,BT
Frontiers_000463,2016,4,3,5,22.0,3.0,3.0,3.0,F,0,BT
Frontiers_000515,2017,5,4,5,22.0,3.0,3.0,3.0,F,1,BT
Frontiers_000515,2016,4,4,5,29.0,3.0,3.0,3.0,F,0,BT
Frontiers_000228,2018,6,3,6,6.0,4.0,4.0,3.0,M,1,BT
Frontiers_000228,2016,4,3,6,18.0,3.0,3.0,0.0,M,0,BT
Frontiers_000228,2017,5,3,6,22.0,4.0,2.0,2.0,M,0,BT
Frontiers_000228,2015,3,3,6,18.0,3.0,3.0,3.0,M,0,BT
Frontiers_000326,2014,2,2,4,30.0,2.0,0.0,0.0,F,0,BT
Frontiers_000326,2016,4,2,4,19.0,3.0,3.0,3.0,F,1,BT
Frontiers_000326,2015,3,2,4,16.0,3.0,3.0,2.0,F,0,BT
Frontiers_000512,2015,2,2,5,39.0,1.0,0.0,0.0,F,0,BT
Frontiers_000512,2018,5,2,5,15.0,2.0,2.0,2.0,F,1,BT
Frontiers_000295,2015,2,2,3,21.0,3.0,3.0,3.0,M,0,SK
Frontiers_000295,2016,3,2,3,15.0,3.0,3.0,3.0,M,1,SK
Frontiers_000510,2016,3,3,3,31.0,2.0,2.0,2.0,F,1,BT
Frontiers_000198,2016,3,3,3,61.0,2.0,2.0,2.0,F,1,SK
Frontiers_000212,2020,7,3,7,35.0,3.0,3.0,2.0,F,1,BT
Frontiers_000212,2019,6,3,7,32.0,2.0,2.0,2.0,F,0,BT
Frontiers_000212,2016,3,3,7,42.0,2.0,1.0,1.0,F,0,BT
Frontiers_000212,2018,5,3,7,15.0,3.0,3.0,2.0,F,0,BT
Frontiers_000212,2017,4,3,7,24.0,3.0,3.0,2.0,F,0,BT
Frontiers_000538,2018,5,5,7,6.0,3.0,2.0,2.0,F,0,BT
Frontiers_000538,2019,6,5,7,26.0,3.0,3.0,3.0,F,0,BT
Frontiers_000538,2020,7,5,7,19.0,3.0,2.0,2.0,F,1,BT
Frontiers_000363,2017,4,3,4,27.0,4.0,4.0,2.0,F,1,BT
Frontiers_000363,2016,3,3,4,24.0,3.0,2.0,2.0,F,0,BT
Frontiers_000358,2018,4,4,4,15.0,3.0,2.0,2.0,F,1,BT
Frontiers_000179,2017,3,3,3,22.0,3.0,3.0,3.0,M,1,BT
Frontiers_000420,2017,3,3,3,22.0,3.0,1.0,1.0,F,1,BT
Frontiers_000152,2018,4,3,5,17.0,3.0,2.0,2.0,M,0,SK
Frontiers_000152,2019,5,3,5,29.0,3.0,3.0,3.0,M,1,SK
Frontiers_000152,2017,3,3,5,22.0,3.0,2.0,2.0,M,0,SK
Frontiers_000238,2019,4,4,4,38.0,2.0,1.0,1.0,M,1,BT
Frontiers_000211,2019,4,4,4,44.0,3.0,3.0,2.0,M,1,BT
Frontiers_000456,2017,2,2,2,38.0,2.0,2.0,2.0,F,1,BT
Frontiers_000256,2016,3,3,3,27.0,2.0,2.0,2.0,F,1,BT
Frontiers_000281,2018,3,3,3,13.0,3.0,3.0,3.0,M,1,SK
Frontiers_000531,2017,3,3,3,43.0,2.0,2.0,0.0,F,1,BT
Frontiers_000109,2018,2,2,2,15.0,3.0,3.0,2.0,F,1,BT
Frontiers_000330,2019,3,3,3,29.0,3.0,3.0,3.0,F,1,SK
Frontiers_000397,2018,2,2,4,15.0,3.0,1.0,1.0,F,0,BT
Frontiers_000397,2019,3,2,4,26.0,3.0,3.0,3.0,F,0,BT
Frontiers_000105,2019,3,3,4,31.0,2.0,2.0,2.0,F,0,BT
Frontiers_000105,2020,4,3,4,18.0,3.0,3.0,3.0,F,1,BT
Frontiers_000288,2019,3,3,3,31.0,3.0,1.0,1.0,F,1,BT
Frontiers_000404,2020,4,3,4,18.0,3.0,3.0,3.0,M,1,BT
Frontiers_000404,2019,3,3,4,31.0,2.0,2.0,2.0,M,0,BT
Frontiers_000101,2018,3,3,3,13.0,3.0,3.0,0.0,F,1,BT
Frontiers_000093,2018,3,2,3,15.0,3.0,3.0,3.0,M,1,SK
Frontiers_000093,2017,2,2,3,35.0,3.0,2.0,2.0,M,0,SK
Frontiers_000053,2018,3,3,3,15.0,2.0,2.0,2.0,F,1,SK
Frontiers_000167,2020,4,4,4,23.0,3.0,1.0,1.0,M,1,SK
Frontiers_000304,2019,3,2,3,36.0,2.0,2.0,2.0,F,1,SK
Frontiers_000304,2018,2,2,2,28.0,2.0,0.0,0.0,F,1,SK
Frontiers_000304,2020,4,2,4,19.0,2.0,2.0,1.0,F,1,SK
Frontiers_000428,2020,4,4,4,18.0,3.0,3.0,3.0,M,1,SK
Frontiers_000186,2020,4,2,4,17.0,3.0,3.0,2.0,M,1,SK
Frontiers_000186,2019,3,2,4,28.0,3.0,3.0,3.0,M,0,SK
Frontiers_000186,2018,2,2,4,31.0,2.0,0.0,0.0,M,0,SK
Frontiers_000292,2017,4,4,4,23.0,3.0,3.0,3.0,F,1,SK
Frontiers_000015,2018,3,3,4,31.0,3.0,0.0,0.0,M,0,BT
Frontiers_000183,2020,4,2,4,19.0,2.0,2.0,1.0,M,1,SK
Frontiers_000183,2019,3,2,4,41.0,2.0,1.0,0.0,M,0,SK
Frontiers_000089,2018,2,2,2,35.0,2.0,0.0,0.0,M,1,SK
Frontiers_000477,2018,2,2,3,31.0,2.0,0.0,0.0,F,0,SK
Frontiers_000477,2019,3,2,3,28.0,3.0,3.0,3.0,F,1,SK
Frontiers_000187,2019,3,3,3,31.0,3.0,3.0,3.0,F,1,SK
Frontiers_000413,2019,3,3,3,28.0,2.0,2.0,2.0,F,1,SK
Frontiers_000320,2019,3,3,3,39.0,2.0,2.0,2.0,M,1,SK
Frontiers_000494,2019,2,2,2,39.0,2.0,2.0,0.0,F,1,SK
Frontiers_000300,2019,2,2,4,39.0,2.0,2.0,2.0,F,0,SK
Frontiers_000059,2020,2,2,2,33.0,3.0,3.0,2.0,F,1,SK
