id,year,sex,mdate,age_days,first_capture,mean_age,mean_age_sq,mean_first_capture,wing_length,body_mass,log_body_mass,thorax_width
2014101,2014,m,2014-04-18,0,1,3.0,18.0,12.900709219858156,31.0,,,1.9249999999999998
2014101,2014,m,2014-04-24,6,1,3.0,18.0,12.900709219858156,31.0,0.135,-2.0024805005437076,
2014102,2014,m,2014-04-18,0,1,3.0,18.0,12.900709219858156,30.0,,,1.9
2014102,2014,m,2014-04-24,6,1,3.0,18.0,12.900709219858156,30.0,0.17,-1.7719568419318752,
2014103,2014,m,2014-04-19,0,2,2.5,12.5,12.900709219858156,32.0,,,1.875
2014103,2014,m,2014-04-24,5,2,2.5,12.5,12.900709219858156,32.0,0.168,-1.783791299578878,
2014104,2014,,2014-04-20,0,3,0.0,0.0,12.900709219858156,31.0,,,1.875
2014105,2014,m,2014-04-20,0,3,2.0,8.0,12.900709219858156,29.5,,,1.875
2014105,2014,m,2014-04-24,4,3,2.0,8.0,12.900709219858156,29.5,0.147,-1.9173226922034008,
2014106,2014,,2014-04-20,0,3,0.0,0.0,12.900709219858156,32.0,,,1.9
2014107,2014,m,2014-04-21,0,4,3.0,15.0,12.900709219858156,30.0,,,1.7
2014107,2014,m,2014-04-24,3,4,3.0,15.0,12.900709219858156,30.0,0.175,-1.742969305058623,
2014107,2014,m,2014-04-27,6,4,3.0,15.0,12.900709219858156,30.0,0.179,-1.720369473141382,
2014108,2014,m,2014-04-21,0,4,5.25,47.25,12.900709219858156,31.0,,,2.075
2014108,2014,m,2014-04-24,3,4,5.25,47.25,12.900709219858156,31.0,0.181,-1.7092582477163114,
2014108,2014,m,2014-04-27,6,4,5.25,47.25,12.900709219858156,31.0,0.172,-1.760260802168684,
2014108,2014,m,2014-05-03,12,4,5.25,47.25,12.900709219858156,31.0,0.142,-1.9519282213808764,
2014109,2014,m,2014-04-21,0,4,5.0,33.0,12.900709219858156,34.0,,,2.15
2014109,2014,m,2014-04-24,3,4,5.0,33.0,12.900709219858156,34.0,0.208,-1.5702171992808192,
2014109,2014,m,2014-04-27,6,4,5.0,33.0,12.900709219858156,34.0,0.202,-1.5994875815809322,1.75
2014109,2014,m,2014-04-27,6,4,5.0,33.0,12.900709219858156,34.0,0.168,-1.783791299578878,1.75
2014109,2014,m,2014-04-27,6,4,5.0,33.0,12.900709219858156,34.0,0.167,-1.7897614665653818,1.75
2014109,2014,m,2014-04-30,9,4,5.0,33.0,12.900709219858156,34.0,0.163,-1.8140050781753747,
2014110,2014,m,2014-04-23,0,6,3.0,16.5,12.900709219858156,31.0,,,2.075
2014110,2014,m,2014-04-24,1,6,3.0,16.5,12.900709219858156,31.0,0.191,-1.6554818509355071,
2014110,2014,m,2014-04-27,4,6,3.0,16.5,12.900709219858156,31.0,0.179,-1.720369473141382,
2014110,2014,m,2014-04-30,7,6,3.0,16.5,12.900709219858156,31.0,0.158,-1.8451602459551701,
2014111,2014,,2014-04-23,0,6,0.0,0.0,12.900709219858156,34.0,,,1.975
2014112,2014,m,2014-04-23,0,6,5.0,46.333333333333336,12.900709219858156,31.0,,,2.0
2014112,2014,m,2014-04-24,1,6,5.0,46.333333333333336,12.900709219858156,31.0,0.181,-1.7092582477163114,
2014112,2014,m,2014-04-27,4,6,5.0,46.333333333333336,12.900709219858156,31.0,0.167,-1.7897614665653818,1.9
2014112,2014,m,2014-04-27,4,6,5.0,46.333333333333336,12.900709219858156,31.0,0.162,-1.820158943749753,1.9
2014112,2014,m,2014-04-30,7,6,5.0,46.333333333333336,12.900709219858156,31.0,0.148,-1.9105430052180221,
2014112,2014,m,2014-05-07,14,6,5.0,46.333333333333336,12.900709219858156,31.0,0.146,-1.9241486572738007,
2014113,2014,,2014-04-23,0,6,0.0,0.0,12.900709219858156,31.0,,,1.85
2014114,2014,,2014-04-23,0,6,0.0,0.0,12.900709219858156,32.0,,,1.725
2014115,2014,m,2014-04-23,0,6,3.6666666666666665,33.666666666666664,12.900709219858156,30.5,,,1.9249999999999998
2014115,2014,m,2014-04-24,1,6,3.6666666666666665,33.666666666666664,12.900709219858156,30.5,0.21,-1.5606477482646683,
2014115,2014,m,2014-05-03,10,6,3.6666666666666665,33.666666666666664,12.900709219858156,30.5,0.167,-1.7897614665653818,
2014116,2014,m,2014-04-23,0,6,0.5,0.5,12.900709219858156,32.0,,,1.9
2014116,2014,m,2014-04-24,1,6,0.5,0.5,12.900709219858156,32.0,0.203,-1.5945492999403497,
2014117,2014,m,2014-04-23,0,6,0.5,0.5,12.900709219858156,31.0,,,1.75
2014117,2014,m,2014-04-24,1,6,0.5,0.5,12.900709219858156,31.0,0.191,-1.6554818509355071,
2014118,2014,f,2014-04-23,0,6,2.6666666666666665,16.666666666666668,12.900709219858156,31.0,,,1.9
2014118,2014,f,2014-04-24,1,6,2.6666666666666665,16.666666666666668,12.900709219858156,31.0,0.221,-1.5095925774643841,
2014118,2014,f,2014-04-30,7,6,2.6666666666666665,16.666666666666668,12.900709219858156,31.0,0.166,-1.7957674906255938,
2014119,2014,m,2014-04-23,0,6,7.75,125.25,12.900709219858156,33.0,,,2.0
2014119,2014,m,2014-04-24,1,6,7.75,125.25,12.900709219858156,33.0,0.191,-1.6554818509355071,
2014119,2014,m,2014-05-03,10,6,7.75,125.25,12.900709219858156,33.0,0.16,-1.8325814637483102,
2014119,2014,m,2014-05-13,20,6,7.75,125.25,12.900709219858156,33.0,0.143,-1.9449106487222299,
2014120,2014,f,2014-04-23,0,6,6.25,74.25,12.900709219858156,32.0,,,2.05
2014120,2014,f,2014-04-24,1,6,6.25,74.25,12.900709219858156,32.0,0.228,-1.4784096500276962,
2014120,2014,f,2014-05-03,10,6,6.25,74.25,12.900709219858156,32.0,0.184,-1.6928195213731514,
2014120,2014,f,2014-05-07,14,6,6.25,74.25,12.900709219858156,32.0,0.158,-1.8451602459551701,
2014121,2014,,2014-04-23,0,6,0.0,0.0,12.900709219858156,29.0,,,1.725
2014122,2014,m,2014-04-23,0,6,0.5,0.5,12.900709219858156,32.5,,,2.1
2014122,2014,m,2014-04-24,1,6,0.5,0.5,12.900709219858156,32.5,0.228,-1.4784096500276962,
2014123,2014,m,2014-04-24,0,7,3.75,20.25,12.900709219858156,31.0,0.21,-1.5606477482646683,2.2
2014123,2014,m,2014-04-27,3,7,3.75,20.25,12.900709219858156,31.0,,,1.9
2014123,2014,m,2014-04-30,6,7,3.75,20.25,12.900709219858156,31.0,0.141,-1.9589953886039688,
2014123,2014,m,2014-04-30,6,7,3.75,20.25,12.900709219858156,31.0,0.145,-1.9310215365615626,
2014124,2014,m,2014-04-24,0,7,4.333333333333333,28.333333333333332,12.900709219858156,31.0,0.178,-1.725971728690052,
2014124,2014,m,2014-04-30,6,7,4.333333333333333,28.333333333333332,12.900709219858156,31.0,0.13,-2.0402208285265546,1.725
2014124,2014,m,2014-05-01,7,7,4.333333333333333,28.333333333333332,12.900709219858156,31.0,,,1.5
2014125,2014,m,2014-04-24,0,7,1.5,4.5,12.900709219858156,31.0,0.259,-1.3509272172825992,
2014125,2014,m,2014-04-27,3,7,1.5,4.5,12.900709219858156,31.0,0.178,-1.725971728690052,1.8
2014126,2014,,2014-04-24,0,7,0.0,0.0,12.900709219858156,30.5,,,1.875
2014127,2014,m,2014-04-24,0,7,1.5,4.5,12.900709219858156,33.0,0.251,-1.3823023398503531,2.025
2014127,2014,m,2014-04-27,3,7,1.5,4.5,12.900709219858156,33.0,0.197,-1.6245515502441485,1.725
2014128,2014,m,2014-04-24,0,7,5.0,39.0,12.900709219858156,32.0,0.25,-1.3862943611198906,
2014128,2014,m,2014-04-30,6,7,5.0,39.0,12.900709219858156,32.0,0.143,-1.9449106487222299,1.85
2014128,2014,m,2014-05-03,9,7,5.0,39.0,12.900709219858156,32.0,0.151,-1.8904754421672127,
2014129,2014,m,2014-04-24,0,7,7.833333333333333,91.83333333333333,12.900709219858156,32.0,0.224,-1.4961092271270973,2.2
2014129,2014,m,2014-04-27,3,7,7.833333333333333,91.83333333333333,12.900709219858156,32.0,0.15,-1.8971199848858813,1.975
2014129,2014,m,2014-04-30,6,7,7.833333333333333,91.83333333333333,12.900709219858156,32.0,0.137,-1.987774353154012,
2014129,2014,m,2014-05-03,9,7,7.833333333333333,91.83333333333333,12.900709219858156,32.0,0.145,-1.9310215365615626,
2014129,2014,m,2014-05-07,13,7,7.833333333333333,91.83333333333333,12.900709219858156,32.0,0.134,-2.0099154790312257,
2014129,2014,m,2014-05-10,16,7,7.833333333333333,91.83333333333333,12.900709219858156,32.0,0.1,-2.3025850929940455,1.55
2014130,2014,m,2014-04-24,0,7,6.333333333333333,57.333333333333336,12.900709219858156,30.0,0.189,-1.6660082639224947,2.025
2014130,2014,m,2014-04-27,3,7,6.333333333333333,57.333333333333336,12.900709219858156,30.0,0.179,-1.720369473141382,
2014130,2014,m,2014-04-30,6,7,6.333333333333333,57.333333333333336,12.900709219858156,30.0,0.13,-2.0402208285265546,
2014130,2014,m,2014-05-01,7,7,6.333333333333333,57.333333333333336,12.900709219858156,30.0,0.123,-2.0955709236097197,1.625
2014130,2014,m,2014-05-03,9,7,6.333333333333333,57.333333333333336,12.900709219858156,30.0,0.134,-2.0099154790312257,
2014130,2014,m,2014-05-07,13,7,6.333333333333333,57.333333333333336,12.900709219858156,30.0,0.112,-2.1892564076870427,
2014131,2014,m,2014-04-24,0,7,0.0,0.0,12.900709219858156,29.0,0.184,-1.6928195213731514,1.8
2014132,2014,m,2014-04-24,0,7,3.0,15.0,12.900709219858156,32.0,0.257,-1.3586791940869172,1.95
2014132,2014,m,2014-04-27,3,7,3.0,15.0,12.900709219858156,32.0,0.194,-1.6398971199188088,
2014132,2014,m,2014-04-30,6,7,3.0,15.0,12.900709219858156,32.0,0.168,-1.783791299578878,
2014133,2014,m,2014-04-24,0,7,4.0,24.0,12.900709219858156,31.0,0.195,-1.6347557204183902,1.8
2014133,2014,m,2014-04-30,6,7,4.0,24.0,12.900709219858156,31.0,0.149,-1.903808973036678,
2014133,2014,m,2014-04-30,6,7,4.0,24.0,12.900709219858156,31.0,0.144,-1.9379419794061366,
2014134,2014,f,2014-04-24,0,7,1.5,4.5,12.900709219858156,32.0,0.327,-1.1177951080848836,2.25
2014134,2014,f,2014-04-27,3,7,1.5,4.5,12.900709219858156,32.0,0.297,-1.2140231401794375,
2014135,2014,m,2014-04-24,0,7,0.0,0.0,12.900709219858156,32.0,0.194,-1.6398971199188088,2.2
2014136,2014,m,2014-04-24,0,7,5.5,53.5,12.900709219858156,31.5,0.246,-1.4024237430497744,2.0
2014136,2014,m,2014-04-27,3,7,5.5,53.5,12.900709219858156,31.5,0.198,-1.6194882482876019,
2014136,2014,m,2014-04-30,6,7,5.5,53.5,12.900709219858156,31.5,0.156,-1.8578992717326,
2014136,2014,m,2014-05-07,13,7,5.5,53.5,12.900709219858156,31.5,0.141,-1.9589953886039688,
2014137,2014,f,2014-04-24,0,7,5.25,42.75,12.900709219858156,31.0,0.239,-1.4312917270506265,2.075
2014137,2014,f,2014-04-27,3,7,5.25,42.75,12.900709219858156,31.0,0.173,-1.7544636844843582,1.9
2014137,2014,f,2014-05-03,9,7,5.25,42.75,12.900709219858156,31.0,0.176,-1.7372712839439852,
2014137,2014,f,2014-05-03,9,7,5.25,42.75,12.900709219858156,31.0,0.178,-1.725971728690052,
2014138,2014,m,2014-04-24,0,7,1.5,4.5,12.900709219858156,29.0,0.182,-1.7037485919053417,1.775
2014138,2014,m,2014-04-27,3,7,1.5,4.5,12.900709219858156,29.0,0.171,-1.7660917224794772,
2014139,2014,m,2014-04-26,0,9,4.6,37.4,12.900709219858156,31.0,,,1.8
2014139,2014,m,2014-04-27,1,9,4.6,37.4,12.900709219858156,31.0,0.172,-1.760260802168684,
2014139,2014,m,2014-04-30,4,9,4.6,37.4,12.900709219858156,31.0,0.137,-1.987774353154012,
2014139,2014,m,2014-05-03,7,9,4.6,37.4,12.900709219858156,31.0,0.131,-2.0325579557809856,
2014139,2014,m,2014-05-07,11,9,4.6,37.4,12.900709219858156,31.0,0.126,-2.071473372030659,
2014140,2014,m,2014-04-26,0,9,3.0,16.5,12.900709219858156,31.0,,,1.95
2014140,2014,m,2014-04-27,1,9,3.0,16.5,12.900709219858156,31.0,0.133,-2.017406150760383,1.9
2014140,2014,m,2014-04-30,4,9,3.0,16.5,12.900709219858156,31.0,0.135,-2.0024805005437076,
2014140,2014,m,2014-05-03,7,9,3.0,16.5,12.900709219858156,31.0,0.132,-2.0249533563957662,
2014141,2014,m,2014-04-26,0,9,4.0,31.333333333333332,12.900709219858156,31.0,,,1.875
2014141,2014,m,2014-04-27,1,9,4.0,31.333333333333332,12.900709219858156,31.0,0.179,-1.720369473141382,
2014141,2014,m,2014-04-27,1,9,4.0,31.333333333333332,12.900709219858156,31.0,0.174,-1.7486999797676082,
2014141,2014,m,2014-04-30,4,9,4.0,31.333333333333332,12.900709219858156,31.0,0.138,-1.9805015938249322,
2014141,2014,m,2014-05-03,7,9,4.0,31.333333333333332,12.900709219858156,31.0,0.139,-1.973281345851445,
2014141,2014,m,2014-05-07,11,9,4.0,31.333333333333332,12.900709219858156,31.0,0.134,-2.0099154790312257,
2014142,2014,m,2014-04-26,0,9,0.5,0.5,12.900709219858156,32.0,,,2.125
2014142,2014,m,2014-04-27,1,9,0.5,0.5,12.900709219858156,32.0,0.225,-1.491654876777717,
2014143,2014,m,2014-04-26,0,9,0.5,0.5,12.900709219858156,31.0,,,1.85
2014143,2014,m,2014-04-27,1,9,0.5,0.5,12.900709219858156,31.0,0.166,-1.7957674906255938,
2014144,2014,m,2014-04-26,0,9,6.714285714285714,75.0,12.900709219858156,31.0,,,1.9249999999999998
2014144,2014,m,2014-04-27,1,9,6.714285714285714,75.0,12.900709219858156,31.0,0.183,-1.6982691261407161,
2014144,2014,m,2014-04-30,4,9,6.714285714285714,75.0,12.900709219858156,31.0,0.148,-1.9105430052180221,
2014144,2014,m,2014-05-03,7,9,6.714285714285714,75.0,12.900709219858156,31.0,0.152,-1.8838747581358606,
2014144,2014,m,2014-05-03,7,9,6.714285714285714,75.0,12.900709219858156,31.0,0.15,-1.8971199848858813,
2014144,2014,m,2014-05-07,11,9,6.714285714285714,75.0,12.900709219858156,31.0,0.146,-1.9241486572738007,
2014144,2014,m,2014-05-13,17,9,6.714285714285714,75.0,12.900709219858156,31.0,0.143,-1.9449106487222299,
2014145,2014,m,2014-04-27,0,10,5.833333333333333,66.83333333333333,12.900709219858156,29.0,0.158,-1.8451602459551701,1.5
2014145,2014,m,2014-04-27,0,10,5.833333333333333,66.83333333333333,12.900709219858156,29.0,0.116,-2.1541650878757723,1.5
2014145,2014,m,2014-04-30,3,10,5.833333333333333,66.83333333333333,12.900709219858156,29.0,0.101,-2.2926347621408776,
2014145,2014,m,2014-05-03,6,10,5.833333333333333,66.83333333333333,12.900709219858156,29.0,0.103,-2.2730262907525014,
2014145,2014,m,2014-05-07,10,10,5.833333333333333,66.83333333333333,12.900709219858156,29.0,0.094,-2.364460496712133,
2014145,2014,m,2014-05-13,16,10,5.833333333333333,66.83333333333333,12.900709219858156,29.0,0.096,-2.3434070875143007,
2014146,2014,m,2014-05-01,0,14,2.5,11.0,12.900709219858156,31.0,,,1.85
2014146,2014,m,2014-05-03,2,14,2.5,11.0,12.900709219858156,31.0,0.151,-1.8904754421672127,
2014146,2014,m,2014-05-03,2,14,2.5,11.0,12.900709219858156,31.0,0.154,-1.870802676568508,
2014146,2014,m,2014-05-07,6,14,2.5,11.0,12.900709219858156,31.0,0.147,-1.9173226922034008,
2014147,2014,m,2014-04-27,0,10,2.0,7.6,12.900709219858156,30.0,0.16,-1.8325814637483102,1.9
2014147,2014,m,2014-04-27,0,10,2.0,7.6,12.900709219858156,30.0,0.163,-1.8140050781753747,1.9
2014147,2014,m,2014-04-29,2,10,2.0,7.6,12.900709219858156,30.0,,,1.6
2014147,2014,m,2014-04-30,3,10,2.0,7.6,12.900709219858156,30.0,0.136,-1.995100393246085,
2014147,2014,m,2014-05-02,5,10,2.0,7.6,12.900709219858156,30.0,,,1.5
2014148,2014,m,2014-04-27,0,10,4.666666666666667,38.666666666666664,12.900709219858156,30.0,0.182,-1.7037485919053417,
2014148,2014,m,2014-05-01,4,10,4.666666666666667,38.666666666666664,12.900709219858156,30.0,,,1.55
2014148,2014,m,2014-05-07,10,10,4.666666666666667,38.666666666666664,12.900709219858156,30.0,0.14,-1.9661128563728327,
2014149,2014,m,2014-04-27,0,10,7.4,77.0,12.900709219858156,33.0,0.242,-1.4188175528254507,
2014149,2014,m,2014-05-01,4,10,7.4,77.0,12.900709219858156,33.0,,,1.8
2014149,2014,m,2014-05-07,10,10,7.4,77.0,12.900709219858156,33.0,0.154,-1.870802676568508,1.7
2014149,2014,m,2014-05-07,10,10,7.4,77.0,12.900709219858156,33.0,0.154,-1.870802676568508,1.7
2014149,2014,m,2014-05-10,13,10,7.4,77.0,12.900709219858156,33.0,,,1.625
2014150,2014,m,2014-04-27,0,10,1.6666666666666667,4.333333333333333,12.900709219858156,32.0,0.232,-1.4610179073158271,
2014150,2014,m,2014-04-29,2,10,1.6666666666666667,4.333333333333333,12.900709219858156,32.0,,,1.8
2014150,2014,m,2014-04-30,3,10,1.6666666666666667,4.333333333333333,12.900709219858156,32.0,0.156,-1.8578992717326,
2014151,2014,m,2014-04-27,0,10,1.5,4.5,12.900709219858156,31.0,0.217,-1.5278579254416775,
2014151,2014,m,2014-04-30,3,10,1.5,4.5,12.900709219858156,31.0,0.184,-1.6928195213731514,1.9
2014152,2014,m,2014-04-27,0,10,2.3333333333333335,8.333333333333334,12.900709219858156,30.0,0.162,-1.820158943749753,
2014152,2014,m,2014-04-30,3,10,2.3333333333333335,8.333333333333334,12.900709219858156,30.0,0.157,-1.851509473633829,
2014152,2014,m,2014-05-01,4,10,2.3333333333333335,8.333333333333334,12.900709219858156,30.0,,,1.55
2014153,2014,m,2014-04-27,0,10,11.571428571428571,208.42857142857142,12.900709219858156,34.0,0.306,-1.1841701770297564,2.2
2014153,2014,m,2014-04-30,3,10,11.571428571428571,208.42857142857142,12.900709219858156,34.0,0.177,-1.731605546408308,1.75
2014153,2014,m,2014-05-03,6,10,11.571428571428571,208.42857142857142,12.900709219858156,34.0,0.168,-1.783791299578878,
2014153,2014,m,2014-05-07,10,10,11.571428571428571,208.42857142857142,12.900709219858156,34.0,0.16,-1.8325814637483102,
2014153,2014,m,2014-05-13,16,10,11.571428571428571,208.42857142857142,12.900709219858156,34.0,0.152,-1.8838747581358606,
2014153,2014,m,2014-05-20,23,10,11.571428571428571,208.42857142857142,12.900709219858156,34.0,0.155,-1.8643301620628905,1.7
2014153,2014,m,2014-05-20,23,10,11.571428571428571,208.42857142857142,12.900709219858156,34.0,0.154,-1.870802676568508,1.7
2014154,2014,m,2014-04-27,0,10,0.0,0.0,12.900709219858156,32.0,0.197,-1.6245515502441485,2.1
2014155,2014,m,2014-04-27,0,10,4.4,30.8,12.900709219858156,29.0,0.177,-1.731605546408308,1.875
2014155,2014,m,2014-04-30,3,10,4.4,30.8,12.900709219858156,29.0,0.147,-1.9173226922034008,
2014155,2014,m,2014-04-30,3,10,4.4,30.8,12.900709219858156,29.0,0.144,-1.9379419794061366,
2014155,2014,m,2014-05-03,6,10,4.4,30.8,12.900709219858156,29.0,0.131,-2.0325579557809856,
2014155,2014,m,2014-05-07,10,10,4.4,30.8,12.900709219858156,29.0,0.127,-2.0635681925235456,
2014156,2014,f,2014-04-27,0,10,10.25,187.25,12.900709219858156,30.0,0.217,-1.5278579254416775,2.025
2014156,2014,f,2014-04-30,3,10,10.25,187.25,12.900709219858156,30.0,0.176,-1.7372712839439852,
2014156,2014,f,2014-05-13,16,10,10.25,187.25,12.900709219858156,30.0,0.147,-1.9173226922034008,
2014156,2014,f,2014-05-19,22,10,10.25,187.25,12.900709219858156,30.0,,,1.35
2014157,2014,f,2014-04-27,0,10,6.25,63.25,12.900709219858156,33.0,0.325,-1.1239300966523995,2.0
2014157,2014,f,2014-04-30,3,10,6.25,63.25,12.900709219858156,33.0,0.25,-1.3862943611198906,
2014157,2014,f,2014-05-07,10,10,6.25,63.25,12.900709219858156,33.0,0.196,-1.6296406197516198,
2014157,2014,f,2014-05-09,12,10,6.25,63.25,12.900709219858156,33.0,,,1.9
2014158,2014,f,2014-04-27,0,10,8.25,145.25,12.900709219858156,29.0,0.241,-1.422958345491482,1.8
2014158,2014,f,2014-05-01,4,10,8.25,145.25,12.900709219858156,29.0,,,1.7
2014158,2014,f,2014-05-03,6,10,8.25,145.25,12.900709219858156,29.0,0.153,-1.8773173575897015,
2014158,2014,f,2014-05-20,23,10,8.25,145.25,12.900709219858156,29.0,0.14,-1.9661128563728327,1.6
2014159,2014,f,2014-04-27,0,10,10.2,169.8,12.900709219858156,33.0,0.323,-1.1301029557594804,2.2
2014159,2014,f,2014-04-30,3,10,10.2,169.8,12.900709219858156,33.0,0.184,-1.6928195213731514,
2014159,2014,f,2014-05-07,10,10,10.2,169.8,12.900709219858156,33.0,0.209,-1.565421027017326,
2014159,2014,f,2014-05-13,16,10,10.2,169.8,12.900709219858156,33.0,0.184,-1.6928195213731514,
2014159,2014,f,2014-05-19,22,10,10.2,169.8,12.900709219858156,33.0,,,1.6
2014160,2014,m,2014-04-27,0,10,0.0,0.0,12.900709219858156,30.0,0.142,-1.9519282213808764,1.6
2014161,2014,m,2014-04-27,0,10,5.0,39.0,12.900709219858156,31.0,0.153,-1.8773173575897015,1.9
2014161,2014,m,2014-05-03,6,10,5.0,39.0,12.900709219858156,31.0,0.128,-2.05572501506252,
2014161,2014,m,2014-05-06,9,10,5.0,39.0,12.900709219858156,31.0,0.089,-2.419118909249997,1.5
2014162,2014,f,2014-04-27,0,10,10.5,198.5,12.900709219858156,29.0,0.247,-1.3983669423541598,2.2
2014162,2014,f,2014-04-30,3,10,10.5,198.5,12.900709219858156,29.0,0.183,-1.6982691261407161,
2014162,2014,f,2014-05-13,16,10,10.5,198.5,12.900709219858156,29.0,0.144,-1.9379419794061366,
2014162,2014,f,2014-05-20,23,10,10.5,198.5,12.900709219858156,29.0,0.128,-2.05572501506252,1.45
2014163,2014,m,2014-04-27,0,10,4.75,36.25,12.900709219858156,30.0,0.157,-1.851509473633829,1.7
2014163,2014,m,2014-04-30,3,10,4.75,36.25,12.900709219858156,30.0,0.14,-1.9661128563728327,
2014163,2014,m,2014-05-03,6,10,4.75,36.25,12.900709219858156,30.0,0.138,-1.9805015938249322,
2014163,2014,m,2014-05-07,10,10,4.75,36.25,12.900709219858156,30.0,0.14,-1.9661128563728327,
2014164,2014,f,2014-04-27,0,10,8.0,128.0,12.900709219858156,31.0,0.23,-1.4696759700589417,1.9
2014164,2014,f,2014-05-13,16,10,8.0,128.0,12.900709219858156,31.0,0.165,-1.8018098050815563,
2014165,2014,f,2014-04-27,0,10,7.25,91.25,12.900709219858156,32.0,0.305,-1.1874435023747254,2.1
2014165,2014,f,2014-04-30,3,10,7.25,91.25,12.900709219858156,32.0,0.221,-1.5095925774643841,
2014165,2014,f,2014-05-07,10,10,7.25,91.25,12.900709219858156,32.0,0.232,-1.4610179073158271,
2014165,2014,f,2014-05-13,16,10,7.25,91.25,12.900709219858156,32.0,0.185,-1.6873994539038122,
2014166,2014,m,2014-04-27,0,10,5.0,50.0,12.900709219858156,31.0,0.17,-1.7719568419318752,1.85
2014166,2014,m,2014-05-07,10,10,5.0,50.0,12.900709219858156,31.0,0.139,-1.973281345851445,
2014167,2014,f,2014-04-27,0,10,3.75,28.25,12.900709219858156,33.0,0.313,-1.1615520884419839,2.2
2014167,2014,f,2014-04-29,2,10,3.75,28.25,12.900709219858156,33.0,,,2.1
2014167,2014,f,2014-04-30,3,10,3.75,28.25,12.900709219858156,33.0,0.251,-1.3823023398503531,
2014167,2014,f,2014-05-07,10,10,3.75,28.25,12.900709219858156,33.0,0.212,-1.5511690043101247,
2014168,2014,m,2014-04-27,0,10,8.8,138.0,12.900709219858156,31.0,0.215,-1.5371172508544744,2.0
2014168,2014,m,2014-05-02,5,10,8.8,138.0,12.900709219858156,31.0,,,1.8
2014168,2014,m,2014-05-03,6,10,8.8,138.0,12.900709219858156,31.0,0.15,-1.8971199848858813,
2014168,2014,m,2014-05-07,10,10,8.8,138.0,12.900709219858156,31.0,0.149,-1.903808973036678,
2014168,2014,m,2014-05-20,23,10,8.8,138.0,12.900709219858156,31.0,0.139,-1.973281345851445,1.55
2014169,2014,f,2014-04-28,0,11,5.5,63.5,12.900709219858156,31.0,,,1.85
2014169,2014,f,2014-04-30,2,11,5.5,63.5,12.900709219858156,31.0,0.219,-1.5186835491656363,
2014169,2014,f,2014-05-03,5,11,5.5,63.5,12.900709219858156,31.0,0.24,-1.4271163556401458,
2014169,2014,f,2014-05-13,15,11,5.5,63.5,12.900709219858156,31.0,0.17,-1.7719568419318752,
2014170,2014,m,2014-04-28,0,11,4.666666666666667,35.333333333333336,12.900709219858156,31.0,,,1.9
2014170,2014,m,2014-05-03,5,11,4.666666666666667,35.333333333333336,12.900709219858156,31.0,0.174,-1.7486999797676082,
2014170,2014,m,2014-05-07,9,11,4.666666666666667,35.333333333333336,12.900709219858156,31.0,0.149,-1.903808973036678,
2014171,2014,f,2014-04-28,0,11,11.5,197.5,12.900709219858156,31.0,,,2.2
2014171,2014,f,2014-05-07,9,11,11.5,197.5,12.900709219858156,31.0,0.194,-1.6398971199188088,
2014171,2014,f,2014-05-13,15,11,11.5,197.5,12.900709219858156,31.0,0.16,-1.8325814637483102,
2014171,2014,f,2014-05-20,22,11,11.5,197.5,12.900709219858156,31.0,0.146,-1.9241486572738007,1.6
2014172,2014,f,2014-04-28,0,11,2.5,12.5,12.900709219858156,30.0,,,2.025
2014172,2014,f,2014-05-03,5,11,2.5,12.5,12.900709219858156,30.0,0.157,-1.851509473633829,
2014173,2014,f,2014-04-28,0,11,0.0,0.0,12.900709219858156,30.0,0.274,-1.2946271725940668,2.0
2014174,2014,,2014-04-28,0,11,10.5,220.5,12.900709219858156,30.0,,,1.8
2014174,2014,,2014-05-19,21,11,10.5,220.5,12.900709219858156,30.0,,,1.65
2014175,2014,,2014-04-28,0,11,0.0,0.0,12.900709219858156,31.0,,,2.1
2014176,2014,m,2014-04-28,0,11,5.333333333333333,50.666666666666664,12.900709219858156,30.0,,,1.85
2014176,2014,m,2014-04-30,2,11,5.333333333333333,50.666666666666664,12.900709219858156,30.0,0.173,-1.7544636844843582,
2014176,2014,m,2014-05-03,5,11,5.333333333333333,50.666666666666664,12.900709219858156,30.0,0.151,-1.8904754421672127,
2014176,2014,m,2014-05-03,5,11,5.333333333333333,50.666666666666664,12.900709219858156,30.0,0.153,-1.8773173575897015,
2014176,2014,m,2014-05-03,5,11,5.333333333333333,50.666666666666664,12.900709219858156,30.0,0.154,-1.870802676568508,
2014176,2014,m,2014-05-13,15,11,5.333333333333333,50.666666666666664,12.900709219858156,30.0,0.136,-1.995100393246085,
2014177,2014,,2014-04-28,0,11,0.0,0.0,12.900709219858156,29.0,,,1.8
2014178,2014,m,2014-04-28,0,11,5.75,46.75,12.900709219858156,30.0,0.207,-1.575036485716768,1.85
2014178,2014,m,2014-05-03,5,11,5.75,46.75,12.900709219858156,30.0,0.154,-1.870802676568508,
2014178,2014,m,2014-05-07,9,11,5.75,46.75,12.900709219858156,30.0,0.128,-2.05572501506252,
2014178,2014,m,2014-05-07,9,11,5.75,46.75,12.900709219858156,30.0,0.125,-2.0794415416798357,
2014179,2014,m,2014-04-28,0,11,0.0,0.0,12.900709219858156,31.0,0.182,-1.7037485919053417,2.075
2014180,2014,f,2014-04-28,0,11,2.3333333333333335,9.666666666666666,12.900709219858156,31.0,0.198,-1.6194882482876019,1.75
2014180,2014,f,2014-04-30,2,11,2.3333333333333335,9.666666666666666,12.900709219858156,31.0,0.184,-1.6928195213731514,
2014180,2014,f,2014-05-03,5,11,2.3333333333333335,9.666666666666666,12.900709219858156,31.0,0.182,-1.7037485919053417,1.65
2014181,2014,m,2014-04-29,0,12,8.0,120.0,12.900709219858156,31.0,,,2.1
2014181,2014,m,2014-05-03,4,12,8.0,120.0,12.900709219858156,31.0,0.177,-1.731605546408308,
2014181,2014,m,2014-05-07,8,12,8.0,120.0,12.900709219858156,31.0,0.15,-1.8971199848858813,
2014181,2014,m,2014-05-19,20,12,8.0,120.0,12.900709219858156,31.0,,,1.6
2014182,2014,m,2014-04-29,0,12,6.6,65.0,12.900709219858156,30.0,,,1.65
2014182,2014,m,2014-05-03,4,12,6.6,65.0,12.900709219858156,30.0,0.145,-1.9310215365615626,
2014182,2014,m,2014-05-06,7,12,6.6,65.0,12.900709219858156,30.0,,,1.7
2014182,2014,m,2014-05-07,8,12,6.6,65.0,12.900709219858156,30.0,0.11,-2.2072749131897207,
2014182,2014,m,2014-05-13,14,12,6.6,65.0,12.900709219858156,30.0,0.104,-2.2633643798407643,
2014183,2014,m,2014-04-29,0,12,4.0,32.0,12.900709219858156,30.0,,,2.15
2014183,2014,m,2014-05-07,8,12,4.0,32.0,12.900709219858156,30.0,0.154,-1.870802676568508,
2014184,2014,f,2014-04-29,0,12,1.75,5.25,12.900709219858156,31.0,,,2.325
2014184,2014,f,2014-04-30,1,12,1.75,5.25,12.900709219858156,31.0,0.286,-1.2517634681622845,2.0
2014184,2014,f,2014-05-01,2,12,1.75,5.25,12.900709219858156,31.0,,,1.65
2014184,2014,f,2014-05-03,4,12,1.75,5.25,12.900709219858156,31.0,0.217,-1.5278579254416775,
2014185,2014,m,2014-04-29,0,12,6.5,69.0,12.900709219858156,30.0,,,1.75
2014185,2014,m,2014-05-03,4,12,6.5,69.0,12.900709219858156,30.0,0.159,-1.8388510767619055,
2014185,2014,m,2014-05-07,8,12,6.5,69.0,12.900709219858156,30.0,0.153,-1.8773173575897015,
2014185,2014,m,2014-05-13,14,12,6.5,69.0,12.900709219858156,30.0,0.132,-2.0249533563957662,
2014186,2014,m,2014-04-29,0,12,2.0,8.0,12.900709219858156,31.0,,,2.0
2014186,2014,m,2014-05-03,4,12,2.0,8.0,12.900709219858156,31.0,0.153,-1.8773173575897015,
2014187,2014,f,2014-04-29,0,12,4.25,32.25,12.900709219858156,31.0,,,2.0
2014187,2014,f,2014-04-30,1,12,4.25,32.25,12.900709219858156,31.0,0.25,-1.3862943611198906,1.875
2014187,2014,f,2014-05-07,8,12,4.25,32.25,12.900709219858156,31.0,0.199,-1.6144504542576446,
2014187,2014,f,2014-05-07,8,12,4.25,32.25,12.900709219858156,31.0,0.199,-1.6144504542576446,
2014188,2014,m,2014-04-29,0,12,3.0,21.666666666666668,12.900709219858156,31.0,,,1.85
2014188,2014,m,2014-04-30,1,12,3.0,21.666666666666668,12.900709219858156,31.0,0.194,-1.6398971199188088,
2014188,2014,m,2014-05-07,8,12,3.0,21.666666666666668,12.900709219858156,31.0,0.134,-2.0099154790312257,
2014189,2014,f,2014-04-29,0,12,0.5,0.5,12.900709219858156,30.0,,,1.975
2014189,2014,f,2014-04-30,1,12,0.5,0.5,12.900709219858156,30.0,0.216,-1.5324768712979722,1.85
2014190,2014,m,2014-04-29,0,12,4.0,26.666666666666668,12.900709219858156,31.0,,,1.875
2014190,2014,m,2014-05-03,4,12,4.0,26.666666666666668,12.900709219858156,31.0,0.157,-1.851509473633829,
2014190,2014,m,2014-05-07,8,12,4.0,26.666666666666668,12.900709219858156,31.0,0.143,-1.9449106487222299,
2014191,2014,m,2014-04-29,0,12,2.0,8.0,12.900709219858156,31.0,,,1.9
2014191,2014,m,2014-05-03,4,12,2.0,8.0,12.900709219858156,31.0,0.153,-1.8773173575897015,
2014192,2014,f,2014-04-29,0,12,2.0,8.0,12.900709219858156,29.0,,,1.8
2014192,2014,f,2014-05-03,4,12,2.0,8.0,12.900709219858156,29.0,0.186,-1.6820086052689358,
2014193,2014,,2014-04-29,0,12,0.0,0.0,12.900709219858156,30.0,,,1.95
2014194,2014,f,2014-04-29,0,12,7.333333333333333,147.33333333333334,12.900709219858156,30.0,,,1.9249999999999998
2014194,2014,f,2014-04-30,1,12,7.333333333333333,147.33333333333334,12.900709219858156,30.0,0.186,-1.6820086052689358,
2014194,2014,f,2014-05-20,21,12,7.333333333333333,147.33333333333334,12.900709219858156,30.0,0.136,-1.995100393246085,1.5
2014195,2014,f,2014-04-29,0,12,4.25,32.25,12.900709219858156,32.0,,,1.8
2014195,2014,f,2014-04-30,1,12,4.25,32.25,12.900709219858156,32.0,0.217,-1.5278579254416775,
2014195,2014,f,2014-05-07,8,12,4.25,32.25,12.900709219858156,32.0,0.199,-1.6144504542576446,1.9
2014195,2014,f,2014-05-07,8,12,4.25,32.25,12.900709219858156,32.0,0.196,-1.6296406197516198,1.9
2014196,2014,,2014-04-29,0,12,0.0,0.0,12.900709219858156,31.0,,,1.8
2014197,2014,f,2014-04-29,0,12,0.5,0.5,12.900709219858156,31.0,,,2.075
2014197,2014,f,2014-04-30,1,12,0.5,0.5,12.900709219858156,31.0,0.208,-1.5702171992808192,
2014198,2014,m,2014-04-30,0,13,2.8,13.6,12.900709219858156,29.0,0.141,-1.9589953886039688,1.6
2014198,2014,m,2014-05-01,1,13,2.8,13.6,12.900709219858156,29.0,,,1.6
2014198,2014,m,2014-05-03,3,13,2.8,13.6,12.900709219858156,29.0,0.134,-2.0099154790312257,
2014198,2014,m,2014-05-03,3,13,2.8,13.6,12.900709219858156,29.0,0.133,-2.017406150760383,
2014198,2014,m,2014-05-07,7,13,2.8,13.6,12.900709219858156,29.0,0.12,-2.120263536200091,
2014199,2014,m,2014-04-30,0,13,10.0,200.0,12.900709219858156,32.0,0.161,-1.8263509139976741,1.775
2014199,2014,m,2014-05-20,20,13,10.0,200.0,12.900709219858156,32.0,0.128,-2.05572501506252,1.45
2014200,2014,f,2014-04-30,0,13,6.666666666666667,72.66666666666667,12.900709219858156,,0.227,-1.4828052615007343,
2014200,2014,f,2014-05-07,7,13,6.666666666666667,72.66666666666667,12.900709219858156,,0.215,-1.5371172508544744,
2014200,2014,f,2014-05-13,13,13,6.666666666666667,72.66666666666667,12.900709219858156,,0.17,-1.7719568419318752,
2014201,2014,m,2014-04-30,0,13,1.75,4.75,12.900709219858156,31.0,0.175,-1.742969305058623,
2014201,2014,m,2014-05-01,1,13,1.75,4.75,12.900709219858156,31.0,,,1.6
2014201,2014,m,2014-05-03,3,13,1.75,4.75,12.900709219858156,31.0,0.162,-1.820158943749753,
2014201,2014,m,2014-05-03,3,13,1.75,4.75,12.900709219858156,31.0,0.162,-1.820158943749753,
2014202,2014,f,2014-04-30,0,13,2.5,12.5,12.900709219858156,30.5,0.216,-1.5324768712979722,
2014202,2014,f,2014-05-05,5,13,2.5,12.5,12.900709219858156,30.5,,,1.75
2014203,2014,f,2014-04-30,0,13,7.333333333333333,104.66666666666667,12.900709219858156,31.0,0.258,-1.3547956940605197,
2014203,2014,f,2014-05-01,1,13,7.333333333333333,104.66666666666667,12.900709219858156,31.0,,,1.8
2014203,2014,f,2014-05-03,3,13,7.333333333333333,104.66666666666667,12.900709219858156,31.0,0.204,-1.5896352851379207,
2014203,2014,f,2014-05-07,7,13,7.333333333333333,104.66666666666667,12.900709219858156,31.0,0.196,-1.6296406197516198,
2014203,2014,f,2014-05-13,13,13,7.333333333333333,104.66666666666667,12.900709219858156,31.0,0.174,-1.7486999797676082,
2014203,2014,f,2014-05-20,20,13,7.333333333333333,104.66666666666667,12.900709219858156,31.0,0.134,-2.0099154790312257,1.55
2014204,2014,m,2014-04-30,0,13,2.5,12.5,12.900709219858156,27.5,0.164,-1.8078888511579385,
2014204,2014,m,2014-05-05,5,13,2.5,12.5,12.900709219858156,27.5,,,1.65
2014205,2014,m,2014-04-30,0,13,5.75,56.75,12.900709219858156,32.0,0.185,-1.6873994539038122,1.9
2014205,2014,m,2014-05-03,3,13,5.75,56.75,12.900709219858156,32.0,0.168,-1.783791299578878,
2014205,2014,m,2014-05-07,7,13,5.75,56.75,12.900709219858156,32.0,0.165,-1.8018098050815563,
2014205,2014,m,2014-05-13,13,13,5.75,56.75,12.900709219858156,32.0,0.157,-1.851509473633829,
2014206,2014,m,2014-04-30,0,13,1.5,4.5,12.900709219858156,30.0,0.123,-2.0955709236097197,1.75
2014206,2014,m,2014-05-03,3,13,1.5,4.5,12.900709219858156,30.0,0.12,-2.120263536200091,
2014207,2014,m,2014-04-30,0,13,0.5,0.5,12.900709219858156,33.0,0.23,-1.4696759700589417,1.85
2014207,2014,m,2014-05-01,1,13,0.5,0.5,12.900709219858156,33.0,,,1.75
2014208,2014,f,2014-04-30,0,13,3.0,17.666666666666668,12.900709219858156,31.0,0.264,-1.3318061758358208,1.9
2014208,2014,f,2014-05-02,2,13,3.0,17.666666666666668,12.900709219858156,31.0,,,2.025
2014208,2014,f,2014-05-07,7,13,3.0,17.666666666666668,12.900709219858156,31.0,0.197,-1.6245515502441485,
2014209,2014,f,2014-04-30,0,13,0.0,0.0,12.900709219858156,31.0,0.215,-1.5371172508544744,1.9
2014210,2014,f,2014-04-30,0,13,0.0,0.0,12.900709219858156,28.0,0.152,-1.8838747581358606,1.5
2014211,2014,f,2014-05-01,0,14,2.25,10.25,12.900709219858156,30.0,0.215,-1.5371172508544744,1.85
2014211,2014,f,2014-05-02,1,14,2.25,10.25,12.900709219858156,30.0,,,1.725
2014211,2014,f,2014-05-03,2,14,2.25,10.25,12.900709219858156,30.0,0.174,-1.7486999797676082,
2014211,2014,f,2014-05-07,6,14,2.25,10.25,12.900709219858156,30.0,0.148,-1.9105430052180221,
2014212,2014,m,2014-05-01,0,14,1.0,2.0,12.900709219858156,31.0,,,1.8
2014212,2014,m,2014-05-03,2,14,1.0,2.0,12.900709219858156,31.0,0.149,-1.903808973036678,
2014213,2014,f,2014-05-01,0,14,3.5,19.0,12.900709219858156,30.5,,,1.9
2014213,2014,f,2014-05-03,2,14,3.5,19.0,12.900709219858156,30.5,0.166,-1.7957674906255938,
2014213,2014,f,2014-05-07,6,14,3.5,19.0,12.900709219858156,30.5,0.148,-1.9105430052180221,
2014213,2014,f,2014-05-07,6,14,3.5,19.0,12.900709219858156,30.5,0.145,-1.9310215365615626,
2014214,2014,f,2014-05-01,0,14,3.0,14.0,12.900709219858156,28.0,,,1.725
2014214,2014,f,2014-05-03,2,14,3.0,14.0,12.900709219858156,28.0,0.171,-1.7660917224794772,
2014214,2014,f,2014-05-05,4,14,3.0,14.0,12.900709219858156,28.0,,,1.5
2014214,2014,f,2014-05-07,6,14,3.0,14.0,12.900709219858156,28.0,0.145,-1.9310215365615626,
2014215,2014,f,2014-05-01,0,14,2.6666666666666665,13.333333333333334,12.900709219858156,31.0,,,2.1
2014215,2014,f,2014-05-03,2,14,2.6666666666666665,13.333333333333334,12.900709219858156,31.0,0.194,-1.6398971199188088,
2014215,2014,f,2014-05-07,6,14,2.6666666666666665,13.333333333333334,12.900709219858156,31.0,0.186,-1.6820086052689358,
2014216,2014,f,2014-05-01,0,14,2.6666666666666665,13.333333333333334,12.900709219858156,32.0,,,1.85
2014216,2014,f,2014-05-03,2,14,2.6666666666666665,13.333333333333334,12.900709219858156,32.0,0.253,-1.374365790254617,1.975
2014216,2014,f,2014-05-07,6,14,2.6666666666666665,13.333333333333334,12.900709219858156,32.0,0.201,-1.6044503709230613,
2014217,2014,m,2014-05-01,0,14,3.0,18.0,12.900709219858156,31.0,,,1.85
2014217,2014,m,2014-05-07,6,14,3.0,18.0,12.900709219858156,31.0,0.131,-2.0325579557809856,
2014218,2014,,2014-05-01,0,14,0.0,0.0,12.900709219858156,32.0,,,1.725
2014219,2014,m,2014-05-01,0,14,3.0,18.0,12.900709219858156,32.0,,,1.85
2014219,2014,m,2014-05-07,6,14,3.0,18.0,12.900709219858156,32.0,0.167,-1.7897614665653818,
2014220,2014,m,2014-05-01,0,14,10.333333333333334,168.33333333333334,12.900709219858156,32.0,,,2.1
2014220,2014,m,2014-05-13,12,14,10.333333333333334,168.33333333333334,12.900709219858156,32.0,0.143,-1.9449106487222299,
2014220,2014,m,2014-05-20,19,14,10.333333333333334,168.33333333333334,12.900709219858156,32.0,0.137,-1.987774353154012,1.65
2014221,2014,m,2014-05-01,0,14,1.0,2.0,12.900709219858156,30.0,,,1.85
2014221,2014,m,2014-05-03,2,14,1.0,2.0,12.900709219858156,30.0,0.154,-1.870802676568508,
2014222,2014,m,2014-05-01,0,14,3.0,18.0,12.900709219858156,31.0,,,2.0
2014222,2014,m,2014-05-07,6,14,3.0,18.0,12.900709219858156,31.0,0.157,-1.851509473633829,
2014223,2014,m,2014-05-01,0,14,2.6666666666666665,13.333333333333334,12.900709219858156,31.0,,,1.7
2014223,2014,m,2014-05-03,2,14,2.6666666666666665,13.333333333333334,12.900709219858156,31.0,0.153,-1.8773173575897015,
2014223,2014,m,2014-05-07,6,14,2.6666666666666665,13.333333333333334,12.900709219858156,31.0,0.14,-1.9661128563728327,
2014224,2014,f,2014-05-01,0,14,2.6666666666666665,13.333333333333334,12.900709219858156,31.0,,,2.25
2014224,2014,f,2014-05-03,2,14,2.6666666666666665,13.333333333333334,12.900709219858156,31.0,0.205,-1.584745299843729,
2014224,2014,f,2014-05-07,6,14,2.6666666666666665,13.333333333333334,12.900709219858156,31.0,0.202,-1.5994875815809322,
2014225,2014,f,2014-05-01,0,14,5.0,46.0,12.900709219858156,32.0,,,2.0
2014225,2014,f,2014-05-03,2,14,5.0,46.0,12.900709219858156,32.0,0.208,-1.5702171992808192,
2014225,2014,f,2014-05-07,6,14,5.0,46.0,12.900709219858156,32.0,0.198,-1.6194882482876019,
2014225,2014,f,2014-05-13,12,14,5.0,46.0,12.900709219858156,32.0,0.195,-1.6347557204183902,
2014226,2014,m,2014-05-01,0,14,3.5,19.0,12.900709219858156,30.0,,,1.85
2014226,2014,m,2014-05-03,2,14,3.5,19.0,12.900709219858156,30.0,0.15,-1.8971199848858813,
2014226,2014,m,2014-05-07,6,14,3.5,19.0,12.900709219858156,30.0,0.14,-1.9661128563728327,
2014226,2014,m,2014-05-07,6,14,3.5,19.0,12.900709219858156,30.0,0.143,-1.9449106487222299,
2014227,2014,m,2014-05-01,0,14,7.8,109.0,12.900709219858156,31.0,,,1.85
2014227,2014,m,2014-05-03,2,14,7.8,109.0,12.900709219858156,31.0,0.171,-1.7660917224794772,
2014227,2014,m,2014-05-07,6,14,7.8,109.0,12.900709219858156,31.0,0.152,-1.8838747581358606,
2014227,2014,m,2014-05-13,12,14,7.8,109.0,12.900709219858156,31.0,0.142,-1.9519282213808764,
2014227,2014,m,2014-05-20,19,14,7.8,109.0,12.900709219858156,31.0,0.13,-2.0402208285265546,1.55
2014228,2014,,2014-05-01,0,14,0.0,0.0,12.900709219858156,32.0,,,1.7
2014229,2014,f,2014-05-02,0,15,1.5,3.5,12.900709219858156,31.0,,,1.9
2014229,2014,f,2014-05-03,1,15,1.5,3.5,12.900709219858156,31.0,0.185,-1.6873994539038122,
2014229,2014,f,2014-05-04,2,15,1.5,3.5,12.900709219858156,31.0,,,1.75
2014229,2014,f,2014-05-05,3,15,1.5,3.5,12.900709219858156,31.0,0.194,-1.6398971199188088,
2014230,2014,m,2014-05-02,0,15,2.5,12.5,12.900709219858156,32.0,,,2.15
2014230,2014,m,2014-05-07,5,15,2.5,12.5,12.900709219858156,32.0,0.15,-1.8971199848858813,
2014231,2014,,2014-05-02,0,15,0.0,0.0,12.900709219858156,28.0,,,1.6
2014232,2014,m,2014-05-03,0,16,7.666666666666667,125.66666666666667,12.900709219858156,30.0,0.167,-1.7897614665653818,
2014232,2014,m,2014-05-07,4,16,7.666666666666667,125.66666666666667,12.900709219858156,30.0,0.152,-1.8838747581358606,
2014232,2014,m,2014-05-22,19,16,7.666666666666667,125.66666666666667,12.900709219858156,30.0,,,1.6
2014233,2014,,2014-05-02,0,15,0.0,0.0,12.900709219858156,31.0,,,1.9
2014234,2014,m,2014-05-02,0,15,2.5,12.5,12.900709219858156,31.0,,,1.9
2014234,2014,m,2014-05-07,5,15,2.5,12.5,12.900709219858156,31.0,0.149,-1.903808973036678,
2014235,2014,m,2014-05-02,0,15,5.5,60.5,12.900709219858156,32.0,,,1.8
2014235,2014,m,2014-05-13,11,15,5.5,60.5,12.900709219858156,32.0,0.173,-1.7544636844843582,
2014236,2014,m,2014-05-02,0,15,0.5,0.5,12.900709219858156,33.0,,,1.7
2014236,2014,m,2014-05-03,1,15,0.5,0.5,12.900709219858156,33.0,0.178,-1.725971728690052,
2014237,2014,,2014-05-02,0,15,0.0,0.0,12.900709219858156,29.0,,,1.75
2014238,2014,m,2014-05-02,0,15,0.5,0.5,12.900709219858156,31.0,,,1.75
2014238,2014,m,2014-05-03,1,15,0.5,0.5,12.900709219858156,31.0,0.16,-1.8325814637483102,
2014239,2014,m,2014-05-02,0,15,5.6,53.6,12.900709219858156,31.0,,,1.85
2014239,2014,m,2014-05-03,1,15,5.6,53.6,12.900709219858156,31.0,0.197,-1.6245515502441485,
2014239,2014,m,2014-05-07,5,15,5.6,53.6,12.900709219858156,31.0,0.156,-1.8578992717326,
2014239,2014,m,2014-05-13,11,15,5.6,53.6,12.900709219858156,31.0,0.156,-1.8578992717326,
2014239,2014,m,2014-05-13,11,15,5.6,53.6,12.900709219858156,31.0,0.156,-1.8578992717326,
2014240,2014,m,2014-05-02,0,15,2.5,12.5,12.900709219858156,31.0,,,1.85
2014240,2014,m,2014-05-07,5,15,2.5,12.5,12.900709219858156,31.0,0.169,-1.7778565640590636,
2014241,2014,,2014-05-02,0,15,1.5,4.5,12.900709219858156,32.0,,,1.7
2014241,2014,,2014-05-05,3,15,1.5,4.5,12.900709219858156,32.0,,,1.55
2014242,2014,f,2014-05-02,0,15,0.6666666666666666,0.6666666666666666,12.900709219858156,30.0,,,1.875
2014242,2014,f,2014-05-03,1,15,0.6666666666666666,0.6666666666666666,12.900709219858156,30.0,0.185,-1.6873994539038122,1.85
2014242,2014,f,2014-05-03,1,15,0.6666666666666666,0.6666666666666666,12.900709219858156,30.0,0.185,-1.6873994539038122,1.85
2014243,2014,m,2014-05-02,0,15,4.25,36.75,12.900709219858156,30.0,,,1.65
2014243,2014,m,2014-05-03,1,15,4.25,36.75,12.900709219858156,30.0,0.147,-1.9173226922034008,
2014243,2014,m,2014-05-07,5,15,4.25,36.75,12.900709219858156,30.0,0.13,-2.0402208285265546,
2014243,2014,m,2014-05-13,11,15,4.25,36.75,12.900709219858156,30.0,0.124,-2.0874737133771,
2014244,2014,f,2014-05-02,0,15,8.333333333333334,102.66666666666667,12.900709219858156,33.0,,,2.025
2014244,2014,f,2014-05-07,5,15,8.333333333333334,102.66666666666667,12.900709219858156,33.0,0.226,-1.487220279709851,
2014244,2014,f,2014-05-07,5,15,8.333333333333334,102.66666666666667,12.900709219858156,33.0,0.235,-1.448169764837978,
2014244,2014,f,2014-05-13,11,15,8.333333333333334,102.66666666666667,12.900709219858156,33.0,0.212,-1.5511690043101247,
2014244,2014,f,2014-05-13,11,15,8.333333333333334,102.66666666666667,12.900709219858156,33.0,0.209,-1.565421027017326,
2014244,2014,f,2014-05-20,18,15,8.333333333333334,102.66666666666667,12.900709219858156,33.0,0.211,-1.5558971455060706,1.65
2014245,2014,m,2014-05-02,0,15,2.0,8.666666666666666,12.900709219858156,31.0,,,1.9
2014245,2014,m,2014-05-03,1,15,2.0,8.666666666666666,12.900709219858156,31.0,0.131,-2.0325579557809856,
2014245,2014,m,2014-05-07,5,15,2.0,8.666666666666666,12.900709219858156,31.0,0.125,-2.0794415416798357,
2014246,2014,m,2014-05-02,0,15,8.5,117.5,12.900709219858156,29.0,,,1.85
2014246,2014,m,2014-05-07,5,15,8.5,117.5,12.900709219858156,29.0,0.133,-2.017406150760383,
2014246,2014,m,2014-05-13,11,15,8.5,117.5,12.900709219858156,29.0,0.124,-2.0874737133771,
2014246,2014,m,2014-05-20,18,15,8.5,117.5,12.900709219858156,29.0,0.121,-2.111964733385396,1.5
2014247,2014,f,2014-05-02,0,15,2.3333333333333335,12.333333333333334,12.900709219858156,30.0,,,1.75
2014247,2014,f,2014-05-03,1,15,2.3333333333333335,12.333333333333334,12.900709219858156,30.0,0.238,-1.4354846053106625,
2014247,2014,f,2014-05-08,6,15,2.3333333333333335,12.333333333333334,12.900709219858156,30.0,,,1.6749999999999998
2014248,2014,f,2014-05-02,0,15,0.6666666666666666,0.6666666666666666,12.900709219858156,30.0,,,1.75
2014248,2014,f,2014-05-03,1,15,0.6666666666666666,0.6666666666666666,12.900709219858156,30.0,0.219,-1.5186835491656363,1.8
2014248,2014,f,2014-05-03,1,15,0.6666666666666666,0.6666666666666666,12.900709219858156,30.0,0.232,-1.4610179073158271,1.8
2014249,2014,m,2014-05-03,0,16,2.0,8.0,12.900709219858156,31.0,0.2,-1.6094379124341003,1.7
2014249,2014,m,2014-05-07,4,16,2.0,8.0,12.900709219858156,31.0,0.155,-1.8643301620628905,
2014250,2014,f,2014-05-03,0,16,4.9,41.7,12.900709219858156,31.0,0.248,-1.3943265328171548,2.05
2014250,2014,f,2014-05-07,4,16,4.9,41.7,12.900709219858156,31.0,0.215,-1.5371172508544744,1.85
2014250,2014,f,2014-05-07,4,16,4.9,41.7,12.900709219858156,31.0,0.215,-1.5371172508544744,1.8
2014250,2014,f,2014-05-07,4,16,4.9,41.7,12.900709219858156,31.0,0.214,-1.5417792639602856,1.85
2014250,2014,f,2014-05-07,4,16,4.9,41.7,12.900709219858156,31.0,0.214,-1.5417792639602856,1.8
2014250,2014,f,2014-05-07,4,16,4.9,41.7,12.900709219858156,31.0,0.185,-1.6873994539038122,1.85
2014250,2014,f,2014-05-07,4,16,4.9,41.7,12.900709219858156,31.0,0.185,-1.6873994539038122,1.8
2014250,2014,f,2014-05-07,4,16,4.9,41.7,12.900709219858156,31.0,0.185,-1.6873994539038122,1.85
2014250,2014,f,2014-05-07,4,16,4.9,41.7,12.900709219858156,31.0,0.185,-1.6873994539038122,1.8
2014250,2014,f,2014-05-20,17,16,4.9,41.7,12.900709219858156,31.0,0.157,-1.851509473633829,1.5
2014251,2014,f,2014-05-03,0,16,0.0,0.0,12.900709219858156,30.0,0.225,-1.491654876777717,2.075
2014252,2014,m,2014-05-03,0,16,2.75,16.25,12.900709219858156,31.0,0.202,-1.5994875815809322,2.075
2014252,2014,m,2014-05-03,0,16,2.75,16.25,12.900709219858156,31.0,0.202,-1.5994875815809322,2.075
2014252,2014,m,2014-05-07,4,16,2.75,16.25,12.900709219858156,31.0,0.173,-1.7544636844843582,
2014252,2014,m,2014-05-10,7,16,2.75,16.25,12.900709219858156,31.0,0.154,-1.870802676568508,1.75
2014253,2014,m,2014-05-03,0,16,8.6,105.0,12.900709219858156,31.0,0.185,-1.6873994539038122,2.0
2014253,2014,m,2014-05-09,6,16,8.6,105.0,12.900709219858156,31.0,,,1.85
2014253,2014,m,2014-05-13,10,16,8.6,105.0,12.900709219858156,31.0,0.159,-1.8388510767619055,
2014253,2014,m,2014-05-13,10,16,8.6,105.0,12.900709219858156,31.0,0.163,-1.8140050781753747,
2014253,2014,m,2014-05-20,17,16,8.6,105.0,12.900709219858156,31.0,0.151,-1.8904754421672127,1.75
2014254,2014,m,2014-05-03,0,16,3.3333333333333335,17.333333333333332,12.900709219858156,32.0,0.181,-1.7092582477163114,1.9
2014254,2014,m,2014-05-07,4,16,3.3333333333333335,17.333333333333332,12.900709219858156,32.0,0.159,-1.8388510767619055,
2014254,2014,m,2014-05-09,6,16,3.3333333333333335,17.333333333333332,12.900709219858156,32.0,,,1.9
2014255,2014,m,2014-05-04,0,17,0.5,0.5,12.900709219858156,30.0,,,1.725
2014255,2014,m,2014-05-05,1,17,0.5,0.5,12.900709219858156,30.0,0.201,-1.6044503709230613,
2014256,2014,f,2014-05-04,0,17,5.0,66.5,12.900709219858156,30.0,,,1.975
2014256,2014,f,2014-05-05,1,17,5.0,66.5,12.900709219858156,30.0,0.257,-1.3586791940869172,
2014256,2014,f,2014-05-07,3,17,5.0,66.5,12.900709219858156,30.0,0.202,-1.5994875815809322,
2014256,2014,f,2014-05-20,16,17,5.0,66.5,12.900709219858156,30.0,0.172,-1.760260802168684,1.75
2014257,2014,f,2014-05-04,0,17,5.0,59.4,12.900709219858156,31.0,,,1.85
2014257,2014,f,2014-05-05,1,17,5.0,59.4,12.900709219858156,31.0,0.26,-1.3470736479666092,
2014257,2014,f,2014-05-06,2,17,5.0,59.4,12.900709219858156,31.0,,,1.85
2014257,2014,f,2014-05-10,6,17,5.0,59.4,12.900709219858156,31.0,,,1.8250000000000002
2014257,2014,f,2014-05-20,16,17,5.0,59.4,12.900709219858156,31.0,0.199,-1.6144504542576446,1.7
2014258,2014,m,2014-05-05,0,18,6.0,66.0,12.900709219858156,32.0,,,1.8250000000000002
2014258,2014,m,2014-05-07,2,18,6.0,66.0,12.900709219858156,32.0,0.16,-1.8325814637483102,
2014258,2014,m,2014-05-13,8,18,6.0,66.0,12.900709219858156,32.0,0.152,-1.8838747581358606,
2014258,2014,m,2014-05-19,14,18,6.0,66.0,12.900709219858156,32.0,,,1.6
2014259,2014,,2014-05-05,0,18,0.0,0.0,12.900709219858156,31.0,,,1.85
2014260,2014,m,2014-05-05,0,18,1.0,2.0,12.900709219858156,31.0,,,1.75
2014260,2014,m,2014-05-07,2,18,1.0,2.0,12.900709219858156,31.0,0.154,-1.870802676568508,
2014261,2014,m,2014-05-05,0,18,1.0,2.0,12.900709219858156,32.0,,,1.7
2014261,2014,m,2014-05-07,2,18,1.0,2.0,12.900709219858156,32.0,0.149,-1.903808973036678,
2014262,2014,,2014-05-06,0,19,2.0,8.0,12.900709219858156,32.0,,,1.85
2014262,2014,,2014-05-10,4,19,2.0,8.0,12.900709219858156,32.0,,,1.75
2014263,2014,,2014-05-06,0,19,0.0,0.0,12.900709219858156,31.0,,,1.9
2014264,2014,,2014-05-06,0,19,0.0,0.0,12.900709219858156,31.0,,,2.175
2014265,2014,f,2014-05-06,0,19,5.75,62.25,12.900709219858156,31.0,,,1.875
2014265,2014,f,2014-05-08,2,19,5.75,62.25,12.900709219858156,31.0,,,1.8
2014265,2014,f,2014-05-13,7,19,5.75,62.25,12.900709219858156,31.0,0.202,-1.5994875815809322,
2014265,2014,f,2014-05-20,14,19,5.75,62.25,12.900709219858156,31.0,0.185,-1.6873994539038122,1.7
2014266,2014,f,2014-05-06,0,19,2.6666666666666665,16.666666666666668,12.900709219858156,29.0,,,1.85
2014266,2014,f,2014-05-07,1,19,2.6666666666666665,16.666666666666668,12.900709219858156,29.0,0.251,-1.3823023398503531,
2014266,2014,f,2014-05-13,7,19,2.6666666666666665,16.666666666666668,12.900709219858156,29.0,0.148,-1.9105430052180221,
2014267,2014,m,2014-05-06,0,19,0.5,0.5,12.900709219858156,29.0,,,1.85
2014267,2014,m,2014-05-07,1,19,0.5,0.5,12.900709219858156,29.0,0.164,-1.8078888511579385,
2014268,2014,f,2014-05-06,0,19,3.0,16.5,12.900709219858156,30.5,,,1.75
2014268,2014,f,2014-05-07,1,19,3.0,16.5,12.900709219858156,30.5,0.243,-1.4146938356415886,
2014268,2014,f,2014-05-10,4,19,3.0,16.5,12.900709219858156,30.5,,,1.5750000000000002
2014268,2014,f,2014-05-13,7,19,3.0,16.5,12.900709219858156,30.5,0.188,-1.6713133161521878,
2014269,2014,,2014-05-06,0,19,0.0,0.0,12.900709219858156,30.0,,,1.8
2014270,2014,f,2014-05-06,0,19,0.5,0.5,12.900709219858156,31.0,,,1.8
2014270,2014,f,2014-05-07,1,19,0.5,0.5,12.900709219858156,31.0,0.198,-1.6194882482876019,
2014271,2014,m,2014-05-07,0,20,0.0,0.0,12.900709219858156,31.5,0.17,-1.7719568419318752,1.6
2014272,2014,m,2014-05-07,0,20,3.0,18.0,12.900709219858156,31.0,0.186,-1.6820086052689358,1.6
2014272,2014,m,2014-05-13,6,20,3.0,18.0,12.900709219858156,31.0,0.158,-1.8451602459551701,
2014273,2014,f,2014-05-07,0,20,0.0,0.0,12.900709219858156,33.0,0.227,-1.4828052615007343,1.9249999999999998
2014274,2014,f,2014-05-07,0,20,6.5,84.5,12.900709219858156,,0.197,-1.6245515502441485,1.875
2014274,2014,f,2014-05-20,13,20,6.5,84.5,12.900709219858156,,0.154,-1.870802676568508,1.35
2014275,2014,m,2014-05-07,0,20,0.0,0.0,12.900709219858156,33.0,0.2,-1.6094379124341003,1.8
2014276,2014,,2014-05-08,0,21,0.0,0.0,12.900709219858156,31.0,,,1.8
2014277,2014,,2014-05-08,0,21,0.0,0.0,12.900709219858156,31.0,,,1.75
2014278,2014,,2014-05-08,0,21,6.0,72.0,12.900709219858156,30.0,,,1.875
2014278,2014,,2014-05-20,12,21,6.0,72.0,12.900709219858156,30.0,,,1.65
2014279,2014,,2014-05-08,0,21,0.0,0.0,12.900709219858156,30.0,,,1.6
2014280,2014,m,2014-05-09,0,22,5.0,45.666666666666664,12.900709219858156,31.0,,,1.85
2014280,2014,m,2014-05-13,4,22,5.0,45.666666666666664,12.900709219858156,31.0,0.154,-1.870802676568508,
2014280,2014,m,2014-05-20,11,22,5.0,45.666666666666664,12.900709219858156,31.0,0.145,-1.9310215365615626,1.75
2014281,2014,f,2014-05-10,0,23,1.5,4.5,12.900709219858156,32.0,,,1.8
2014281,2014,f,2014-05-13,3,23,1.5,4.5,12.900709219858156,32.0,0.169,-1.7778565640590636,
2014282,2014,f,2014-05-10,0,23,3.75,28.25,12.900709219858156,30.0,,,2.0
2014282,2014,f,2014-05-12,2,23,3.75,28.25,12.900709219858156,30.0,,,1.9
2014282,2014,f,2014-05-13,3,23,3.75,28.25,12.900709219858156,30.0,0.223,-1.5005835075220182,
2014282,2014,f,2014-05-20,10,23,3.75,28.25,12.900709219858156,30.0,0.211,-1.5558971455060706,1.6
2014284,2014,,2014-05-10,0,23,0.0,0.0,12.900709219858156,31.0,,,1.9
2014285,2014,,2014-05-10,0,23,0.0,0.0,12.900709219858156,33.0,,,1.75
2014286,2014,,2014-05-10,0,23,0.0,0.0,12.900709219858156,30.0,,,1.625
2014287,2014,f,2014-05-10,0,23,5.0,50.0,12.900709219858156,32.0,,,2.15
2014287,2014,f,2014-05-20,10,23,5.0,50.0,12.900709219858156,32.0,0.211,-1.5558971455060706,
2014288,2014,,2014-05-10,0,23,1.0,2.0,12.900709219858156,28.0,,,1.75
2014288,2014,,2014-05-12,2,23,1.0,2.0,12.900709219858156,28.0,,,1.75
2014289,2014,m,2014-05-10,0,23,5.0,50.0,12.900709219858156,30.0,,,1.725
2014289,2014,m,2014-05-20,10,23,5.0,50.0,12.900709219858156,30.0,0.131,-2.0325579557809856,1.6
2014290,2014,m,2014-05-10,0,23,1.5,4.5,12.900709219858156,32.0,0.187,-1.6766466621275504,1.9
2014290,2014,m,2014-05-13,3,23,1.5,4.5,12.900709219858156,32.0,0.174,-1.7486999797676082,
2014291,2014,f,2014-05-12,0,25,0.5,0.5,12.900709219858156,31.0,,,1.75
2014291,2014,f,2014-05-13,1,25,0.5,0.5,12.900709219858156,31.0,0.229,-1.4740332754278973,
2014292,2014,f,2014-05-12,0,25,0.6666666666666666,0.6666666666666666,12.900709219858156,29.0,,,1.8
2014292,2014,f,2014-05-13,1,25,0.6666666666666666,0.6666666666666666,12.900709219858156,29.0,0.194,-1.6398971199188088,
2014292,2014,f,2014-05-13,1,25,0.6666666666666666,0.6666666666666666,12.900709219858156,29.0,0.192,-1.6502599069543555,
2014293,2014,f,2014-05-20,0,33,0.0,0.0,12.900709219858156,27.0,0.146,-1.9241486572738007,1.75
2014294,2014,f,2014-05-19,0,32,0.5,0.5,12.900709219858156,32.0,,,1.8
2014294,2014,f,2014-05-20,1,32,0.5,0.5,12.900709219858156,32.0,0.199,-1.6144504542576446,1.6
2014295,2014,f,2014-05-18,0,31,0.0,0.0,12.900709219858156,32.0,0.214,-1.5417792639602856,
2014296,2014,,2014-05-19,0,32,0.0,0.0,12.900709219858156,31.0,,,1.85
2014297,2014,f,2014-05-19,0,32,0.5,0.5,12.900709219858156,,,,1.75
2014297,2014,f,2014-05-20,1,32,0.5,0.5,12.900709219858156,,0.233,-1.4567168254164364,1.7
2014298,2014,f,2014-05-20,0,33,0.0,0.0,12.900709219858156,32.0,0.249,-1.3903023825174294,1.85
2014299,2014,f,2014-05-20,0,33,0.0,0.0,12.900709219858156,31.5,0.24,-1.4271163556401458,1.5
2014400,2014,f,2014-05-20,0,33,0.0,0.0,12.900709219858156,30.0,0.213,-1.546463113272712,1.8250000000000002
2014401,2014,,2014-05-21,0,34,0.0,0.0,12.900709219858156,29.0,,,1.9
2014402,2014,,2014-05-21,0,34,0.0,0.0,12.900709219858156,31.0,,,1.7
2014403,2014,,2014-05-21,0,34,0.0,0.0,12.900709219858156,32.0,,,1.75
2014404,2014,,2014-05-22,0,35,0.0,0.0,12.900709219858156,31.0,,,1.8
2014405,2014,,2014-05-22,0,35,0.0,0.0,12.900709219858156,28.0,,,1.65
2014406,2014,,2014-05-22,0,35,0.0,0.0,12.900709219858156,31.0,,,1.9
2014407,2014,,2014-05-22,0,35,0.0,0.0,12.900709219858156,29.0,,,1.6
2014408,2014,,2014-05-22,0,35,0.0,0.0,12.900709219858156,28.0,,,1.6
2015001,2015,f,2015-04-26,0,0,8.25,92.25,11.924528301886792,32.0,,,2.025
2015001,2015,f,2015-05-05,9,0,8.25,92.25,11.924528301886792,32.0,0.288,-1.2447947988461912,2.0
2015001,2015,f,2015-05-08,12,0,8.25,92.25,11.924528301886792,32.0,0.188,-1.6713133161521878,
2015001,2015,f,2015-05-08,12,0,8.25,92.25,11.924528301886792,32.0,0.188,-1.6713133161521878,
2015002,2015,,2015-04-27,0,1,1.0,2.0,11.924528301886792,30.0,,,1.875
2015002,2015,,2015-04-29,2,1,1.0,2.0,11.924528301886792,30.0,,,1.85
2015003,2015,,2015-04-29,0,3,0.0,0.0,11.924528301886792,30.0,,,2.075
2015004,2015,m,2015-04-29,0,3,3.0,18.0,11.924528301886792,29.0,,,1.7
2015004,2015,m,2015-05-05,6,3,3.0,18.0,11.924528301886792,29.0,0.134,-2.0099154790312257,
2015005,2015,,2015-04-30,0,4,0.0,0.0,11.924528301886792,30.0,,,1.775
2015006,2015,,2015-04-30,0,4,1.5,4.5,11.924528301886792,30.0,,,1.95
2015006,2015,,2015-05-03,3,4,1.5,4.5,11.924528301886792,30.0,,,1.725
2015007,2015,f,2015-04-30,0,4,5.25,47.25,11.924528301886792,31.0,,,1.95
2015007,2015,f,2015-05-02,2,4,5.25,47.25,11.924528301886792,31.0,,,1.9249999999999998
2015007,2015,f,2015-05-08,8,4,5.25,47.25,11.924528301886792,31.0,0.16,-1.8325814637483102,
2015007,2015,f,2015-05-11,11,4,5.25,47.25,11.924528301886792,31.0,0.138,-1.9805015938249322,
2015008,2015,,2015-04-30,0,4,0.0,0.0,11.924528301886792,32.0,,,2.05
2015009,2015,,2015-04-30,0,4,0.0,0.0,11.924528301886792,29.0,,,1.9
2015010,2015,,2015-04-30,0,4,0.0,0.0,11.924528301886792,31.0,,,1.75
2015011,2015,,2015-05-01,0,5,1.0,2.0,11.924528301886792,32.0,,,2.0
2015011,2015,,2015-05-03,2,5,1.0,2.0,11.924528301886792,32.0,,,1.95
2015012,2015,f,2015-05-02,0,6,0.0,0.0,11.924528301886792,30.0,0.29,-1.2378743560016174,2.075
2015013,2015,,2015-05-01,0,5,1.5,4.5,11.924528301886792,31.0,,,1.95
2015013,2015,,2015-05-04,3,5,1.5,4.5,11.924528301886792,31.0,,,1.75
2015014,2015,,2015-05-01,0,5,0.0,0.0,11.924528301886792,31.0,,,1.775
2015015,2015,m,2015-05-01,0,5,9.444444444444445,125.0,11.924528301886792,31.0,,,1.95
2015015,2015,m,2015-05-05,4,5,9.444444444444445,125.0,11.924528301886792,31.0,0.169,-1.7778565640590636,
2015015,2015,m,2015-05-05,4,5,9.444444444444445,125.0,11.924528301886792,31.0,0.168,-1.783791299578878,
2015015,2015,m,2015-05-08,7,5,9.444444444444445,125.0,11.924528301886792,31.0,0.133,-2.017406150760383,
2015015,2015,m,2015-05-11,10,5,9.444444444444445,125.0,11.924528301886792,31.0,0.132,-2.0249533563957662,
2015015,2015,m,2015-05-11,10,5,9.444444444444445,125.0,11.924528301886792,31.0,0.132,-2.0249533563957662,
2015015,2015,m,2015-05-15,14,5,9.444444444444445,125.0,11.924528301886792,31.0,,,1.8
2015015,2015,m,2015-05-19,18,5,9.444444444444445,125.0,11.924528301886792,31.0,0.138,-1.9805015938249322,
2015015,2015,m,2015-05-19,18,5,9.444444444444445,125.0,11.924528301886792,31.0,0.128,-2.05572501506252,
2015016,2015,m,2015-05-01,0,5,2.0,6.666666666666667,11.924528301886792,30.0,,,1.9
2015016,2015,m,2015-05-03,2,5,2.0,6.666666666666667,11.924528301886792,30.0,,,1.8250000000000002
2015016,2015,m,2015-05-05,4,5,2.0,6.666666666666667,11.924528301886792,30.0,0.26,-1.3470736479666092,
2015017,2015,m,2015-05-02,0,6,3.857142857142857,23.857142857142858,11.924528301886792,30.0,,,2.1
2015017,2015,m,2015-05-03,1,6,3.857142857142857,23.857142857142858,11.924528301886792,30.0,,,1.9249999999999998
2015017,2015,m,2015-05-04,2,6,3.857142857142857,23.857142857142858,11.924528301886792,30.0,,,1.8
2015017,2015,m,2015-05-05,3,6,3.857142857142857,23.857142857142858,11.924528301886792,30.0,0.169,-1.7778565640590636,
2015017,2015,m,2015-05-08,6,6,3.857142857142857,23.857142857142858,11.924528301886792,30.0,0.134,-2.0099154790312257,1.7
2015017,2015,m,2015-05-08,6,6,3.857142857142857,23.857142857142858,11.924528301886792,30.0,0.125,-2.0794415416798357,1.7
2015017,2015,m,2015-05-11,9,6,3.857142857142857,23.857142857142858,11.924528301886792,30.0,0.112,-2.1892564076870427,
2015018,2015,,2015-05-02,0,6,0.0,0.0,11.924528301886792,32.0,,,1.9
2015019,2015,,2015-05-02,0,6,1.0,2.0,11.924528301886792,31.0,,,2.125
2015019,2015,,2015-05-04,2,6,1.0,2.0,11.924528301886792,31.0,,,1.8
2015020,2015,m,2015-05-02,0,6,7.166666666666667,73.83333333333333,11.924528301886792,31.0,0.211,-1.5558971455060706,1.9
2015020,2015,m,2015-05-05,3,6,7.166666666666667,73.83333333333333,11.924528301886792,31.0,0.169,-1.7778565640590636,
2015020,2015,m,2015-05-08,6,6,7.166666666666667,73.83333333333333,11.924528301886792,31.0,0.133,-2.017406150760383,
2015020,2015,m,2015-05-11,9,6,7.166666666666667,73.83333333333333,11.924528301886792,31.0,0.137,-1.987774353154012,
2015020,2015,m,2015-05-13,11,6,7.166666666666667,73.83333333333333,11.924528301886792,31.0,,,1.8
2015020,2015,m,2015-05-16,14,6,7.166666666666667,73.83333333333333,11.924528301886792,31.0,0.125,-2.0794415416798357,
2015021,2015,m,2015-05-03,0,7,0.0,0.0,11.924528301886792,29.0,0.226,-1.487220279709851,1.85
2015022,2015,,2015-05-04,0,8,0.0,0.0,11.924528301886792,30.0,,,1.6
2015023,2015,m,2015-05-04,0,8,3.0,15.0,11.924528301886792,31.0,,,1.8250000000000002
2015023,2015,m,2015-05-05,1,8,3.0,15.0,11.924528301886792,31.0,0.201,-1.6044503709230613,
2015023,2015,m,2015-05-07,3,8,3.0,15.0,11.924528301886792,31.0,,,1.75
2015023,2015,m,2015-05-08,4,8,3.0,15.0,11.924528301886792,31.0,0.149,-1.903808973036678,
2015023,2015,m,2015-05-11,7,8,3.0,15.0,11.924528301886792,31.0,0.139,-1.973281345851445,
2015024,2015,,2015-05-04,0,8,0.0,0.0,11.924528301886792,31.0,,,1.8250000000000002
2015025,2015,f,2015-05-03,0,7,7.333333333333333,86.33333333333333,11.924528301886792,33.0,,,2.45
2015025,2015,f,2015-05-05,2,7,7.333333333333333,86.33333333333333,11.924528301886792,33.0,0.314,-1.1583622930738837,2.3
2015025,2015,f,2015-05-08,5,7,7.333333333333333,86.33333333333333,11.924528301886792,33.0,0.227,-1.4828052615007343,
2015025,2015,f,2015-05-11,8,7,7.333333333333333,86.33333333333333,11.924528301886792,33.0,0.219,-1.5186835491656363,
2015025,2015,f,2015-05-16,13,7,7.333333333333333,86.33333333333333,11.924528301886792,33.0,0.191,-1.6554818509355071,
2015025,2015,f,2015-05-19,16,7,7.333333333333333,86.33333333333333,11.924528301886792,33.0,0.163,-1.8140050781753747,
2015026,2015,,2015-05-04,0,8,0.0,0.0,11.924528301886792,31.0,,,1.95
2015027,2015,m,2015-05-05,0,9,0.0,0.0,11.924528301886792,31.0,0.215,-1.5371172508544744,1.85
2015028,2015,m,2015-05-05,0,9,3.25,15.25,11.924528301886792,30.0,0.182,-1.7037485919053417,1.85
2015028,2015,m,2015-05-08,3,9,3.25,15.25,11.924528301886792,30.0,0.141,-1.9589953886039688,
2015028,2015,m,2015-05-09,4,9,3.25,15.25,11.924528301886792,30.0,0.144,-1.9379419794061366,1.8250000000000002
2015028,2015,m,2015-05-11,6,9,3.25,15.25,11.924528301886792,30.0,0.123,-2.0955709236097197,
2015029,2015,m,2015-05-05,0,9,0.0,0.0,11.924528301886792,31.0,0.203,-1.5945492999403497,2.025
2015030,2015,m,2015-05-05,0,9,0.0,0.0,11.924528301886792,31.0,0.17,-1.7719568419318752,1.75
2015031,2015,m,2015-05-05,0,9,6.75,64.25,11.924528301886792,32.0,0.205,-1.584745299843729,2.05
2015031,2015,m,2015-05-11,6,9,6.75,64.25,11.924528301886792,32.0,0.164,-1.8078888511579385,
2015031,2015,m,2015-05-15,10,9,6.75,64.25,11.924528301886792,32.0,,,1.9
2015031,2015,m,2015-05-16,11,9,6.75,64.25,11.924528301886792,32.0,0.138,-1.9805015938249322,
2015032,2015,m,2015-05-05,0,9,8.5,91.75,11.924528301886792,32.0,0.194,-1.6398971199188088,2.0
2015032,2015,m,2015-05-08,3,9,8.5,91.75,11.924528301886792,32.0,0.128,-2.05572501506252,
2015032,2015,m,2015-05-13,8,9,8.5,91.75,11.924528301886792,32.0,,,1.9249999999999998
2015032,2015,m,2015-05-15,10,9,8.5,91.75,11.924528301886792,32.0,,,1.75
2015032,2015,m,2015-05-15,10,9,8.5,91.75,11.924528301886792,32.0,,,1.65
2015032,2015,m,2015-05-16,11,9,8.5,91.75,11.924528301886792,32.0,0.122,-2.1037342342488805,
2015032,2015,m,2015-05-17,12,9,8.5,91.75,11.924528301886792,32.0,,,1.6
2015032,2015,m,2015-05-19,14,9,8.5,91.75,11.924528301886792,32.0,0.098,-2.322787800311565,
2015033,2015,m,2015-05-05,0,9,0.0,0.0,11.924528301886792,32.5,0.241,-1.422958345491482,2.0
2015034,2015,m,2015-05-05,0,9,5.666666666666667,44.333333333333336,11.924528301886792,30.0,0.212,-1.5511690043101247,1.85
2015034,2015,m,2015-05-08,3,9,5.666666666666667,44.333333333333336,11.924528301886792,30.0,0.135,-2.0024805005437076,
2015034,2015,m,2015-05-11,6,9,5.666666666666667,44.333333333333336,11.924528301886792,30.0,0.134,-2.0099154790312257,
2015034,2015,m,2015-05-11,6,9,5.666666666666667,44.333333333333336,11.924528301886792,30.0,0.133,-2.017406150760383,
2015034,2015,m,2015-05-13,8,9,5.666666666666667,44.333333333333336,11.924528301886792,30.0,,,1.7
2015034,2015,m,2015-05-16,11,9,5.666666666666667,44.333333333333336,11.924528301886792,30.0,0.138,-1.9805015938249322,
2015035,2015,m,2015-05-05,0,9,0.0,0.0,11.924528301886792,31.0,0.195,-1.6347557204183902,1.95
2015036,2015,m,2015-05-05,0,9,0.0,0.0,11.924528301886792,28.0,0.163,-1.8140050781753747,1.6749999999999998
2015037,2015,m,2015-05-05,0,9,3.0,15.0,11.924528301886792,30.0,0.177,-1.731605546408308,2.05
2015037,2015,m,2015-05-08,3,9,3.0,15.0,11.924528301886792,30.0,0.149,-1.903808973036678,
2015037,2015,m,2015-05-11,6,9,3.0,15.0,11.924528301886792,30.0,0.135,-2.0024805005437076,
2015038,2015,m,2015-05-05,0,9,2.3333333333333335,8.333333333333334,11.924528301886792,30.0,0.217,-1.5278579254416775,1.95
2015038,2015,m,2015-05-08,3,9,2.3333333333333335,8.333333333333334,11.924528301886792,30.0,0.154,-1.870802676568508,
2015038,2015,m,2015-05-09,4,9,2.3333333333333335,8.333333333333334,11.924528301886792,30.0,,,1.625
2015039,2015,f,2015-05-05,0,9,5.5,60.5,11.924528301886792,32.0,0.267,-1.3205066205818874,2.0
2015039,2015,f,2015-05-16,11,9,5.5,60.5,11.924528301886792,32.0,0.159,-1.8388510767619055,
2015040,2015,f,2015-05-05,0,9,7.0,73.57142857142857,11.924528301886792,31.0,0.307,-1.18090753139494,2.4
2015040,2015,f,2015-05-08,3,9,7.0,73.57142857142857,11.924528301886792,31.0,0.225,-1.491654876777717,
2015040,2015,f,2015-05-08,3,9,7.0,73.57142857142857,11.924528301886792,31.0,0.225,-1.491654876777717,
2015040,2015,f,2015-05-11,6,9,7.0,73.57142857142857,11.924528301886792,31.0,0.202,-1.5994875815809322,
2015040,2015,f,2015-05-16,11,9,7.0,73.57142857142857,11.924528301886792,31.0,0.175,-1.742969305058623,
2015040,2015,f,2015-05-17,12,9,7.0,73.57142857142857,11.924528301886792,31.0,,,1.7
2015040,2015,f,2015-05-19,14,9,7.0,73.57142857142857,11.924528301886792,31.0,0.168,-1.783791299578878,
2015041,2015,m,2015-05-05,0,9,1.5,4.5,11.924528301886792,31.0,0.157,-1.851509473633829,1.75
2015041,2015,m,2015-05-08,3,9,1.5,4.5,11.924528301886792,31.0,0.116,-2.1541650878757723,
2015042,2015,,2015-05-06,0,10,0.0,0.0,11.924528301886792,30.0,,,1.9
2015043,2015,m,2015-05-06,0,10,2.5,12.5,11.924528301886792,31.0,0.192,-1.6502599069543555,2.15
2015043,2015,m,2015-05-11,5,10,2.5,12.5,11.924528301886792,31.0,0.111,-2.198225077669803,
2015044,2015,m,2015-05-06,0,10,6.25,68.25,11.924528301886792,31.0,,,1.8250000000000002
2015044,2015,m,2015-05-08,2,10,6.25,68.25,11.924528301886792,31.0,0.125,-2.0794415416798357,
2015044,2015,m,2015-05-16,10,10,6.25,68.25,11.924528301886792,31.0,0.118,-2.137070654516472,
2015044,2015,m,2015-05-19,13,10,6.25,68.25,11.924528301886792,31.0,0.108,-2.2256240518579173,
2015045,2015,f,2015-05-07,0,11,7.0,84.5,11.924528301886792,31.0,,,2.2
2015045,2015,f,2015-05-08,1,11,7.0,84.5,11.924528301886792,31.0,0.211,-1.5558971455060706,
2015045,2015,f,2015-05-08,1,11,7.0,84.5,11.924528301886792,31.0,0.207,-1.575036485716768,
2015045,2015,f,2015-05-11,4,11,7.0,84.5,11.924528301886792,31.0,0.202,-1.5994875815809322,
2015045,2015,f,2015-05-16,9,11,7.0,84.5,11.924528301886792,31.0,0.19,-1.6607312068216509,
2015045,2015,f,2015-05-19,12,11,7.0,84.5,11.924528301886792,31.0,0.16,-1.8325814637483102,
2015045,2015,f,2015-05-19,12,11,7.0,84.5,11.924528301886792,31.0,0.157,-1.851509473633829,
2015045,2015,f,2015-05-24,17,11,7.0,84.5,11.924528301886792,31.0,0.16,-1.8325814637483102,1.675
2015046,2015,f,2015-05-07,0,11,5.0,35.4,11.924528301886792,32.0,0.229,-1.4740332754278973,2.0
2015046,2015,f,2015-05-11,4,11,5.0,35.4,11.924528301886792,32.0,0.188,-1.6713133161521878,
2015046,2015,f,2015-05-11,4,11,5.0,35.4,11.924528301886792,32.0,0.185,-1.6873994539038122,
2015046,2015,f,2015-05-15,8,11,5.0,35.4,11.924528301886792,32.0,,,1.8250000000000002
2015046,2015,f,2015-05-16,9,11,5.0,35.4,11.924528301886792,32.0,0.162,-1.820158943749753,1.725
2015047,2015,m,2015-05-06,0,10,6.428571428571429,67.28571428571429,11.924528301886792,30.0,,,2.0
2015047,2015,m,2015-05-08,2,10,6.428571428571429,67.28571428571429,11.924528301886792,30.0,0.136,-1.995100393246085,
2015047,2015,m,2015-05-08,2,10,6.428571428571429,67.28571428571429,11.924528301886792,30.0,0.137,-1.987774353154012,
2015047,2015,m,2015-05-11,5,10,6.428571428571429,67.28571428571429,11.924528301886792,30.0,0.131,-2.0325579557809856,
2015047,2015,m,2015-05-16,10,10,6.428571428571429,67.28571428571429,11.924528301886792,30.0,0.132,-2.0249533563957662,
2015047,2015,m,2015-05-19,13,10,6.428571428571429,67.28571428571429,11.924528301886792,30.0,0.13,-2.0402208285265546,
2015047,2015,m,2015-05-19,13,10,6.428571428571429,67.28571428571429,11.924528301886792,30.0,0.129,-2.047942874620465,
2015048,2015,m,2015-05-06,0,10,5.0,50.0,11.924528301886792,32.0,,,2.2
2015048,2015,m,2015-05-16,10,10,5.0,50.0,11.924528301886792,32.0,0.146,-1.9241486572738007,
2015049,2015,f,2015-05-06,0,10,1.0,2.0,11.924528301886792,27.0,,,1.8
2015049,2015,f,2015-05-08,2,10,1.0,2.0,11.924528301886792,27.0,0.193,-1.6450650900772514,1.65
2015050,2015,m,2015-05-06,0,10,5.2,42.0,11.924528301886792,31.0,,,1.9
2015050,2015,m,2015-05-08,2,10,5.2,42.0,11.924528301886792,31.0,0.17,-1.7719568419318752,
2015050,2015,m,2015-05-11,5,10,5.2,42.0,11.924528301886792,31.0,0.143,-1.9449106487222299,
2015050,2015,m,2015-05-15,9,10,5.2,42.0,11.924528301886792,31.0,0.139,-1.973281345851445,1.4249999999999998
2015050,2015,m,2015-05-16,10,10,5.2,42.0,11.924528301886792,31.0,0.137,-1.987774353154012,
2015051,2015,f,2015-05-06,0,10,4.4,32.4,11.924528301886792,30.0,,,2.025
2015051,2015,f,2015-05-08,2,10,4.4,32.4,11.924528301886792,30.0,0.175,-1.742969305058623,1.9249999999999998
2015051,2015,f,2015-05-09,3,10,4.4,32.4,11.924528301886792,30.0,,,1.85
2015051,2015,f,2015-05-13,7,10,4.4,32.4,11.924528301886792,30.0,,,1.65
2015051,2015,f,2015-05-16,10,10,4.4,32.4,11.924528301886792,30.0,0.125,-2.0794415416798357,
2015052,2015,m,2015-05-06,0,10,1.0,2.0,11.924528301886792,30.0,,,1.9
2015052,2015,m,2015-05-08,2,10,1.0,2.0,11.924528301886792,30.0,0.137,-1.987774353154012,
2015053,2015,m,2015-05-06,0,10,6.333333333333333,60.333333333333336,11.924528301886792,32.0,,,2.1
2015053,2015,m,2015-05-15,9,10,6.333333333333333,60.333333333333336,11.924528301886792,32.0,,,1.9
2015053,2015,m,2015-05-16,10,10,6.333333333333333,60.333333333333336,11.924528301886792,32.0,0.154,-1.870802676568508,
2015054,2015,f,2015-05-06,0,10,2.0,7.5,11.924528301886792,30.0,,,2.1
2015054,2015,f,2015-05-07,1,10,2.0,7.5,11.924528301886792,30.0,,,2.05
2015054,2015,f,2015-05-08,2,10,2.0,7.5,11.924528301886792,30.0,0.16,-1.8325814637483102,
2015054,2015,f,2015-05-11,5,10,2.0,7.5,11.924528301886792,30.0,0.15,-1.8971199848858813,1.875
2015055,2015,,2015-05-06,0,10,0.0,0.0,11.924528301886792,31.0,,,1.85
2015056,2015,f,2015-05-06,0,10,6.8,78.8,11.924528301886792,31.0,,,2.325
2015056,2015,f,2015-05-08,2,10,6.8,78.8,11.924528301886792,31.0,0.224,-1.4961092271270973,2.325
2015056,2015,f,2015-05-11,5,10,6.8,78.8,11.924528301886792,31.0,0.209,-1.565421027017326,
2015056,2015,f,2015-05-19,13,10,6.8,78.8,11.924528301886792,31.0,0.173,-1.7544636844843582,
2015056,2015,f,2015-05-20,14,10,6.8,78.8,11.924528301886792,31.0,,,1.725
2015057,2015,m,2015-05-06,0,10,5.4,46.2,11.924528301886792,30.0,,,1.9
2015057,2015,m,2015-05-08,2,10,5.4,46.2,11.924528301886792,30.0,0.164,-1.8078888511579385,1.8250000000000002
2015057,2015,m,2015-05-11,5,10,5.4,46.2,11.924528301886792,30.0,0.145,-1.9310215365615626,
2015057,2015,m,2015-05-15,9,10,5.4,46.2,11.924528301886792,30.0,,,1.725
2015057,2015,m,2015-05-17,11,10,5.4,46.2,11.924528301886792,30.0,,,1.7
2015058,2015,m,2015-05-06,0,10,8.75,109.0,11.924528301886792,30.0,,,2.15
2015058,2015,m,2015-05-08,2,10,8.75,109.0,11.924528301886792,30.0,0.165,-1.8018098050815563,
2015058,2015,m,2015-05-11,5,10,8.75,109.0,11.924528301886792,30.0,0.131,-2.0325579557809856,
2015058,2015,m,2015-05-15,9,10,8.75,109.0,11.924528301886792,30.0,,,1.875
2015058,2015,m,2015-05-16,10,10,8.75,109.0,11.924528301886792,30.0,0.136,-1.995100393246085,
2015058,2015,m,2015-05-19,13,10,8.75,109.0,11.924528301886792,30.0,0.117,-2.145581344184381,
2015058,2015,m,2015-05-19,13,10,8.75,109.0,11.924528301886792,30.0,0.117,-2.145581344184381,
2015058,2015,m,2015-05-24,18,10,8.75,109.0,11.924528301886792,30.0,0.117,-2.145581344184381,
2015059,2015,m,2015-05-06,0,10,6.6,73.4,11.924528301886792,33.0,,,2.2
2015059,2015,m,2015-05-08,2,10,6.6,73.4,11.924528301886792,33.0,0.171,-1.7660917224794772,
2015059,2015,m,2015-05-11,5,10,6.6,73.4,11.924528301886792,33.0,0.165,-1.8018098050815563,
2015059,2015,m,2015-05-19,13,10,6.6,73.4,11.924528301886792,33.0,0.142,-1.9519282213808764,
2015059,2015,m,2015-05-19,13,10,6.6,73.4,11.924528301886792,33.0,0.142,-1.9519282213808764,
2015060,2015,,2015-05-06,0,10,0.0,0.0,11.924528301886792,31.0,,,2.1
2015061,2015,f,2015-05-06,0,10,4.0,34.666666666666664,11.924528301886792,30.0,,,2.2
2015061,2015,f,2015-05-08,2,10,4.0,34.666666666666664,11.924528301886792,30.0,0.17,-1.7719568419318752,
2015061,2015,f,2015-05-16,10,10,4.0,34.666666666666664,11.924528301886792,30.0,0.146,-1.9241486572738007,
2015062,2015,f,2015-05-06,0,10,1.0,2.0,11.924528301886792,33.0,0.298,-1.2106617924767327,2.2
2015062,2015,f,2015-05-08,2,10,1.0,2.0,11.924528301886792,33.0,0.241,-1.422958345491482,2.2
2015063,2015,f,2015-05-07,0,11,0.0,0.0,11.924528301886792,30.0,0.223,-1.5005835075220182,1.95
2015064,2015,f,2015-05-07,0,11,7.166666666666667,88.5,11.924528301886792,31.0,,,2.075
2015064,2015,f,2015-05-08,1,11,7.166666666666667,88.5,11.924528301886792,31.0,0.193,-1.6450650900772514,2.1
2015064,2015,f,2015-05-11,4,11,7.166666666666667,88.5,11.924528301886792,31.0,0.187,-1.6766466621275504,
2015064,2015,f,2015-05-16,9,11,7.166666666666667,88.5,11.924528301886792,31.0,0.17,-1.7719568419318752,
2015064,2015,f,2015-05-19,12,11,7.166666666666667,88.5,11.924528301886792,31.0,0.129,-2.047942874620465,
2015064,2015,f,2015-05-24,17,11,7.166666666666667,88.5,11.924528301886792,31.0,0.133,-2.017406150760383,
2015065,2015,f,2015-05-07,0,11,6.6,61.0,11.924528301886792,31.0,,,2.375
2015065,2015,f,2015-05-11,4,11,6.6,61.0,11.924528301886792,31.0,0.217,-1.5278579254416775,
2015065,2015,f,2015-05-15,8,11,6.6,61.0,11.924528301886792,31.0,,,2.075
2015065,2015,f,2015-05-16,9,11,6.6,61.0,11.924528301886792,31.0,0.18,-1.7147984280919266,
2015065,2015,f,2015-05-19,12,11,6.6,61.0,11.924528301886792,31.0,0.161,-1.8263509139976741,
2015066,2015,,2015-05-07,0,11,0.0,0.0,11.924528301886792,29.0,,,1.85
2015067,2015,f,2015-05-07,0,11,1.6666666666666667,5.666666666666667,11.924528301886792,33.0,,,2.35
2015067,2015,f,2015-05-08,1,11,1.6666666666666667,5.666666666666667,11.924528301886792,33.0,0.218,-1.523260216193048,2.3
2015067,2015,f,2015-05-11,4,11,1.6666666666666667,5.666666666666667,11.924528301886792,33.0,0.217,-1.5278579254416775,
2015068,2015,f,2015-05-07,0,11,0.5,0.5,11.924528301886792,31.0,,,2.3
2015068,2015,f,2015-05-08,1,11,0.5,0.5,11.924528301886792,31.0,0.203,-1.5945492999403497,
2015069,2015,f,2015-05-07,0,11,0.6666666666666666,0.6666666666666666,11.924528301886792,29.0,,,2.3
2015069,2015,f,2015-05-08,1,11,0.6666666666666666,0.6666666666666666,11.924528301886792,29.0,0.188,-1.6713133161521878,1.85
2015069,2015,f,2015-05-08,1,11,0.6666666666666666,0.6666666666666666,11.924528301886792,29.0,0.159,-1.8388510767619055,1.85
2015070,2015,f,2015-05-07,0,11,3.3333333333333335,27.333333333333332,11.924528301886792,30.0,,,2.1
2015070,2015,f,2015-05-08,1,11,3.3333333333333335,27.333333333333332,11.924528301886792,30.0,0.192,-1.6502599069543555,2.1
2015070,2015,f,2015-05-16,9,11,3.3333333333333335,27.333333333333332,11.924528301886792,30.0,0.165,-1.8018098050815563,
2015071,2015,m,2015-05-07,0,11,8.333333333333334,117.66666666666667,11.924528301886792,32.0,,,2.2
2015071,2015,m,2015-05-15,8,11,8.333333333333334,117.66666666666667,11.924528301886792,32.0,,,2.025
2015071,2015,m,2015-05-24,17,11,8.333333333333334,117.66666666666667,11.924528301886792,32.0,0.136,-1.995100393246085,1.9
2015072,2015,,2015-05-07,0,11,0.0,0.0,11.924528301886792,30.0,,,2.125
2015073,2015,m,2015-05-07,0,11,6.333333333333333,60.333333333333336,11.924528301886792,32.0,,,2.0
2015073,2015,m,2015-05-16,9,11,6.333333333333333,60.333333333333336,11.924528301886792,32.0,0.159,-1.8388510767619055,
2015073,2015,m,2015-05-17,10,11,6.333333333333333,60.333333333333336,11.924528301886792,32.0,,,1.7
2015074,2015,f,2015-05-07,0,11,0.0,0.0,11.924528301886792,27.5,0.132,-2.0249533563957662,1.95
2015075,2015,m,2015-05-07,0,11,4.5,40.5,11.924528301886792,31.0,,,2.1
2015075,2015,m,2015-05-16,9,11,4.5,40.5,11.924528301886792,31.0,0.148,-1.9105430052180221,
2015076,2015,f,2015-05-07,0,11,8.0,96.85714285714286,11.924528301886792,31.0,0.277,-1.2837377727947985,2.275
2015076,2015,f,2015-05-09,2,11,8.0,96.85714285714286,11.924528301886792,31.0,,,1.9
2015076,2015,f,2015-05-11,4,11,8.0,96.85714285714286,11.924528301886792,31.0,0.172,-1.760260802168684,
2015076,2015,f,2015-05-16,9,11,8.0,96.85714285714286,11.924528301886792,31.0,0.189,-1.6660082639224947,
2015076,2015,f,2015-05-19,12,11,8.0,96.85714285714286,11.924528301886792,31.0,0.178,-1.725971728690052,
2015076,2015,f,2015-05-19,12,11,8.0,96.85714285714286,11.924528301886792,31.0,0.135,-2.0024805005437076,
2015076,2015,f,2015-05-24,17,11,8.0,96.85714285714286,11.924528301886792,31.0,0.138,-1.9805015938249322,
2015077,2015,m,2015-05-07,0,11,0.0,0.0,11.924528301886792,31.0,0.159,-1.8388510767619055,2.1
2015078,2015,m,2015-05-07,0,11,4.666666666666667,33.333333333333336,11.924528301886792,30.0,0.142,-1.9519282213808764,2.2
2015078,2015,m,2015-05-13,6,11,4.666666666666667,33.333333333333336,11.924528301886792,30.0,,,1.875
2015078,2015,m,2015-05-15,8,11,4.666666666666667,33.333333333333336,11.924528301886792,30.0,,,1.7
2015079,2015,f,2015-05-07,0,11,2.3333333333333335,8.333333333333334,11.924528301886792,31.0,0.237,-1.439695137847006,2.3
2015079,2015,f,2015-05-10,3,11,2.3333333333333335,8.333333333333334,11.924528301886792,31.0,,,2.15
2015079,2015,f,2015-05-11,4,11,2.3333333333333335,8.333333333333334,11.924528301886792,31.0,0.192,-1.6502599069543555,
2015080,2015,m,2015-05-07,0,11,2.0,8.0,11.924528301886792,29.0,0.189,-1.6660082639224947,1.975
2015080,2015,m,2015-05-11,4,11,2.0,8.0,11.924528301886792,29.0,0.113,-2.1803674602697964,1.55
2015081,2015,f,2015-05-07,0,11,5.333333333333333,53.333333333333336,11.924528301886792,29.0,0.197,-1.6245515502441485,2.2
2015081,2015,f,2015-05-11,4,11,5.333333333333333,53.333333333333336,11.924528301886792,29.0,0.146,-1.9241486572738007,
2015081,2015,f,2015-05-19,12,11,5.333333333333333,53.333333333333336,11.924528301886792,29.0,0.132,-2.0249533563957662,
2015082,2015,m,2015-05-07,0,11,8.666666666666666,91.66666666666667,11.924528301886792,31.0,0.2,-1.6094379124341003,2.325
2015082,2015,m,2015-05-16,9,11,8.666666666666666,91.66666666666667,11.924528301886792,31.0,0.15,-1.8971199848858813,
2015082,2015,m,2015-05-16,9,11,8.666666666666666,91.66666666666667,11.924528301886792,31.0,0.154,-1.870802676568508,
2015082,2015,m,2015-05-17,10,11,8.666666666666666,91.66666666666667,11.924528301886792,31.0,,,1.6
2015082,2015,m,2015-05-19,12,11,8.666666666666666,91.66666666666667,11.924528301886792,31.0,0.15,-1.8971199848858813,
2015082,2015,m,2015-05-19,12,11,8.666666666666666,91.66666666666667,11.924528301886792,31.0,0.19,-1.6607312068216509,
2015083,2015,m,2015-05-07,0,11,7.0,75.0,11.924528301886792,32.0,0.205,-1.584745299843729,2.225
2015083,2015,m,2015-05-16,9,11,7.0,75.0,11.924528301886792,32.0,0.189,-1.6660082639224947,
2015083,2015,m,2015-05-19,12,11,7.0,75.0,11.924528301886792,32.0,0.129,-2.047942874620465,
2015084,2015,f,2015-05-07,0,11,7.75,81.25,11.924528301886792,30.0,0.241,-1.422958345491482,2.275
2015084,2015,f,2015-05-16,9,11,7.75,81.25,11.924528301886792,30.0,0.181,-1.7092582477163114,1.85
2015084,2015,f,2015-05-17,10,11,7.75,81.25,11.924528301886792,30.0,,,1.6749999999999998
2015084,2015,f,2015-05-19,12,11,7.75,81.25,11.924528301886792,30.0,0.137,-1.987774353154012,
2015085,2015,f,2015-05-07,0,11,2.5,12.5,11.924528301886792,31.0,0.244,-1.410587053688935,1.95
2015085,2015,f,2015-05-12,5,11,2.5,12.5,11.924528301886792,31.0,,,1.8
2015086,2015,f,2015-05-07,0,11,7.0,68.2,11.924528301886792,31.0,0.208,-1.5702171992808192,2.2
2015086,2015,f,2015-05-11,4,11,7.0,68.2,11.924528301886792,31.0,0.204,-1.5896352851379207,
2015086,2015,f,2015-05-16,9,11,7.0,68.2,11.924528301886792,31.0,0.173,-1.7544636844843582,
2015086,2015,f,2015-05-17,10,11,7.0,68.2,11.924528301886792,31.0,,,1.45
2015086,2015,f,2015-05-19,12,11,7.0,68.2,11.924528301886792,31.0,0.13,-2.0402208285265546,
2015087,2015,f,2015-05-08,0,12,8.75,110.25,11.924528301886792,30.0,0.208,-1.5702171992808192,2.175
2015087,2015,f,2015-05-16,8,12,8.75,110.25,11.924528301886792,30.0,0.153,-1.8773173575897015,
2015087,2015,f,2015-05-19,11,12,8.75,110.25,11.924528301886792,30.0,0.129,-2.047942874620465,
2015087,2015,f,2015-05-24,16,12,8.75,110.25,11.924528301886792,30.0,0.126,-2.071473372030659,1.4
2015088,2015,f,2015-05-08,0,12,0.0,0.0,11.924528301886792,30.0,0.301,-1.2006450142332614,2.4
2015089,2015,m,2015-05-08,0,12,1.5,4.5,11.924528301886792,31.0,0.183,-1.6982691261407161,2.025
2015089,2015,m,2015-05-11,3,12,1.5,4.5,11.924528301886792,31.0,0.149,-1.903808973036678,
2015090,2015,m,2015-05-08,0,12,5.8,48.6,11.924528301886792,31.0,0.21,-1.5606477482646683,2.0
2015090,2015,m,2015-05-11,3,12,5.8,48.6,11.924528301886792,31.0,0.173,-1.7544636844843582,
2015090,2015,m,2015-05-15,7,12,5.8,48.6,11.924528301886792,31.0,,,1.975
2015090,2015,m,2015-05-16,8,12,5.8,48.6,11.924528301886792,31.0,0.15,-1.8971199848858813,
2015090,2015,m,2015-05-19,11,12,5.8,48.6,11.924528301886792,31.0,0.138,-1.9805015938249322,
2015091,2015,m,2015-05-08,0,12,4.0,32.0,11.924528301886792,31.0,0.202,-1.5994875815809322,2.15
2015091,2015,m,2015-05-16,8,12,4.0,32.0,11.924528301886792,31.0,0.16,-1.8325814637483102,
2015092,2015,m,2015-05-08,0,12,0.0,0.0,11.924528301886792,30.0,0.158,-1.8451602459551701,2.125
2015093,2015,m,2015-05-08,0,12,1.5,4.5,11.924528301886792,31.0,0.151,-1.8904754421672127,2.0
2015093,2015,m,2015-05-11,3,12,1.5,4.5,11.924528301886792,31.0,0.143,-1.9449106487222299,
2015094,2015,f,2015-05-08,0,12,1.5,4.5,11.924528301886792,31.0,0.21,-1.5606477482646683,1.95
2015094,2015,f,2015-05-11,3,12,1.5,4.5,11.924528301886792,31.0,0.151,-1.8904754421672127,2.125
2015095,2015,m,2015-05-08,0,12,0.0,0.0,11.924528301886792,30.0,0.163,-1.8140050781753747,1.85
2015096,2015,f,2015-05-08,0,12,4.75,34.25,11.924528301886792,30.0,0.202,-1.5994875815809322,2.3
2015096,2015,f,2015-05-11,3,12,4.75,34.25,11.924528301886792,30.0,0.187,-1.6766466621275504,
2015096,2015,f,2015-05-16,8,12,4.75,34.25,11.924528301886792,30.0,0.19,-1.6607312068216509,
2015096,2015,f,2015-05-16,8,12,4.75,34.25,11.924528301886792,30.0,0.189,-1.6660082639224947,
2015097,2015,m,2015-05-08,0,12,3.6666666666666665,24.333333333333332,11.924528301886792,29.5,,,2.1
2015097,2015,m,2015-05-11,3,12,3.6666666666666665,24.333333333333332,11.924528301886792,29.5,0.157,-1.851509473633829,
2015097,2015,m,2015-05-16,8,12,3.6666666666666665,24.333333333333332,11.924528301886792,29.5,0.148,-1.9105430052180221,
2015098,2015,f,2015-05-08,0,12,1.5,4.5,11.924528301886792,30.0,0.223,-1.5005835075220182,1.9
2015098,2015,f,2015-05-11,3,12,1.5,4.5,11.924528301886792,30.0,0.162,-1.820158943749753,1.725
2015099,2015,m,2015-05-08,0,12,4.25,34.75,11.924528301886792,31.0,0.159,-1.8388510767619055,2.05
2015099,2015,m,2015-05-11,3,12,4.25,34.75,11.924528301886792,31.0,0.147,-1.9173226922034008,
2015099,2015,m,2015-05-11,3,12,4.25,34.75,11.924528301886792,31.0,0.146,-1.9241486572738007,
2015099,2015,m,2015-05-19,11,12,4.25,34.75,11.924528301886792,31.0,0.126,-2.071473372030659,
2015100,2015,m,2015-05-08,0,12,0.0,0.0,11.924528301886792,31.0,0.186,-1.6820086052689358,1.85
2015101,2015,m,2015-05-08,0,12,1.5,4.5,11.924528301886792,30.5,0.163,-1.8140050781753747,2.35
2015101,2015,m,2015-05-11,3,12,1.5,4.5,11.924528301886792,30.5,0.159,-1.8388510767619055,
2015102,2015,m,2015-05-08,0,12,0.0,0.0,11.924528301886792,31.0,0.162,-1.820158943749753,2.0
2015103,2015,m,2015-05-08,0,12,6.333333333333333,61.666666666666664,11.924528301886792,30.0,0.173,-1.7544636844843582,2.1
2015103,2015,m,2015-05-16,8,12,6.333333333333333,61.666666666666664,11.924528301886792,30.0,0.158,-1.8451602459551701,
2015103,2015,m,2015-05-19,11,12,6.333333333333333,61.666666666666664,11.924528301886792,30.0,0.129,-2.047942874620465,
2015104,2015,m,2015-05-08,0,12,1.5,4.5,11.924528301886792,32.0,0.25,-1.3862943611198906,2.1
2015104,2015,m,2015-05-11,3,12,1.5,4.5,11.924528301886792,32.0,0.151,-1.8904754421672127,
2015105,2015,f,2015-05-08,0,12,1.0,2.0,11.924528301886792,30.0,0.25,-1.3862943611198906,2.15
2015105,2015,f,2015-05-10,2,12,1.0,2.0,11.924528301886792,30.0,,,2.075
2015106,2015,m,2015-05-09,0,13,6.8,75.6,11.924528301886792,31.0,,,2.2
2015106,2015,m,2015-05-11,2,13,6.8,75.6,11.924528301886792,31.0,0.138,-1.9805015938249322,
2015106,2015,m,2015-05-16,7,13,6.8,75.6,11.924528301886792,31.0,0.137,-1.987774353154012,
2015106,2015,m,2015-05-19,10,13,6.8,75.6,11.924528301886792,31.0,0.141,-1.9589953886039688,
2015106,2015,m,2015-05-24,15,13,6.8,75.6,11.924528301886792,31.0,0.129,-2.047942874620465,
2015107,2015,,2015-05-09,0,13,0.0,0.0,11.924528301886792,31.0,,,1.85
2015108,2015,m,2015-05-09,0,13,3.5,24.5,11.924528301886792,30.0,,,2.05
2015108,2015,m,2015-05-16,7,13,3.5,24.5,11.924528301886792,30.0,0.163,-1.8140050781753747,
2015109,2015,f,2015-05-09,0,13,4.0,34.666666666666664,11.924528301886792,31.0,,,2.025
2015109,2015,f,2015-05-11,2,13,4.0,34.666666666666664,11.924528301886792,31.0,0.169,-1.7778565640590636,1.85
2015109,2015,f,2015-05-19,10,13,4.0,34.666666666666664,11.924528301886792,31.0,0.142,-1.9519282213808764,
2015110,2015,f,2015-05-09,0,13,3.5,24.5,11.924528301886792,32.0,,,2.275
2015110,2015,f,2015-05-16,7,13,3.5,24.5,11.924528301886792,32.0,0.154,-1.870802676568508,
2015111,2015,,2015-05-09,0,13,0.0,0.0,11.924528301886792,32.0,,,2.1
2015112,2015,,2015-05-09,0,13,0.0,0.0,11.924528301886792,33.0,,,2.175
2015113,2015,f,2015-05-09,0,13,3.0,17.666666666666668,11.924528301886792,31.0,,,2.0
2015113,2015,f,2015-05-11,2,13,3.0,17.666666666666668,11.924528301886792,31.0,0.23,-1.4696759700589417,2.025
2015113,2015,f,2015-05-16,7,13,3.0,17.666666666666668,11.924528301886792,31.0,0.2,-1.6094379124341003,
2015114,2015,m,2015-05-09,0,13,3.5,24.5,11.924528301886792,30.0,,,1.9
2015114,2015,m,2015-05-16,7,13,3.5,24.5,11.924528301886792,30.0,0.131,-2.0325579557809856,
2015115,2015,m,2015-05-09,0,13,1.0,2.0,11.924528301886792,29.5,,,2.1
2015115,2015,m,2015-05-11,2,13,1.0,2.0,11.924528301886792,29.5,0.171,-1.7660917224794772,
2015116,2015,m,2015-05-09,0,13,4.75,38.25,11.924528301886792,30.5,0.109,-2.2164073967529934,1.85
2015116,2015,m,2015-05-11,2,13,4.75,38.25,11.924528301886792,30.5,0.116,-2.1541650878757723,
2015116,2015,m,2015-05-16,7,13,4.75,38.25,11.924528301886792,30.5,0.109,-2.2164073967529934,
2015116,2015,m,2015-05-19,10,13,4.75,38.25,11.924528301886792,30.5,0.108,-2.2256240518579173,
2015117,2015,m,2015-05-09,0,13,0.0,0.0,11.924528301886792,33.0,0.182,-1.7037485919053417,2.35
2015118,2015,f,2015-05-10,0,14,6.166666666666667,60.5,11.924528301886792,28.0,,,2.05
2015118,2015,f,2015-05-11,1,14,6.166666666666667,60.5,11.924528301886792,28.0,0.177,-1.731605546408308,
2015118,2015,f,2015-05-16,6,14,6.166666666666667,60.5,11.924528301886792,28.0,0.174,-1.7486999797676082,
2015118,2015,f,2015-05-17,7,14,6.166666666666667,60.5,11.924528301886792,28.0,,,1.775
2015118,2015,f,2015-05-19,9,14,6.166666666666667,60.5,11.924528301886792,28.0,0.162,-1.820158943749753,
2015118,2015,f,2015-05-24,14,14,6.166666666666667,60.5,11.924528301886792,28.0,0.162,-1.820158943749753,
2015119,2015,,2015-05-10,0,14,0.0,0.0,11.924528301886792,31.0,,,2.25
2015120,2015,f,2015-05-10,0,14,3.6,24.4,11.924528301886792,31.0,,,2.275
2015120,2015,f,2015-05-11,1,14,3.6,24.4,11.924528301886792,31.0,0.175,-1.742969305058623,2.0
2015120,2015,f,2015-05-12,2,14,3.6,24.4,11.924528301886792,31.0,,,2.0
2015120,2015,f,2015-05-16,6,14,3.6,24.4,11.924528301886792,31.0,0.184,-1.6928195213731514,1.8250000000000002
2015120,2015,f,2015-05-19,9,14,3.6,24.4,11.924528301886792,31.0,0.173,-1.7544636844843582,
2015121,2015,,2015-05-10,0,14,0.0,0.0,11.924528301886792,34.0,,,2.525
2015122,2015,,2015-05-10,0,14,2.75,11.25,11.924528301886792,30.0,,,2.0
2015122,2015,,2015-05-12,2,14,2.75,11.25,11.924528301886792,30.0,,,2.0
2015122,2015,,2015-05-14,4,14,2.75,11.25,11.924528301886792,30.0,,,1.8
2015122,2015,,2015-05-15,5,14,2.75,11.25,11.924528301886792,30.0,,,1.875
2015123,2015,m,2015-05-10,0,14,4.5,40.5,11.924528301886792,32.0,,,2.125
2015123,2015,m,2015-05-19,9,14,4.5,40.5,11.924528301886792,32.0,0.137,-1.987774353154012,
2015124,2015,f,2015-05-11,0,15,0.0,0.0,11.924528301886792,30.0,0.217,-1.5278579254416775,1.9
2015124,2015,f,2015-05-11,0,15,0.0,0.0,11.924528301886792,30.0,0.221,-1.5095925774643841,1.9
2015125,2015,f,2015-05-11,0,15,6.5,64.5,11.924528301886792,31.0,0.207,-1.575036485716768,1.9
2015125,2015,f,2015-05-16,5,15,6.5,64.5,11.924528301886792,31.0,0.176,-1.7372712839439852,
2015125,2015,f,2015-05-19,8,15,6.5,64.5,11.924528301886792,31.0,0.164,-1.8078888511579385,
2015125,2015,f,2015-05-24,13,15,6.5,64.5,11.924528301886792,31.0,0.141,-1.9589953886039688,1.5
2015126,2015,f,2015-05-11,0,15,0.0,0.0,11.924528301886792,32.0,0.22,-1.5141277326297755,1.8
2015127,2015,m,2015-05-11,0,15,0.0,0.0,11.924528301886792,31.0,0.146,-1.9241486572738007,1.95
2015128,2015,m,2015-05-11,0,15,4.25,26.25,11.924528301886792,29.0,0.184,-1.6928195213731514,1.75
2015128,2015,m,2015-05-15,4,15,4.25,26.25,11.924528301886792,29.0,,,1.975
2015128,2015,m,2015-05-16,5,15,4.25,26.25,11.924528301886792,29.0,0.153,-1.8773173575897015,
2015128,2015,m,2015-05-19,8,15,4.25,26.25,11.924528301886792,29.0,0.152,-1.8838747581358606,
2015129,2015,m,2015-05-11,0,15,1.5,4.5,11.924528301886792,30.0,0.142,-1.9519282213808764,2.1
2015129,2015,m,2015-05-14,3,15,1.5,4.5,11.924528301886792,30.0,,,1.85
2015130,2015,m,2015-05-11,0,15,0.0,0.0,11.924528301886792,31.0,0.144,-1.9379419794061366,1.9
2015131,2015,f,2015-05-11,0,15,2.5,12.5,11.924528301886792,33.0,0.304,-1.1907275775759154,2.2
2015131,2015,f,2015-05-16,5,15,2.5,12.5,11.924528301886792,33.0,0.257,-1.3586791940869172,
2015132,2015,f,2015-05-11,0,15,0.0,0.0,11.924528301886792,31.0,0.219,-1.5186835491656363,2.0
2015133,2015,m,2015-05-11,0,15,0.0,0.0,11.924528301886792,33.0,0.171,-1.7660917224794772,1.55
2015134,2015,m,2015-05-11,0,15,0.5,0.5,11.924528301886792,28.0,0.165,-1.8018098050815563,1.6
2015134,2015,m,2015-05-12,1,15,0.5,0.5,11.924528301886792,28.0,,,1.5
2015135,2015,f,2015-05-11,0,15,0.0,0.0,11.924528301886792,31.0,0.239,-1.4312917270506265,1.85
2015136,2015,f,2015-05-11,0,15,4.4,26.0,11.924528301886792,32.0,0.25,-1.3862943611198906,1.9
2015136,2015,f,2015-05-15,4,15,4.4,26.0,11.924528301886792,32.0,,,1.95
2015136,2015,f,2015-05-16,5,15,4.4,26.0,11.924528301886792,32.0,0.213,-1.546463113272712,
2015136,2015,f,2015-05-16,5,15,4.4,26.0,11.924528301886792,32.0,0.218,-1.523260216193048,
2015136,2015,f,2015-05-19,8,15,4.4,26.0,11.924528301886792,32.0,0.21,-1.5606477482646683,
2015137,2015,f,2015-05-11,0,15,3.8333333333333335,21.833333333333332,11.924528301886792,31.0,0.25,-1.3862943611198906,1.85
2015137,2015,f,2015-05-12,1,15,3.8333333333333335,21.833333333333332,11.924528301886792,31.0,,,2.025
2015137,2015,f,2015-05-15,4,15,3.8333333333333335,21.833333333333332,11.924528301886792,31.0,,,2.075
2015137,2015,f,2015-05-16,5,15,3.8333333333333335,21.833333333333332,11.924528301886792,31.0,0.189,-1.6660082639224947,
2015137,2015,f,2015-05-16,5,15,3.8333333333333335,21.833333333333332,11.924528301886792,31.0,0.191,-1.6554818509355071,
2015137,2015,f,2015-05-19,8,15,3.8333333333333335,21.833333333333332,11.924528301886792,31.0,0.184,-1.6928195213731514,
2015138,2015,f,2015-05-11,0,15,0.0,0.0,11.924528301886792,31.0,0.224,-1.4961092271270973,2.0
2015139,2015,m,2015-05-11,0,15,0.0,0.0,11.924528301886792,31.0,0.153,-1.8773173575897015,2.0
2015140,2015,f,2015-05-11,0,15,1.3333333333333333,2.6666666666666665,11.924528301886792,30.0,0.267,-1.3205066205818874,
2015140,2015,f,2015-05-13,2,15,1.3333333333333333,2.6666666666666665,11.924528301886792,30.0,,,1.8250000000000002
2015140,2015,f,2015-05-13,2,15,1.3333333333333333,2.6666666666666665,11.924528301886792,30.0,,,1.8
2015141,2015,m,2015-05-11,0,15,2.5,12.5,11.924528301886792,32.0,0.195,-1.6347557204183902,2.0
2015141,2015,m,2015-05-16,5,15,2.5,12.5,11.924528301886792,32.0,0.174,-1.7486999797676082,
2015142,2015,f,2015-05-11,0,15,4.6,33.0,11.924528301886792,31.0,0.211,-1.5558971455060706,2.2
2015142,2015,f,2015-05-13,2,15,4.6,33.0,11.924528301886792,31.0,,,2.0
2015142,2015,f,2015-05-15,4,15,4.6,33.0,11.924528301886792,31.0,0.184,-1.6928195213731514,2.0
2015142,2015,f,2015-05-19,8,15,4.6,33.0,11.924528301886792,31.0,0.2,-1.6094379124341003,
2015142,2015,f,2015-05-20,9,15,4.6,33.0,11.924528301886792,31.0,,,1.6
2015143,2015,m,2015-05-11,0,15,6.375,53.375,11.924528301886792,29.0,0.235,-1.448169764837978,2.075
2015143,2015,m,2015-05-15,4,15,6.375,53.375,11.924528301886792,29.0,,,1.975
2015143,2015,m,2015-05-16,5,15,6.375,53.375,11.924528301886792,29.0,0.156,-1.8578992717326,
2015143,2015,m,2015-05-16,5,15,6.375,53.375,11.924528301886792,29.0,0.142,-1.9519282213808764,
2015143,2015,m,2015-05-19,8,15,6.375,53.375,11.924528301886792,29.0,0.134,-2.0099154790312257,
2015143,2015,m,2015-05-19,8,15,6.375,53.375,11.924528301886792,29.0,0.138,-1.9805015938249322,
2015143,2015,m,2015-05-19,8,15,6.375,53.375,11.924528301886792,29.0,0.134,-2.0099154790312257,
2015143,2015,m,2015-05-24,13,15,6.375,53.375,11.924528301886792,29.0,0.138,-1.9805015938249322,
2015144,2015,,2015-05-12,0,16,0.0,0.0,11.924528301886792,30.0,,,2.2
2015145,2015,f,2015-05-12,0,16,3.5,18.5,11.924528301886792,30.0,,,1.85
2015145,2015,f,2015-05-15,3,16,3.5,18.5,11.924528301886792,30.0,,,2.1
2015145,2015,f,2015-05-16,4,16,3.5,18.5,11.924528301886792,30.0,0.161,-1.8263509139976741,
2015145,2015,f,2015-05-19,7,16,3.5,18.5,11.924528301886792,30.0,0.15,-1.8971199848858813,
2015146,2015,,2015-05-12,0,16,0.0,0.0,11.924528301886792,32.0,,,2.3
2015147,2015,f,2015-05-12,0,16,5.5,44.5,11.924528301886792,32.0,,,2.3
2015147,2015,f,2015-05-15,3,16,5.5,44.5,11.924528301886792,32.0,,,2.175
2015147,2015,f,2015-05-16,4,16,5.5,44.5,11.924528301886792,32.0,0.242,-1.4188175528254507,
2015147,2015,f,2015-05-19,7,16,5.5,44.5,11.924528301886792,32.0,0.211,-1.5558971455060706,
2015147,2015,f,2015-05-19,7,16,5.5,44.5,11.924528301886792,32.0,0.201,-1.6044503709230613,
2015147,2015,f,2015-05-24,12,16,5.5,44.5,11.924528301886792,32.0,0.211,-1.5558971455060706,
2015148,2015,,2015-05-12,0,16,0.0,0.0,11.924528301886792,29.0,,,1.9
2015149,2015,,2015-05-12,0,16,0.0,0.0,11.924528301886792,29.0,,,2.3
2015150,2015,f,2015-05-13,0,17,3.0,15.0,11.924528301886792,32.0,,,2.025
2015150,2015,f,2015-05-16,3,17,3.0,15.0,11.924528301886792,32.0,0.21,-1.5606477482646683,1.9
2015150,2015,f,2015-05-19,6,17,3.0,15.0,11.924528301886792,32.0,0.183,-1.6982691261407161,
2015151,2015,f,2015-05-13,0,17,5.666666666666667,52.333333333333336,11.924528301886792,32.0,,,2.1500000000000004
2015151,2015,f,2015-05-19,6,17,5.666666666666667,52.333333333333336,11.924528301886792,32.0,0.193,-1.6450650900772514,
2015151,2015,f,2015-05-24,11,17,5.666666666666667,52.333333333333336,11.924528301886792,32.0,0.205,-1.584745299843729,2.0
2015152,2015,m,2015-05-14,0,18,1.6666666666666667,4.333333333333333,11.924528301886792,31.0,,,2.05
2015152,2015,m,2015-05-16,2,18,1.6666666666666667,4.333333333333333,11.924528301886792,31.0,0.133,-2.017406150760383,
2015152,2015,m,2015-05-17,3,18,1.6666666666666667,4.333333333333333,11.924528301886792,31.0,,,2.0
2015153,2015,m,2015-05-15,0,19,2.0,8.0,11.924528301886792,31.0,,,2.1
2015153,2015,m,2015-05-19,4,19,2.0,8.0,11.924528301886792,31.0,0.148,-1.9105430052180221,
2015154,2015,f,2015-05-16,0,20,2.0,8.0,11.924528301886792,29.0,0.171,-1.7660917224794772,1.9
2015154,2015,f,2015-05-20,4,20,2.0,8.0,11.924528301886792,29.0,,,1.6
2015155,2015,f,2015-05-16,0,20,3.0,16.6,11.924528301886792,33.0,0.259,-1.3509272172825992,
2015155,2015,f,2015-05-17,1,20,3.0,16.6,11.924528301886792,33.0,,,2.3
2015155,2015,f,2015-05-19,3,20,3.0,16.6,11.924528301886792,33.0,0.203,-1.5945492999403497,
2015155,2015,f,2015-05-19,3,20,3.0,16.6,11.924528301886792,33.0,0.201,-1.6044503709230613,
2015155,2015,f,2015-05-24,8,20,3.0,16.6,11.924528301886792,33.0,0.209,-1.565421027017326,2.0
2015157,2015,f,2015-05-17,0,21,1.0,2.0,11.924528301886792,32.0,,,1.85
2015157,2015,f,2015-05-19,2,21,1.0,2.0,11.924528301886792,32.0,0.2,-1.6094379124341003,
2015158,2015,,2015-05-17,0,21,0.0,0.0,11.924528301886792,29.0,,,2.0
2015159,2015,,2015-05-17,0,21,0.0,0.0,11.924528301886792,31.0,,,2.125
2015160,2015,,2015-05-17,0,21,0.0,0.0,11.924528301886792,32.0,,,2.2
2015161,2015,f,2015-05-17,0,21,1.5,3.5,11.924528301886792,30.0,,,1.85
2015161,2015,f,2015-05-18,1,21,1.5,3.5,11.924528301886792,30.0,,,1.6
2015161,2015,f,2015-05-19,2,21,1.5,3.5,11.924528301886792,30.0,0.138,-1.9805015938249322,
2015161,2015,f,2015-05-20,3,21,1.5,3.5,11.924528301886792,30.0,,,1.55
2015162,2015,f,2015-05-18,0,22,0.5,0.5,11.924528301886792,30.0,,,1.8250000000000002
2015162,2015,f,2015-05-19,1,22,0.5,0.5,11.924528301886792,30.0,0.165,-1.8018098050815563,
2015163,2015,f,2015-05-18,0,22,0.5,0.5,11.924528301886792,30.0,,,1.8
2015163,2015,f,2015-05-19,1,22,0.5,0.5,11.924528301886792,30.0,0.151,-1.8904754421672127,
2015164,2015,f,2015-05-18,0,22,0.5,0.5,11.924528301886792,29.0,,,1.85
2015164,2015,f,2015-05-19,1,22,0.5,0.5,11.924528301886792,29.0,0.177,-1.731605546408308,
2015165,2015,f,2015-05-18,0,22,0.5,0.5,11.924528301886792,27.0,,,1.5750000000000002
2015165,2015,f,2015-05-19,1,22,0.5,0.5,11.924528301886792,27.0,0.138,-1.9805015938249322,
2015166,2015,m,2015-05-18,0,22,0.5,0.5,11.924528301886792,32.0,,,1.8250000000000002
2015166,2015,m,2015-05-19,1,22,0.5,0.5,11.924528301886792,32.0,0.141,-1.9589953886039688,
2015167,2015,m,2015-05-19,0,23,2.5,12.5,11.924528301886792,32.0,0.172,-1.760260802168684,
2015167,2015,m,2015-05-24,5,23,2.5,12.5,11.924528301886792,32.0,0.159,-1.8388510767619055,2.0
2015168,2015,f,2015-05-18,0,22,2.3333333333333335,12.333333333333334,11.924528301886792,26.0,,,1.475
2015168,2015,f,2015-05-19,1,22,2.3333333333333335,12.333333333333334,11.924528301886792,26.0,0.164,-1.8078888511579385,
2015168,2015,f,2015-05-24,6,22,2.3333333333333335,12.333333333333334,11.924528301886792,26.0,0.165,-1.8018098050815563,1.4249999999999998
2015169,2015,f,2015-05-18,0,22,0.5,0.5,11.924528301886792,32.0,,,1.5750000000000002
2015169,2015,f,2015-05-19,1,22,0.5,0.5,11.924528301886792,32.0,0.166,-1.7957674906255938,
2015170,2015,,2015-05-20,0,24,0.0,0.0,11.924528301886792,32.0,,,1.8250000000000002
2015171,2015,,2015-05-20,0,24,0.0,0.0,11.924528301886792,31.0,,,1.75
2015172,2015,,2015-05-20,0,24,0.0,0.0,11.924528301886792,31.0,,,2.175
2015173,2015,f,2015-05-20,0,24,2.0,8.0,11.924528301886792,31.0,,,1.85
2015173,2015,f,2015-05-24,4,24,2.0,8.0,11.924528301886792,31.0,0.209,-1.565421027017326,1.85
2015174,2015,f,2015-05-20,0,24,2.0,8.0,11.924528301886792,30.0,,,1.975
2015174,2015,f,2015-05-24,4,24,2.0,8.0,11.924528301886792,30.0,0.18,-1.7147984280919266,1.8
2015175,2015,,2015-05-20,0,24,0.0,0.0,11.924528301886792,29.0,,,1.7
2015176,2015,f,2015-05-24,0,28,0.0,0.0,11.924528301886792,30.0,0.15,-1.8971199848858813,1.8
2015177,2015,,2015-05-29,0,33,0.0,0.0,11.924528301886792,30.0,,,1.55
2016001,2016,m,2016-04-22,0,0,11.0,151.57142857142858,15.339973439575033,30.400000000000002,,,2.275
2016001,2016,m,2016-04-28,6,0,11.0,151.57142857142858,15.339973439575033,30.400000000000002,0.188,-1.6713133161521878,2.1
2016001,2016,m,2016-05-03,11,0,11.0,151.57142857142858,15.339973439575033,30.400000000000002,0.164,-1.8078888511579385,
2016001,2016,m,2016-05-06,14,0,11.0,151.57142857142858,15.339973439575033,30.400000000000002,0.141,-1.9589953886039688,2.1
2016001,2016,m,2016-05-06,14,0,11.0,151.57142857142858,15.339973439575033,30.400000000000002,0.14,-1.9661128563728327,2.1
2016001,2016,m,2016-05-08,16,0,11.0,151.57142857142858,15.339973439575033,30.400000000000002,0.128,-2.05572501506252,
2016001,2016,m,2016-05-08,16,0,11.0,151.57142857142858,15.339973439575033,30.400000000000002,0.125,-2.0794415416798357,
2016002,2016,m,2016-04-26,0,4,6.4,63.6,15.339973439575033,30.433333333333334,,,2.6
2016002,2016,m,2016-04-28,2,4,6.4,63.6,15.339973439575033,30.433333333333334,0.217,-1.5278579254416775,2.225
2016002,2016,m,2016-05-03,7,4,6.4,63.6,15.339973439575033,30.433333333333334,0.181,-1.7092582477163114,
2016002,2016,m,2016-05-07,11,4,6.4,63.6,15.339973439575033,30.433333333333334,0.171,-1.7660917224794772,2.1
2016002,2016,m,2016-05-08,12,4,6.4,63.6,15.339973439575033,30.433333333333334,0.16,-1.8325814637483102,
2016003,2016,,2016-04-26,0,4,0.0,0.0,15.339973439575033,30.5,,,2.25
2016004,2016,m,2016-04-26,0,4,9.666666666666666,127.0,15.339973439575033,32.2,,,2.375
2016004,2016,m,2016-04-28,2,4,9.666666666666666,127.0,15.339973439575033,32.2,0.192,-1.6502599069543555,2.3
2016004,2016,m,2016-05-03,7,4,9.666666666666666,127.0,15.339973439575033,32.2,0.162,-1.820158943749753,
2016004,2016,m,2016-05-06,10,4,9.666666666666666,127.0,15.339973439575033,32.2,0.142,-1.9519282213808764,
2016004,2016,m,2016-05-06,10,4,9.666666666666666,127.0,15.339973439575033,32.2,0.145,-1.9310215365615626,
2016004,2016,m,2016-05-07,11,4,9.666666666666666,127.0,15.339973439575033,32.2,0.144,-1.9379419794061366,
2016004,2016,m,2016-05-08,12,4,9.666666666666666,127.0,15.339973439575033,32.2,0.144,-1.9379419794061366,
2016004,2016,m,2016-05-11,15,4,9.666666666666666,127.0,15.339973439575033,32.2,0.163,-1.8140050781753747,
2016004,2016,m,2016-05-16,20,4,9.666666666666666,127.0,15.339973439575033,32.2,0.179,-1.720369473141382,
2016005,2016,m,2016-04-26,0,4,4.75,38.25,15.339973439575033,32.56666666666667,,,2.425
2016005,2016,m,2016-04-28,2,4,4.75,38.25,15.339973439575033,32.56666666666667,0.189,-1.6660082639224947,2.225
2016005,2016,m,2016-05-03,7,4,4.75,38.25,15.339973439575033,32.56666666666667,0.169,-1.7778565640590636,
2016005,2016,m,2016-05-06,10,4,4.75,38.25,15.339973439575033,32.56666666666667,0.143,-1.9449106487222299,1.975
2016006,2016,m,2016-04-26,0,4,4.75,38.25,15.339973439575033,31.7,,,2.25
2016006,2016,m,2016-04-28,2,4,4.75,38.25,15.339973439575033,31.7,0.176,-1.7372712839439852,2.3
2016006,2016,m,2016-05-03,7,4,4.75,38.25,15.339973439575033,31.7,0.157,-1.851509473633829,
2016006,2016,m,2016-05-06,10,4,4.75,38.25,15.339973439575033,31.7,0.137,-1.987774353154012,
2016007,2016,m,2016-04-26,0,4,7.0,78.71428571428571,15.339973439575033,31.0,,,2.3
2016007,2016,m,2016-04-28,2,4,7.0,78.71428571428571,15.339973439575033,31.0,0.192,-1.6502599069543555,2.075
2016007,2016,m,2016-04-28,2,4,7.0,78.71428571428571,15.339973439575033,31.0,0.191,-1.6554818509355071,2.075
2016007,2016,m,2016-05-03,7,4,7.0,78.71428571428571,15.339973439575033,31.0,0.159,-1.8388510767619055,
2016007,2016,m,2016-05-06,10,4,7.0,78.71428571428571,15.339973439575033,31.0,0.138,-1.9805015938249322,
2016007,2016,m,2016-05-09,13,4,7.0,78.71428571428571,15.339973439575033,31.0,0.141,-1.9589953886039688,
2016007,2016,m,2016-05-11,15,4,7.0,78.71428571428571,15.339973439575033,31.0,0.128,-2.05572501506252,
2016008,2016,m,2016-04-26,0,4,7.666666666666667,87.0,15.339973439575033,32.1,,,2.475
2016008,2016,m,2016-04-28,2,4,7.666666666666667,87.0,15.339973439575033,32.1,,,2.15
2016008,2016,m,2016-05-03,7,4,7.666666666666667,87.0,15.339973439575033,32.1,0.173,-1.7544636844843582,
2016008,2016,m,2016-05-06,10,4,7.666666666666667,87.0,15.339973439575033,32.1,0.175,-1.742969305058623,
2016008,2016,m,2016-05-08,12,4,7.666666666666667,87.0,15.339973439575033,32.1,0.146,-1.9241486572738007,
2016008,2016,m,2016-05-11,15,4,7.666666666666667,87.0,15.339973439575033,32.1,0.147,-1.9173226922034008,
2016009,2016,m,2016-04-26,0,4,12.444444444444445,220.0,15.339973439575033,32.03333333333333,,,1.9
2016009,2016,m,2016-04-28,2,4,12.444444444444445,220.0,15.339973439575033,32.03333333333333,0.225,-1.491654876777717,2.1500000000000004
2016009,2016,m,2016-05-03,7,4,12.444444444444445,220.0,15.339973439575033,32.03333333333333,0.182,-1.7037485919053417,
2016009,2016,m,2016-05-06,10,4,12.444444444444445,220.0,15.339973439575033,32.03333333333333,0.161,-1.8263509139976741,
2016009,2016,m,2016-05-08,12,4,12.444444444444445,220.0,15.339973439575033,32.03333333333333,0.158,-1.8451602459551701,
2016009,2016,m,2016-05-11,15,4,12.444444444444445,220.0,15.339973439575033,32.03333333333333,0.15,-1.8971199848858813,
2016009,2016,m,2016-05-16,20,4,12.444444444444445,220.0,15.339973439575033,32.03333333333333,0.154,-1.870802676568508,
2016009,2016,m,2016-05-19,23,4,12.444444444444445,220.0,15.339973439575033,32.03333333333333,0.151,-1.8904754421672127,1.775
2016009,2016,m,2016-05-19,23,4,12.444444444444445,220.0,15.339973439575033,32.03333333333333,0.151,-1.8904754421672127,1.775
2016010,2016,m,2016-04-29,0,7,12.333333333333334,207.0,15.339973439575033,31.25,,,2.35
2016010,2016,m,2016-05-03,4,7,12.333333333333334,207.0,15.339973439575033,31.25,0.18,-1.7147984280919266,
2016010,2016,m,2016-05-06,7,7,12.333333333333334,207.0,15.339973439575033,31.25,0.17,-1.7719568419318752,
2016010,2016,m,2016-05-08,9,7,12.333333333333334,207.0,15.339973439575033,31.25,0.159,-1.8388510767619055,
2016010,2016,m,2016-05-11,12,7,12.333333333333334,207.0,15.339973439575033,31.25,0.152,-1.8838747581358606,
2016010,2016,m,2016-05-16,17,7,12.333333333333334,207.0,15.339973439575033,31.25,0.156,-1.8578992717326,
2016010,2016,m,2016-05-19,20,7,12.333333333333334,207.0,15.339973439575033,31.25,0.15,-1.8971199848858813,2.1
2016010,2016,m,2016-05-19,20,7,12.333333333333334,207.0,15.339973439575033,31.25,0.149,-1.903808973036678,2.1
2016010,2016,m,2016-05-21,22,7,12.333333333333334,207.0,15.339973439575033,31.25,0.131,-2.0325579557809856,
2016011,2016,m,2016-04-29,0,7,2.0,8.0,15.339973439575033,32.0,,,2.2
2016011,2016,m,2016-05-03,4,7,2.0,8.0,15.339973439575033,32.0,0.171,-1.7660917224794772,
2016012,2016,m,2016-04-29,0,7,8.428571428571429,96.42857142857143,15.339973439575033,32.3,,,2.1
2016012,2016,m,2016-05-03,4,7,8.428571428571429,96.42857142857143,15.339973439575033,32.3,0.194,-1.6398971199188088,
2016012,2016,m,2016-05-07,8,7,8.428571428571429,96.42857142857143,15.339973439575033,32.3,0.17,-1.7719568419318752,
2016012,2016,m,2016-05-08,9,7,8.428571428571429,96.42857142857143,15.339973439575033,32.3,0.168,-1.783791299578878,
2016012,2016,m,2016-05-08,9,7,8.428571428571429,96.42857142857143,15.339973439575033,32.3,0.171,-1.7660917224794772,
2016012,2016,m,2016-05-11,12,7,8.428571428571429,96.42857142857143,15.339973439575033,32.3,0.164,-1.8078888511579385,
2016012,2016,m,2016-05-16,17,7,8.428571428571429,96.42857142857143,15.339973439575033,32.3,0.143,-1.9449106487222299,
2016013,2016,m,2016-04-29,0,7,10.88888888888889,168.66666666666666,15.339973439575033,30.599999999999998,,,2.25
2016013,2016,m,2016-05-03,4,7,10.88888888888889,168.66666666666666,15.339973439575033,30.599999999999998,0.147,-1.9173226922034008,
2016013,2016,m,2016-05-05,6,7,10.88888888888889,168.66666666666666,15.339973439575033,30.599999999999998,,,1.975
2016013,2016,m,2016-05-06,7,7,10.88888888888889,168.66666666666666,15.339973439575033,30.599999999999998,,,1.9
2016013,2016,m,2016-05-09,10,7,10.88888888888889,168.66666666666666,15.339973439575033,30.599999999999998,0.136,-1.995100393246085,
2016013,2016,m,2016-05-11,12,7,10.88888888888889,168.66666666666666,15.339973439575033,30.599999999999998,0.119,-2.1286317858706076,
2016013,2016,m,2016-05-16,17,7,10.88888888888889,168.66666666666666,15.339973439575033,30.599999999999998,0.115,-2.162823150618887,
2016013,2016,m,2016-05-19,20,7,10.88888888888889,168.66666666666666,15.339973439575033,30.599999999999998,0.122,-2.1037342342488805,
2016013,2016,m,2016-05-21,22,7,10.88888888888889,168.66666666666666,15.339973439575033,30.599999999999998,0.121,-2.111964733385396,
2016014,2016,m,2016-04-29,0,7,11.0,184.66666666666666,15.339973439575033,31.6,,,2.075
2016014,2016,m,2016-05-03,4,7,11.0,184.66666666666666,15.339973439575033,31.6,0.155,-1.8643301620628905,
2016014,2016,m,2016-05-07,8,7,11.0,184.66666666666666,15.339973439575033,31.6,0.133,-2.017406150760383,
2016014,2016,m,2016-05-11,12,7,11.0,184.66666666666666,15.339973439575033,31.6,0.129,-2.047942874620465,
2016014,2016,m,2016-05-19,20,7,11.0,184.66666666666666,15.339973439575033,31.6,0.122,-2.1037342342488805,
2016014,2016,m,2016-05-21,22,7,11.0,184.66666666666666,15.339973439575033,31.6,0.124,-2.0874737133771,
2016015,2016,m,2016-04-29,0,7,11.625,186.875,15.339973439575033,31.6,,,2.175
2016015,2016,m,2016-05-03,4,7,11.625,186.875,15.339973439575033,31.6,0.197,-1.6245515502441485,
2016015,2016,m,2016-05-08,9,7,11.625,186.875,15.339973439575033,31.6,0.152,-1.8838747581358606,
2016015,2016,m,2016-05-08,9,7,11.625,186.875,15.339973439575033,31.6,0.158,-1.8451602459551701,
2016015,2016,m,2016-05-11,12,7,11.625,186.875,15.339973439575033,31.6,0.149,-1.903808973036678,
2016015,2016,m,2016-05-16,17,7,11.625,186.875,15.339973439575033,31.6,0.154,-1.870802676568508,
2016015,2016,m,2016-05-19,20,7,11.625,186.875,15.339973439575033,31.6,0.153,-1.8773173575897015,1.8
2016015,2016,m,2016-05-21,22,7,11.625,186.875,15.339973439575033,31.6,0.142,-1.9519282213808764,
2016016,2016,m,2016-04-29,0,7,7.0,68.5,15.339973439575033,31.1,,,2.275
2016016,2016,m,2016-05-06,7,7,7.0,68.5,15.339973439575033,31.1,0.139,-1.973281345851445,
2016016,2016,m,2016-05-08,9,7,7.0,68.5,15.339973439575033,31.1,0.133,-2.017406150760383,
2016016,2016,m,2016-05-11,12,7,7.0,68.5,15.339973439575033,31.1,0.136,-1.995100393246085,
2016017,2016,m,2016-04-29,0,7,5.0,36.5,15.339973439575033,32.0,,,2.25
2016017,2016,m,2016-05-03,4,7,5.0,36.5,15.339973439575033,32.0,0.188,-1.6713133161521878,
2016017,2016,m,2016-05-06,7,7,5.0,36.5,15.339973439575033,32.0,0.176,-1.7372712839439852,
2016017,2016,m,2016-05-08,9,7,5.0,36.5,15.339973439575033,32.0,0.168,-1.783791299578878,
2016018,2016,m,2016-04-30,0,8,9.8,169.4,15.339973439575033,30.6,,,2.175
2016018,2016,m,2016-05-03,3,8,9.8,169.4,15.339973439575033,30.6,0.162,-1.820158943749753,
2016018,2016,m,2016-05-06,6,8,9.8,169.4,15.339973439575033,30.6,0.144,-1.9379419794061366,
2016018,2016,m,2016-05-19,19,8,9.8,169.4,15.339973439575033,30.6,0.131,-2.0325579557809856,
2016018,2016,m,2016-05-21,21,8,9.8,169.4,15.339973439575033,30.6,0.127,-2.0635681925235456,
2016019,2016,f,2016-04-30,0,8,3.0,15.0,15.339973439575033,33.7,,,2.25
2016019,2016,f,2016-05-03,3,8,3.0,15.0,15.339973439575033,33.7,0.27,-1.3093333199837622,2.1
2016019,2016,f,2016-05-06,6,8,3.0,15.0,15.339973439575033,33.7,0.2,-1.6094379124341003,2.3
2016020,2016,,2016-04-30,0,8,0.0,0.0,15.339973439575033,32.5,,,2.2
2016021,2016,,2016-04-30,0,8,0.0,0.0,15.339973439575033,30.799999999999997,,,2.25
2016022,2016,m,2016-04-30,0,8,7.333333333333333,81.0,15.339973439575033,32.3,,,2.1
2016022,2016,m,2016-05-03,3,8,7.333333333333333,81.0,15.339973439575033,32.3,0.177,-1.731605546408308,
2016022,2016,m,2016-05-06,6,8,7.333333333333333,81.0,15.339973439575033,32.3,0.14,-1.9661128563728327,
2016022,2016,m,2016-05-08,8,8,7.333333333333333,81.0,15.339973439575033,32.3,0.144,-1.9379419794061366,
2016022,2016,m,2016-05-11,11,8,7.333333333333333,81.0,15.339973439575033,32.3,0.132,-2.0249533563957662,
2016022,2016,m,2016-05-16,16,8,7.333333333333333,81.0,15.339973439575033,32.3,0.121,-2.111964733385396,
2016023,2016,f,2016-04-30,0,8,6.666666666666667,67.33333333333333,15.339973439575033,,,,1.975
2016023,2016,f,2016-05-09,9,8,6.666666666666667,67.33333333333333,15.339973439575033,,,,1.7
2016023,2016,f,2016-05-11,11,8,6.666666666666667,67.33333333333333,15.339973439575033,,0.256,-1.3625778345025745,
2016024,2016,m,2016-04-30,0,8,8.25,103.25,15.339973439575033,31.3,,,1.9
2016024,2016,m,2016-05-06,6,8,8.25,103.25,15.339973439575033,31.3,0.167,-1.7897614665653818,
2016024,2016,m,2016-05-11,11,8,8.25,103.25,15.339973439575033,31.3,0.151,-1.8904754421672127,
2016024,2016,m,2016-05-16,16,8,8.25,103.25,15.339973439575033,31.3,0.142,-1.9519282213808764,
2016025,2016,m,2016-04-30,0,8,10.5,161.0,15.339973439575033,31.900000000000002,,,2.1
2016025,2016,m,2016-05-03,3,8,10.5,161.0,15.339973439575033,31.900000000000002,0.213,-1.546463113272712,
2016025,2016,m,2016-05-06,6,8,10.5,161.0,15.339973439575033,31.900000000000002,0.188,-1.6713133161521878,2.225
2016025,2016,m,2016-05-08,8,8,10.5,161.0,15.339973439575033,31.900000000000002,0.178,-1.725971728690052,
2016025,2016,m,2016-05-11,11,8,10.5,161.0,15.339973439575033,31.900000000000002,0.181,-1.7092582477163114,
2016025,2016,m,2016-05-16,16,8,10.5,161.0,15.339973439575033,31.900000000000002,0.169,-1.7778565640590636,
2016025,2016,m,2016-05-19,19,8,10.5,161.0,15.339973439575033,31.900000000000002,0.169,-1.7778565640590636,
2016025,2016,m,2016-05-21,21,8,10.5,161.0,15.339973439575033,31.900000000000002,0.147,-1.9173226922034008,
2016026,2016,,2016-04-30,0,8,0.0,0.0,15.339973439575033,30.6,,,2.1
2016027,2016,m,2016-04-30,0,8,10.222222222222221,147.55555555555554,15.339973439575033,32.6,,,1.9
2016027,2016,m,2016-05-03,3,8,10.222222222222221,147.55555555555554,15.339973439575033,32.6,0.195,-1.6347557204183902,
2016027,2016,m,2016-05-06,6,8,10.222222222222221,147.55555555555554,15.339973439575033,32.6,0.159,-1.8388510767619055,
2016027,2016,m,2016-05-08,8,8,10.222222222222221,147.55555555555554,15.339973439575033,32.6,0.16,-1.8325814637483102,
2016027,2016,m,2016-05-09,9,8,10.222222222222221,147.55555555555554,15.339973439575033,32.6,0.164,-1.8078888511579385,
2016027,2016,m,2016-05-11,11,8,10.222222222222221,147.55555555555554,15.339973439575033,32.6,0.16,-1.8325814637483102,
2016027,2016,m,2016-05-16,16,8,10.222222222222221,147.55555555555554,15.339973439575033,32.6,0.141,-1.9589953886039688,
2016027,2016,m,2016-05-19,19,8,10.222222222222221,147.55555555555554,15.339973439575033,32.6,0.151,-1.8904754421672127,
2016027,2016,m,2016-05-20,20,8,10.222222222222221,147.55555555555554,15.339973439575033,32.6,,,1.85
2016028,2016,m,2016-04-30,0,8,8.8,132.4,15.339973439575033,31.4,,,2.075
2016028,2016,m,2016-05-03,3,8,8.8,132.4,15.339973439575033,31.4,0.164,-1.8078888511579385,
2016028,2016,m,2016-05-06,6,8,8.8,132.4,15.339973439575033,31.4,0.16,-1.8325814637483102,
2016028,2016,m,2016-05-16,16,8,8.8,132.4,15.339973439575033,31.4,0.125,-2.0794415416798357,
2016028,2016,m,2016-05-19,19,8,8.8,132.4,15.339973439575033,31.4,0.134,-2.0099154790312257,
2016029,2016,m,2016-05-01,0,9,9.222222222222221,129.22222222222223,15.339973439575033,31.8,,,2.0
2016029,2016,m,2016-05-03,2,9,9.222222222222221,129.22222222222223,15.339973439575033,31.8,0.198,-1.6194882482876019,
2016029,2016,m,2016-05-06,5,9,9.222222222222221,129.22222222222223,15.339973439575033,31.8,0.16,-1.8325814637483102,
2016029,2016,m,2016-05-07,6,9,9.222222222222221,129.22222222222223,15.339973439575033,31.8,0.16,-1.8325814637483102,
2016029,2016,m,2016-05-08,7,9,9.222222222222221,129.22222222222223,15.339973439575033,31.8,0.16,-1.8325814637483102,
2016029,2016,m,2016-05-11,10,9,9.222222222222221,129.22222222222223,15.339973439575033,31.8,0.162,-1.820158943749753,
2016029,2016,m,2016-05-16,15,9,9.222222222222221,129.22222222222223,15.339973439575033,31.8,0.15,-1.8971199848858813,
2016029,2016,m,2016-05-19,18,9,9.222222222222221,129.22222222222223,15.339973439575033,31.8,0.153,-1.8773173575897015,
2016029,2016,m,2016-05-21,20,9,9.222222222222221,129.22222222222223,15.339973439575033,31.8,0.132,-2.0249533563957662,
2016030,2016,m,2016-05-01,0,9,7.0,83.66666666666667,15.339973439575033,32.400000000000006,,,2.15
2016030,2016,m,2016-05-03,2,9,7.0,83.66666666666667,15.339973439575033,32.400000000000006,0.179,-1.720369473141382,
2016030,2016,m,2016-05-06,5,9,7.0,83.66666666666667,15.339973439575033,32.400000000000006,0.168,-1.783791299578878,
2016030,2016,m,2016-05-08,7,9,7.0,83.66666666666667,15.339973439575033,32.400000000000006,0.162,-1.820158943749753,
2016030,2016,m,2016-05-11,10,9,7.0,83.66666666666667,15.339973439575033,32.400000000000006,0.161,-1.8263509139976741,
2016030,2016,m,2016-05-19,18,9,7.0,83.66666666666667,15.339973439575033,32.400000000000006,0.143,-1.9449106487222299,
2016031,2016,m,2016-05-01,0,9,2.3333333333333335,9.666666666666666,15.339973439575033,32.400000000000006,,,1.95
2016031,2016,m,2016-05-03,2,9,2.3333333333333335,9.666666666666666,15.339973439575033,32.400000000000006,0.2,-1.6094379124341003,
2016031,2016,m,2016-05-06,5,9,2.3333333333333335,9.666666666666666,15.339973439575033,32.400000000000006,0.174,-1.7486999797676082,
2016032,2016,m,2016-05-02,0,10,11.666666666666666,181.0,15.339973439575033,35.150000000000006,0.25,-1.3862943611198906,2.45
2016032,2016,m,2016-05-06,4,10,11.666666666666666,181.0,15.339973439575033,35.150000000000006,0.198,-1.6194882482876019,
2016032,2016,m,2016-05-08,6,10,11.666666666666666,181.0,15.339973439575033,35.150000000000006,0.179,-1.720369473141382,
2016032,2016,m,2016-05-11,9,10,11.666666666666666,181.0,15.339973439575033,35.150000000000006,0.166,-1.7957674906255938,
2016032,2016,m,2016-05-16,14,10,11.666666666666666,181.0,15.339973439575033,35.150000000000006,0.168,-1.783791299578878,
2016032,2016,m,2016-05-19,17,10,11.666666666666666,181.0,15.339973439575033,35.150000000000006,0.174,-1.7486999797676082,2.05
2016032,2016,m,2016-05-19,17,10,11.666666666666666,181.0,15.339973439575033,35.150000000000006,0.164,-1.8078888511579385,2.05
2016032,2016,m,2016-05-21,19,10,11.666666666666666,181.0,15.339973439575033,35.150000000000006,0.151,-1.8904754421672127,
2016032,2016,m,2016-05-21,19,10,11.666666666666666,181.0,15.339973439575033,35.150000000000006,0.153,-1.8773173575897015,
2016033,2016,m,2016-05-02,0,10,7.285714285714286,88.42857142857143,15.339973439575033,33.1,0.211,-1.5558971455060706,
2016033,2016,m,2016-05-03,1,10,7.285714285714286,88.42857142857143,15.339973439575033,33.1,,,2.2
2016033,2016,m,2016-05-06,4,10,7.285714285714286,88.42857142857143,15.339973439575033,33.1,0.185,-1.6873994539038122,
2016033,2016,m,2016-05-08,6,10,7.285714285714286,88.42857142857143,15.339973439575033,33.1,0.178,-1.725971728690052,2.1
2016033,2016,m,2016-05-11,9,10,7.285714285714286,88.42857142857143,15.339973439575033,33.1,0.155,-1.8643301620628905,
2016033,2016,m,2016-05-16,14,10,7.285714285714286,88.42857142857143,15.339973439575033,33.1,0.159,-1.8388510767619055,
2016033,2016,m,2016-05-19,17,10,7.285714285714286,88.42857142857143,15.339973439575033,33.1,0.154,-1.870802676568508,
2016034,2016,m,2016-05-02,0,10,5.666666666666667,55.0,15.339973439575033,31.9,0.195,-1.6347557204183902,
2016034,2016,m,2016-05-03,1,10,5.666666666666667,55.0,15.339973439575033,31.9,,,2.175
2016034,2016,m,2016-05-06,4,10,5.666666666666667,55.0,15.339973439575033,31.9,0.159,-1.8388510767619055,
2016034,2016,m,2016-05-08,6,10,5.666666666666667,55.0,15.339973439575033,31.9,0.159,-1.8388510767619055,
2016034,2016,m,2016-05-11,9,10,5.666666666666667,55.0,15.339973439575033,31.9,0.141,-1.9589953886039688,
2016034,2016,m,2016-05-16,14,10,5.666666666666667,55.0,15.339973439575033,31.9,0.122,-2.1037342342488805,
2016035,2016,m,2016-05-02,0,10,4.0,29.5,15.339973439575033,,0.223,-1.5005835075220182,
2016035,2016,m,2016-05-03,1,10,4.0,29.5,15.339973439575033,,,,2.025
2016035,2016,m,2016-05-08,6,10,4.0,29.5,15.339973439575033,,0.158,-1.8451602459551701,
2016035,2016,m,2016-05-11,9,10,4.0,29.5,15.339973439575033,,0.157,-1.851509473633829,
2016036,2016,m,2016-05-03,0,11,9.333333333333334,151.0,15.339973439575033,32.400000000000006,0.217,-1.5278579254416775,2.25
2016036,2016,m,2016-05-06,3,11,9.333333333333334,151.0,15.339973439575033,32.400000000000006,0.181,-1.7092582477163114,
2016036,2016,m,2016-05-08,5,11,9.333333333333334,151.0,15.339973439575033,32.400000000000006,0.173,-1.7544636844843582,
2016036,2016,m,2016-05-11,8,11,9.333333333333334,151.0,15.339973439575033,32.400000000000006,0.183,-1.6982691261407161,
2016036,2016,m,2016-05-21,18,11,9.333333333333334,151.0,15.339973439575033,32.400000000000006,0.138,-1.9805015938249322,
2016036,2016,m,2016-05-25,22,11,9.333333333333334,151.0,15.339973439575033,32.400000000000006,0.134,-2.0099154790312257,1.95
2016037,2016,m,2016-05-03,0,11,4.25,26.25,15.339973439575033,33.3,0.204,-1.5896352851379207,2.2
2016037,2016,m,2016-05-07,4,11,4.25,26.25,15.339973439575033,33.3,0.186,-1.6820086052689358,
2016037,2016,m,2016-05-08,5,11,4.25,26.25,15.339973439575033,33.3,0.179,-1.720369473141382,
2016037,2016,m,2016-05-11,8,11,4.25,26.25,15.339973439575033,33.3,0.17,-1.7719568419318752,
2016038,2016,m,2016-05-03,0,11,0.5,0.5,15.339973439575033,30.35,0.175,-1.742969305058623,2.0
2016038,2016,m,2016-05-04,1,11,0.5,0.5,15.339973439575033,30.35,0.149,-1.903808973036678,2.1
2016039,2016,m,2016-05-03,0,11,6.166666666666667,55.166666666666664,15.339973439575033,29.2,0.161,-1.8263509139976741,2.125
2016039,2016,m,2016-05-06,3,11,6.166666666666667,55.166666666666664,15.339973439575033,29.2,0.141,-1.9589953886039688,
2016039,2016,m,2016-05-08,5,11,6.166666666666667,55.166666666666664,15.339973439575033,29.2,0.122,-2.1037342342488805,
2016039,2016,m,2016-05-11,8,11,6.166666666666667,55.166666666666664,15.339973439575033,29.2,0.127,-2.0635681925235456,
2016039,2016,m,2016-05-11,8,11,6.166666666666667,55.166666666666664,15.339973439575033,29.2,0.125,-2.0794415416798357,
2016039,2016,m,2016-05-16,13,11,6.166666666666667,55.166666666666664,15.339973439575033,29.2,0.125,-2.0794415416798357,
2016040,2016,m,2016-05-03,0,11,9.833333333333334,138.16666666666666,15.339973439575033,35.0,0.247,-1.3983669423541598,2.425
2016040,2016,m,2016-05-07,4,11,9.833333333333334,138.16666666666666,15.339973439575033,35.0,0.225,-1.491654876777717,
2016040,2016,m,2016-05-11,8,11,9.833333333333334,138.16666666666666,15.339973439575033,35.0,0.207,-1.575036485716768,
2016040,2016,m,2016-05-16,13,11,9.833333333333334,138.16666666666666,15.339973439575033,35.0,0.174,-1.7486999797676082,
2016040,2016,m,2016-05-19,16,11,9.833333333333334,138.16666666666666,15.339973439575033,35.0,0.181,-1.7092582477163114,
2016040,2016,m,2016-05-21,18,11,9.833333333333334,138.16666666666666,15.339973439575033,35.0,0.163,-1.8140050781753747,
2016041,2016,m,2016-05-03,0,11,4.333333333333333,29.666666666666668,15.339973439575033,31.2,0.18,-1.7147984280919266,2.1
2016041,2016,m,2016-05-08,5,11,4.333333333333333,29.666666666666668,15.339973439575033,31.2,0.142,-1.9519282213808764,
2016041,2016,m,2016-05-11,8,11,4.333333333333333,29.666666666666668,15.339973439575033,31.2,0.142,-1.9519282213808764,
2016042,2016,f,2016-05-03,0,11,3.0,13.666666666666666,15.339973439575033,33.2,0.24,-1.4271163556401458,2.2
2016042,2016,f,2016-05-07,4,11,3.0,13.666666666666666,15.339973439575033,33.2,0.196,-1.6296406197516198,
2016042,2016,f,2016-05-08,5,11,3.0,13.666666666666666,15.339973439575033,33.2,0.154,-1.870802676568508,
2016043,2016,m,2016-05-03,0,11,9.166666666666666,130.5,15.339973439575033,30.6,0.187,-1.6766466621275504,2.3499999999999996
2016043,2016,m,2016-05-06,3,11,9.166666666666666,130.5,15.339973439575033,30.6,0.152,-1.8838747581358606,
2016043,2016,m,2016-05-08,5,11,9.166666666666666,130.5,15.339973439575033,30.6,0.148,-1.9105430052180221,
2016043,2016,m,2016-05-16,13,11,9.166666666666666,130.5,15.339973439575033,30.6,0.125,-2.0794415416798357,
2016043,2016,m,2016-05-19,16,11,9.166666666666666,130.5,15.339973439575033,30.6,0.13,-2.0402208285265546,
2016043,2016,m,2016-05-21,18,11,9.166666666666666,130.5,15.339973439575033,30.6,0.123,-2.0955709236097197,
2016044,2016,m,2016-05-03,0,11,6.4,70.8,15.339973439575033,31.05,0.191,-1.6554818509355071,1.85
2016044,2016,m,2016-05-06,3,11,6.4,70.8,15.339973439575033,31.05,0.157,-1.851509473633829,
2016044,2016,m,2016-05-08,5,11,6.4,70.8,15.339973439575033,31.05,0.146,-1.9241486572738007,
2016044,2016,m,2016-05-11,8,11,6.4,70.8,15.339973439575033,31.05,0.148,-1.9105430052180221,
2016044,2016,m,2016-05-19,16,11,6.4,70.8,15.339973439575033,31.05,0.121,-2.111964733385396,
2016045,2016,m,2016-05-03,0,11,10.8,183.6,15.339973439575033,32.8,0.201,-1.6044503709230613,2.35
2016045,2016,m,2016-05-06,3,11,10.8,183.6,15.339973439575033,32.8,0.171,-1.7660917224794772,
2016045,2016,m,2016-05-16,13,11,10.8,183.6,15.339973439575033,32.8,0.147,-1.9173226922034008,
2016045,2016,m,2016-05-19,16,11,10.8,183.6,15.339973439575033,32.8,0.158,-1.8451602459551701,
2016045,2016,m,2016-05-25,22,11,10.8,183.6,15.339973439575033,32.8,0.149,-1.903808973036678,
2016046,2016,f,2016-05-03,0,11,4.333333333333333,29.666666666666668,15.339973439575033,32.2,0.222,-1.5050778971098575,2.3499999999999996
2016046,2016,f,2016-05-08,5,11,4.333333333333333,29.666666666666668,15.339973439575033,32.2,0.183,-1.6982691261407161,
2016046,2016,f,2016-05-11,8,11,4.333333333333333,29.666666666666668,15.339973439575033,32.2,0.178,-1.725971728690052,
2016047,2016,m,2016-05-03,0,11,5.8,53.4,15.339973439575033,31.8,0.24,-1.4271163556401458,2.2
2016047,2016,m,2016-05-06,3,11,5.8,53.4,15.339973439575033,31.8,0.192,-1.6502599069543555,
2016047,2016,m,2016-05-08,5,11,5.8,53.4,15.339973439575033,31.8,0.182,-1.7037485919053417,
2016047,2016,m,2016-05-11,8,11,5.8,53.4,15.339973439575033,31.8,0.157,-1.851509473633829,
2016047,2016,m,2016-05-16,13,11,5.8,53.4,15.339973439575033,31.8,0.152,-1.8838747581358606,
2016048,2016,m,2016-05-03,0,11,3.6666666666666665,24.333333333333332,15.339973439575033,30.299999999999997,0.204,-1.5896352851379207,2.25
2016048,2016,m,2016-05-06,3,11,3.6666666666666665,24.333333333333332,15.339973439575033,30.299999999999997,0.161,-1.8263509139976741,
2016048,2016,m,2016-05-11,8,11,3.6666666666666665,24.333333333333332,15.339973439575033,30.299999999999997,0.137,-1.987774353154012,
2016049,2016,m,2016-05-03,0,11,7.0,84.0,15.339973439575033,31.9,0.181,-1.7092582477163114,2.175
2016049,2016,m,2016-05-07,4,11,7.0,84.0,15.339973439575033,31.9,0.18,-1.7147984280919266,
2016049,2016,m,2016-05-11,8,11,7.0,84.0,15.339973439575033,31.9,0.171,-1.7660917224794772,
2016049,2016,m,2016-05-19,16,11,7.0,84.0,15.339973439575033,31.9,0.144,-1.9379419794061366,
2016050,2016,m,2016-05-03,0,11,7.0,88.6,15.339973439575033,28.799999999999997,0.175,-1.742969305058623,2.1
2016050,2016,m,2016-05-06,3,11,7.0,88.6,15.339973439575033,28.799999999999997,0.156,-1.8578992717326,
2016050,2016,m,2016-05-06,3,11,7.0,88.6,15.339973439575033,28.799999999999997,0.153,-1.8773173575897015,
2016050,2016,m,2016-05-16,13,11,7.0,88.6,15.339973439575033,28.799999999999997,0.14,-1.9661128563728327,
2016050,2016,m,2016-05-19,16,11,7.0,88.6,15.339973439575033,28.799999999999997,0.138,-1.9805015938249322,
2016051,2016,m,2016-05-04,0,12,1.6666666666666667,4.333333333333333,15.339973439575033,32.050000000000004,0.213,-1.546463113272712,1.9249999999999998
2016051,2016,m,2016-05-06,2,12,1.6666666666666667,4.333333333333333,15.339973439575033,32.050000000000004,0.166,-1.7957674906255938,
2016051,2016,m,2016-05-07,3,12,1.6666666666666667,4.333333333333333,15.339973439575033,32.050000000000004,,,1.6
2016052,2016,,2016-05-04,0,12,0.0,0.0,15.339973439575033,31.700000000000003,,,2.0
2016053,2016,m,2016-05-04,0,12,5.0,42.6,15.339973439575033,31.0,,,1.85
2016053,2016,m,2016-05-06,2,12,5.0,42.6,15.339973439575033,31.0,0.156,-1.8578992717326,
2016053,2016,m,2016-05-08,4,12,5.0,42.6,15.339973439575033,31.0,0.155,-1.8643301620628905,
2016053,2016,m,2016-05-11,7,12,5.0,42.6,15.339973439575033,31.0,0.154,-1.870802676568508,
2016053,2016,m,2016-05-16,12,12,5.0,42.6,15.339973439575033,31.0,0.142,-1.9519282213808764,
2016054,2016,f,2016-05-04,0,12,2.75,11.25,15.339973439575033,32.75,,,2.225
2016054,2016,f,2016-05-06,2,12,2.75,11.25,15.339973439575033,32.75,0.212,-1.5511690043101247,
2016054,2016,f,2016-05-08,4,12,2.75,11.25,15.339973439575033,32.75,0.199,-1.6144504542576446,
2016054,2016,f,2016-05-09,5,12,2.75,11.25,15.339973439575033,32.75,,,2.1
2016055,2016,m,2016-05-04,0,12,7.833333333333333,107.83333333333333,15.339973439575033,30.6,0.171,-1.7660917224794772,2.175
2016055,2016,m,2016-05-06,2,12,7.833333333333333,107.83333333333333,15.339973439575033,30.6,0.153,-1.8773173575897015,
2016055,2016,m,2016-05-08,4,12,7.833333333333333,107.83333333333333,15.339973439575033,30.6,0.126,-2.071473372030659,
2016055,2016,m,2016-05-11,7,12,7.833333333333333,107.83333333333333,15.339973439575033,30.6,0.122,-2.1037342342488805,
2016055,2016,m,2016-05-21,17,12,7.833333333333333,107.83333333333333,15.339973439575033,30.6,0.124,-2.0874737133771,
2016055,2016,m,2016-05-21,17,12,7.833333333333333,107.83333333333333,15.339973439575033,30.6,0.12,-2.120263536200091,
2016056,2016,m,2016-05-04,0,12,7.0,103.0,15.339973439575033,32.6,0.199,-1.6144504542576446,2.2
2016056,2016,m,2016-05-07,3,12,7.0,103.0,15.339973439575033,32.6,0.184,-1.6928195213731514,
2016056,2016,m,2016-05-08,4,12,7.0,103.0,15.339973439575033,32.6,0.171,-1.7660917224794772,
2016056,2016,m,2016-05-11,7,12,7.0,103.0,15.339973439575033,32.6,0.156,-1.8578992717326,
2016056,2016,m,2016-05-25,21,12,7.0,103.0,15.339973439575033,32.6,0.151,-1.8904754421672127,
2016057,2016,m,2016-05-04,0,12,3.0,17.666666666666668,15.339973439575033,32.2,0.197,-1.6245515502441485,2.05
2016057,2016,m,2016-05-06,2,12,3.0,17.666666666666668,15.339973439575033,32.2,0.186,-1.6820086052689358,
2016057,2016,m,2016-05-11,7,12,3.0,17.666666666666668,15.339973439575033,32.2,0.171,-1.7660917224794772,
2016058,2016,m,2016-05-04,0,12,10.0,184.0,15.339973439575033,30.7,0.217,-1.5278579254416775,2.2
2016058,2016,m,2016-05-06,2,12,10.0,184.0,15.339973439575033,30.7,0.186,-1.6820086052689358,
2016058,2016,m,2016-05-07,3,12,10.0,184.0,15.339973439575033,30.7,0.183,-1.6982691261407161,
2016058,2016,m,2016-05-08,4,12,10.0,184.0,15.339973439575033,30.7,0.172,-1.760260802168684,
2016058,2016,m,2016-05-21,17,12,10.0,184.0,15.339973439575033,30.7,0.149,-1.903808973036678,
2016058,2016,m,2016-05-25,21,12,10.0,184.0,15.339973439575033,30.7,0.137,-1.987774353154012,
2016058,2016,m,2016-05-27,23,12,10.0,184.0,15.339973439575033,30.7,0.129,-2.047942874620465,
2016059,2016,f,2016-05-04,0,12,10.571428571428571,164.57142857142858,15.339973439575033,30.85,0.285,-1.2552660987134867,2.2
2016059,2016,f,2016-05-06,2,12,10.571428571428571,164.57142857142858,15.339973439575033,30.85,0.251,-1.3823023398503531,1.875
2016059,2016,f,2016-05-11,7,12,10.571428571428571,164.57142857142858,15.339973439575033,30.85,0.206,-1.579879110192556,
2016059,2016,f,2016-05-16,12,12,10.571428571428571,164.57142857142858,15.339973439575033,30.85,0.2,-1.6094379124341003,
2016059,2016,f,2016-05-19,15,12,10.571428571428571,164.57142857142858,15.339973439575033,30.85,0.178,-1.725971728690052,
2016059,2016,f,2016-05-21,17,12,10.571428571428571,164.57142857142858,15.339973439575033,30.85,0.169,-1.7778565640590636,
2016059,2016,f,2016-05-25,21,12,10.571428571428571,164.57142857142858,15.339973439575033,30.85,0.152,-1.8838747581358606,
2016060,2016,f,2016-05-04,0,12,1.0,2.0,15.339973439575033,31.900000000000002,0.269,-1.313043899380298,2.2
2016060,2016,f,2016-05-06,2,12,1.0,2.0,15.339973439575033,31.900000000000002,0.265,-1.3280254529959148,
2016061,2016,,2016-05-05,0,13,0.0,0.0,15.339973439575033,31.8,,,1.8250000000000002
2016062,2016,f,2016-05-05,0,13,4.5,29.0,15.339973439575033,30.633333333333336,0.194,-1.6398971199188088,2.125
2016062,2016,f,2016-05-09,4,13,4.5,29.0,15.339973439575033,30.633333333333336,,,2.175
2016062,2016,f,2016-05-11,6,13,4.5,29.0,15.339973439575033,30.633333333333336,0.157,-1.851509473633829,1.8250000000000002
2016062,2016,f,2016-05-13,8,13,4.5,29.0,15.339973439575033,30.633333333333336,0.137,-1.987774353154012,1.8
2016063,2016,f,2016-05-05,0,13,10.0,137.71428571428572,15.339973439575033,31.35,0.248,-1.3943265328171548,2.425
2016063,2016,f,2016-05-08,3,13,10.0,137.71428571428572,15.339973439575033,31.35,0.179,-1.720369473141382,2.2
2016063,2016,f,2016-05-13,8,13,10.0,137.71428571428572,15.339973439575033,31.35,0.169,-1.7778565640590636,1.975
2016063,2016,f,2016-05-16,11,13,10.0,137.71428571428572,15.339973439575033,31.35,0.156,-1.8578992717326,
2016063,2016,f,2016-05-20,15,13,10.0,137.71428571428572,15.339973439575033,31.35,,,1.8
2016063,2016,f,2016-05-21,16,13,10.0,137.71428571428572,15.339973439575033,31.35,0.146,-1.9241486572738007,
2016063,2016,f,2016-05-22,17,13,10.0,137.71428571428572,15.339973439575033,31.35,,,1.7
2016064,2016,f,2016-05-05,0,13,3.0,14.0,15.339973439575033,30.766666666666666,0.203,-1.5945492999403497,1.9849999999999999
2016064,2016,f,2016-05-07,2,13,3.0,14.0,15.339973439575033,30.766666666666666,0.176,-1.7372712839439852,2.075
2016064,2016,f,2016-05-09,4,13,3.0,14.0,15.339973439575033,30.766666666666666,,,2.0
2016064,2016,f,2016-05-11,6,13,3.0,14.0,15.339973439575033,30.766666666666666,0.168,-1.783791299578878,
2016065,2016,f,2016-05-06,0,14,6.0,59.6,15.339973439575033,31.6,0.227,-1.4828052615007343,2.35
2016065,2016,f,2016-05-08,2,14,6.0,59.6,15.339973439575033,31.6,0.2,-1.6094379124341003,
2016065,2016,f,2016-05-11,5,14,6.0,59.6,15.339973439575033,31.6,0.21,-1.5606477482646683,
2016065,2016,f,2016-05-16,10,14,6.0,59.6,15.339973439575033,31.6,0.185,-1.6873994539038122,
2016065,2016,f,2016-05-19,13,14,6.0,59.6,15.339973439575033,31.6,0.18,-1.7147984280919266,
2016066,2016,m,2016-05-06,0,14,8.5,119.16666666666667,15.339973439575033,30.9,0.198,-1.6194882482876019,2.05
2016066,2016,m,2016-05-08,2,14,8.5,119.16666666666667,15.339973439575033,30.9,0.168,-1.783791299578878,
2016066,2016,m,2016-05-11,5,14,8.5,119.16666666666667,15.339973439575033,30.9,0.159,-1.8388510767619055,
2016066,2016,m,2016-05-16,10,14,8.5,119.16666666666667,15.339973439575033,30.9,0.15,-1.8971199848858813,
2016066,2016,m,2016-05-21,15,14,8.5,119.16666666666667,15.339973439575033,30.9,0.15,-1.8971199848858813,
2016066,2016,m,2016-05-25,19,14,8.5,119.16666666666667,15.339973439575033,30.9,0.143,-1.9449106487222299,
2016067,2016,f,2016-05-06,0,14,5.833333333333333,62.5,15.339973439575033,33.7,0.26,-1.3470736479666092,2.2
2016067,2016,f,2016-05-06,0,14,5.833333333333333,62.5,15.339973439575033,33.7,0.251,-1.3823023398503531,2.2
2016067,2016,f,2016-05-11,5,14,5.833333333333333,62.5,15.339973439575033,33.7,0.236,-1.443923473956527,2.1
2016067,2016,f,2016-05-11,5,14,5.833333333333333,62.5,15.339973439575033,33.7,0.237,-1.439695137847006,2.1
2016067,2016,f,2016-05-16,10,14,5.833333333333333,62.5,15.339973439575033,33.7,0.193,-1.6450650900772514,
2016067,2016,f,2016-05-21,15,14,5.833333333333333,62.5,15.339973439575033,33.7,0.21,-1.5606477482646683,
2016068,2016,f,2016-05-06,0,14,1.0,2.0,15.339973439575033,30.8,0.218,-1.523260216193048,2.05
2016068,2016,f,2016-05-08,2,14,1.0,2.0,15.339973439575033,30.8,0.165,-1.8018098050815563,
2016069,2016,f,2016-05-06,0,14,0.0,0.0,15.339973439575033,31.8,0.265,-1.3280254529959148,2.2
2016070,2016,f,2016-05-06,0,14,9.0,115.0,15.339973439575033,30.799999999999997,0.244,-1.410587053688935,2.25
2016070,2016,f,2016-05-11,5,14,9.0,115.0,15.339973439575033,30.799999999999997,0.195,-1.6347557204183902,2.0
2016070,2016,f,2016-05-16,10,14,9.0,115.0,15.339973439575033,30.799999999999997,0.164,-1.8078888511579385,
2016070,2016,f,2016-05-21,15,14,9.0,115.0,15.339973439575033,30.799999999999997,0.153,-1.8773173575897015,
2016070,2016,f,2016-05-21,15,14,9.0,115.0,15.339973439575033,30.799999999999997,0.166,-1.7957674906255938,
2016071,2016,f,2016-05-06,0,14,5.8,59.0,15.339973439575033,35.0,0.337,-1.0876723486297752,2.3
2016071,2016,f,2016-05-07,1,14,5.8,59.0,15.339973439575033,35.0,0.289,-1.241328590869705,2.3
2016071,2016,f,2016-05-11,5,14,5.8,59.0,15.339973439575033,35.0,0.224,-1.4961092271270973,
2016071,2016,f,2016-05-16,10,14,5.8,59.0,15.339973439575033,35.0,0.233,-1.4567168254164364,
2016071,2016,f,2016-05-19,13,14,5.8,59.0,15.339973439575033,35.0,0.203,-1.5945492999403497,
2016072,2016,m,2016-05-06,0,14,8.833333333333334,103.16666666666667,15.339973439575033,31.700000000000003,0.23,-1.4696759700589417,2.075
2016072,2016,m,2016-05-11,5,14,8.833333333333334,103.16666666666667,15.339973439575033,31.700000000000003,0.178,-1.725971728690052,
2016072,2016,m,2016-05-16,10,14,8.833333333333334,103.16666666666667,15.339973439575033,31.700000000000003,0.167,-1.7897614665653818,
2016072,2016,m,2016-05-16,10,14,8.833333333333334,103.16666666666667,15.339973439575033,31.700000000000003,0.172,-1.760260802168684,
2016072,2016,m,2016-05-19,13,14,8.833333333333334,103.16666666666667,15.339973439575033,31.700000000000003,0.171,-1.7660917224794772,
2016072,2016,m,2016-05-21,15,14,8.833333333333334,103.16666666666667,15.339973439575033,31.700000000000003,0.176,-1.7372712839439852,
2016073,2016,f,2016-05-06,0,14,6.0,59.6,15.339973439575033,31.700000000000003,0.223,-1.5005835075220182,1.8
2016073,2016,f,2016-05-08,2,14,6.0,59.6,15.339973439575033,31.700000000000003,0.209,-1.565421027017326,
2016073,2016,f,2016-05-11,5,14,6.0,59.6,15.339973439575033,31.700000000000003,0.208,-1.5702171992808192,
2016073,2016,f,2016-05-16,10,14,6.0,59.6,15.339973439575033,31.700000000000003,0.195,-1.6347557204183902,
2016073,2016,f,2016-05-19,13,14,6.0,59.6,15.339973439575033,31.700000000000003,0.214,-1.5417792639602856,
2016074,2016,f,2016-05-06,0,14,7.666666666666667,88.0,15.339973439575033,32.05,0.28,-1.2729656758128873,2.2
2016074,2016,f,2016-05-09,3,14,7.666666666666667,88.0,15.339973439575033,32.05,,,2.2
2016074,2016,f,2016-05-11,5,14,7.666666666666667,88.0,15.339973439575033,32.05,0.236,-1.443923473956527,
2016074,2016,f,2016-05-16,10,14,7.666666666666667,88.0,15.339973439575033,32.05,0.216,-1.5324768712979722,
2016074,2016,f,2016-05-19,13,14,7.666666666666667,88.0,15.339973439575033,32.05,0.191,-1.6554818509355071,
2016074,2016,f,2016-05-21,15,14,7.666666666666667,88.0,15.339973439575033,32.05,0.175,-1.742969305058623,1.9249999999999998
2016075,2016,f,2016-05-06,0,14,7.0,73.5,15.339973439575033,30.7,0.202,-1.5994875815809322,2.0
2016075,2016,f,2016-05-11,5,14,7.0,73.5,15.339973439575033,30.7,0.158,-1.8451602459551701,
2016075,2016,f,2016-05-16,10,14,7.0,73.5,15.339973439575033,30.7,0.145,-1.9310215365615626,
2016075,2016,f,2016-05-19,13,14,7.0,73.5,15.339973439575033,30.7,0.138,-1.9805015938249322,
2016076,2016,f,2016-05-06,0,14,12.166666666666666,203.5,15.339973439575033,33.4,0.24,-1.4271163556401458,2.225
2016076,2016,f,2016-05-11,5,14,12.166666666666666,203.5,15.339973439575033,33.4,0.206,-1.579879110192556,
2016076,2016,f,2016-05-19,13,14,12.166666666666666,203.5,15.339973439575033,33.4,0.189,-1.6660082639224947,
2016076,2016,f,2016-05-21,15,14,12.166666666666666,203.5,15.339973439575033,33.4,0.192,-1.6502599069543555,
2016076,2016,f,2016-05-25,19,14,12.166666666666666,203.5,15.339973439575033,33.4,0.165,-1.8018098050815563,
2016076,2016,f,2016-05-27,21,14,12.166666666666666,203.5,15.339973439575033,33.4,0.144,-1.9379419794061366,
2016077,2016,f,2016-05-06,0,14,0.0,0.0,15.339973439575033,31.6,0.219,-1.5186835491656363,2.4
2016078,2016,f,2016-05-06,0,14,1.0,2.0,15.339973439575033,32.7,0.294,-1.2241755116434554,2.2
2016078,2016,f,2016-05-08,2,14,1.0,2.0,15.339973439575033,32.7,0.211,-1.5558971455060706,
2016079,2016,m,2016-05-06,0,14,1.0,2.0,15.339973439575033,32.5,0.157,-1.851509473633829,2.1
2016079,2016,m,2016-05-08,2,14,1.0,2.0,15.339973439575033,32.5,0.161,-1.8263509139976741,
2016080,2016,m,2016-05-06,0,14,7.142857142857143,78.28571428571429,15.339973439575033,31.5,0.191,-1.6554818509355071,2.1
2016080,2016,m,2016-05-08,2,14,7.142857142857143,78.28571428571429,15.339973439575033,31.5,0.17,-1.7719568419318752,
2016080,2016,m,2016-05-11,5,14,7.142857142857143,78.28571428571429,15.339973439575033,31.5,0.165,-1.8018098050815563,
2016080,2016,m,2016-05-11,5,14,7.142857142857143,78.28571428571429,15.339973439575033,31.5,0.161,-1.8263509139976741,
2016080,2016,m,2016-05-16,10,14,7.142857142857143,78.28571428571429,15.339973439575033,31.5,0.168,-1.783791299578878,
2016080,2016,m,2016-05-19,13,14,7.142857142857143,78.28571428571429,15.339973439575033,31.5,0.144,-1.9379419794061366,
2016080,2016,m,2016-05-21,15,14,7.142857142857143,78.28571428571429,15.339973439575033,31.5,0.134,-2.0099154790312257,
2016081,2016,m,2016-05-06,0,14,0.0,0.0,15.339973439575033,32.1,0.198,-1.6194882482876019,2.3
2016082,2016,m,2016-05-06,0,14,3.75,23.25,15.339973439575033,32.4,0.23,-1.4696759700589417,2.1500000000000004
2016082,2016,m,2016-05-08,2,14,3.75,23.25,15.339973439575033,32.4,0.178,-1.725971728690052,
2016082,2016,m,2016-05-11,5,14,3.75,23.25,15.339973439575033,32.4,0.171,-1.7660917224794772,
2016082,2016,m,2016-05-14,8,14,3.75,23.25,15.339973439575033,32.4,,,1.8250000000000002
2016083,2016,m,2016-05-06,0,14,9.333333333333334,144.0,15.339973439575033,31.9,0.208,-1.5702171992808192,1.95
2016083,2016,m,2016-05-08,2,14,9.333333333333334,144.0,15.339973439575033,31.9,0.166,-1.7957674906255938,
2016083,2016,m,2016-05-11,5,14,9.333333333333334,144.0,15.339973439575033,31.9,0.145,-1.9310215365615626,
2016083,2016,m,2016-05-19,13,14,9.333333333333334,144.0,15.339973439575033,31.9,0.15,-1.8971199848858813,
2016083,2016,m,2016-05-21,15,14,9.333333333333334,144.0,15.339973439575033,31.9,0.141,-1.9589953886039688,
2016083,2016,m,2016-05-27,21,14,9.333333333333334,144.0,15.339973439575033,31.9,0.136,-1.995100393246085,
2016084,2016,m,2016-05-06,0,14,6.0,64.66666666666667,15.339973439575033,,0.184,-1.6928195213731514,2.2
2016084,2016,m,2016-05-11,5,14,6.0,64.66666666666667,15.339973439575033,,0.151,-1.8904754421672127,
2016084,2016,m,2016-05-19,13,14,6.0,64.66666666666667,15.339973439575033,,0.134,-2.0099154790312257,
2016085,2016,m,2016-05-06,0,14,6.25,68.25,15.339973439575033,30.6,0.23,-1.4696759700589417,2.05
2016085,2016,m,2016-05-08,2,14,6.25,68.25,15.339973439575033,30.6,0.173,-1.7544636844843582,
2016085,2016,m,2016-05-16,10,14,6.25,68.25,15.339973439575033,30.6,0.149,-1.903808973036678,
2016085,2016,m,2016-05-19,13,14,6.25,68.25,15.339973439575033,30.6,0.134,-2.0099154790312257,
2016086,2016,m,2016-05-07,0,15,10.666666666666666,173.33333333333334,15.339973439575033,32.9,,,2.1
2016086,2016,m,2016-05-21,14,15,10.666666666666666,173.33333333333334,15.339973439575033,32.9,0.148,-1.9105430052180221,
2016086,2016,m,2016-05-25,18,15,10.666666666666666,173.33333333333334,15.339973439575033,32.9,0.15,-1.8971199848858813,
2016087,2016,m,2016-05-07,0,15,5.333333333333333,53.333333333333336,15.339973439575033,29.9,,,2.15
2016087,2016,m,2016-05-11,4,15,5.333333333333333,53.333333333333336,15.339973439575033,29.9,0.163,-1.8140050781753747,
2016087,2016,m,2016-05-19,12,15,5.333333333333333,53.333333333333336,15.339973439575033,29.9,0.137,-1.987774353154012,
2016088,2016,,2016-05-07,0,15,0.0,0.0,15.339973439575033,32.5,,,2.225
2016089,2016,,2016-05-07,0,15,0.0,0.0,15.339973439575033,31.2,,,1.9
2016090,2016,f,2016-05-07,0,15,7.4,85.0,15.339973439575033,30.65,0.242,-1.4188175528254507,2.175
2016090,2016,f,2016-05-09,2,15,7.4,85.0,15.339973439575033,30.65,,,2.1
2016090,2016,f,2016-05-16,9,15,7.4,85.0,15.339973439575033,30.65,0.2,-1.6094379124341003,
2016090,2016,f,2016-05-19,12,15,7.4,85.0,15.339973439575033,30.65,0.167,-1.7897614665653818,
2016090,2016,f,2016-05-21,14,15,7.4,85.0,15.339973439575033,30.65,0.178,-1.725971728690052,
2016091,2016,m,2016-05-07,0,15,6.2,71.4,15.339973439575033,32.3,,,1.975
2016091,2016,m,2016-05-08,1,15,6.2,71.4,15.339973439575033,32.3,0.164,-1.8078888511579385,
2016091,2016,m,2016-05-11,4,15,6.2,71.4,15.339973439575033,32.3,0.153,-1.8773173575897015,
2016091,2016,m,2016-05-19,12,15,6.2,71.4,15.339973439575033,32.3,0.13,-2.0402208285265546,
2016091,2016,m,2016-05-21,14,15,6.2,71.4,15.339973439575033,32.3,0.124,-2.0874737133771,
2016092,2016,m,2016-05-07,0,15,4.25,40.25,15.339973439575033,30.9,,,2.05
2016092,2016,m,2016-05-08,1,15,4.25,40.25,15.339973439575033,30.9,0.179,-1.720369473141382,
2016092,2016,m,2016-05-11,4,15,4.25,40.25,15.339973439575033,30.9,0.156,-1.8578992717326,
2016092,2016,m,2016-05-19,12,15,4.25,40.25,15.339973439575033,30.9,0.134,-2.0099154790312257,
2016093,2016,m,2016-05-07,0,15,8.0,86.33333333333333,15.339973439575033,29.8,0.171,-1.7660917224794772,1.85
2016093,2016,m,2016-05-11,4,15,8.0,86.33333333333333,15.339973439575033,29.8,0.131,-2.0325579557809856,
2016093,2016,m,2016-05-16,9,15,8.0,86.33333333333333,15.339973439575033,29.8,0.12,-2.120263536200091,
2016093,2016,m,2016-05-16,9,15,8.0,86.33333333333333,15.339973439575033,29.8,0.124,-2.0874737133771,
2016093,2016,m,2016-05-19,12,15,8.0,86.33333333333333,15.339973439575033,29.8,0.113,-2.1803674602697964,
2016093,2016,m,2016-05-21,14,15,8.0,86.33333333333333,15.339973439575033,29.8,0.109,-2.2164073967529934,
2016094,2016,m,2016-05-07,0,15,6.75,85.25,15.339973439575033,31.9,,,1.95
2016094,2016,m,2016-05-08,1,15,6.75,85.25,15.339973439575033,31.9,0.188,-1.6713133161521878,
2016094,2016,m,2016-05-19,12,15,6.75,85.25,15.339973439575033,31.9,0.156,-1.8578992717326,
2016094,2016,m,2016-05-21,14,15,6.75,85.25,15.339973439575033,31.9,0.15,-1.8971199848858813,
2016095,2016,m,2016-05-07,0,15,4.5,40.5,15.339973439575033,32.7,0.203,-1.5945492999403497,1.8250000000000002
2016095,2016,m,2016-05-16,9,15,4.5,40.5,15.339973439575033,32.7,0.132,-2.0249533563957662,
2016096,2016,m,2016-05-07,0,15,6.25,60.25,15.339973439575033,30.5,0.171,-1.7660917224794772,2.0
2016096,2016,m,2016-05-11,4,15,6.25,60.25,15.339973439575033,30.5,0.139,-1.973281345851445,
2016096,2016,m,2016-05-16,9,15,6.25,60.25,15.339973439575033,30.5,0.125,-2.0794415416798357,
2016096,2016,m,2016-05-19,12,15,6.25,60.25,15.339973439575033,30.5,0.131,-2.0325579557809856,
2016097,2016,f,2016-05-07,0,15,0.0,0.0,15.339973439575033,29.2,0.226,-1.487220279709851,1.95
2016098,2016,m,2016-05-07,0,15,0.0,0.0,15.339973439575033,29.9,0.179,-1.720369473141382,2.0
2016099,2016,f,2016-05-07,0,15,11.0,166.0,15.339973439575033,29.299999999999997,0.219,-1.5186835491656363,1.45
2016099,2016,f,2016-05-19,12,15,11.0,166.0,15.339973439575033,29.299999999999997,0.182,-1.7037485919053417,1.875
2016099,2016,f,2016-05-21,14,15,11.0,166.0,15.339973439575033,29.299999999999997,0.172,-1.760260802168684,
2016099,2016,f,2016-05-25,18,15,11.0,166.0,15.339973439575033,29.299999999999997,0.171,-1.7660917224794772,
2016100,2016,m,2016-05-07,0,15,6.25,60.25,15.339973439575033,32.1,0.252,-1.3783261914707137,2.05
2016100,2016,m,2016-05-11,4,15,6.25,60.25,15.339973439575033,32.1,0.181,-1.7092582477163114,
2016100,2016,m,2016-05-16,9,15,6.25,60.25,15.339973439575033,32.1,0.167,-1.7897614665653818,
2016100,2016,m,2016-05-19,12,15,6.25,60.25,15.339973439575033,32.1,0.165,-1.8018098050815563,
2016101,2016,f,2016-05-07,0,15,0.6666666666666666,0.6666666666666666,15.339973439575033,32.5,0.294,-1.2241755116434554,2.0
2016101,2016,f,2016-05-08,1,15,0.6666666666666666,0.6666666666666666,15.339973439575033,32.5,0.29,-1.2378743560016174,2.125
2016101,2016,f,2016-05-08,1,15,0.6666666666666666,0.6666666666666666,15.339973439575033,32.5,0.29,-1.2378743560016174,2.125
2016102,2016,m,2016-05-08,0,16,0.0,0.0,15.339973439575033,31.0,0.175,-1.742969305058623,1.875
2016103,2016,f,2016-05-08,0,16,4.6,39.0,15.339973439575033,31.3,0.259,-1.3509272172825992,2.2
2016103,2016,f,2016-05-09,1,16,4.6,39.0,15.339973439575033,31.3,,,1.8
2016103,2016,f,2016-05-11,3,16,4.6,39.0,15.339973439575033,31.3,0.224,-1.4961092271270973,
2016103,2016,f,2016-05-16,8,16,4.6,39.0,15.339973439575033,31.3,0.188,-1.6713133161521878,
2016103,2016,f,2016-05-19,11,16,4.6,39.0,15.339973439575033,31.3,0.189,-1.6660082639224947,
2016104,2016,m,2016-05-08,0,16,4.666666666666667,43.333333333333336,15.339973439575033,29.9,0.23,-1.4696759700589417,2.225
2016104,2016,m,2016-05-11,3,16,4.666666666666667,43.333333333333336,15.339973439575033,29.9,0.171,-1.7660917224794772,
2016104,2016,m,2016-05-19,11,16,4.666666666666667,43.333333333333336,15.339973439575033,29.9,0.133,-2.017406150760383,
2016105,2016,f,2016-05-08,0,16,2.0,6.0,15.339973439575033,31.700000000000003,0.217,-1.5278579254416775,2.275
2016105,2016,f,2016-05-11,3,16,2.0,6.0,15.339973439575033,31.700000000000003,0.194,-1.6398971199188088,
2016105,2016,f,2016-05-11,3,16,2.0,6.0,15.339973439575033,31.700000000000003,0.206,-1.579879110192556,
2016106,2016,m,2016-05-08,0,16,7.0,72.6,15.339973439575033,32.4,0.16,-1.8325814637483102,2.2
2016106,2016,m,2016-05-11,3,16,7.0,72.6,15.339973439575033,32.4,0.167,-1.7897614665653818,
2016106,2016,m,2016-05-16,8,16,7.0,72.6,15.339973439575033,32.4,0.138,-1.9805015938249322,
2016106,2016,m,2016-05-19,11,16,7.0,72.6,15.339973439575033,32.4,0.143,-1.9449106487222299,
2016106,2016,m,2016-05-21,13,16,7.0,72.6,15.339973439575033,32.4,0.114,-2.1715568305876416,
2016107,2016,f,2016-05-08,0,16,11.857142857142858,175.57142857142858,15.339973439575033,33.15,0.326,-1.1208578976154293,2.425
2016107,2016,f,2016-05-16,8,16,11.857142857142858,175.57142857142858,15.339973439575033,33.15,0.246,-1.4024237430497744,2.1
2016107,2016,f,2016-05-19,11,16,11.857142857142858,175.57142857142858,15.339973439575033,33.15,0.217,-1.5278579254416775,
2016107,2016,f,2016-05-21,13,16,11.857142857142858,175.57142857142858,15.339973439575033,33.15,0.217,-1.5278579254416775,
2016107,2016,f,2016-05-23,15,16,11.857142857142858,175.57142857142858,15.339973439575033,33.15,,,2.075
2016107,2016,f,2016-05-25,17,16,11.857142857142858,175.57142857142858,15.339973439575033,33.15,0.167,-1.7897614665653818,
2016107,2016,f,2016-05-27,19,16,11.857142857142858,175.57142857142858,15.339973439575033,33.15,0.184,-1.6928195213731514,
2016108,2016,f,2016-05-08,0,16,7.375,86.125,15.339973439575033,30.03333333333333,0.219,-1.5186835491656363,2.175
2016108,2016,f,2016-05-09,1,16,7.375,86.125,15.339973439575033,30.03333333333333,,,2.1
2016108,2016,f,2016-05-11,3,16,7.375,86.125,15.339973439575033,30.03333333333333,0.182,-1.7037485919053417,2.05
2016108,2016,f,2016-05-14,6,16,7.375,86.125,15.339973439575033,30.03333333333333,0.176,-1.7372712839439852,1.95
2016108,2016,f,2016-05-16,8,16,7.375,86.125,15.339973439575033,30.03333333333333,0.156,-1.8578992717326,
2016108,2016,f,2016-05-19,11,16,7.375,86.125,15.339973439575033,30.03333333333333,0.161,-1.8263509139976741,
2016108,2016,f,2016-05-21,13,16,7.375,86.125,15.339973439575033,30.03333333333333,0.158,-1.8451602459551701,
2016108,2016,f,2016-05-25,17,16,7.375,86.125,15.339973439575033,30.03333333333333,0.152,-1.8838747581358606,
2016109,2016,m,2016-05-08,0,16,0.0,0.0,15.339973439575033,30.9,0.283,-1.2623083813388996,2.25
2016110,2016,m,2016-05-08,0,16,7.0,77.66666666666667,15.339973439575033,31.6,0.162,-1.820158943749753,2.35
2016110,2016,m,2016-05-16,8,16,7.0,77.66666666666667,15.339973439575033,31.6,0.16,-1.8325814637483102,
2016110,2016,m,2016-05-21,13,16,7.0,77.66666666666667,15.339973439575033,31.6,0.133,-2.017406150760383,
2016111,2016,m,2016-05-08,0,16,1.5,4.5,15.339973439575033,33.3,0.264,-1.3318061758358208,2.1500000000000004
2016111,2016,m,2016-05-11,3,16,1.5,4.5,15.339973439575033,33.3,0.24,-1.4271163556401458,
2016112,2016,f,2016-05-08,0,16,9.875,134.625,15.339973439575033,34.3,0.269,-1.313043899380298,2.2
2016112,2016,f,2016-05-11,3,16,9.875,134.625,15.339973439575033,34.3,0.249,-1.3903023825174294,
2016112,2016,f,2016-05-16,8,16,9.875,134.625,15.339973439575033,34.3,0.23,-1.4696759700589417,
2016112,2016,f,2016-05-16,8,16,9.875,134.625,15.339973439575033,34.3,0.234,-1.4524341636244356,
2016112,2016,f,2016-05-19,11,16,9.875,134.625,15.339973439575033,34.3,0.232,-1.4610179073158271,
2016112,2016,f,2016-05-21,13,16,9.875,134.625,15.339973439575033,34.3,0.218,-1.523260216193048,
2016112,2016,f,2016-05-25,17,16,9.875,134.625,15.339973439575033,34.3,0.172,-1.760260802168684,
2016112,2016,f,2016-05-27,19,16,9.875,134.625,15.339973439575033,34.3,0.157,-1.851509473633829,
2016113,2016,f,2016-05-08,0,16,1.5,4.5,15.339973439575033,33.4,0.23,-1.4696759700589417,2.1
2016113,2016,f,2016-05-11,3,16,1.5,4.5,15.339973439575033,33.4,0.213,-1.546463113272712,
2016114,2016,f,2016-05-08,0,16,11.75,192.75,15.339973439575033,30.2,0.224,-1.4961092271270973,2.1
2016114,2016,f,2016-05-19,11,16,11.75,192.75,15.339973439575033,30.2,0.186,-1.6820086052689358,
2016114,2016,f,2016-05-25,17,16,11.75,192.75,15.339973439575033,30.2,0.149,-1.903808973036678,
2016114,2016,f,2016-05-27,19,16,11.75,192.75,15.339973439575033,30.2,0.13,-2.0402208285265546,
2016115,2016,f,2016-05-09,0,17,1.3333333333333333,2.6666666666666665,15.339973439575033,30.2,,,2.35
2016115,2016,f,2016-05-11,2,17,1.3333333333333333,2.6666666666666665,15.339973439575033,30.2,0.228,-1.4784096500276962,2.175
2016115,2016,f,2016-05-11,2,17,1.3333333333333333,2.6666666666666665,15.339973439575033,30.2,0.222,-1.5050778971098575,2.175
2016116,2016,m,2016-05-09,0,17,3.5,24.5,15.339973439575033,31.700000000000003,,,2.1
2016116,2016,m,2016-05-16,7,17,3.5,24.5,15.339973439575033,31.700000000000003,0.142,-1.9519282213808764,
2016117,2016,f,2016-05-09,0,17,6.0,62.0,15.339973439575033,32.0,,,2.2
2016117,2016,f,2016-05-11,2,17,6.0,62.0,15.339973439575033,32.0,0.236,-1.443923473956527,
2016117,2016,f,2016-05-19,10,17,6.0,62.0,15.339973439575033,32.0,0.178,-1.725971728690052,
2016117,2016,f,2016-05-21,12,17,6.0,62.0,15.339973439575033,32.0,0.179,-1.720369473141382,
2016118,2016,f,2016-05-09,0,17,8.333333333333334,124.33333333333333,15.339973439575033,33.7,,,2.1500000000000004
2016118,2016,f,2016-05-16,7,17,8.333333333333334,124.33333333333333,15.339973439575033,33.7,0.227,-1.4828052615007343,
2016118,2016,f,2016-05-27,18,17,8.333333333333334,124.33333333333333,15.339973439575033,33.7,0.155,-1.8643301620628905,
2016119,2016,m,2016-05-09,0,17,1.0,2.0,15.339973439575033,29.25,,,1.95
2016119,2016,m,2016-05-11,2,17,1.0,2.0,15.339973439575033,29.25,0.157,-1.851509473633829,1.9
2016120,2016,f,2016-05-09,0,17,11.375,162.125,15.339973439575033,32.76666666666667,,,2.275
2016120,2016,f,2016-05-16,7,17,11.375,162.125,15.339973439575033,32.76666666666667,0.234,-1.4524341636244356,2.1
2016120,2016,f,2016-05-19,10,17,11.375,162.125,15.339973439575033,32.76666666666667,0.232,-1.4610179073158271,2.2
2016120,2016,f,2016-05-19,10,17,11.375,162.125,15.339973439575033,32.76666666666667,0.213,-1.546463113272712,2.2
2016120,2016,f,2016-05-21,12,17,11.375,162.125,15.339973439575033,32.76666666666667,0.231,-1.4653375684603434,
2016120,2016,f,2016-05-25,16,17,11.375,162.125,15.339973439575033,32.76666666666667,0.19,-1.6607312068216509,
2016120,2016,f,2016-05-27,18,17,11.375,162.125,15.339973439575033,32.76666666666667,0.182,-1.7037485919053417,
2016120,2016,f,2016-05-27,18,17,11.375,162.125,15.339973439575033,32.76666666666667,0.181,-1.7092582477163114,
2016121,2016,m,2016-05-09,0,17,4.666666666666667,49.333333333333336,15.339973439575033,32.0,,,2.025
2016121,2016,m,2016-05-11,2,17,4.666666666666667,49.333333333333336,15.339973439575033,32.0,0.183,-1.6982691261407161,
2016121,2016,m,2016-05-21,12,17,4.666666666666667,49.333333333333336,15.339973439575033,32.0,0.193,-1.6450650900772514,
2016122,2016,,2016-05-09,0,17,0.0,0.0,15.339973439575033,,,,2.475
2016123,2016,,2016-05-09,0,17,0.0,0.0,15.339973439575033,31.7,,,2.05
2016124,2016,m,2016-05-09,0,17,6.5,73.0,15.339973439575033,32.7,,,2.1500000000000004
2016124,2016,m,2016-05-11,2,17,6.5,73.0,15.339973439575033,32.7,0.199,-1.6144504542576446,
2016124,2016,m,2016-05-21,12,17,6.5,73.0,15.339973439575033,32.7,0.145,-1.9310215365615626,
2016124,2016,m,2016-05-21,12,17,6.5,73.0,15.339973439575033,32.7,0.144,-1.9379419794061366,
2016125,2016,f,2016-05-09,0,17,7.333333333333333,113.33333333333333,15.339973439575033,32.45,,,2.075
2016125,2016,f,2016-05-13,4,17,7.333333333333333,113.33333333333333,15.339973439575033,32.45,0.194,-1.6398971199188088,2.1
2016125,2016,f,2016-05-27,18,17,7.333333333333333,113.33333333333333,15.339973439575033,32.45,0.144,-1.9379419794061366,
2016126,2016,m,2016-05-09,0,17,4.0,34.666666666666664,15.339973439575033,31.1,,,2.2
2016126,2016,m,2016-05-11,2,17,4.0,34.666666666666664,15.339973439575033,31.1,0.194,-1.6398971199188088,
2016126,2016,m,2016-05-19,10,17,4.0,34.666666666666664,15.339973439575033,31.1,0.154,-1.870802676568508,
2016127,2016,m,2016-05-09,0,17,7.4,90.6,15.339973439575033,29.0,,,2.0
2016127,2016,m,2016-05-11,2,17,7.4,90.6,15.339973439575033,29.0,0.155,-1.8643301620628905,
2016127,2016,m,2016-05-16,7,17,7.4,90.6,15.339973439575033,29.0,0.132,-2.0249533563957662,
2016127,2016,m,2016-05-21,12,17,7.4,90.6,15.339973439575033,29.0,0.117,-2.145581344184381,
2016127,2016,m,2016-05-25,16,17,7.4,90.6,15.339973439575033,29.0,0.12,-2.120263536200091,
2016128,2016,m,2016-05-09,0,17,10.0,181.2,15.339973439575033,31.4,,,2.0
2016128,2016,m,2016-05-11,2,17,10.0,181.2,15.339973439575033,31.4,0.166,-1.7957674906255938,
2016128,2016,m,2016-05-16,7,17,10.0,181.2,15.339973439575033,31.4,0.15,-1.8971199848858813,
2016128,2016,m,2016-05-27,18,17,10.0,181.2,15.339973439575033,31.4,0.128,-2.05572501506252,
2016128,2016,m,2016-06-01,23,17,10.0,181.2,15.339973439575033,31.4,0.128,-2.05572501506252,1.6749999999999998
2016129,2016,f,2016-05-11,0,19,8.0,86.0,15.339973439575033,31.45,0.229,-1.4740332754278973,2.0
2016129,2016,f,2016-05-18,7,19,8.0,86.0,15.339973439575033,31.45,,,1.975
2016129,2016,f,2016-05-19,8,19,8.0,86.0,15.339973439575033,31.45,0.207,-1.575036485716768,
2016129,2016,f,2016-05-22,11,19,8.0,86.0,15.339973439575033,31.45,,,1.875
2016129,2016,f,2016-05-25,14,19,8.0,86.0,15.339973439575033,31.45,0.202,-1.5994875815809322,1.5750000000000002
2016130,2016,f,2016-05-11,0,19,5.75,47.25,15.339973439575033,35.0,0.269,-1.313043899380298,2.525
2016130,2016,f,2016-05-16,5,19,5.75,47.25,15.339973439575033,35.0,0.24,-1.4271163556401458,2.2
2016130,2016,f,2016-05-19,8,19,5.75,47.25,15.339973439575033,35.0,0.22,-1.5141277326297755,
2016130,2016,f,2016-05-21,10,19,5.75,47.25,15.339973439575033,35.0,0.218,-1.523260216193048,
2016131,2016,m,2016-05-11,0,19,0.0,0.0,15.339973439575033,32.9,0.198,-1.6194882482876019,2.525
2016132,2016,f,2016-05-11,0,19,3.0,18.0,15.339973439575033,31.55,0.202,-1.5994875815809322,2.0
2016132,2016,f,2016-05-17,6,19,3.0,18.0,15.339973439575033,31.55,0.192,-1.6502599069543555,2.0
2016133,2016,m,2016-05-11,0,19,4.333333333333333,29.666666666666668,15.339973439575033,31.2,0.184,-1.6928195213731514,1.9
2016133,2016,m,2016-05-16,5,19,4.333333333333333,29.666666666666668,15.339973439575033,31.2,0.149,-1.903808973036678,
2016133,2016,m,2016-05-19,8,19,4.333333333333333,29.666666666666668,15.339973439575033,31.2,0.148,-1.9105430052180221,
2016134,2016,m,2016-05-13,0,21,1.5,4.5,15.339973439575033,30.3,0.149,-1.903808973036678,1.875
2016134,2016,m,2016-05-16,3,21,1.5,4.5,15.339973439575033,30.3,0.133,-2.017406150760383,
2016135,2016,m,2016-05-13,0,21,5.25,47.25,15.339973439575033,31.700000000000003,0.156,-1.8578992717326,2.025
2016135,2016,m,2016-05-16,3,21,5.25,47.25,15.339973439575033,31.700000000000003,0.134,-2.0099154790312257,
2016135,2016,m,2016-05-19,6,21,5.25,47.25,15.339973439575033,31.700000000000003,0.152,-1.8838747581358606,
2016135,2016,m,2016-05-25,12,21,5.25,47.25,15.339973439575033,31.700000000000003,0.136,-1.995100393246085,
2016136,2016,m,2016-05-13,0,21,3.6666666666666665,24.333333333333332,15.339973439575033,31.700000000000003,0.203,-1.5945492999403497,1.9249999999999998
2016136,2016,m,2016-05-16,3,21,3.6666666666666665,24.333333333333332,15.339973439575033,31.700000000000003,0.181,-1.7092582477163114,
2016136,2016,m,2016-05-21,8,21,3.6666666666666665,24.333333333333332,15.339973439575033,31.700000000000003,0.139,-1.973281345851445,
2016137,2016,f,2016-05-13,0,21,9.833333333333334,133.5,15.339973439575033,32.9,0.312,-1.1647520911726548,2.45
2016137,2016,f,2016-05-19,6,21,9.833333333333334,133.5,15.339973439575033,32.9,0.262,-1.3394107752210402,2.2
2016137,2016,f,2016-05-21,8,21,9.833333333333334,133.5,15.339973439575033,32.9,0.235,-1.448169764837978,
2016137,2016,f,2016-05-25,12,21,9.833333333333334,133.5,15.339973439575033,32.9,0.214,-1.5417792639602856,
2016137,2016,f,2016-05-27,14,21,9.833333333333334,133.5,15.339973439575033,32.9,0.201,-1.6044503709230613,
2016137,2016,f,2016-06-01,19,21,9.833333333333334,133.5,15.339973439575033,32.9,0.165,-1.8018098050815563,1.75
2016138,2016,f,2016-05-13,0,21,8.0,88.0,15.339973439575033,30.8,0.226,-1.487220279709851,2.15
2016138,2016,f,2016-05-19,6,21,8.0,88.0,15.339973439575033,30.8,0.198,-1.6194882482876019,
2016138,2016,f,2016-05-21,8,21,8.0,88.0,15.339973439575033,30.8,0.204,-1.5896352851379207,
2016138,2016,f,2016-05-25,12,21,8.0,88.0,15.339973439575033,30.8,0.168,-1.783791299578878,
2016138,2016,f,2016-05-27,14,21,8.0,88.0,15.339973439575033,30.8,0.148,-1.9105430052180221,
2016139,2016,m,2016-05-13,0,21,3.0,18.0,15.339973439575033,29.8,0.135,-2.0024805005437076,1.9249999999999998
2016139,2016,m,2016-05-19,6,21,3.0,18.0,15.339973439575033,29.8,0.136,-1.995100393246085,
2016140,2016,f,2016-05-13,0,21,0.0,0.0,15.339973439575033,30.4,0.169,-1.7778565640590636,1.9
2016141,2016,m,2016-05-13,0,21,6.5,61.0,15.339973439575033,29.799999999999997,0.147,-1.9173226922034008,1.8250000000000002
2016141,2016,m,2016-05-19,6,21,6.5,61.0,15.339973439575033,29.799999999999997,0.137,-1.987774353154012,
2016141,2016,m,2016-05-21,8,21,6.5,61.0,15.339973439575033,29.799999999999997,0.123,-2.0955709236097197,
2016141,2016,m,2016-05-25,12,21,6.5,61.0,15.339973439575033,29.799999999999997,0.115,-2.162823150618887,
2016142,2016,f,2016-05-14,0,22,4.0,24.666666666666668,15.339973439575033,31.2,0.243,-1.4146938356415886,1.95
2016142,2016,f,2016-05-19,5,22,4.0,24.666666666666668,15.339973439575033,31.2,0.201,-1.6044503709230613,
2016142,2016,f,2016-05-21,7,22,4.0,24.666666666666668,15.339973439575033,31.2,0.164,-1.8078888511579385,
2016143,2016,f,2016-05-14,0,22,3.5,24.5,15.339973439575033,30.4,0.224,-1.4961092271270973,1.9
2016143,2016,f,2016-05-21,7,22,3.5,24.5,15.339973439575033,30.4,0.134,-2.0099154790312257,1.875
2016144,2016,f,2016-05-16,0,24,3.5,16.5,15.339973439575033,32.099999999999994,0.225,-1.491654876777717,2.025
2016144,2016,f,2016-05-20,4,24,3.5,16.5,15.339973439575033,32.099999999999994,,,1.85
2016144,2016,f,2016-05-21,5,24,3.5,16.5,15.339973439575033,32.099999999999994,0.196,-1.6296406197516198,
2016144,2016,f,2016-05-21,5,24,3.5,16.5,15.339973439575033,32.099999999999994,0.19,-1.6607312068216509,
2016145,2016,f,2016-05-16,0,24,5.6,47.2,15.339973439575033,29.400000000000002,0.225,-1.491654876777717,2.075
2016145,2016,f,2016-05-19,3,24,5.6,47.2,15.339973439575033,29.400000000000002,0.205,-1.584745299843729,1.9
2016145,2016,f,2016-05-21,5,24,5.6,47.2,15.339973439575033,29.400000000000002,0.179,-1.720369473141382,
2016145,2016,f,2016-05-25,9,24,5.6,47.2,15.339973439575033,29.400000000000002,0.166,-1.7957674906255938,
2016145,2016,f,2016-05-27,11,24,5.6,47.2,15.339973439575033,29.400000000000002,0.153,-1.8773173575897015,
2016146,2016,f,2016-05-16,0,24,3.5714285714285716,16.714285714285715,15.339973439575033,32.05,0.223,-1.5005835075220182,2.225
2016146,2016,f,2016-05-19,3,24,3.5714285714285716,16.714285714285715,15.339973439575033,32.05,0.213,-1.546463113272712,1.9249999999999998
2016146,2016,f,2016-05-19,3,24,3.5714285714285716,16.714285714285715,15.339973439575033,32.05,0.217,-1.5278579254416775,1.9249999999999998
2016146,2016,f,2016-05-19,3,24,3.5714285714285716,16.714285714285715,15.339973439575033,32.05,0.217,-1.5278579254416775,1.9249999999999998
2016146,2016,f,2016-05-20,4,24,3.5714285714285716,16.714285714285715,15.339973439575033,32.05,,,1.9249999999999998
2016146,2016,f,2016-05-21,5,24,3.5714285714285716,16.714285714285715,15.339973439575033,32.05,0.192,-1.6502599069543555,1.975
2016146,2016,f,2016-05-23,7,24,3.5714285714285716,16.714285714285715,15.339973439575033,32.05,,,1.775
2016147,2016,f,2016-05-16,0,24,3.0,13.666666666666666,15.339973439575033,33.85,0.223,-1.5005835075220182,2.175
2016147,2016,f,2016-05-20,4,24,3.0,13.666666666666666,15.339973439575033,33.85,,,1.85
2016147,2016,f,2016-05-21,5,24,3.0,13.666666666666666,15.339973439575033,33.85,0.186,-1.6820086052689358,1.9249999999999998
2016148,2016,m,2016-05-16,0,24,2.0,6.0,15.339973439575033,32.6,0.178,-1.725971728690052,2.15
2016148,2016,m,2016-05-19,3,24,2.0,6.0,15.339973439575033,32.6,0.172,-1.760260802168684,
2016148,2016,m,2016-05-19,3,24,2.0,6.0,15.339973439575033,32.6,0.171,-1.7660917224794772,
2016149,2016,m,2016-05-16,0,24,0.0,0.0,15.339973439575033,31.700000000000003,0.154,-1.870802676568508,2.025
2016150,2016,f,2016-05-16,0,24,5.6,47.2,15.339973439575033,32.900000000000006,0.264,-1.3318061758358208,2.3
2016150,2016,f,2016-05-19,3,24,5.6,47.2,15.339973439575033,32.900000000000006,0.228,-1.4784096500276962,
2016150,2016,f,2016-05-21,5,24,5.6,47.2,15.339973439575033,32.900000000000006,0.237,-1.439695137847006,
2016150,2016,f,2016-05-25,9,24,5.6,47.2,15.339973439575033,32.900000000000006,0.217,-1.5278579254416775,
2016150,2016,f,2016-05-27,11,24,5.6,47.2,15.339973439575033,32.900000000000006,0.192,-1.6502599069543555,
2016151,2016,f,2016-05-16,0,24,4.333333333333333,28.333333333333332,15.339973439575033,31.8,0.243,-1.4146938356415886,2.35
2016151,2016,f,2016-05-22,6,24,4.333333333333333,28.333333333333332,15.339973439575033,31.8,,,2.075
2016151,2016,f,2016-05-23,7,24,4.333333333333333,28.333333333333332,15.339973439575033,31.8,,,2.0
2016152,2016,f,2016-05-17,0,25,4.571428571428571,34.0,15.339973439575033,32.75,0.223,-1.5005835075220182,2.175
2016152,2016,f,2016-05-19,2,25,4.571428571428571,34.0,15.339973439575033,32.75,0.226,-1.487220279709851,1.9
2016152,2016,f,2016-05-19,2,25,4.571428571428571,34.0,15.339973439575033,32.75,0.193,-1.6450650900772514,1.9
2016152,2016,f,2016-05-20,3,25,4.571428571428571,34.0,15.339973439575033,32.75,,,1.875
2016152,2016,f,2016-05-23,6,25,4.571428571428571,34.0,15.339973439575033,32.75,,,1.7
2016152,2016,f,2016-05-25,8,25,4.571428571428571,34.0,15.339973439575033,32.75,0.173,-1.7544636844843582,1.7
2016152,2016,f,2016-05-28,11,25,4.571428571428571,34.0,15.339973439575033,32.75,,,1.6
2016153,2016,m,2016-05-18,0,26,0.5,0.5,15.339973439575033,32.3,,,1.975
2016153,2016,m,2016-05-19,1,26,0.5,0.5,15.339973439575033,32.3,0.168,-1.783791299578878,
2016154,2016,f,2016-05-18,0,26,6.2,65.4,15.339973439575033,30.2,,,2.1
2016154,2016,f,2016-05-19,1,26,6.2,65.4,15.339973439575033,30.2,0.209,-1.565421027017326,
2016154,2016,f,2016-05-25,7,26,6.2,65.4,15.339973439575033,30.2,0.181,-1.7092582477163114,
2016154,2016,f,2016-05-27,9,26,6.2,65.4,15.339973439575033,30.2,0.154,-1.870802676568508,
2016154,2016,f,2016-06-01,14,26,6.2,65.4,15.339973439575033,30.2,0.119,-2.1286317858706076,1.6
2016155,2016,f,2016-05-18,0,26,6.0,63.5,15.339973439575033,33.43333333333334,,,1.975
2016155,2016,f,2016-05-21,3,26,6.0,63.5,15.339973439575033,33.43333333333334,0.235,-1.448169764837978,2.025
2016155,2016,f,2016-05-25,7,26,6.0,63.5,15.339973439575033,33.43333333333334,0.219,-1.5186835491656363,
2016155,2016,f,2016-06-01,14,26,6.0,63.5,15.339973439575033,33.43333333333334,0.152,-1.8838747581358606,1.525
2016156,2016,f,2016-05-18,0,26,3.6,21.6,15.339973439575033,29.549999999999997,,,2.075
2016156,2016,f,2016-05-19,1,26,3.6,21.6,15.339973439575033,29.549999999999997,0.202,-1.5994875815809322,2.1
2016156,2016,f,2016-05-21,3,26,3.6,21.6,15.339973439575033,29.549999999999997,0.176,-1.7372712839439852,
2016156,2016,f,2016-05-25,7,26,3.6,21.6,15.339973439575033,29.549999999999997,0.189,-1.6660082639224947,
2016156,2016,f,2016-05-25,7,26,3.6,21.6,15.339973439575033,29.549999999999997,0.188,-1.6713133161521878,
2016157,2016,f,2016-05-19,0,27,2.6666666666666665,13.333333333333334,15.339973439575033,31.95,0.257,-1.3586791940869172,2.2
2016157,2016,f,2016-05-21,2,27,2.6666666666666665,13.333333333333334,15.339973439575033,31.95,0.203,-1.5945492999403497,1.975
2016157,2016,f,2016-05-25,6,27,2.6666666666666665,13.333333333333334,15.339973439575033,31.95,0.178,-1.725971728690052,1.9
2016158,2016,m,2016-05-19,0,27,0.0,0.0,15.339973439575033,31.0,0.174,-1.7486999797676082,2.125
2016159,2016,m,2016-05-19,0,27,2.6666666666666665,13.333333333333334,15.339973439575033,32.3,0.218,-1.523260216193048,2.325
2016159,2016,m,2016-05-21,2,27,2.6666666666666665,13.333333333333334,15.339973439575033,32.3,0.156,-1.8578992717326,
2016159,2016,m,2016-05-25,6,27,2.6666666666666665,13.333333333333334,15.339973439575033,32.3,0.164,-1.8078888511579385,
2016160,2016,f,2016-05-19,0,27,7.0,77.66666666666667,15.339973439575033,30.9,0.186,-1.6820086052689358,2.0
2016160,2016,f,2016-05-27,8,27,7.0,77.66666666666667,15.339973439575033,30.9,0.152,-1.8838747581358606,
2016160,2016,f,2016-06-01,13,27,7.0,77.66666666666667,15.339973439575033,30.9,0.128,-2.05572501506252,1.6
2016161,2016,f,2016-05-19,0,27,4.0,23.5,15.339973439575033,32.05,0.193,-1.6450650900772514,2.2
2016161,2016,f,2016-05-22,3,27,4.0,23.5,15.339973439575033,32.05,,,2.1
2016161,2016,f,2016-05-25,6,27,4.0,23.5,15.339973439575033,32.05,0.195,-1.6347557204183902,1.9
2016161,2016,f,2016-05-26,7,27,4.0,23.5,15.339973439575033,32.05,,,1.9
2016162,2016,f,2016-05-19,0,27,1.0,2.0,15.339973439575033,31.3,0.222,-1.5050778971098575,2.2
2016162,2016,f,2016-05-21,2,27,1.0,2.0,15.339973439575033,31.3,0.207,-1.575036485716768,1.95
2016163,2016,,2016-05-20,0,28,0.0,0.0,15.339973439575033,31.8,,,2.2
2016164,2016,f,2016-05-20,0,28,2.2,7.8,15.339973439575033,31.25,,,2.075
2016164,2016,f,2016-05-21,1,28,2.2,7.8,15.339973439575033,31.25,0.153,-1.8773173575897015,1.875
2016164,2016,f,2016-05-22,2,28,2.2,7.8,15.339973439575033,31.25,,,1.8
2016164,2016,f,2016-05-23,3,28,2.2,7.8,15.339973439575033,31.25,,,1.65
2016164,2016,f,2016-05-25,5,28,2.2,7.8,15.339973439575033,31.25,0.157,-1.851509473633829,1.75
2016165,2016,f,2016-05-20,0,28,0.5,0.5,15.339973439575033,32.900000000000006,,,2.1500000000000004
2016165,2016,f,2016-05-21,1,28,0.5,0.5,15.339973439575033,32.900000000000006,0.221,-1.5095925774643841,2.1
2016166,2016,f,2016-05-20,0,28,2.5,12.5,15.339973439575033,33.1,,,2.2
2016166,2016,f,2016-05-25,5,28,2.5,12.5,15.339973439575033,33.1,0.148,-1.9105430052180221,
2016167,2016,f,2016-05-20,0,28,3.8,34.2,15.339973439575033,32.3,,,2.1
2016167,2016,f,2016-05-21,1,28,3.8,34.2,15.339973439575033,32.3,0.184,-1.6928195213731514,
2016167,2016,f,2016-05-21,1,28,3.8,34.2,15.339973439575033,32.3,0.184,-1.6928195213731514,
2016167,2016,f,2016-05-25,5,28,3.8,34.2,15.339973439575033,32.3,0.194,-1.6398971199188088,
2016167,2016,f,2016-06-01,12,28,3.8,34.2,15.339973439575033,32.3,0.119,-2.1286317858706076,1.6
2016168,2016,,2016-05-20,0,28,1.6666666666666667,4.333333333333333,15.339973439575033,28.700000000000003,,,1.775
2016168,2016,,2016-05-22,2,28,1.6666666666666667,4.333333333333333,15.339973439575033,28.700000000000003,,,1.8
2016168,2016,,2016-05-23,3,28,1.6666666666666667,4.333333333333333,15.339973439575033,28.700000000000003,,,1.6
2016169,2016,m,2016-05-20,0,28,3.25,18.75,15.339973439575033,29.1,,,1.8250000000000002
2016169,2016,m,2016-05-21,1,28,3.25,18.75,15.339973439575033,29.1,0.137,-1.987774353154012,
2016169,2016,m,2016-05-25,5,28,3.25,18.75,15.339973439575033,29.1,0.128,-2.05572501506252,
2016169,2016,m,2016-05-27,7,28,3.25,18.75,15.339973439575033,29.1,0.105,-2.2537949288246137,
2016170,2016,f,2016-05-20,0,28,0.5,0.5,15.339973439575033,32.0,,,2.2
2016170,2016,f,2016-05-21,1,28,0.5,0.5,15.339973439575033,32.0,0.192,-1.6502599069543555,
2016171,2016,,2016-05-20,0,28,0.0,0.0,15.339973439575033,,,,1.9
2016172,2016,f,2016-05-20,0,28,5.0,43.8,15.339973439575033,33.5,,,2.25
2016172,2016,f,2016-05-21,1,28,5.0,43.8,15.339973439575033,33.5,0.242,-1.4188175528254507,
2016172,2016,f,2016-05-25,5,28,5.0,43.8,15.339973439575033,33.5,0.195,-1.6347557204183902,
2016172,2016,f,2016-05-27,7,28,5.0,43.8,15.339973439575033,33.5,0.183,-1.6982691261407161,
2016172,2016,f,2016-06-01,12,28,5.0,43.8,15.339973439575033,33.5,0.142,-1.9519282213808764,1.6
2016173,2016,m,2016-05-20,0,28,4.0,24.666666666666668,15.339973439575033,31.9,,,1.9
2016173,2016,m,2016-05-25,5,28,4.0,24.666666666666668,15.339973439575033,31.9,0.134,-2.0099154790312257,
2016173,2016,m,2016-05-27,7,28,4.0,24.666666666666668,15.339973439575033,31.9,0.125,-2.0794415416798357,
2016174,2016,m,2016-05-20,0,28,3.5,24.5,15.339973439575033,32.4,,,2.175
2016174,2016,m,2016-05-27,7,28,3.5,24.5,15.339973439575033,32.4,0.126,-2.071473372030659,
2016175,2016,,2016-05-20,0,28,0.0,0.0,15.339973439575033,28.299999999999997,,,2.1
2016176,2016,f,2016-05-21,0,29,0.0,0.0,15.339973439575033,33.599999999999994,0.203,-1.5945492999403497,2.225
2016177,2016,f,2016-05-21,0,29,3.5,17.0,15.339973439575033,30.6,0.236,-1.443923473956527,2.075
2016177,2016,f,2016-05-25,4,29,3.5,17.0,15.339973439575033,30.6,0.195,-1.6347557204183902,2.025
2016177,2016,f,2016-05-25,4,29,3.5,17.0,15.339973439575033,30.6,0.195,-1.6347557204183902,2.025
2016177,2016,f,2016-05-27,6,29,3.5,17.0,15.339973439575033,30.6,0.188,-1.6713133161521878,1.9249999999999998
2016178,2016,f,2016-05-21,0,29,1.6666666666666667,5.666666666666667,15.339973439575033,32.25,0.205,-1.584745299843729,2.125
2016178,2016,f,2016-05-22,1,29,1.6666666666666667,5.666666666666667,15.339973439575033,32.25,,,2.0
2016178,2016,f,2016-05-25,4,29,1.6666666666666667,5.666666666666667,15.339973439575033,32.25,0.172,-1.760260802168684,2.0
2016179,2016,f,2016-05-21,0,29,0.0,0.0,15.339973439575033,32.4,0.252,-1.3783261914707137,2.275
2016179_2,2016,f,2016-05-21,0,29,0.0,0.0,15.339973439575033,32.5,0.223,-1.5005835075220182,1.85
2016180,2016,f,2016-05-21,0,29,0.0,0.0,15.339973439575033,32.6,0.157,-1.851509473633829,2.075
2016181,2016,m,2016-05-21,0,29,2.0,8.0,15.339973439575033,31.299999999999997,0.133,-2.017406150760383,2.0
2016181,2016,m,2016-05-25,4,29,2.0,8.0,15.339973439575033,31.299999999999997,0.138,-1.9805015938249322,
2016182,2016,f,2016-05-21,0,29,0.0,0.0,15.339973439575033,30.799999999999997,0.292,-1.2310014767138553,2.275
2016183,2016,f,2016-05-21,0,29,5.25,43.25,15.339973439575033,31.45,0.195,-1.6347557204183902,2.1
2016183,2016,f,2016-05-25,4,29,5.25,43.25,15.339973439575033,31.45,0.191,-1.6554818509355071,1.95
2016183,2016,f,2016-05-27,6,29,5.25,43.25,15.339973439575033,31.45,0.197,-1.6245515502441485,
2016183,2016,f,2016-06-01,11,29,5.25,43.25,15.339973439575033,31.45,0.132,-2.0249533563957662,1.8250000000000002
2016184,2016,f,2016-05-22,0,30,2.5,12.5,15.339973439575033,34.0,,,2.225
2016184,2016,f,2016-05-27,5,30,2.5,12.5,15.339973439575033,34.0,0.22,-1.5141277326297755,2.2
2016185,2016,f,2016-05-22,0,30,5.666666666666667,49.0,15.339973439575033,32.55,,,2.05
2016185,2016,f,2016-05-25,3,30,5.666666666666667,49.0,15.339973439575033,32.55,0.208,-1.5702171992808192,2.0
2016185,2016,f,2016-05-26,4,30,5.666666666666667,49.0,15.339973439575033,32.55,,,1.8250000000000002
2016185,2016,f,2016-05-27,5,30,5.666666666666667,49.0,15.339973439575033,32.55,0.198,-1.6194882482876019,1.75
2016185,2016,f,2016-06-01,10,30,5.666666666666667,49.0,15.339973439575033,32.55,0.156,-1.8578992717326,1.625
2016185,2016,f,2016-06-03,12,30,5.666666666666667,49.0,15.339973439575033,32.55,,,1.5750000000000002
2016186,2016,f,2016-05-22,0,30,2.0,6.5,15.339973439575033,32.199999999999996,,,2.025
2016186,2016,f,2016-05-23,1,30,2.0,6.5,15.339973439575033,32.199999999999996,,,2.075
2016186,2016,f,2016-05-25,3,30,2.0,6.5,15.339973439575033,32.199999999999996,0.187,-1.6766466621275504,1.9
2016186,2016,f,2016-05-26,4,30,2.0,6.5,15.339973439575033,32.199999999999996,,,1.95
2016187,2016,f,2016-05-22,0,30,7.0,70.0,15.339973439575033,31.349999999999998,,,2.1
2016187,2016,f,2016-05-28,6,30,7.0,70.0,15.339973439575033,31.349999999999998,,,1.85
2016187,2016,f,2016-06-01,10,30,7.0,70.0,15.339973439575033,31.349999999999998,0.135,-2.0024805005437076,1.8
2016187,2016,f,2016-06-03,12,30,7.0,70.0,15.339973439575033,31.349999999999998,,,1.525
2016188,2016,m,2016-05-23,0,31,2.0,6.666666666666667,15.339973439575033,30.9,,,1.8
2016188,2016,m,2016-05-25,2,31,2.0,6.666666666666667,15.339973439575033,30.9,0.145,-1.9310215365615626,
2016188,2016,m,2016-05-27,4,31,2.0,6.666666666666667,15.339973439575033,30.9,0.141,-1.9589953886039688,
2016189,2016,f,2016-05-23,0,31,4.666666666666667,35.333333333333336,15.339973439575033,31.2,,,2.1
2016189,2016,f,2016-05-28,5,31,4.666666666666667,35.333333333333336,15.339973439575033,31.2,,,1.8
2016189,2016,f,2016-06-01,9,31,4.666666666666667,35.333333333333336,15.339973439575033,31.2,0.126,-2.071473372030659,1.8
2016190,2016,f,2016-05-25,0,33,5.333333333333333,43.333333333333336,15.339973439575033,32.349999999999994,0.208,-1.5702171992808192,2.2750000000000004
2016190,2016,f,2016-06-01,7,33,5.333333333333333,43.333333333333336,15.339973439575033,32.349999999999994,0.145,-1.9310215365615626,1.6749999999999998
2016190,2016,f,2016-06-03,9,33,5.333333333333333,43.333333333333336,15.339973439575033,32.349999999999994,,,1.5
2016191,2016,,2016-05-26,0,34,0.0,0.0,15.339973439575033,31.0,,,2.025
2016192,2016,,2016-05-28,0,36,0.0,0.0,15.339973439575033,32.2,,,2.25
2016199,2016,f,2016-06-01,0,40,1.0,2.0,15.339973439575033,30.4,0.147,-1.9173226922034008,1.8
2016199,2016,f,2016-06-03,2,40,1.0,2.0,15.339973439575033,30.4,,,1.5
2017001,2017,m,2017-04-25,0,0,3.6666666666666665,20.333333333333332,13.526678141135973,32.8,,,2.2
2017001,2017,m,2017-04-30,5,0,3.6666666666666665,20.333333333333332,13.526678141135973,32.8,0.182,-1.7037485919053417,2.1500000000000004
2017001,2017,m,2017-05-01,6,0,3.6666666666666665,20.333333333333332,13.526678141135973,32.8,0.169,-1.7778565640590636,2.0
2017002,2017,m,2017-04-25,0,0,5.5,45.5,13.526678141135973,33.13333333333333,,,1.9249999999999998
2017002,2017,m,2017-04-30,5,0,5.5,45.5,13.526678141135973,33.13333333333333,0.185,-1.6873994539038122,2.05
2017002,2017,m,2017-05-01,6,0,5.5,45.5,13.526678141135973,33.13333333333333,0.173,-1.7544636844843582,1.9
2017002,2017,m,2017-05-06,11,0,5.5,45.5,13.526678141135973,33.13333333333333,0.149,-1.903808973036678,1.7
2017003,2017,,2017-04-25,0,0,0.0,0.0,13.526678141135973,32.0,,,2.05
2017004,2017,m,2017-04-26,0,1,8.666666666666666,115.0,13.526678141135973,32.3,,,2.15
2017004,2017,m,2017-04-30,4,1,8.666666666666666,115.0,13.526678141135973,32.3,0.18,-1.7147984280919266,2.125
2017004,2017,m,2017-05-01,5,1,8.666666666666666,115.0,13.526678141135973,32.3,0.176,-1.7372712839439852,2.0
2017004,2017,m,2017-05-06,10,1,8.666666666666666,115.0,13.526678141135973,32.3,0.155,-1.8643301620628905,1.85
2017004,2017,m,2017-05-11,15,1,8.666666666666666,115.0,13.526678141135973,32.3,0.156,-1.8578992717326,
2017004,2017,m,2017-05-14,18,1,8.666666666666666,115.0,13.526678141135973,32.3,0.106,-2.24431618487007,1.8
2017005,2017,,2017-04-26,0,1,0.0,0.0,13.526678141135973,31.9,,,2.025
2017006,2017,m,2017-04-26,0,1,9.833333333333334,158.16666666666666,13.526678141135973,32.6,,,2.2
2017006,2017,m,2017-04-30,4,1,9.833333333333334,158.16666666666666,13.526678141135973,32.6,0.182,-1.7037485919053417,2.125
2017006,2017,m,2017-05-01,5,1,9.833333333333334,158.16666666666666,13.526678141135973,32.6,0.169,-1.7778565640590636,1.9249999999999998
2017006,2017,m,2017-05-06,10,1,9.833333333333334,158.16666666666666,13.526678141135973,32.6,0.171,-1.7660917224794772,2.025
2017006,2017,m,2017-05-14,18,1,9.833333333333334,158.16666666666666,13.526678141135973,32.6,0.136,-1.995100393246085,1.9
2017006,2017,m,2017-05-18,22,1,9.833333333333334,158.16666666666666,13.526678141135973,32.6,0.118,-2.137070654516472,1.7
2017007,2017,m,2017-04-26,0,1,2.6666666666666665,10.666666666666666,13.526678141135973,32.2,,,2.2
2017007,2017,m,2017-04-30,4,1,2.6666666666666665,10.666666666666666,13.526678141135973,32.2,0.205,-1.584745299843729,2.075
2017007,2017,m,2017-04-30,4,1,2.6666666666666665,10.666666666666666,13.526678141135973,32.2,0.205,-1.584745299843729,2.075
2017008,2017,m,2017-04-27,0,2,10.6,171.0,13.526678141135973,32.9,,,2.1
2017008,2017,m,2017-04-30,3,2,10.6,171.0,13.526678141135973,32.9,0.195,-1.6347557204183902,2.0
2017008,2017,m,2017-05-11,14,2,10.6,171.0,13.526678141135973,32.9,0.133,-2.017406150760383,1.775
2017008,2017,m,2017-05-14,17,2,10.6,171.0,13.526678141135973,32.9,0.153,-1.8773173575897015,1.6
2017008,2017,m,2017-05-16,19,2,10.6,171.0,13.526678141135973,32.9,,,1.5750000000000002
2017009,2017,m,2017-04-27,0,2,9.6,148.0,13.526678141135973,31.700000000000003,,,2.225
2017009,2017,m,2017-04-30,3,2,9.6,148.0,13.526678141135973,31.700000000000003,0.165,-1.8018098050815563,1.9249999999999998
2017009,2017,m,2017-05-06,9,2,9.6,148.0,13.526678141135973,31.700000000000003,0.122,-2.1037342342488805,1.775
2017009,2017,m,2017-05-14,17,2,9.6,148.0,13.526678141135973,31.700000000000003,0.131,-2.0325579557809856,1.65
2017009,2017,m,2017-05-16,19,2,9.6,148.0,13.526678141135973,31.700000000000003,,,1.5
2017010,2017,,2017-04-27,0,2,0.0,0.0,13.526678141135973,31.700000000000003,,,1.95
2017011,2017,m,2017-04-27,0,2,4.0,30.0,13.526678141135973,30.5,,,2.1
2017011,2017,m,2017-04-30,3,2,4.0,30.0,13.526678141135973,30.5,0.161,-1.8263509139976741,2.05
2017011,2017,m,2017-05-06,9,2,4.0,30.0,13.526678141135973,30.5,0.141,-1.9589953886039688,2.025
2017012,2017,m,2017-04-27,0,2,1.5,4.5,13.526678141135973,33.2,,,2.2
2017012,2017,m,2017-04-30,3,2,1.5,4.5,13.526678141135973,33.2,0.195,-1.6347557204183902,2.1
2017013,2017,f,2017-04-29,0,4,5.0,63.0,13.526678141135973,32.4,,,2.35
2017013,2017,f,2017-04-30,1,4,5.0,63.0,13.526678141135973,32.4,0.264,-1.3318061758358208,2.1
2017013,2017,f,2017-04-30,1,4,5.0,63.0,13.526678141135973,32.4,0.264,-1.3318061758358208,2.1
2017013,2017,f,2017-04-30,1,4,5.0,63.0,13.526678141135973,32.4,0.262,-1.3394107752210402,2.1
2017013,2017,f,2017-04-30,1,4,5.0,63.0,13.526678141135973,32.4,0.262,-1.3394107752210402,2.1
2017013,2017,f,2017-05-02,3,4,5.0,63.0,13.526678141135973,32.4,,,2.1
2017013,2017,f,2017-05-06,7,4,5.0,63.0,13.526678141135973,32.4,0.208,-1.5702171992808192,1.9249999999999998
2017013,2017,f,2017-05-11,12,4,5.0,63.0,13.526678141135973,32.4,0.18,-1.7147984280919266,1.75
2017013,2017,f,2017-05-18,19,4,5.0,63.0,13.526678141135973,32.4,0.151,-1.8904754421672127,1.625
2017014,2017,m,2017-04-29,0,4,8.4,127.2,13.526678141135973,33.75,,,2.175
2017014,2017,m,2017-04-30,1,4,8.4,127.2,13.526678141135973,33.75,0.216,-1.5324768712979722,2.1
2017014,2017,m,2017-05-06,7,4,8.4,127.2,13.526678141135973,33.75,0.151,-1.8904754421672127,1.85
2017014,2017,m,2017-05-14,15,4,8.4,127.2,13.526678141135973,33.75,0.147,-1.9173226922034008,1.95
2017014,2017,m,2017-05-18,19,4,8.4,127.2,13.526678141135973,33.75,0.132,-2.0249533563957662,1.725
2017015,2017,m,2017-04-29,0,4,7.333333333333333,91.33333333333333,13.526678141135973,31.25,,,2.175
2017015,2017,m,2017-05-06,7,4,7.333333333333333,91.33333333333333,13.526678141135973,31.25,0.15,-1.8971199848858813,1.625
2017015,2017,m,2017-05-14,15,4,7.333333333333333,91.33333333333333,13.526678141135973,31.25,0.128,-2.05572501506252,1.4
2017016,2017,m,2017-04-29,0,4,5.75,68.75,13.526678141135973,33.9,,,2.225
2017016,2017,m,2017-04-30,1,4,5.75,68.75,13.526678141135973,33.9,0.227,-1.4828052615007343,2.1
2017016,2017,m,2017-05-06,7,4,5.75,68.75,13.526678141135973,33.9,0.168,-1.783791299578878,2.075
2017016,2017,m,2017-05-14,15,4,5.75,68.75,13.526678141135973,33.9,0.146,-1.9241486572738007,1.85
2017017,2017,m,2017-04-30,0,5,0.5,0.5,13.526678141135973,33.849999999999994,0.285,-1.2552660987134867,1.9249999999999998
2017017,2017,m,2017-05-01,1,5,0.5,0.5,13.526678141135973,33.849999999999994,0.23,-1.4696759700589417,1.975
2017018,2017,m,2017-04-30,0,5,3.0,18.0,13.526678141135973,31.700000000000003,0.251,-1.3823023398503531,2.15
2017018,2017,m,2017-05-06,6,5,3.0,18.0,13.526678141135973,31.700000000000003,0.169,-1.7778565640590636,1.6
2017019,2017,f,2017-04-30,0,5,10.4,158.8,13.526678141135973,31.15,0.201,-1.6044503709230613,2.2
2017019,2017,f,2017-05-06,6,5,10.4,158.8,13.526678141135973,31.15,0.165,-1.8018098050815563,1.975
2017019,2017,f,2017-05-11,11,5,10.4,158.8,13.526678141135973,31.15,0.163,-1.8140050781753747,2.1
2017019,2017,f,2017-05-14,14,5,10.4,158.8,13.526678141135973,31.15,0.147,-1.9173226922034008,1.65
2017019,2017,f,2017-05-21,21,5,10.4,158.8,13.526678141135973,31.15,0.112,-2.1892564076870427,1.3250000000000002
2017020,2017,m,2017-04-30,0,5,9.5,139.0,13.526678141135973,32.400000000000006,0.275,-1.2909841813155656,1.85
2017020,2017,m,2017-05-06,6,5,9.5,139.0,13.526678141135973,32.400000000000006,0.167,-1.7897614665653818,2.0
2017020,2017,m,2017-05-14,14,5,9.5,139.0,13.526678141135973,32.400000000000006,,,1.8250000000000002
2017020,2017,m,2017-05-18,18,5,9.5,139.0,13.526678141135973,32.400000000000006,0.149,-1.903808973036678,1.625
2017021,2017,m,2017-04-30,0,5,8.4,96.4,13.526678141135973,33.5,0.305,-1.1874435023747254,2.1
2017021,2017,m,2017-05-06,6,5,8.4,96.4,13.526678141135973,33.5,0.187,-1.6766466621275504,1.975
2017021,2017,m,2017-05-10,10,5,8.4,96.4,13.526678141135973,33.5,0.137,-1.987774353154012,2.05
2017021,2017,m,2017-05-11,11,5,8.4,96.4,13.526678141135973,33.5,0.156,-1.8578992717326,2.0
2017021,2017,m,2017-05-15,15,5,8.4,96.4,13.526678141135973,33.5,0.137,-1.987774353154012,1.8250000000000002
2017022,2017,f,2017-04-30,0,5,3.3333333333333335,17.333333333333332,13.526678141135973,33.73333333333333,0.317,-1.1488535051048565,1.9
2017022,2017,f,2017-05-04,4,5,3.3333333333333335,17.333333333333332,13.526678141135973,33.73333333333333,,,2.1
2017022,2017,f,2017-05-06,6,5,3.3333333333333335,17.333333333333332,13.526678141135973,33.73333333333333,0.217,-1.5278579254416775,2.1
2017023,2017,m,2017-04-30,0,5,11.8,199.4,13.526678141135973,32.8,0.214,-1.5417792639602856,2.175
2017023,2017,m,2017-05-06,6,5,11.8,199.4,13.526678141135973,32.8,0.16,-1.8325814637483102,2.025
2017023,2017,m,2017-05-14,14,5,11.8,199.4,13.526678141135973,32.8,0.155,-1.8643301620628905,1.9
2017023,2017,m,2017-05-18,18,5,11.8,199.4,13.526678141135973,32.8,0.154,-1.870802676568508,1.8
2017023,2017,m,2017-05-21,21,5,11.8,199.4,13.526678141135973,32.8,0.141,-1.9589953886039688,1.8
2017024,2017,m,2017-05-01,0,6,10.0,139.5,13.526678141135973,32.7,0.19,-1.6607312068216509,2.05
2017024,2017,m,2017-05-11,10,6,10.0,139.5,13.526678141135973,32.7,0.168,-1.783791299578878,2.025
2017024,2017,m,2017-05-14,13,6,10.0,139.5,13.526678141135973,32.7,0.151,-1.8904754421672127,2.0
2017024,2017,m,2017-05-18,17,6,10.0,139.5,13.526678141135973,32.7,0.125,-2.0794415416798357,1.75
2017025,2017,m,2017-05-01,0,6,8.5,144.5,13.526678141135973,32.9,0.252,-1.3783261914707137,2.175
2017025,2017,m,2017-05-18,17,6,8.5,144.5,13.526678141135973,32.9,0.157,-1.851509473633829,
2017026,2017,m,2017-05-01,0,6,10.0,152.66666666666666,13.526678141135973,33.9,0.279,-1.2765434971607714,2.1500000000000004
2017026,2017,m,2017-05-14,13,6,10.0,152.66666666666666,13.526678141135973,33.9,0.141,-1.9589953886039688,1.875
2017026,2017,m,2017-05-18,17,6,10.0,152.66666666666666,13.526678141135973,33.9,,,1.625
2017027,2017,m,2017-05-02,0,7,2.0,8.0,13.526678141135973,32.3,,,2.175
2017027,2017,m,2017-05-06,4,7,2.0,8.0,13.526678141135973,32.3,0.175,-1.742969305058623,1.85
2017028,2017,m,2017-05-02,0,7,8.8,120.4,13.526678141135973,34.7,,,2.125
2017028,2017,m,2017-05-06,4,7,8.8,120.4,13.526678141135973,34.7,0.169,-1.7778565640590636,2.075
2017028,2017,m,2017-05-11,9,7,8.8,120.4,13.526678141135973,34.7,0.174,-1.7486999797676082,2.1
2017028,2017,m,2017-05-14,12,7,8.8,120.4,13.526678141135973,34.7,0.157,-1.851509473633829,1.9249999999999998
2017028,2017,m,2017-05-21,19,7,8.8,120.4,13.526678141135973,34.7,0.147,-1.9173226922034008,1.65
2017029,2017,m,2017-05-02,0,7,5.333333333333333,53.333333333333336,13.526678141135973,31.0,,,2.1
2017029,2017,m,2017-05-06,4,7,5.333333333333333,53.333333333333336,13.526678141135973,31.0,0.153,-1.8773173575897015,1.9249999999999998
2017029,2017,m,2017-05-14,12,7,5.333333333333333,53.333333333333336,13.526678141135973,31.0,0.135,-2.0024805005437076,1.8250000000000002
2017030,2017,f,2017-05-02,0,7,11.75,190.25,13.526678141135973,30.299999999999997,,,2.0
2017030,2017,f,2017-05-14,12,7,11.75,190.25,13.526678141135973,30.299999999999997,0.174,-1.7486999797676082,
2017030,2017,f,2017-05-18,16,7,11.75,190.25,13.526678141135973,30.299999999999997,0.15,-1.8971199848858813,1.775
2017030,2017,f,2017-05-21,19,7,11.75,190.25,13.526678141135973,30.299999999999997,0.141,-1.9589953886039688,1.5
2017031,2017,f,2017-05-02,0,7,7.6,106.0,13.526678141135973,32.45,,,2.4
2017031,2017,f,2017-05-05,3,7,7.6,106.0,13.526678141135973,32.45,,,2.15
2017031,2017,f,2017-05-06,4,7,7.6,106.0,13.526678141135973,32.45,0.212,-1.5511690043101247,2.125
2017031,2017,f,2017-05-14,12,7,7.6,106.0,13.526678141135973,32.45,0.19,-1.6607312068216509,2.0
2017031,2017,f,2017-05-21,19,7,7.6,106.0,13.526678141135973,32.45,0.15,-1.8971199848858813,1.8
2017032,2017,m,2017-05-02,0,7,2.0,8.0,13.526678141135973,31.9,,,1.875
2017032,2017,m,2017-05-06,4,7,2.0,8.0,13.526678141135973,31.9,0.151,-1.8904754421672127,1.75
2017033,2017,m,2017-05-02,0,7,5.333333333333333,53.333333333333336,13.526678141135973,33.2,,,2.1
2017033,2017,m,2017-05-06,4,7,5.333333333333333,53.333333333333336,13.526678141135973,33.2,0.188,-1.6713133161521878,2.1
2017033,2017,m,2017-05-14,12,7,5.333333333333333,53.333333333333336,13.526678141135973,33.2,0.141,-1.9589953886039688,2.0
2017034,2017,m,2017-05-03,0,8,7.0,111.0,13.526678141135973,32.9,,,2.225
2017034,2017,m,2017-05-06,3,8,7.0,111.0,13.526678141135973,32.9,0.172,-1.760260802168684,2.05
2017034,2017,m,2017-05-21,18,8,7.0,111.0,13.526678141135973,32.9,0.132,-2.0249533563957662,1.65
2017035,2017,m,2017-05-04,0,9,5.333333333333333,66.66666666666667,13.526678141135973,33.0,,,2.15
2017035,2017,m,2017-05-06,2,9,5.333333333333333,66.66666666666667,13.526678141135973,33.0,0.195,-1.6347557204183902,2.0
2017035,2017,m,2017-05-18,14,9,5.333333333333333,66.66666666666667,13.526678141135973,33.0,0.14,-1.9661128563728327,1.625
2017036,2017,m,2017-05-04,0,9,5.0,50.0,13.526678141135973,33.0,,,2.075
2017036,2017,m,2017-05-14,10,9,5.0,50.0,13.526678141135973,33.0,0.15,-1.8971199848858813,1.9249999999999998
2017037,2017,m,2017-05-04,0,9,7.333333333333333,78.33333333333333,13.526678141135973,33.9,,,2.1
2017037,2017,m,2017-05-06,2,9,7.333333333333333,78.33333333333333,13.526678141135973,33.9,0.203,-1.5945492999403497,1.9249999999999998
2017037,2017,m,2017-05-11,7,9,7.333333333333333,78.33333333333333,13.526678141135973,33.9,0.159,-1.8388510767619055,2.0
2017037,2017,m,2017-05-14,10,9,7.333333333333333,78.33333333333333,13.526678141135973,33.9,0.156,-1.8578992717326,2.025
2017037,2017,m,2017-05-15,11,9,7.333333333333333,78.33333333333333,13.526678141135973,33.9,,,2.0
2017037,2017,m,2017-05-18,14,9,7.333333333333333,78.33333333333333,13.526678141135973,33.9,0.144,-1.9379419794061366,1.6749999999999998
2017038,2017,f,2017-05-04,0,9,6.6,69.8,13.526678141135973,33.05,,,2.2
2017038,2017,f,2017-05-06,2,9,6.6,69.8,13.526678141135973,33.05,0.23,-1.4696759700589417,2.1
2017038,2017,f,2017-05-11,7,9,6.6,69.8,13.526678141135973,33.05,0.205,-1.584745299843729,
2017038,2017,f,2017-05-14,10,9,6.6,69.8,13.526678141135973,33.05,0.198,-1.6194882482876019,1.85
2017038,2017,f,2017-05-18,14,9,6.6,69.8,13.526678141135973,33.05,0.162,-1.820158943749753,1.75
2017039,2017,,2017-05-04,0,9,0.0,0.0,13.526678141135973,31.8,,,2.05
2017040,2017,m,2017-05-04,0,9,10.166666666666666,152.16666666666666,13.526678141135973,32.0,,,2.175
2017040,2017,m,2017-05-06,2,9,10.166666666666666,152.16666666666666,13.526678141135973,32.0,0.181,-1.7092582477163114,2.0
2017040,2017,m,2017-05-14,10,9,10.166666666666666,152.16666666666666,13.526678141135973,32.0,0.154,-1.870802676568508,1.9
2017040,2017,m,2017-05-18,14,9,10.166666666666666,152.16666666666666,13.526678141135973,32.0,0.145,-1.9310215365615626,1.85
2017040,2017,m,2017-05-21,17,9,10.166666666666666,152.16666666666666,13.526678141135973,32.0,0.145,-1.9310215365615626,1.775
2017040,2017,m,2017-05-22,18,9,10.166666666666666,152.16666666666666,13.526678141135973,32.0,,,1.6749999999999998
2017041,2017,m,2017-05-04,0,9,9.0,118.33333333333333,13.526678141135973,31.9,,,2.1
2017041,2017,m,2017-05-06,2,9,9.0,118.33333333333333,13.526678141135973,31.9,0.183,-1.6982691261407161,2.05
2017041,2017,m,2017-05-14,10,9,9.0,118.33333333333333,13.526678141135973,31.9,0.139,-1.973281345851445,2.025
2017041,2017,m,2017-05-15,11,9,9.0,118.33333333333333,13.526678141135973,31.9,0.123,-2.0955709236097197,2.025
2017041,2017,m,2017-05-18,14,9,9.0,118.33333333333333,13.526678141135973,31.9,0.122,-2.1037342342488805,1.75
2017041,2017,m,2017-05-21,17,9,9.0,118.33333333333333,13.526678141135973,31.9,0.142,-1.9519282213808764,1.55
2017042,2017,m,2017-05-04,0,9,6.6,69.8,13.526678141135973,33.2,,,2.1
2017042,2017,m,2017-05-06,2,9,6.6,69.8,13.526678141135973,33.2,0.205,-1.584745299843729,2.1
2017042,2017,m,2017-05-11,7,9,6.6,69.8,13.526678141135973,33.2,,,1.9
2017042,2017,m,2017-05-14,10,9,6.6,69.8,13.526678141135973,33.2,0.152,-1.8838747581358606,1.8
2017042,2017,m,2017-05-18,14,9,6.6,69.8,13.526678141135973,33.2,0.144,-1.9379419794061366,1.7
2017043,2017,m,2017-05-04,0,9,8.333333333333334,106.33333333333333,13.526678141135973,30.4,,,1.725
2017043,2017,m,2017-05-06,2,9,8.333333333333334,106.33333333333333,13.526678141135973,30.4,0.141,-1.9589953886039688,1.8
2017043,2017,m,2017-05-11,7,9,8.333333333333334,106.33333333333333,13.526678141135973,30.4,0.14,-1.9661128563728327,1.6
2017043,2017,m,2017-05-14,10,9,8.333333333333334,106.33333333333333,13.526678141135973,30.4,0.106,-2.24431618487007,1.6
2017043,2017,m,2017-05-18,14,9,8.333333333333334,106.33333333333333,13.526678141135973,30.4,0.1,-2.3025850929940455,1.5
2017043,2017,m,2017-05-21,17,9,8.333333333333334,106.33333333333333,13.526678141135973,30.4,0.104,-2.2633643798407643,1.5
2017044,2017,f,2017-05-04,0,9,1.0,2.0,13.526678141135973,32.3,,,2.025
2017044,2017,f,2017-05-06,2,9,1.0,2.0,13.526678141135973,32.3,0.208,-1.5702171992808192,1.85
2017045,2017,m,2017-05-04,0,9,8.333333333333334,106.33333333333333,13.526678141135973,34.0,,,2.15
2017045,2017,m,2017-05-06,2,9,8.333333333333334,106.33333333333333,13.526678141135973,34.0,0.196,-1.6296406197516198,2.1
2017045,2017,m,2017-05-11,7,9,8.333333333333334,106.33333333333333,13.526678141135973,34.0,0.179,-1.720369473141382,1.975
2017045,2017,m,2017-05-14,10,9,8.333333333333334,106.33333333333333,13.526678141135973,34.0,0.164,-1.8078888511579385,2.0
2017045,2017,m,2017-05-18,14,9,8.333333333333334,106.33333333333333,13.526678141135973,34.0,0.157,-1.851509473633829,1.95
2017045,2017,m,2017-05-21,17,9,8.333333333333334,106.33333333333333,13.526678141135973,34.0,0.168,-1.783791299578878,1.275
2017046,2017,m,2017-05-04,0,9,9.0,129.66666666666666,13.526678141135973,33.0,,,1.85
2017046,2017,m,2017-05-14,10,9,9.0,129.66666666666666,13.526678141135973,33.0,0.155,-1.8643301620628905,1.85
2017046,2017,m,2017-05-21,17,9,9.0,129.66666666666666,13.526678141135973,33.0,0.136,-1.995100393246085,1.6
2017047,2017,f,2017-05-04,0,9,6.6,69.8,13.526678141135973,32.55,,,2.2
2017047,2017,f,2017-05-06,2,9,6.6,69.8,13.526678141135973,32.55,0.232,-1.4610179073158271,2.1
2017047,2017,f,2017-05-11,7,9,6.6,69.8,13.526678141135973,32.55,0.209,-1.565421027017326,1.9
2017047,2017,f,2017-05-14,10,9,6.6,69.8,13.526678141135973,32.55,0.226,-1.487220279709851,1.975
2017047,2017,f,2017-05-18,14,9,6.6,69.8,13.526678141135973,32.55,0.166,-1.7957674906255938,1.7
2017048,2017,f,2017-05-05,0,10,0.5,0.5,13.526678141135973,31.200000000000003,,,2.0
2017048,2017,f,2017-05-06,1,10,0.5,0.5,13.526678141135973,31.200000000000003,0.235,-1.448169764837978,2.025
2017049,2017,f,2017-05-05,0,10,0.5,0.5,13.526678141135973,32.0,,,2.15
2017049,2017,f,2017-05-06,1,10,0.5,0.5,13.526678141135973,32.0,0.21,-1.5606477482646683,2.05
2017050,2017,m,2017-05-05,0,10,1.0,1.6666666666666667,13.526678141135973,30.45,,,2.025
2017050,2017,m,2017-05-06,1,10,1.0,1.6666666666666667,13.526678141135973,30.45,0.214,-1.5417792639602856,1.9249999999999998
2017050,2017,m,2017-05-07,2,10,1.0,1.6666666666666667,13.526678141135973,30.45,,,2.025
2017051,2017,f,2017-05-05,0,10,0.5,0.5,13.526678141135973,30.1,,,2.3
2017051,2017,f,2017-05-06,1,10,0.5,0.5,13.526678141135973,30.1,0.272,-1.3019532126861397,2.25
2017052,2017,f,2017-05-05,0,10,0.5,0.5,13.526678141135973,32.4,,,2.225
2017052,2017,f,2017-05-06,1,10,0.5,0.5,13.526678141135973,32.4,0.251,-1.3823023398503531,2.075
2017053,2017,f,2017-05-05,0,10,3.5,24.5,13.526678141135973,30.8,,,2.075
2017053,2017,f,2017-05-06,1,10,3.5,24.5,13.526678141135973,30.8,0.26,-1.3470736479666092,2.0
2017053,2017,f,2017-05-09,4,10,3.5,24.5,13.526678141135973,30.8,0.203,-1.5945492999403497,2.0
2017053,2017,f,2017-05-14,9,10,3.5,24.5,13.526678141135973,30.8,0.199,-1.6144504542576446,2.025
2017054,2017,m,2017-05-05,0,10,5.6,52.4,13.526678141135973,31.8,,,2.1
2017054,2017,m,2017-05-06,1,10,5.6,52.4,13.526678141135973,31.8,0.235,-1.448169764837978,1.9
2017054,2017,m,2017-05-11,6,10,5.6,52.4,13.526678141135973,31.8,0.162,-1.820158943749753,2.0
2017054,2017,m,2017-05-14,9,10,5.6,52.4,13.526678141135973,31.8,0.162,-1.820158943749753,1.9249999999999998
2017054,2017,m,2017-05-17,12,10,5.6,52.4,13.526678141135973,31.8,,,1.6749999999999998
2017055,2017,,2017-05-05,0,10,0.0,0.0,13.526678141135973,32.8,,,2.2
2017056,2017,f,2017-05-05,0,10,7.7,116.5,13.526678141135973,32.7,,,2.0
2017056,2017,f,2017-05-06,1,10,7.7,116.5,13.526678141135973,32.7,0.282,-1.2658482080440236,1.9
2017056,2017,f,2017-05-06,1,10,7.7,116.5,13.526678141135973,32.7,0.282,-1.2658482080440236,1.875
2017056,2017,f,2017-05-06,1,10,7.7,116.5,13.526678141135973,32.7,0.28,-1.2729656758128873,1.9
2017056,2017,f,2017-05-06,1,10,7.7,116.5,13.526678141135973,32.7,0.28,-1.2729656758128873,1.875
2017056,2017,f,2017-05-14,9,10,7.7,116.5,13.526678141135973,32.7,0.174,-1.7486999797676082,2.0999999999999996
2017056,2017,f,2017-05-15,10,10,7.7,116.5,13.526678141135973,32.7,,,1.8250000000000002
2017056,2017,f,2017-05-21,16,10,7.7,116.5,13.526678141135973,32.7,0.168,-1.783791299578878,1.6
2017056,2017,f,2017-05-23,18,10,7.7,116.5,13.526678141135973,32.7,,,1.6
2017056,2017,f,2017-05-25,20,10,7.7,116.5,13.526678141135973,32.7,0.139,-1.973281345851445,1.475
2017057,2017,f,2017-05-05,0,10,8.0,108.5,13.526678141135973,31.3,,,2.1
2017057,2017,f,2017-05-08,3,10,8.0,108.5,13.526678141135973,31.3,,,2.075
2017057,2017,f,2017-05-18,13,10,8.0,108.5,13.526678141135973,31.3,0.152,-1.8838747581358606,1.6
2017057,2017,f,2017-05-21,16,10,8.0,108.5,13.526678141135973,31.3,0.138,-1.9805015938249322,1.475
2017058,2017,m,2017-05-05,0,10,8.0,86.33333333333333,13.526678141135973,31.8,0.215,-1.5371172508544744,2.2
2017058,2017,m,2017-05-11,6,10,8.0,86.33333333333333,13.526678141135973,31.8,0.165,-1.8018098050815563,2.05
2017058,2017,m,2017-05-11,6,10,8.0,86.33333333333333,13.526678141135973,31.8,0.165,-1.8018098050815563,2.05
2017058,2017,m,2017-05-14,9,10,8.0,86.33333333333333,13.526678141135973,31.8,0.158,-1.8451602459551701,1.875
2017058,2017,m,2017-05-18,13,10,8.0,86.33333333333333,13.526678141135973,31.8,0.131,-2.0325579557809856,1.625
2017058,2017,m,2017-05-19,14,10,8.0,86.33333333333333,13.526678141135973,31.8,,,1.6
2017059,2017,m,2017-05-05,0,10,4.5,40.5,13.526678141135973,33.0,0.191,-1.6554818509355071,2.2
2017059,2017,m,2017-05-14,9,10,4.5,40.5,13.526678141135973,33.0,0.143,-1.9449106487222299,2.1
2017060,2017,m,2017-05-05,0,10,0.0,0.0,13.526678141135973,31.0,0.158,-1.8451602459551701,2.175
2017061,2017,f,2017-05-05,0,10,7.0,80.5,13.526678141135973,31.6,0.256,-1.3625778345025745,2.45
2017061,2017,f,2017-05-08,3,10,7.0,80.5,13.526678141135973,31.6,,,2.1
2017061,2017,f,2017-05-17,12,10,7.0,80.5,13.526678141135973,31.6,,,1.9
2017061,2017,f,2017-05-18,13,10,7.0,80.5,13.526678141135973,31.6,0.176,-1.7372712839439852,1.85
2017062,2017,f,2017-05-06,0,11,6.25,58.25,13.526678141135973,32.25,0.221,-1.5095925774643841,2.35
2017062,2017,f,2017-05-11,5,11,6.25,58.25,13.526678141135973,32.25,0.205,-1.584745299843729,2.025
2017062,2017,f,2017-05-14,8,11,6.25,58.25,13.526678141135973,32.25,0.215,-1.5371172508544744,1.85
2017062,2017,f,2017-05-18,12,11,6.25,58.25,13.526678141135973,32.25,0.17,-1.7719568419318752,1.9
2017063,2017,f,2017-05-06,0,11,6.666666666666667,69.33333333333333,13.526678141135973,34.9,0.281,-1.2694006096483912,2.225
2017063,2017,f,2017-05-14,8,11,6.666666666666667,69.33333333333333,13.526678141135973,34.9,0.232,-1.4610179073158271,2.1
2017063,2017,f,2017-05-18,12,11,6.666666666666667,69.33333333333333,13.526678141135973,34.9,,,1.9
2017064,2017,f,2017-05-06,0,11,4.0,32.0,13.526678141135973,31.8,0.239,-1.4312917270506265,2.325
2017064,2017,f,2017-05-14,8,11,4.0,32.0,13.526678141135973,31.8,0.201,-1.6044503709230613,2.1
2017065,2017,f,2017-05-06,0,11,7.666666666666667,96.33333333333333,13.526678141135973,31.7,0.247,-1.3983669423541598,2.1
2017065,2017,f,2017-05-14,8,11,7.666666666666667,96.33333333333333,13.526678141135973,31.7,0.236,-1.443923473956527,2.0
2017065,2017,f,2017-05-21,15,11,7.666666666666667,96.33333333333333,13.526678141135973,31.7,0.255,-1.3664917338237108,1.475
2017066,2017,m,2017-05-06,0,11,4.333333333333333,29.666666666666668,13.526678141135973,32.8,0.169,-1.7778565640590636,2.075
2017066,2017,m,2017-05-11,5,11,4.333333333333333,29.666666666666668,13.526678141135973,32.8,0.159,-1.8388510767619055,1.975
2017066,2017,m,2017-05-14,8,11,4.333333333333333,29.666666666666668,13.526678141135973,32.8,0.159,-1.8388510767619055,1.9
2017067,2017,f,2017-05-06,0,11,6.666666666666667,67.33333333333333,13.526678141135973,32.599999999999994,0.203,-1.5945492999403497,2.0
2017067,2017,f,2017-05-15,9,11,6.666666666666667,67.33333333333333,13.526678141135973,32.599999999999994,0.173,-1.7544636844843582,1.9
2017067,2017,f,2017-05-17,11,11,6.666666666666667,67.33333333333333,13.526678141135973,32.599999999999994,,,1.75
2017068,2017,f,2017-05-06,0,11,10.8,154.0,13.526678141135973,33.1,0.239,-1.4312917270506265,2.08
2017068,2017,f,2017-05-14,8,11,10.8,154.0,13.526678141135973,33.1,0.213,-1.546463113272712,1.725
2017068,2017,f,2017-05-21,15,11,10.8,154.0,13.526678141135973,33.1,0.237,-1.439695137847006,1.625
2017068,2017,f,2017-05-21,15,11,10.8,154.0,13.526678141135973,33.1,0.139,-1.973281345851445,1.625
2017068,2017,f,2017-05-22,16,11,10.8,154.0,13.526678141135973,33.1,,,1.625
2017069,2017,f,2017-05-06,0,11,6.0,72.0,13.526678141135973,31.9,0.278,-1.2801341652915,2.075
2017069,2017,f,2017-05-18,12,11,6.0,72.0,13.526678141135973,31.9,0.175,-1.742969305058623,
2017070,2017,f,2017-05-06,0,11,9.272727272727273,102.0,13.526678141135973,33.3,0.286,-1.2517634681622845,2.2
2017070,2017,f,2017-05-14,8,11,9.272727272727273,102.0,13.526678141135973,33.3,0.233,-1.4567168254164364,2.0
2017070,2017,f,2017-05-14,8,11,9.272727272727273,102.0,13.526678141135973,33.3,0.233,-1.4567168254164364,2.1
2017070,2017,f,2017-05-14,8,11,9.272727272727273,102.0,13.526678141135973,33.3,0.239,-1.4312917270506265,2.0
2017070,2017,f,2017-05-14,8,11,9.272727272727273,102.0,13.526678141135973,33.3,0.239,-1.4312917270506265,2.1
2017070,2017,f,2017-05-14,8,11,9.272727272727273,102.0,13.526678141135973,33.3,0.232,-1.4610179073158271,2.0
2017070,2017,f,2017-05-14,8,11,9.272727272727273,102.0,13.526678141135973,33.3,0.232,-1.4610179073158271,2.1
2017070,2017,f,2017-05-18,12,11,9.272727272727273,102.0,13.526678141135973,33.3,0.14,-1.9661128563728327,1.725
2017070,2017,f,2017-05-18,12,11,9.272727272727273,102.0,13.526678141135973,33.3,0.196,-1.6296406197516198,1.725
2017070,2017,f,2017-05-21,15,11,9.272727272727273,102.0,13.526678141135973,33.3,0.178,-1.725971728690052,1.525
2017070,2017,f,2017-05-21,15,11,9.272727272727273,102.0,13.526678141135973,33.3,0.178,-1.725971728690052,2.1
2017071,2017,m,2017-05-06,0,11,10.2,137.8,13.526678141135973,33.2,0.237,-1.439695137847006,2.05
2017071,2017,m,2017-05-14,8,11,10.2,137.8,13.526678141135973,33.2,0.148,-1.9105430052180221,
2017071,2017,m,2017-05-18,12,11,10.2,137.8,13.526678141135973,33.2,0.152,-1.8838747581358606,1.75
2017071,2017,m,2017-05-21,15,11,10.2,137.8,13.526678141135973,33.2,0.142,-1.9519282213808764,1.775
2017071,2017,m,2017-05-22,16,11,10.2,137.8,13.526678141135973,33.2,,,1.75
2017072,2017,m,2017-05-06,0,11,7.0,70.33333333333333,13.526678141135973,32.4,0.237,-1.439695137847006,1.9
2017072,2017,m,2017-05-10,4,11,7.0,70.33333333333333,13.526678141135973,32.4,,,1.8250000000000002
2017072,2017,m,2017-05-11,5,11,7.0,70.33333333333333,13.526678141135973,32.4,0.183,-1.6982691261407161,
2017072,2017,m,2017-05-14,8,11,7.0,70.33333333333333,13.526678141135973,32.4,0.146,-1.9241486572738007,1.95
2017072,2017,m,2017-05-17,11,11,7.0,70.33333333333333,13.526678141135973,32.4,,,1.725
2017072,2017,m,2017-05-20,14,11,7.0,70.33333333333333,13.526678141135973,32.4,,,1.35
2017073,2017,,2017-05-06,0,11,2.0,6.666666666666667,13.526678141135973,31.25,,,2.05
2017073,2017,,2017-05-08,2,11,2.0,6.666666666666667,13.526678141135973,31.25,,,1.8250000000000002
2017073,2017,,2017-05-10,4,11,2.0,6.666666666666667,13.526678141135973,31.25,,,2.025
2017074,2017,m,2017-05-07,0,12,8.5,101.16666666666667,13.526678141135973,31.200000000000003,,,2.225
2017074,2017,m,2017-05-11,4,12,8.5,101.16666666666667,13.526678141135973,31.200000000000003,0.142,-1.9519282213808764,1.95
2017074,2017,m,2017-05-14,7,12,8.5,101.16666666666667,13.526678141135973,31.200000000000003,0.15,-1.8971199848858813,1.8
2017074,2017,m,2017-05-18,11,12,8.5,101.16666666666667,13.526678141135973,31.200000000000003,0.132,-2.0249533563957662,1.725
2017074,2017,m,2017-05-21,14,12,8.5,101.16666666666667,13.526678141135973,31.200000000000003,0.135,-2.0024805005437076,1.65
2017074,2017,m,2017-05-22,15,12,8.5,101.16666666666667,13.526678141135973,31.200000000000003,,,1.6
2017075,2017,,2017-05-08,0,13,0.0,0.0,13.526678141135973,33.1,,,2.1
2017076,2017,f,2017-05-08,0,13,2.3333333333333335,12.333333333333334,13.526678141135973,31.4,,,2.375
2017076,2017,f,2017-05-09,1,13,2.3333333333333335,12.333333333333334,13.526678141135973,31.4,0.23,-1.4696759700589417,2.05
2017076,2017,f,2017-05-14,6,13,2.3333333333333335,12.333333333333334,13.526678141135973,31.4,0.213,-1.546463113272712,1.95
2017077,2017,m,2017-05-08,0,13,3.0,18.0,13.526678141135973,30.1,,,2.1
2017077,2017,m,2017-05-14,6,13,3.0,18.0,13.526678141135973,30.1,0.149,-1.903808973036678,1.8250000000000002
2017078,2017,,2017-05-08,0,13,0.0,0.0,13.526678141135973,30.9,,,1.9249999999999998
2017079,2017,,2017-05-08,0,13,5.0,50.0,13.526678141135973,31.5,,,2.025
2017079,2017,,2017-05-18,10,13,5.0,50.0,13.526678141135973,31.5,,,1.5750000000000002
2017080,2017,f,2017-05-08,0,13,2.3333333333333335,12.333333333333334,13.526678141135973,32.4,,,2.125
2017080,2017,f,2017-05-09,1,13,2.3333333333333335,12.333333333333334,13.526678141135973,32.4,0.243,-1.4146938356415886,2.2
2017080,2017,f,2017-05-14,6,13,2.3333333333333335,12.333333333333334,13.526678141135973,32.4,0.199,-1.6144504542576446,1.95
2017081,2017,f,2017-05-08,0,13,9.0,119.28571428571429,13.526678141135973,32.05,,,2.0
2017081,2017,f,2017-05-11,3,13,9.0,119.28571428571429,13.526678141135973,32.05,0.2,-1.6094379124341003,1.875
2017081,2017,f,2017-05-14,6,13,9.0,119.28571428571429,13.526678141135973,32.05,0.19,-1.6607312068216509,1.775
2017081,2017,f,2017-05-16,8,13,9.0,119.28571428571429,13.526678141135973,32.05,,,1.8
2017081,2017,f,2017-05-21,13,13,9.0,119.28571428571429,13.526678141135973,32.05,0.119,-2.1286317858706076,1.5750000000000002
2017081,2017,f,2017-05-22,14,13,9.0,119.28571428571429,13.526678141135973,32.05,,,1.525
2017081,2017,f,2017-05-27,19,13,9.0,119.28571428571429,13.526678141135973,32.05,,,1.225
2017082,2017,,2017-05-08,0,13,0.0,0.0,13.526678141135973,32.4,,,2.2
2017083,2017,m,2017-05-08,0,13,5.333333333333333,45.333333333333336,13.526678141135973,32.9,,,2.0
2017083,2017,m,2017-05-14,6,13,5.333333333333333,45.333333333333336,13.526678141135973,32.9,0.165,-1.8018098050815563,2.0
2017083,2017,m,2017-05-18,10,13,5.333333333333333,45.333333333333336,13.526678141135973,32.9,0.158,-1.8451602459551701,1.85
2017084,2017,,2017-05-08,0,13,0.0,0.0,13.526678141135973,31.700000000000003,,,1.85
2017085,2017,,2017-05-08,0,13,0.0,0.0,13.526678141135973,32.2,,,2.075
2017086,2017,f,2017-05-08,0,13,2.6666666666666665,13.333333333333334,13.526678141135973,33.7,,,2.275
2017086,2017,f,2017-05-10,2,13,2.6666666666666665,13.333333333333334,13.526678141135973,33.7,0.253,-1.374365790254617,2.3
2017086,2017,f,2017-05-14,6,13,2.6666666666666665,13.333333333333334,13.526678141135973,33.7,0.191,-1.6554818509355071,1.9249999999999998
2017087,2017,f,2017-05-09,0,14,4.666666666666667,35.333333333333336,13.526678141135973,32.8,0.245,-1.40649706843741,2.225
2017087,2017,f,2017-05-14,5,14,4.666666666666667,35.333333333333336,13.526678141135973,32.8,0.228,-1.4784096500276962,1.775
2017087,2017,f,2017-05-18,9,14,4.666666666666667,35.333333333333336,13.526678141135973,32.8,0.18,-1.7147984280919266,1.75
2017088,2017,m,2017-05-09,0,14,6.833333333333333,70.5,13.526678141135973,34.5,0.214,-1.5417792639602856,2.225
2017088,2017,m,2017-05-11,2,14,6.833333333333333,70.5,13.526678141135973,34.5,0.19,-1.6607312068216509,2.075
2017088,2017,m,2017-05-14,5,14,6.833333333333333,70.5,13.526678141135973,34.5,0.179,-1.720369473141382,1.95
2017088,2017,m,2017-05-18,9,14,6.833333333333333,70.5,13.526678141135973,34.5,0.15,-1.8971199848858813,1.9
2017088,2017,m,2017-05-21,12,14,6.833333333333333,70.5,13.526678141135973,34.5,0.136,-1.995100393246085,1.75
2017088,2017,m,2017-05-22,13,14,6.833333333333333,70.5,13.526678141135973,34.5,,,1.6
2017089,2017,m,2017-05-09,0,14,0.0,0.0,13.526678141135973,31.9,0.169,-1.7778565640590636,2.125
2017090,2017,m,2017-05-09,0,14,2.5,12.5,13.526678141135973,31.6,0.197,-1.6245515502441485,1.9249999999999998
2017090,2017,m,2017-05-14,5,14,2.5,12.5,13.526678141135973,31.6,0.147,-1.9173226922034008,1.8250000000000002
2017091,2017,f,2017-05-09,0,14,2.3333333333333335,9.666666666666666,13.526678141135973,34.7,0.263,-1.3356012468043725,2.3
2017091,2017,f,2017-05-11,2,14,2.3333333333333335,9.666666666666666,13.526678141135973,34.7,0.235,-1.448169764837978,2.1
2017091,2017,f,2017-05-14,5,14,2.3333333333333335,9.666666666666666,13.526678141135973,34.7,0.221,-1.5095925774643841,1.975
2017092,2017,m,2017-05-10,0,15,2.0,8.0,13.526678141135973,31.6,0.188,-1.6713133161521878,2.05
2017092,2017,m,2017-05-14,4,15,2.0,8.0,13.526678141135973,31.6,,,1.975
2017093,2017,m,2017-05-10,0,15,3.4,19.4,13.526678141135973,30.700000000000003,,,2.05
2017093,2017,m,2017-05-11,1,15,3.4,19.4,13.526678141135973,30.700000000000003,0.15,-1.8971199848858813,1.8
2017093,2017,m,2017-05-14,4,15,3.4,19.4,13.526678141135973,30.700000000000003,0.141,-1.9589953886039688,1.6749999999999998
2017093,2017,m,2017-05-14,4,15,3.4,19.4,13.526678141135973,30.700000000000003,0.157,-1.851509473633829,1.6749999999999998
2017093,2017,m,2017-05-18,8,15,3.4,19.4,13.526678141135973,30.700000000000003,0.13,-2.0402208285265546,1.6
2017094,2017,m,2017-05-10,0,15,4.0,26.666666666666668,13.526678141135973,33.7,,,2.48
2017094,2017,m,2017-05-14,4,15,4.0,26.666666666666668,13.526678141135973,33.7,0.158,-1.8451602459551701,1.975
2017094,2017,m,2017-05-18,8,15,4.0,26.666666666666668,13.526678141135973,33.7,0.143,-1.9449106487222299,2.0
2017095,2017,m,2017-05-10,0,15,0.0,0.0,13.526678141135973,32.0,0.16,-1.8325814637483102,2.05
2017096,2017,m,2017-05-10,0,15,0.0,0.0,13.526678141135973,30.0,0.204,-1.5896352851379207,2.0
2017097,2017,m,2017-05-10,0,15,3.6666666666666665,21.666666666666668,13.526678141135973,31.0,0.208,-1.5702171992808192,1.9249999999999998
2017097,2017,m,2017-05-14,4,15,3.6666666666666665,21.666666666666668,13.526678141135973,31.0,0.17,-1.7719568419318752,1.9249999999999998
2017097,2017,m,2017-05-17,7,15,3.6666666666666665,21.666666666666668,13.526678141135973,31.0,,,1.8
2017098,2017,f,2017-05-10,0,15,0.0,0.0,13.526678141135973,28.8,0.165,-1.8018098050815563,1.85
2017099,2017,m,2017-05-11,0,16,2.3333333333333335,8.333333333333334,13.526678141135973,31.8,0.194,-1.6398971199188088,2.175
2017099,2017,m,2017-05-14,3,16,2.3333333333333335,8.333333333333334,13.526678141135973,31.8,0.166,-1.7957674906255938,1.9
2017099,2017,m,2017-05-15,4,16,2.3333333333333335,8.333333333333334,13.526678141135973,31.8,,,1.8250000000000002
2017100,2017,m,2017-05-11,0,16,6.2,55.8,13.526678141135973,30.2,0.173,-1.7544636844843582,1.85
2017100,2017,m,2017-05-14,3,16,6.2,55.8,13.526678141135973,30.2,0.139,-1.973281345851445,1.75
2017100,2017,m,2017-05-18,7,16,6.2,55.8,13.526678141135973,30.2,0.117,-2.145581344184381,1.6
2017100,2017,m,2017-05-21,10,16,6.2,55.8,13.526678141135973,30.2,0.115,-2.162823150618887,1.65
2017100,2017,m,2017-05-22,11,16,6.2,55.8,13.526678141135973,30.2,,,1.4249999999999998
2017101,2017,m,2017-05-11,0,16,3.3333333333333335,19.333333333333332,13.526678141135973,32.400000000000006,0.183,-1.6982691261407161,2.025
2017101,2017,m,2017-05-14,3,16,3.3333333333333335,19.333333333333332,13.526678141135973,32.400000000000006,0.164,-1.8078888511579385,1.8250000000000002
2017101,2017,m,2017-05-18,7,16,3.3333333333333335,19.333333333333332,13.526678141135973,32.400000000000006,0.146,-1.9241486572738007,1.75
2017102,2017,m,2017-05-11,0,16,6.2,55.8,13.526678141135973,31.5,0.191,-1.6554818509355071,1.9249999999999998
2017102,2017,m,2017-05-14,3,16,6.2,55.8,13.526678141135973,31.5,0.144,-1.9379419794061366,1.85
2017102,2017,m,2017-05-18,7,16,6.2,55.8,13.526678141135973,31.5,0.136,-1.995100393246085,1.875
2017102,2017,m,2017-05-21,10,16,6.2,55.8,13.526678141135973,31.5,0.139,-1.973281345851445,1.6
2017102,2017,m,2017-05-22,11,16,6.2,55.8,13.526678141135973,31.5,,,1.65
2017103,2017,m,2017-05-11,0,16,3.5,24.5,13.526678141135973,32.0,0.158,-1.8451602459551701,2.125
2017103,2017,m,2017-05-18,7,16,3.5,24.5,13.526678141135973,32.0,0.128,-2.05572501506252,1.8
2017104,2017,f,2017-05-11,0,16,5.857142857142857,43.857142857142854,13.526678141135973,32.8,0.251,-1.3823023398503531,2.2
2017104,2017,f,2017-05-15,4,16,5.857142857142857,43.857142857142854,13.526678141135973,32.8,,,2.05
2017104,2017,f,2017-05-16,5,16,5.857142857142857,43.857142857142854,13.526678141135973,32.8,,,2.075
2017104,2017,f,2017-05-17,6,16,5.857142857142857,43.857142857142854,13.526678141135973,32.8,,,2.0
2017104,2017,f,2017-05-18,7,16,5.857142857142857,43.857142857142854,13.526678141135973,32.8,0.206,-1.579879110192556,1.85
2017104,2017,f,2017-05-20,9,16,5.857142857142857,43.857142857142854,13.526678141135973,32.8,,,1.775
2017104,2017,f,2017-05-21,10,16,5.857142857142857,43.857142857142854,13.526678141135973,32.8,0.136,-1.995100393246085,1.775
2017105,2017,f,2017-05-11,0,16,1.5,4.5,13.526678141135973,29.85,0.226,-1.487220279709851,2.1
2017105,2017,f,2017-05-14,3,16,1.5,4.5,13.526678141135973,29.85,0.194,-1.6398971199188088,1.9249999999999998
2017106,2017,m,2017-05-11,0,16,1.5,4.5,13.526678141135973,30.8,0.184,-1.6928195213731514,1.8250000000000002
2017106,2017,m,2017-05-14,3,16,1.5,4.5,13.526678141135973,30.8,,,1.55
2017107,2017,m,2017-05-12,0,17,3.0,18.0,13.526678141135973,33.5,0.167,-1.7897614665653818,2.125
2017107,2017,m,2017-05-18,6,17,3.0,18.0,13.526678141135973,33.5,0.146,-1.9241486572738007,1.75
2017108,2017,m,2017-05-12,0,17,1.0,2.0,13.526678141135973,33.1,0.195,-1.6347557204183902,2.175
2017108,2017,m,2017-05-14,2,17,1.0,2.0,13.526678141135973,33.1,0.155,-1.8643301620628905,2.1
2017109,2017,f,2017-05-12,0,17,1.5,4.5,13.526678141135973,30.1,0.189,-1.6660082639224947,2.225
2017109,2017,f,2017-05-15,3,17,1.5,4.5,13.526678141135973,30.1,0.175,-1.742969305058623,2.0
2017110,2017,m,2017-05-12,0,17,5.6,46.8,13.526678141135973,33.1,0.19,-1.6607312068216509,2.1
2017110,2017,m,2017-05-14,2,17,5.6,46.8,13.526678141135973,33.1,0.186,-1.6820086052689358,1.975
2017110,2017,m,2017-05-19,7,17,5.6,46.8,13.526678141135973,33.1,,,1.8
2017110,2017,m,2017-05-21,9,17,5.6,46.8,13.526678141135973,33.1,0.135,-2.0024805005437076,
2017110,2017,m,2017-05-22,10,17,5.6,46.8,13.526678141135973,33.1,,,1.55
2017111,2017,m,2017-05-14,0,19,7.8,80.6,13.526678141135973,34.1,0.224,-1.4961092271270973,2.175
2017111,2017,m,2017-05-21,7,19,7.8,80.6,13.526678141135973,34.1,0.174,-1.7486999797676082,2.0
2017111,2017,m,2017-05-22,8,19,7.8,80.6,13.526678141135973,34.1,,,1.85
2017111,2017,m,2017-05-25,11,19,7.8,80.6,13.526678141135973,34.1,0.175,-1.742969305058623,1.85
2017111,2017,m,2017-05-27,13,19,7.8,80.6,13.526678141135973,34.1,,,1.8250000000000002
2017112,2017,m,2017-05-14,0,19,0.0,0.0,13.526678141135973,32.8,0.138,-1.9805015938249322,1.8250000000000002
2017113,2017,f,2017-05-14,0,19,6.0,50.0,13.526678141135973,34.6,0.295,-1.2207799226423173,2.2
2017113,2017,f,2017-05-18,4,19,6.0,50.0,13.526678141135973,34.6,0.278,-1.2801341652915,2.125
2017113,2017,f,2017-05-21,7,19,6.0,50.0,13.526678141135973,34.6,0.253,-1.374365790254617,2.025
2017113,2017,f,2017-05-22,8,19,6.0,50.0,13.526678141135973,34.6,,,1.975
2017113,2017,f,2017-05-25,11,19,6.0,50.0,13.526678141135973,34.6,0.199,-1.6144504542576446,1.85
2017114,2017,m,2017-05-14,0,19,0.0,0.0,13.526678141135973,28.299999999999997,0.163,-1.8140050781753747,1.775
2017115,2017,m,2017-05-14,0,19,4.0,22.5,13.526678141135973,32.1,0.157,-1.851509473633829,2.1
2017115,2017,m,2017-05-18,4,19,4.0,22.5,13.526678141135973,32.1,0.155,-1.8643301620628905,1.9249999999999998
2017115,2017,m,2017-05-19,5,19,4.0,22.5,13.526678141135973,32.1,,,1.85
2017115,2017,m,2017-05-21,7,19,4.0,22.5,13.526678141135973,32.1,0.152,-1.8838747581358606,
2017116,2017,m,2017-05-14,0,19,5.0,37.666666666666664,13.526678141135973,35.5,0.164,-1.8078888511579385,2.1
2017116,2017,m,2017-05-21,7,19,5.0,37.666666666666664,13.526678141135973,35.5,,,1.8250000000000002
2017116,2017,m,2017-05-22,8,19,5.0,37.666666666666664,13.526678141135973,35.5,,,1.6749999999999998
2017117,2017,f,2017-05-14,0,19,4.75,32.25,13.526678141135973,32.1,0.269,-1.313043899380298,2.0
2017117,2017,f,2017-05-18,4,19,4.75,32.25,13.526678141135973,32.1,0.202,-1.5994875815809322,1.75
2017117,2017,f,2017-05-21,7,19,4.75,32.25,13.526678141135973,32.1,0.188,-1.6713133161521878,1.8
2017117,2017,f,2017-05-22,8,19,4.75,32.25,13.526678141135973,32.1,,,1.8250000000000002
2017118,2017,f,2017-05-14,0,19,2.0,8.0,13.526678141135973,34.7,0.279,-1.2765434971607714,2.175
2017118,2017,f,2017-05-18,4,19,2.0,8.0,13.526678141135973,34.7,0.233,-1.4567168254164364,1.975
2017119,2017,f,2017-05-14,0,19,3.75,32.75,13.526678141135973,32.8,0.232,-1.4610179073158271,2.1500000000000004
2017119,2017,f,2017-05-15,1,19,3.75,32.75,13.526678141135973,32.8,0.206,-1.579879110192556,2.175
2017119,2017,f,2017-05-17,3,19,3.75,32.75,13.526678141135973,32.8,,,1.875
2017119,2017,f,2017-05-25,11,19,3.75,32.75,13.526678141135973,32.8,0.152,-1.8838747581358606,1.625
2017120,2017,f,2017-05-14,0,19,7.333333333333333,72.66666666666667,13.526678141135973,31.9,0.199,-1.6144504542576446,2.325
2017120,2017,f,2017-05-18,4,19,7.333333333333333,72.66666666666667,13.526678141135973,31.9,0.2,-1.6094379124341003,1.975
2017120,2017,f,2017-05-21,7,19,7.333333333333333,72.66666666666667,13.526678141135973,31.9,0.172,-1.760260802168684,1.875
2017120,2017,f,2017-05-23,9,19,7.333333333333333,72.66666666666667,13.526678141135973,31.9,,,1.6749999999999998
2017120,2017,f,2017-05-25,11,19,7.333333333333333,72.66666666666667,13.526678141135973,31.9,0.134,-2.0099154790312257,1.625
2017120,2017,f,2017-05-27,13,19,7.333333333333333,72.66666666666667,13.526678141135973,31.9,,,1.6
2017121,2017,m,2017-05-14,0,19,0.0,0.0,13.526678141135973,32.9,0.188,-1.6713133161521878,2.0
2017122,2017,m,2017-05-14,0,19,5.5,60.5,13.526678141135973,33.1,0.188,-1.6713133161521878,1.85
2017122,2017,m,2017-05-25,11,19,5.5,60.5,13.526678141135973,33.1,0.133,-2.017406150760383,1.65
2017123,2017,f,2017-05-14,0,19,1.0,1.6666666666666667,13.526678141135973,32.8,0.22,-1.5141277326297755,2.175
2017123,2017,f,2017-05-15,1,19,1.0,1.6666666666666667,13.526678141135973,32.8,0.186,-1.6820086052689358,1.8250000000000002
2017123,2017,f,2017-05-16,2,19,1.0,1.6666666666666667,13.526678141135973,32.8,,,1.75
2017124,2017,m,2017-05-14,0,19,2.0,8.0,13.526678141135973,34.4,0.217,-1.5278579254416775,2.025
2017124,2017,m,2017-05-18,4,19,2.0,8.0,13.526678141135973,34.4,0.169,-1.7778565640590636,2.05
2017125,2017,f,2017-05-14,0,19,2.0,6.5,13.526678141135973,35.1,0.265,-1.3280254529959148,2.1
2017125,2017,f,2017-05-15,1,19,2.0,6.5,13.526678141135973,35.1,,,2.0
2017125,2017,f,2017-05-17,3,19,2.0,6.5,13.526678141135973,35.1,,,2.0
2017125,2017,f,2017-05-18,4,19,2.0,6.5,13.526678141135973,35.1,0.179,-1.720369473141382,
2017126,2017,f,2017-05-14,0,19,3.0,13.666666666666666,13.526678141135973,30.9,0.217,-1.5278579254416775,2.075
2017126,2017,f,2017-05-18,4,19,3.0,13.666666666666666,13.526678141135973,30.9,,,1.775
2017126,2017,f,2017-05-19,5,19,3.0,13.666666666666666,13.526678141135973,30.9,,,1.75
2017127,2017,f,2017-05-14,0,19,3.5,24.5,13.526678141135973,33.1,0.203,-1.5945492999403497,2.1
2017127,2017,f,2017-05-21,7,19,3.5,24.5,13.526678141135973,33.1,0.16,-1.8325814637483102,1.8
2017128,2017,f,2017-05-14,0,19,3.0,13.666666666666666,13.526678141135973,31.299999999999997,0.225,-1.491654876777717,2.2
2017128,2017,f,2017-05-18,4,19,3.0,13.666666666666666,13.526678141135973,31.299999999999997,0.215,-1.5371172508544744,2.05
2017128,2017,f,2017-05-19,5,19,3.0,13.666666666666666,13.526678141135973,31.299999999999997,,,1.8
2017129,2017,f,2017-05-14,0,19,2.0,8.0,13.526678141135973,33.3,0.204,-1.5896352851379207,2.225
2017129,2017,f,2017-05-18,4,19,2.0,8.0,13.526678141135973,33.3,0.172,-1.760260802168684,1.75
2017130,2017,f,2017-05-14,0,19,8.0,96.66666666666667,13.526678141135973,32.7,0.296,-1.2173958246580767,2.1
2017130,2017,f,2017-05-25,11,19,8.0,96.66666666666667,13.526678141135973,32.7,0.174,-1.7486999797676082,1.6749999999999998
2017130,2017,f,2017-05-27,13,19,8.0,96.66666666666667,13.526678141135973,32.7,,,1.55
2017131,2017,m,2017-05-14,0,19,4.0,32.0,13.526678141135973,30.0,0.14,-1.9661128563728327,1.85
2017131,2017,m,2017-05-22,8,19,4.0,32.0,13.526678141135973,30.0,,,1.475
2017132,2017,f,2017-05-14,0,19,1.0,2.0,13.526678141135973,29.4,0.173,-1.7544636844843582,2.0
2017132,2017,f,2017-05-16,2,19,1.0,2.0,13.526678141135973,29.4,,,1.95
2017133,2017,f,2017-05-14,0,19,2.0,8.0,13.526678141135973,33.8,0.232,-1.4610179073158271,2.1
2017133,2017,f,2017-05-18,4,19,2.0,8.0,13.526678141135973,33.8,0.196,-1.6296406197516198,1.8
2017134,2017,m,2017-05-14,0,19,0.0,0.0,13.526678141135973,30.5,0.162,-1.820158943749753,1.875
2017135,2017,f,2017-05-14,0,19,2.0,8.0,13.526678141135973,31.6,0.214,-1.5417792639602856,2.125
2017135,2017,f,2017-05-18,4,19,2.0,8.0,13.526678141135973,31.6,0.176,-1.7372712839439852,1.775
2017136,2017,f,2017-05-14,0,19,5.0,42.666666666666664,13.526678141135973,33.9,0.317,-1.1488535051048565,
2017136,2017,f,2017-05-15,1,19,5.0,42.666666666666664,13.526678141135973,33.9,,,2.275
2017136,2017,f,2017-05-16,2,19,5.0,42.666666666666664,13.526678141135973,33.9,,,2.0
2017136,2017,f,2017-05-21,7,19,5.0,42.666666666666664,13.526678141135973,33.9,0.214,-1.5417792639602856,1.875
2017136,2017,f,2017-05-23,9,19,5.0,42.666666666666664,13.526678141135973,33.9,,,1.6749999999999998
2017136,2017,f,2017-05-25,11,19,5.0,42.666666666666664,13.526678141135973,33.9,0.165,-1.8018098050815563,1.6
2017137,2017,f,2017-05-15,0,20,4.5,39.5,13.526678141135973,33.3,,,2.125
2017137,2017,f,2017-05-16,1,20,4.5,39.5,13.526678141135973,33.3,,,2.2
2017137,2017,f,2017-05-21,6,20,4.5,39.5,13.526678141135973,33.3,0.221,-1.5095925774643841,1.85
2017137,2017,f,2017-05-26,11,20,4.5,39.5,13.526678141135973,33.3,,,1.85
2017138,2017,m,2017-05-15,0,20,2.3333333333333335,8.333333333333334,13.526678141135973,32.5,,,2.225
2017138,2017,m,2017-05-18,3,20,2.3333333333333335,8.333333333333334,13.526678141135973,32.5,0.172,-1.760260802168684,2.0
2017138,2017,m,2017-05-19,4,20,2.3333333333333335,8.333333333333334,13.526678141135973,32.5,,,1.8
2017139,2017,,2017-05-15,0,20,0.0,0.0,13.526678141135973,33.4,,,2.075
2017140,2017,f,2017-05-15,0,20,3.0,15.0,13.526678141135973,34.2,,,2.1
2017140,2017,f,2017-05-18,3,20,3.0,15.0,13.526678141135973,34.2,0.223,-1.5005835075220182,1.7
2017140,2017,f,2017-05-21,6,20,3.0,15.0,13.526678141135973,34.2,0.188,-1.6713133161521878,1.75
2017141,2017,f,2017-05-15,0,20,4.0,21.5,13.526678141135973,33.2,,,2.0
2017141,2017,f,2017-05-20,5,20,4.0,21.5,13.526678141135973,33.2,,,1.75
2017141,2017,f,2017-05-20,5,20,4.0,21.5,13.526678141135973,33.2,,,1.725
2017141,2017,f,2017-05-21,6,20,4.0,21.5,13.526678141135973,33.2,0.179,-1.720369473141382,1.7
2017142,2017,f,2017-05-15,0,20,4.666666666666667,38.666666666666664,13.526678141135973,32.0,,,2.2
2017142,2017,f,2017-05-19,4,20,4.666666666666667,38.666666666666664,13.526678141135973,32.0,,,1.75
2017142,2017,f,2017-05-25,10,20,4.666666666666667,38.666666666666664,13.526678141135973,32.0,0.152,-1.8838747581358606,1.625
2017143,2017,f,2017-05-15,0,20,1.5,4.5,13.526678141135973,32.2,,,2.2
2017143,2017,f,2017-05-18,3,20,1.5,4.5,13.526678141135973,32.2,0.2,-1.6094379124341003,1.85
2017144,2017,f,2017-05-15,0,20,3.0,15.0,13.526678141135973,31.8,,,2.125
2017144,2017,f,2017-05-18,3,20,3.0,15.0,13.526678141135973,31.8,0.208,-1.5702171992808192,1.9249999999999998
2017144,2017,f,2017-05-21,6,20,3.0,15.0,13.526678141135973,31.8,0.186,-1.6820086052689358,1.6
2017145,2017,,2017-05-15,0,20,0.0,0.0,13.526678141135973,31.0,,,1.775
2017146,2017,m,2017-05-15,0,20,4.333333333333333,28.333333333333332,13.526678141135973,30.55,,,2.1
2017146,2017,m,2017-05-21,6,20,4.333333333333333,28.333333333333332,13.526678141135973,30.55,0.135,-2.0024805005437076,2.0
2017146,2017,m,2017-05-22,7,20,4.333333333333333,28.333333333333332,13.526678141135973,30.55,,,1.6
2017147,2017,m,2017-05-15,0,20,2.3333333333333335,8.333333333333334,13.526678141135973,32.7,0.139,-1.973281345851445,1.75
2017147,2017,m,2017-05-18,3,20,2.3333333333333335,8.333333333333334,13.526678141135973,32.7,0.132,-2.0249533563957662,1.65
2017147,2017,m,2017-05-19,4,20,2.3333333333333335,8.333333333333334,13.526678141135973,32.7,,,1.45
2017148,2017,f,2017-05-15,0,20,5.2,40.8,13.526678141135973,31.9,0.219,-1.5186835491656363,2.175
2017148,2017,f,2017-05-17,2,20,5.2,40.8,13.526678141135973,31.9,,,1.875
2017148,2017,f,2017-05-21,6,20,5.2,40.8,13.526678141135973,31.9,0.196,-1.6296406197516198,1.6749999999999998
2017148,2017,f,2017-05-23,8,20,5.2,40.8,13.526678141135973,31.9,,,1.7
2017148,2017,f,2017-05-25,10,20,5.2,40.8,13.526678141135973,31.9,0.152,-1.8838747581358606,1.8
2017149,2017,m,2017-05-15,0,20,3.0,15.0,13.526678141135973,33.2,0.159,-1.8388510767619055,2.1
2017149,2017,m,2017-05-18,3,20,3.0,15.0,13.526678141135973,33.2,0.133,-2.017406150760383,1.725
2017149,2017,m,2017-05-21,6,20,3.0,15.0,13.526678141135973,33.2,0.128,-2.05572501506252,1.55
2017150,2017,m,2017-05-16,0,21,5.333333333333333,43.333333333333336,13.526678141135973,32.8,,,2.1
2017150,2017,m,2017-05-23,7,21,5.333333333333333,43.333333333333336,13.526678141135973,32.8,,,2.025
2017150,2017,m,2017-05-25,9,21,5.333333333333333,43.333333333333336,13.526678141135973,32.8,0.155,-1.8643301620628905,1.85
2017151,2017,m,2017-05-16,0,21,3.5,19.5,13.526678141135973,30.0,,,1.85
2017151,2017,m,2017-05-18,2,21,3.5,19.5,13.526678141135973,30.0,0.183,-1.6982691261407161,1.6
2017151,2017,m,2017-05-21,5,21,3.5,19.5,13.526678141135973,30.0,,,1.775
2017151,2017,m,2017-05-23,7,21,3.5,19.5,13.526678141135973,30.0,,,1.6
2017152,2017,m,2017-05-16,0,21,1.0,2.0,13.526678141135973,32.2,,,2.05
2017152,2017,m,2017-05-18,2,21,1.0,2.0,13.526678141135973,32.2,0.181,-1.7092582477163114,1.6
2017153,2017,m,2017-05-16,0,21,1.0,2.0,13.526678141135973,32.400000000000006,,,2.0
2017153,2017,m,2017-05-18,2,21,1.0,2.0,13.526678141135973,32.400000000000006,0.159,-1.8388510767619055,1.6
2017154,2017,,2017-05-17,0,22,0.0,0.0,13.526678141135973,30.2,,,1.6749999999999998
2017155,2017,f,2017-05-17,0,22,3.25,26.25,13.526678141135973,32.9,,,2.075
2017155,2017,f,2017-05-18,1,22,3.25,26.25,13.526678141135973,32.9,0.204,-1.5896352851379207,2.075
2017155,2017,f,2017-05-19,2,22,3.25,26.25,13.526678141135973,32.9,,,1.8
2017155,2017,f,2017-05-27,10,22,3.25,26.25,13.526678141135973,32.9,,,1.9
2017156,2017,f,2017-05-17,0,22,2.0,8.0,13.526678141135973,32.4,,,1.775
2017156,2017,f,2017-05-21,4,22,2.0,8.0,13.526678141135973,32.4,0.204,-1.5896352851379207,
2017157,2017,f,2017-05-18,0,23,1.5,4.5,13.526678141135973,34.1,0.226,-1.487220279709851,2.05
2017157,2017,f,2017-05-21,3,23,1.5,4.5,13.526678141135973,34.1,0.177,-1.731605546408308,
2017158,2017,f,2017-05-18,0,23,4.0,30.0,13.526678141135973,33.1,0.181,-1.7092582477163114,2.1
2017158,2017,f,2017-05-21,3,23,4.0,30.0,13.526678141135973,33.1,0.183,-1.6982691261407161,1.9
2017158,2017,f,2017-05-27,9,23,4.0,30.0,13.526678141135973,33.1,,,1.7
2017159,2017,f,2017-05-18,0,23,1.0,1.6666666666666667,13.526678141135973,32.599999999999994,0.211,-1.5558971455060706,2.1
2017159,2017,f,2017-05-19,1,23,1.0,1.6666666666666667,13.526678141135973,32.599999999999994,,,2.0
2017159,2017,f,2017-05-20,2,23,1.0,1.6666666666666667,13.526678141135973,32.599999999999994,,,1.8
2017160,2017,f,2017-05-18,0,23,0.5,0.5,13.526678141135973,31.4,0.28,-1.2729656758128873,2.2
2017160,2017,f,2017-05-19,1,23,0.5,0.5,13.526678141135973,31.4,,,1.8
2017161,2017,f,2017-05-18,0,23,0.5,0.5,13.526678141135973,32.2,0.263,-1.3356012468043725,2.175
2017161,2017,f,2017-05-19,1,23,0.5,0.5,13.526678141135973,32.2,,,1.85
2017162,2017,,2017-05-19,0,24,0.0,0.0,13.526678141135973,33.9,,,1.875
2017163,2017,,2017-05-19,0,24,0.0,0.0,13.526678141135973,33.4,,,2.2
2017164,2017,f,2017-05-19,0,24,1.6666666666666667,4.333333333333333,13.526678141135973,34.3,,,2.025
2017164,2017,f,2017-05-21,2,24,1.6666666666666667,4.333333333333333,13.526678141135973,34.3,0.216,-1.5324768712979722,1.9
2017164,2017,f,2017-05-22,3,24,1.6666666666666667,4.333333333333333,13.526678141135973,34.3,,,1.8250000000000002
2017165,2017,f,2017-05-19,0,24,5.75,45.25,13.526678141135973,31.9,,,1.975
2017165,2017,f,2017-05-25,6,24,5.75,45.25,13.526678141135973,31.9,0.191,-1.6554818509355071,1.775
2017165,2017,f,2017-05-27,8,24,5.75,45.25,13.526678141135973,31.9,,,1.6
2017165,2017,f,2017-05-28,9,24,5.75,45.25,13.526678141135973,31.9,,,1.6
2017166,2017,,2017-05-19,0,24,0.0,0.0,13.526678141135973,32.3,,,2.05
2017167,2017,f,2017-05-19,0,24,1.0,2.0,13.526678141135973,32.0,,,1.7
2017167,2017,f,2017-05-21,2,24,1.0,2.0,13.526678141135973,32.0,0.137,-1.987774353154012,1.65
2017168,2017,f,2017-05-19,0,24,3.6666666666666665,28.333333333333332,13.526678141135973,34.900000000000006,,,2.2
2017168,2017,f,2017-05-21,2,24,3.6666666666666665,28.333333333333332,13.526678141135973,34.900000000000006,0.178,-1.725971728690052,2.1
2017168,2017,f,2017-05-28,9,24,3.6666666666666665,28.333333333333332,13.526678141135973,34.900000000000006,,,1.875
2017169,2017,,2017-05-20,0,25,0.0,0.0,13.526678141135973,32.1,,,1.95
2017170,2017,f,2017-05-20,0,25,0.5,0.5,13.526678141135973,32.1,,,2.05
2017170,2017,f,2017-05-21,1,25,0.5,0.5,13.526678141135973,32.1,0.202,-1.5994875815809322,1.875
2017171,2017,f,2017-05-20,0,25,4.0,24.666666666666668,13.526678141135973,30.799999999999997,,,1.85
2017171,2017,f,2017-05-25,5,25,4.0,24.666666666666668,13.526678141135973,30.799999999999997,0.188,-1.6713133161521878,1.875
2017171,2017,f,2017-05-27,7,25,4.0,24.666666666666668,13.526678141135973,30.799999999999997,,,1.8
2017172,2017,,2017-05-20,0,25,0.0,0.0,13.526678141135973,32.400000000000006,,,1.5750000000000002
2017173,2017,,2017-05-20,0,25,0.0,0.0,13.526678141135973,29.1,,,1.85
2017174,2017,f,2017-05-20,0,25,0.5,0.5,13.526678141135973,32.0,,,1.85
2017174,2017,f,2017-05-21,1,25,0.5,0.5,13.526678141135973,32.0,0.186,-1.6820086052689358,1.85
2017175,2017,f,2017-05-20,0,25,2.0,7.5,13.526678141135973,34.8,,,2.1
2017175,2017,f,2017-05-21,1,25,2.0,7.5,13.526678141135973,34.8,0.243,-1.4146938356415886,1.8250000000000002
2017175,2017,f,2017-05-22,2,25,2.0,7.5,13.526678141135973,34.8,,,1.9249999999999998
2017175,2017,f,2017-05-25,5,25,2.0,7.5,13.526678141135973,34.8,0.212,-1.5511690043101247,1.775
2017176,2017,f,2017-05-20,0,25,1.0,1.6666666666666667,13.526678141135973,34.2,,,2.025
2017176,2017,f,2017-05-21,1,25,1.0,1.6666666666666667,13.526678141135973,34.2,0.216,-1.5324768712979722,2.05
2017176,2017,f,2017-05-22,2,25,1.0,1.6666666666666667,13.526678141135973,34.2,,,1.8
2017177,2017,f,2017-05-20,0,25,2.0,8.666666666666666,13.526678141135973,29.299999999999997,,,1.8
2017177,2017,f,2017-05-21,1,25,2.0,8.666666666666666,13.526678141135973,29.299999999999997,0.174,-1.7486999797676082,1.85
2017177,2017,f,2017-05-25,5,25,2.0,8.666666666666666,13.526678141135973,29.299999999999997,0.128,-2.05572501506252,
2017178,2017,f,2017-05-21,0,26,1.6,5.2,13.526678141135973,34.0,0.18,-1.7147984280919266,1.95
2017178,2017,f,2017-05-21,0,26,1.6,5.2,13.526678141135973,34.0,0.18,-1.7147984280919266,1.9249999999999998
2017178,2017,f,2017-05-22,1,26,1.6,5.2,13.526678141135973,34.0,,,1.7
2017178,2017,f,2017-05-24,3,26,1.6,5.2,13.526678141135973,34.0,0.19,-1.6607312068216509,1.75
2017178,2017,f,2017-05-25,4,26,1.6,5.2,13.526678141135973,34.0,,,1.55
2017179,2017,m,2017-05-22,0,27,1.5,4.5,13.526678141135973,31.6,,,1.775
2017179,2017,m,2017-05-25,3,27,1.5,4.5,13.526678141135973,31.6,0.132,-2.0249533563957662,1.55
2017180,2017,,2017-05-22,0,27,0.0,0.0,13.526678141135973,33.1,,,1.65
2017181,2017,,2017-05-22,0,27,0.0,0.0,13.526678141135973,32.0,,,1.8250000000000002
2017182,2017,f,2017-05-22,0,27,1.0,2.0,13.526678141135973,34.2,,,2.225
2017182,2017,f,2017-05-24,2,27,1.0,2.0,13.526678141135973,34.2,0.24,-1.4271163556401458,2.0
2017183,2017,,2017-05-23,0,28,2.0,8.0,13.526678141135973,34.2,,,1.8250000000000002
2017183,2017,,2017-05-27,4,28,2.0,8.0,13.526678141135973,34.2,,,1.525
2017184,2017,m,2017-05-25,0,30,1.5,4.5,13.526678141135973,31.6,0.167,-1.7897614665653818,1.85
2017184,2017,m,2017-05-28,3,30,1.5,4.5,13.526678141135973,31.6,,,1.8
2017185,2017,,2017-05-26,0,31,0.0,0.0,13.526678141135973,33.2,,,1.725
2017186,2017,,2017-05-27,0,32,0.0,0.0,13.526678141135973,29.9,,,1.7
2017187,2017,,2017-05-27,0,32,0.0,0.0,13.526678141135973,32.6,,,1.6749999999999998
2017188,2017,,2017-05-27,0,32,0.5,0.5,13.526678141135973,29.8,,,1.725
2017188,2017,,2017-05-28,1,32,0.5,0.5,13.526678141135973,29.8,,,1.775
2017926,2017,,2017-05-02,0,7,0.0,0.0,13.526678141135973,30.8,,,2.0
2018001,2018,m,2018-04-30,0,1,3.3333333333333335,19.333333333333332,6.54071661237785,33.1,0.172,-1.760260802168684,2.075
2018001,2018,m,2018-05-03,3,1,3.3333333333333335,19.333333333333332,6.54071661237785,33.1,0.166,-1.7957674906255938,2.1
2018001,2018,m,2018-05-07,7,1,3.3333333333333335,19.333333333333332,6.54071661237785,33.1,0.128,-2.05572501506252,1.8
2018002,2018,m,2018-04-30,0,1,4.666666666666667,43.333333333333336,6.54071661237785,30.6,0.176,-1.7372712839439852,2.25
2018002,2018,m,2018-05-03,3,1,4.666666666666667,43.333333333333336,6.54071661237785,30.6,0.142,-1.9519282213808764,2.025
2018002,2018,m,2018-05-11,11,1,4.666666666666667,43.333333333333336,6.54071661237785,30.6,0.138,-1.9805015938249322,1.875
2018003,2018,m,2018-04-30,0,1,0.0,0.0,6.54071661237785,32.900000000000006,0.191,-1.6554818509355071,1.625
2018004,2018,m,2018-04-30,0,1,3.3333333333333335,19.333333333333332,6.54071661237785,30.6,0.199,-1.6144504542576446,1.85
2018004,2018,m,2018-05-03,3,1,3.3333333333333335,19.333333333333332,6.54071661237785,30.6,0.158,-1.8451602459551701,1.9
2018004,2018,m,2018-05-07,7,1,3.3333333333333335,19.333333333333332,6.54071661237785,30.6,0.13,-2.0402208285265546,1.5
2018005,2018,m,2018-04-30,0,1,3.3333333333333335,19.333333333333332,6.54071661237785,32.7,0.179,-1.720369473141382,2.075
2018005,2018,m,2018-05-03,3,1,3.3333333333333335,19.333333333333332,6.54071661237785,32.7,0.174,-1.7486999797676082,2.1
2018005,2018,m,2018-05-07,7,1,3.3333333333333335,19.333333333333332,6.54071661237785,32.7,0.132,-2.0249533563957662,1.8
2018006,2018,m,2018-05-01,0,2,2.6666666666666665,13.333333333333334,6.54071661237785,31.3,0.183,-1.6982691261407161,1.85
2018006,2018,m,2018-05-03,2,2,2.6666666666666665,13.333333333333334,6.54071661237785,31.3,0.167,-1.7897614665653818,1.85
2018006,2018,m,2018-05-07,6,2,2.6666666666666665,13.333333333333334,6.54071661237785,31.3,0.16,-1.8325814637483102,1.7
2018007,2018,m,2018-05-01,0,2,1.0,2.0,6.54071661237785,28.4,0.18,-1.7147984280919266,1.9
2018007,2018,m,2018-05-03,2,2,1.0,2.0,6.54071661237785,28.4,0.148,-1.9105430052180221,1.725
2018008,2018,m,2018-05-01,0,2,1.3333333333333333,2.6666666666666665,6.54071661237785,30.6,0.17,-1.7719568419318752,1.8
2018008,2018,m,2018-05-03,2,2,1.3333333333333333,2.6666666666666665,6.54071661237785,30.6,0.154,-1.870802676568508,1.625
2018008,2018,m,2018-05-03,2,2,1.3333333333333333,2.6666666666666665,6.54071661237785,30.6,0.144,-1.9379419794061366,1.625
2018009,2018,m,2018-05-01,0,2,1.0,2.0,6.54071661237785,33.8,0.207,-1.575036485716768,2.2
2018009,2018,m,2018-05-03,2,2,1.0,2.0,6.54071661237785,33.8,0.196,-1.6296406197516198,1.95
2018010,2018,m,2018-05-01,0,2,0.0,0.0,6.54071661237785,33.2,0.229,-1.4740332754278973,2.075
2018011,2018,m,2018-05-01,0,2,1.0,2.0,6.54071661237785,31.5,0.204,-1.5896352851379207,1.875
2018011,2018,m,2018-05-03,2,2,1.0,2.0,6.54071661237785,31.5,0.157,-1.851509473633829,1.75
2018012,2018,m,2018-05-01,0,2,2.6666666666666665,13.333333333333334,6.54071661237785,30.4,0.188,-1.6713133161521878,1.975
2018012,2018,m,2018-05-03,2,2,2.6666666666666665,13.333333333333334,6.54071661237785,30.4,0.156,-1.8578992717326,2.1
2018012,2018,m,2018-05-07,6,2,2.6666666666666665,13.333333333333334,6.54071661237785,30.4,0.125,-2.0794415416798357,1.85
2018013,2018,m,2018-05-01,0,2,1.0,2.0,6.54071661237785,30.8,0.208,-1.5702171992808192,1.8
2018013,2018,m,2018-05-03,2,2,1.0,2.0,6.54071661237785,30.8,0.144,-1.9379419794061366,1.9
2018014,2018,f,2018-05-01,0,2,3.3333333333333335,27.333333333333332,6.54071661237785,31.450000000000003,0.244,-1.410587053688935,2.175
2018014,2018,f,2018-05-02,1,2,3.3333333333333335,27.333333333333332,6.54071661237785,31.450000000000003,0.22,-1.5141277326297755,2.0
2018014,2018,f,2018-05-10,9,2,3.3333333333333335,27.333333333333332,6.54071661237785,31.450000000000003,0.149,-1.903808973036678,1.6749999999999998
2018015,2018,m,2018-05-01,0,2,5.0,45.285714285714285,6.54071661237785,31.1,0.187,-1.6766466621275504,1.875
2018015,2018,m,2018-05-03,2,2,5.0,45.285714285714285,6.54071661237785,31.1,0.161,-1.8263509139976741,1.9249999999999998
2018015,2018,m,2018-05-03,2,2,5.0,45.285714285714285,6.54071661237785,31.1,0.159,-1.8388510767619055,1.9249999999999998
2018015,2018,m,2018-05-03,2,2,5.0,45.285714285714285,6.54071661237785,31.1,0.154,-1.870802676568508,1.9249999999999998
2018015,2018,m,2018-05-07,6,2,5.0,45.285714285714285,6.54071661237785,31.1,0.115,-2.162823150618887,1.8
2018015,2018,m,2018-05-11,10,2,5.0,45.285714285714285,6.54071661237785,31.1,0.126,-2.071473372030659,1.8
2018015,2018,m,2018-05-14,13,2,5.0,45.285714285714285,6.54071661237785,31.1,0.095,-2.353878387381596,1.5750000000000002
2018016,2018,m,2018-05-01,0,2,0.0,0.0,6.54071661237785,31.4,0.091,-2.396895772465287,1.85
2018017,2018,m,2018-05-01,0,2,2.6666666666666665,13.333333333333334,6.54071661237785,32.3,0.229,-1.4740332754278973,1.875
2018017,2018,m,2018-05-03,2,2,2.6666666666666665,13.333333333333334,6.54071661237785,32.3,0.171,-1.7660917224794772,1.8
2018017,2018,m,2018-05-07,6,2,2.6666666666666665,13.333333333333334,6.54071661237785,32.3,0.159,-1.8388510767619055,1.7
2018018,2018,m,2018-05-01,0,2,1.0,2.0,6.54071661237785,31.0,0.203,-1.5945492999403497,1.775
2018018,2018,m,2018-05-03,2,2,1.0,2.0,6.54071661237785,31.0,0.164,-1.8078888511579385,1.9
2018019,2018,m,2018-05-01,0,2,4.0,34.666666666666664,6.54071661237785,31.4,0.212,-1.5511690043101247,1.9249999999999998
2018019,2018,m,2018-05-03,2,2,4.0,34.666666666666664,6.54071661237785,31.4,0.164,-1.8078888511579385,1.85
2018019,2018,m,2018-05-11,10,2,4.0,34.666666666666664,6.54071661237785,31.4,0.126,-2.071473372030659,1.75
2018020,2018,m,2018-05-01,0,2,1.0,2.0,6.54071661237785,33.1,0.192,-1.6502599069543555,1.9249999999999998
2018020,2018,m,2018-05-03,2,2,1.0,2.0,6.54071661237785,33.1,0.153,-1.8773173575897015,1.85
2018021,2018,m,2018-05-01,0,2,1.0,2.0,6.54071661237785,30.0,0.206,-1.579879110192556,1.875
2018021,2018,m,2018-05-03,2,2,1.0,2.0,6.54071661237785,30.0,0.154,-1.870802676568508,1.5750000000000002
2018022,2018,m,2018-05-01,0,2,2.6666666666666665,13.333333333333334,6.54071661237785,29.4,0.156,-1.8578992717326,1.8
2018022,2018,m,2018-05-03,2,2,2.6666666666666665,13.333333333333334,6.54071661237785,29.4,0.126,-2.071473372030659,1.55
2018022,2018,m,2018-05-07,6,2,2.6666666666666665,13.333333333333334,6.54071661237785,29.4,0.1,-2.3025850929940455,1.475
2018023,2018,m,2018-05-02,0,3,0.0,0.0,6.54071661237785,32.3,0.177,-1.731605546408308,1.9249999999999998
2018024,2018,m,2018-05-02,0,3,2.0,8.666666666666666,6.54071661237785,32.7,0.187,-1.6766466621275504,2.05
2018024,2018,m,2018-05-03,1,3,2.0,8.666666666666666,6.54071661237785,32.7,0.143,-1.9449106487222299,1.875
2018024,2018,m,2018-05-07,5,3,2.0,8.666666666666666,6.54071661237785,32.7,0.15,-1.8971199848858813,
2018025,2018,m,2018-05-02,0,3,0.0,0.0,6.54071661237785,32.4,0.184,-1.6928195213731514,1.85
2018026,2018,f,2018-05-02,0,3,2.0,8.666666666666666,6.54071661237785,30.6,0.234,-1.4524341636244356,1.9
2018026,2018,f,2018-05-03,1,3,2.0,8.666666666666666,6.54071661237785,30.6,0.209,-1.565421027017326,1.95
2018026,2018,f,2018-05-07,5,3,2.0,8.666666666666666,6.54071661237785,30.6,0.151,-1.8904754421672127,1.875
2018027,2018,f,2018-05-02,0,3,2.0,8.666666666666666,6.54071661237785,30.4,0.248,-1.3943265328171548,2.025
2018027,2018,f,2018-05-03,1,3,2.0,8.666666666666666,6.54071661237785,30.4,0.214,-1.5417792639602856,1.9
2018027,2018,f,2018-05-07,5,3,2.0,8.666666666666666,6.54071661237785,30.4,0.179,-1.720369473141382,1.925
2018028,2018,m,2018-05-02,0,3,0.0,0.0,6.54071661237785,32.1,0.159,-1.8388510767619055,2.075
2018029,2018,m,2018-05-02,0,3,3.75,26.75,6.54071661237785,30.2,0.175,-1.742969305058623,1.8
2018029,2018,m,2018-05-03,1,3,3.75,26.75,6.54071661237785,30.2,0.144,-1.9379419794061366,1.85
2018029,2018,m,2018-05-07,5,3,3.75,26.75,6.54071661237785,30.2,0.131,-2.0325579557809856,
2018029,2018,m,2018-05-11,9,3,3.75,26.75,6.54071661237785,30.2,0.119,-2.1286317858706076,1.6
2018030,2018,m,2018-05-02,0,3,3.0,21.4,6.54071661237785,30.6,0.157,-1.851509473633829,2.05
2018030,2018,m,2018-05-02,0,3,3.0,21.4,6.54071661237785,30.6,0.157,-1.851509473633829,2.05
2018030,2018,m,2018-05-03,1,3,3.0,21.4,6.54071661237785,30.6,0.139,-1.973281345851445,1.775
2018030,2018,m,2018-05-07,5,3,3.0,21.4,6.54071661237785,30.6,0.124,-2.0874737133771,1.775
2018030,2018,m,2018-05-11,9,3,3.0,21.4,6.54071661237785,30.6,0.115,-2.162823150618887,1.7
2018031,2018,f,2018-05-02,0,3,0.5,0.5,6.54071661237785,31.6,0.246,-1.4024237430497744,2.1
2018031,2018,f,2018-05-03,1,3,0.5,0.5,6.54071661237785,31.6,0.232,-1.4610179073158271,1.9249999999999998
2018032,2018,m,2018-05-02,0,3,3.75,26.75,6.54071661237785,32.6,0.216,-1.5324768712979722,2.275
2018032,2018,m,2018-05-03,1,3,3.75,26.75,6.54071661237785,32.6,0.19,-1.6607312068216509,2.025
2018032,2018,m,2018-05-07,5,3,3.75,26.75,6.54071661237785,32.6,0.142,-1.9519282213808764,1.625
2018032,2018,m,2018-05-11,9,3,3.75,26.75,6.54071661237785,32.6,0.148,-1.9105430052180221,1.725
2018033,2018,m,2018-05-02,0,3,0.0,0.0,6.54071661237785,31.5,0.225,-1.491654876777717,1.875
2018034,2018,m,2018-05-02,0,3,0.0,0.0,6.54071661237785,30.6,0.168,-1.783791299578878,1.8250000000000002
2018035,2018,m,2018-05-02,0,3,0.5,0.5,6.54071661237785,29.6,0.196,-1.6296406197516198,2.0
2018035,2018,m,2018-05-03,1,3,0.5,0.5,6.54071661237785,29.6,0.147,-1.9173226922034008,1.75
2018036,2018,m,2018-05-02,0,3,8.4,101.2,6.54071661237785,33.1,0.26,-1.3470736479666092,1.9
2018036,2018,m,2018-05-07,5,3,8.4,101.2,6.54071661237785,33.1,0.163,-1.8140050781753747,1.9
2018036,2018,m,2018-05-11,9,3,8.4,101.2,6.54071661237785,33.1,0.174,-1.7486999797676082,1.85
2018036,2018,m,2018-05-14,12,3,8.4,101.2,6.54071661237785,33.1,0.148,-1.9105430052180221,1.625
2018036,2018,m,2018-05-18,16,3,8.4,101.2,6.54071661237785,33.1,0.138,-1.9805015938249322,1.55
2018037,2018,m,2018-05-02,0,3,7.166666666666667,84.5,6.54071661237785,32.1,0.182,-1.7037485919053417,2.075
2018037,2018,m,2018-05-03,1,3,7.166666666666667,84.5,6.54071661237785,32.1,0.169,-1.7778565640590636,1.975
2018037,2018,m,2018-05-07,5,3,7.166666666666667,84.5,6.54071661237785,32.1,0.123,-2.0955709236097197,1.8250000000000002
2018037,2018,m,2018-05-11,9,3,7.166666666666667,84.5,6.54071661237785,32.1,0.133,-2.017406150760383,1.775
2018037,2018,m,2018-05-14,12,3,7.166666666666667,84.5,6.54071661237785,32.1,0.117,-2.145581344184381,1.65
2018037,2018,m,2018-05-18,16,3,7.166666666666667,84.5,6.54071661237785,32.1,0.114,-2.1715568305876416,1.5
2018038,2018,m,2018-05-02,0,3,4.333333333333333,48.333333333333336,6.54071661237785,31.9,0.198,-1.6194882482876019,2.2
2018038,2018,m,2018-05-03,1,3,4.333333333333333,48.333333333333336,6.54071661237785,31.9,0.184,-1.6928195213731514,2.0
2018038,2018,m,2018-05-14,12,3,4.333333333333333,48.333333333333336,6.54071661237785,31.9,0.087,-2.4418471603275536,
2018039,2018,m,2018-05-02,0,3,2.5,12.5,6.54071661237785,30.700000000000003,0.158,-1.8451602459551701,1.8
2018039,2018,m,2018-05-07,5,3,2.5,12.5,6.54071661237785,30.700000000000003,0.138,-1.9805015938249322,1.725
2018040,2018,m,2018-05-03,0,4,2.0,8.0,6.54071661237785,30.2,0.144,-1.9379419794061366,1.8250000000000002
2018040,2018,m,2018-05-07,4,4,2.0,8.0,6.54071661237785,30.2,0.117,-2.145581344184381,1.7
2018041,2018,m,2018-05-03,0,4,2.3333333333333335,8.333333333333334,6.54071661237785,31.5,0.173,-1.7544636844843582,1.85
2018041,2018,m,2018-05-06,3,4,2.3333333333333335,8.333333333333334,6.54071661237785,31.5,0.121,-2.111964733385396,1.775
2018041,2018,m,2018-05-07,4,4,2.3333333333333335,8.333333333333334,6.54071661237785,31.5,0.11,-2.2072749131897207,1.55
2018042,2018,m,2018-05-03,0,4,2.0,8.0,6.54071661237785,31.1,0.18,-1.7147984280919266,1.85
2018042,2018,m,2018-05-07,4,4,2.0,8.0,6.54071661237785,31.1,0.15,-1.8971199848858813,
2018043,2018,m,2018-05-03,0,4,0.0,0.0,6.54071661237785,30.8,0.189,-1.6660082639224947,2.1
2018044,2018,m,2018-05-03,0,4,5.0,45.666666666666664,6.54071661237785,32.5,0.189,-1.6660082639224947,2.0
2018044,2018,m,2018-05-07,4,4,5.0,45.666666666666664,6.54071661237785,32.5,0.145,-1.9310215365615626,2.0
2018044,2018,m,2018-05-14,11,4,5.0,45.666666666666664,6.54071661237785,32.5,0.142,-1.9519282213808764,1.9
2018045,2018,f,2018-05-03,0,4,0.0,0.0,6.54071661237785,30.5,0.199,-1.6144504542576446,1.8250000000000002
2018046,2018,m,2018-05-03,0,4,0.0,0.0,6.54071661237785,32.0,0.174,-1.7486999797676082,1.875
2018047,2018,m,2018-05-03,0,4,0.0,0.0,6.54071661237785,32.2,0.185,-1.6873994539038122,1.9
2018048,2018,m,2018-05-03,0,4,0.0,0.0,6.54071661237785,28.7,0.171,-1.7660917224794772,1.775
2018049,2018,f,2018-05-03,0,4,0.5,0.5,6.54071661237785,29.1,0.198,-1.6194882482876019,1.8250000000000002
2018049,2018,f,2018-05-04,1,4,0.5,0.5,6.54071661237785,29.1,0.165,-1.8018098050815563,1.9
2018050,2018,m,2018-05-03,0,4,0.0,0.0,6.54071661237785,32.1,0.185,-1.6873994539038122,1.9
2018051,2018,f,2018-05-03,0,4,0.5,0.5,6.54071661237785,32.5,0.251,-1.3823023398503531,1.9249999999999998
2018051,2018,f,2018-05-04,1,4,0.5,0.5,6.54071661237785,32.5,0.205,-1.584745299843729,1.9
2018052,2018,m,2018-05-03,0,4,0.0,0.0,6.54071661237785,32.8,0.188,-1.6713133161521878,1.875
2018053,2018,m,2018-05-03,0,4,0.0,0.0,6.54071661237785,30.1,0.184,-1.6928195213731514,1.6749999999999998
2018054,2018,m,2018-05-03,0,4,0.0,0.0,6.54071661237785,31.3,0.179,-1.720369473141382,1.75
2018055,2018,m,2018-05-03,0,4,0.0,0.0,6.54071661237785,29.299999999999997,0.186,-1.6820086052689358,1.6749999999999998
2018056,2018,m,2018-05-03,0,4,0.0,0.0,6.54071661237785,29.6,0.179,-1.720369473141382,1.875
2018057,2018,f,2018-05-03,0,4,2.0,6.666666666666667,6.54071661237785,32.8,0.284,-1.258781040820931,1.975
2018057,2018,f,2018-05-05,2,4,2.0,6.666666666666667,6.54071661237785,32.8,,,1.7
2018057,2018,f,2018-05-07,4,4,2.0,6.666666666666667,6.54071661237785,32.8,0.235,-1.448169764837978,1.875
2018058,2018,m,2018-05-03,0,4,0.0,0.0,6.54071661237785,30.8,0.199,-1.6144504542576446,1.75
2018059,2018,f,2018-05-03,0,4,5.0,36.0,6.54071661237785,30.6,0.212,-1.5511690043101247,1.9
2018059,2018,f,2018-05-07,4,4,5.0,36.0,6.54071661237785,30.6,0.2,-1.6094379124341003,1.9249999999999998
2018059,2018,f,2018-05-11,8,4,5.0,36.0,6.54071661237785,30.6,0.158,-1.8451602459551701,1.725
2018059,2018,f,2018-05-11,8,4,5.0,36.0,6.54071661237785,30.6,0.154,-1.870802676568508,1.725
2018060,2018,m,2018-05-03,0,4,0.0,0.0,6.54071661237785,32.2,0.218,-1.523260216193048,1.85
2018061,2018,m,2018-05-03,0,4,2.0,8.0,6.54071661237785,32.3,0.156,-1.8578992717326,1.9
2018061,2018,m,2018-05-07,4,4,2.0,8.0,6.54071661237785,32.3,0.165,-1.8018098050815563,1.625
2018062,2018,m,2018-05-03,0,4,0.0,0.0,6.54071661237785,32.5,0.193,-1.6450650900772514,1.85
2018063,2018,m,2018-05-03,0,4,4.0,26.666666666666668,6.54071661237785,29.6,0.166,-1.7957674906255938,1.8250000000000002
2018063,2018,m,2018-05-07,4,4,4.0,26.666666666666668,6.54071661237785,29.6,0.122,-2.1037342342488805,1.675
2018063,2018,m,2018-05-11,8,4,4.0,26.666666666666668,6.54071661237785,29.6,0.105,-2.2537949288246137,1.525
2018064,2018,m,2018-05-03,0,4,5.75,50.25,6.54071661237785,31.2,0.169,-1.7778565640590636,2.05
2018064,2018,m,2018-05-07,4,4,5.75,50.25,6.54071661237785,31.2,,,1.8
2018064,2018,m,2018-05-11,8,4,5.75,50.25,6.54071661237785,31.2,0.158,-1.8451602459551701,1.85
2018064,2018,m,2018-05-14,11,4,5.75,50.25,6.54071661237785,31.2,0.147,-1.9173226922034008,1.75
2018065,2018,m,2018-05-04,0,5,0.0,0.0,6.54071661237785,30.8,0.143,-1.9449106487222299,1.725
2018066,2018,m,2018-05-04,0,5,6.8,70.8,6.54071661237785,32.8,0.194,-1.6398971199188088,2.05
2018066,2018,m,2018-05-07,3,5,6.8,70.8,6.54071661237785,32.8,0.164,-1.8078888511579385,1.85
2018066,2018,m,2018-05-11,7,5,6.8,70.8,6.54071661237785,32.8,0.161,-1.8263509139976741,1.85
2018066,2018,m,2018-05-14,10,5,6.8,70.8,6.54071661237785,32.8,0.128,-2.05572501506252,1.775
2018066,2018,m,2018-05-18,14,5,6.8,70.8,6.54071661237785,32.8,0.12,-2.120263536200091,1.65
2018067,2018,m,2018-05-04,0,5,1.5,4.5,6.54071661237785,32.4,0.191,-1.6554818509355071,1.875
2018067,2018,m,2018-05-07,3,5,1.5,4.5,6.54071661237785,32.4,0.148,-1.9105430052180221,1.85
2018068,2018,m,2018-05-04,0,5,0.0,0.0,6.54071661237785,31.299999999999997,0.15,-1.8971199848858813,1.9
2018069,2018,m,2018-05-04,0,5,0.0,0.0,6.54071661237785,31.1,0.154,-1.870802676568508,1.725
2018070,2018,m,2018-05-04,0,5,3.3333333333333335,19.333333333333332,6.54071661237785,31.0,0.166,-1.7957674906255938,1.8
2018070,2018,m,2018-05-07,3,5,3.3333333333333335,19.333333333333332,6.54071661237785,31.0,0.145,-1.9310215365615626,1.775
2018070,2018,m,2018-05-11,7,5,3.3333333333333335,19.333333333333332,6.54071661237785,31.0,0.157,-1.851509473633829,1.85
2018071,2018,m,2018-05-04,0,5,5.0,39.5,6.54071661237785,30.299999999999997,0.161,-1.8263509139976741,1.875
2018071,2018,m,2018-05-07,3,5,5.0,39.5,6.54071661237785,30.299999999999997,0.126,-2.071473372030659,
2018071,2018,m,2018-05-11,7,5,5.0,39.5,6.54071661237785,30.299999999999997,0.129,-2.047942874620465,1.7
2018071,2018,m,2018-05-14,10,5,5.0,39.5,6.54071661237785,30.299999999999997,0.116,-2.1541650878757723,1.5750000000000002
2018072,2018,m,2018-05-04,0,5,6.8,70.8,6.54071661237785,33.4,0.226,-1.487220279709851,1.775
2018072,2018,m,2018-05-07,3,5,6.8,70.8,6.54071661237785,33.4,0.155,-1.8643301620628905,
2018072,2018,m,2018-05-11,7,5,6.8,70.8,6.54071661237785,33.4,0.144,-1.9379419794061366,1.85
2018072,2018,m,2018-05-14,10,5,6.8,70.8,6.54071661237785,33.4,0.134,-2.0099154790312257,1.7
2018072,2018,m,2018-05-18,14,5,6.8,70.8,6.54071661237785,33.4,0.131,-2.0325579557809856,1.65
2018073,2018,m,2018-05-04,0,5,0.0,0.0,6.54071661237785,31.1,0.144,-1.9379419794061366,1.8
2018074,2018,f,2018-05-04,0,5,1.6666666666666667,4.333333333333333,6.54071661237785,31.1,0.193,-1.6450650900772514,1.8250000000000002
2018074,2018,f,2018-05-06,2,5,1.6666666666666667,4.333333333333333,6.54071661237785,31.1,0.205,-1.584745299843729,1.9249999999999998
2018074,2018,f,2018-05-07,3,5,1.6666666666666667,4.333333333333333,6.54071661237785,31.1,0.202,-1.5994875815809322,1.75
2018075,2018,f,2018-05-04,0,5,5.333333333333333,59.333333333333336,6.54071661237785,32.8,0.226,-1.487220279709851,2.025
2018075,2018,f,2018-05-07,3,5,5.333333333333333,59.333333333333336,6.54071661237785,32.8,0.189,-1.6660082639224947,1.7
2018075,2018,f,2018-05-17,13,5,5.333333333333333,59.333333333333336,6.54071661237785,32.8,,,1.525
2018076,2018,m,2018-05-04,0,5,4.25,26.75,6.54071661237785,32.9,0.194,-1.6398971199188088,1.975
2018076,2018,m,2018-05-07,3,5,4.25,26.75,6.54071661237785,32.9,0.17,-1.7719568419318752,
2018076,2018,m,2018-05-11,7,5,4.25,26.75,6.54071661237785,32.9,0.141,-1.9589953886039688,1.8
2018076,2018,m,2018-05-11,7,5,4.25,26.75,6.54071661237785,32.9,0.134,-2.0099154790312257,1.8
2018077,2018,m,2018-05-04,0,5,0.0,0.0,6.54071661237785,31.6,0.175,-1.742969305058623,1.75
2018078,2018,m,2018-05-04,0,5,1.5,4.5,6.54071661237785,30.9,0.164,-1.8078888511579385,1.725
2018078,2018,m,2018-05-07,3,5,1.5,4.5,6.54071661237785,30.9,0.155,-1.8643301620628905,1.6749999999999998
2018079,2018,m,2018-05-04,0,5,0.0,0.0,6.54071661237785,29.3,0.17,-1.7719568419318752,1.6749999999999998
2018080,2018,f,2018-05-04,0,5,7.75,86.25,6.54071661237785,31.5,0.22,-1.5141277326297755,2.075
2018080,2018,f,2018-05-11,7,5,7.75,86.25,6.54071661237785,31.5,0.186,-1.6820086052689358,1.8250000000000002
2018080,2018,f,2018-05-14,10,5,7.75,86.25,6.54071661237785,31.5,0.13,-2.0402208285265546,1.8
2018080,2018,f,2018-05-18,14,5,7.75,86.25,6.54071661237785,31.5,0.121,-2.111964733385396,1.5
2018081,2018,m,2018-05-04,0,5,6.8,70.8,6.54071661237785,31.1,0.163,-1.8140050781753747,1.875
2018081,2018,m,2018-05-07,3,5,6.8,70.8,6.54071661237785,31.1,0.138,-1.9805015938249322,1.875
2018081,2018,m,2018-05-11,7,5,6.8,70.8,6.54071661237785,31.1,0.146,-1.9241486572738007,1.7
2018081,2018,m,2018-05-14,10,5,6.8,70.8,6.54071661237785,31.1,0.121,-2.111964733385396,1.6
2018081,2018,m,2018-05-18,14,5,6.8,70.8,6.54071661237785,31.1,0.113,-2.1803674602697964,1.625
2018082,2018,f,2018-05-04,0,5,0.0,0.0,6.54071661237785,30.700000000000003,0.215,-1.5371172508544744,1.8250000000000002
2018083,2018,m,2018-05-04,0,5,0.0,0.0,6.54071661237785,33.0,0.224,-1.4961092271270973,1.8
2018084,2018,m,2018-05-04,0,5,2.0,6.0,6.54071661237785,33.5,0.26,-1.3470736479666092,1.875
2018084,2018,m,2018-05-07,3,5,2.0,6.0,6.54071661237785,33.5,0.156,-1.8578992717326,1.9249999999999998
2018084,2018,m,2018-05-07,3,5,2.0,6.0,6.54071661237785,33.5,0.151,-1.8904754421672127,1.9249999999999998
2018085,2018,m,2018-05-04,0,5,3.3333333333333335,19.333333333333332,6.54071661237785,29.9,0.196,-1.6296406197516198,1.7
2018085,2018,m,2018-05-07,3,5,3.3333333333333335,19.333333333333332,6.54071661237785,29.9,0.12,-2.120263536200091,1.6
2018085,2018,m,2018-05-11,7,5,3.3333333333333335,19.333333333333332,6.54071661237785,29.9,0.112,-2.1892564076870427,1.625
2018086,2018,f,2018-05-04,0,5,1.5,4.5,6.54071661237785,29.7,0.208,-1.5702171992808192,1.85
2018086,2018,f,2018-05-07,3,5,1.5,4.5,6.54071661237785,29.7,0.147,-1.9173226922034008,
2018087,2018,m,2018-05-04,0,5,0.0,0.0,6.54071661237785,29.6,0.176,-1.7372712839439852,1.625
2018088,2018,m,2018-05-04,0,5,0.0,0.0,6.54071661237785,32.0,0.182,-1.7037485919053417,1.8250000000000002
2018089,2018,m,2018-05-04,0,5,5.0,39.5,6.54071661237785,26.8,0.138,-1.9805015938249322,1.75
2018089,2018,m,2018-05-07,3,5,5.0,39.5,6.54071661237785,26.8,0.127,-2.0635681925235456,1.525
2018089,2018,m,2018-05-11,7,5,5.0,39.5,6.54071661237785,26.8,0.127,-2.0635681925235456,1.6
2018089,2018,m,2018-05-14,10,5,5.0,39.5,6.54071661237785,26.8,0.106,-2.24431618487007,1.5
2018090,2018,f,2018-05-04,0,5,0.0,0.0,6.54071661237785,30.9,0.237,-1.439695137847006,1.875
2018091,2018,m,2018-05-04,0,5,6.0,51.6,6.54071661237785,28.7,0.153,-1.8773173575897015,1.875
2018091,2018,m,2018-05-07,3,5,6.0,51.6,6.54071661237785,28.7,0.127,-2.0635681925235456,1.675
2018091,2018,m,2018-05-11,7,5,6.0,51.6,6.54071661237785,28.7,0.113,-2.1803674602697964,1.7
2018091,2018,m,2018-05-14,10,5,6.0,51.6,6.54071661237785,28.7,,,1.475
2018091,2018,m,2018-05-14,10,5,6.0,51.6,6.54071661237785,28.7,,,1.6
2018092,2018,m,2018-05-04,0,5,3.3333333333333335,19.333333333333332,6.54071661237785,31.0,0.144,-1.9379419794061366,2.025
2018092,2018,m,2018-05-07,3,5,3.3333333333333335,19.333333333333332,6.54071661237785,31.0,0.138,-1.9805015938249322,1.8250000000000002
2018092,2018,m,2018-05-11,7,5,3.3333333333333335,19.333333333333332,6.54071661237785,31.0,0.124,-2.0874737133771,1.9
2018093,2018,m,2018-05-04,0,5,1.5,4.5,6.54071661237785,30.700000000000003,0.228,-1.4784096500276962,1.8
2018093,2018,m,2018-05-07,3,5,1.5,4.5,6.54071661237785,30.700000000000003,0.142,-1.9519282213808764,
2018094,2018,f,2018-05-04,0,5,0.0,0.0,6.54071661237785,33.5,0.213,-1.546463113272712,1.8250000000000002
2018095,2018,f,2018-05-04,0,5,1.5,4.5,6.54071661237785,32.2,0.214,-1.5417792639602856,1.9249999999999998
2018095,2018,f,2018-05-07,3,5,1.5,4.5,6.54071661237785,32.2,0.204,-1.5896352851379207,1.9249999999999998
2018096,2018,m,2018-05-04,0,5,1.5,4.5,6.54071661237785,30.700000000000003,0.137,-1.987774353154012,2.0
2018096,2018,m,2018-05-07,3,5,1.5,4.5,6.54071661237785,30.700000000000003,0.126,-2.071473372030659,1.6749999999999998
2018097,2018,m,2018-05-04,0,5,3.3333333333333335,19.333333333333332,6.54071661237785,31.3,0.158,-1.8451602459551701,2.175
2018097,2018,m,2018-05-07,3,5,3.3333333333333335,19.333333333333332,6.54071661237785,31.3,0.142,-1.9519282213808764,1.975
2018097,2018,m,2018-05-11,7,5,3.3333333333333335,19.333333333333332,6.54071661237785,31.3,0.126,-2.071473372030659,1.65
2018098,2018,m,2018-05-04,0,5,1.3333333333333333,3.3333333333333335,6.54071661237785,31.5,0.16,-1.8325814637483102,
2018098,2018,m,2018-05-05,1,5,1.3333333333333333,3.3333333333333335,6.54071661237785,31.5,,,2.1
2018098,2018,m,2018-05-07,3,5,1.3333333333333333,3.3333333333333335,6.54071661237785,31.5,0.135,-2.0024805005437076,1.8
2018099,2018,m,2018-05-05,0,6,1.0,2.0,6.54071661237785,30.9,0.172,-1.760260802168684,1.775
2018099,2018,m,2018-05-07,2,6,1.0,2.0,6.54071661237785,30.9,0.14,-1.9661128563728327,1.35
2018100,2018,m,2018-05-05,0,6,2.6666666666666665,13.333333333333334,6.54071661237785,32.3,0.166,-1.7957674906255938,2.025
2018100,2018,m,2018-05-07,2,6,2.6666666666666665,13.333333333333334,6.54071661237785,32.3,0.167,-1.7897614665653818,1.65
2018100,2018,m,2018-05-11,6,6,2.6666666666666665,13.333333333333334,6.54071661237785,32.3,0.14,-1.9661128563728327,1.775
2018101,2018,m,2018-05-05,0,6,1.0,2.0,6.54071661237785,29.9,0.145,-1.9310215365615626,1.8
2018101,2018,m,2018-05-07,2,6,1.0,2.0,6.54071661237785,29.9,0.138,-1.9805015938249322,1.7
2018102,2018,m,2018-05-05,0,6,4.0,26.0,6.54071661237785,31.8,0.199,-1.6144504542576446,1.8
2018102,2018,m,2018-05-07,2,6,4.0,26.0,6.54071661237785,31.8,0.177,-1.731605546408308,1.8
2018102,2018,m,2018-05-11,6,6,4.0,26.0,6.54071661237785,31.8,0.15,-1.8971199848858813,1.775
2018102,2018,m,2018-05-13,8,6,4.0,26.0,6.54071661237785,31.8,0.119,-2.1286317858706076,1.6
2018103,2018,f,2018-05-05,0,6,1.5,4.5,6.54071661237785,30.0,0.206,-1.579879110192556,1.8250000000000002
2018103,2018,f,2018-05-08,3,6,1.5,4.5,6.54071661237785,30.0,0.147,-1.9173226922034008,1.5
2018104,2018,m,2018-05-05,0,6,0.0,0.0,6.54071661237785,30.2,0.142,-1.9519282213808764,1.9
2018105,2018,m,2018-05-05,0,6,1.0,2.0,6.54071661237785,31.9,0.18,-1.7147984280919266,2.125
2018105,2018,m,2018-05-07,2,6,1.0,2.0,6.54071661237785,31.9,0.182,-1.7037485919053417,2.1
2018106,2018,f,2018-05-05,0,6,7.333333333333333,83.33333333333333,6.54071661237785,29.7,0.186,-1.6820086052689358,2.025
2018106,2018,f,2018-05-14,9,6,7.333333333333333,83.33333333333333,6.54071661237785,29.7,0.102,-2.282782465697866,1.4249999999999998
2018106,2018,f,2018-05-18,13,6,7.333333333333333,83.33333333333333,6.54071661237785,29.7,0.093,-2.375155785828881,1.4
2018107,2018,m,2018-05-05,0,6,3.6666666666666665,28.333333333333332,6.54071661237785,29.8,0.145,-1.9310215365615626,1.75
2018107,2018,m,2018-05-07,2,6,3.6666666666666665,28.333333333333332,6.54071661237785,29.8,0.147,-1.9173226922034008,1.625
2018107,2018,m,2018-05-14,9,6,3.6666666666666665,28.333333333333332,6.54071661237785,29.8,0.115,-2.162823150618887,1.7
2018108,2018,f,2018-05-05,0,6,2.6666666666666665,13.333333333333334,6.54071661237785,29.3,0.18,-1.7147984280919266,1.775
2018108,2018,f,2018-05-07,2,6,2.6666666666666665,13.333333333333334,6.54071661237785,29.3,0.139,-1.973281345851445,1.75
2018108,2018,f,2018-05-11,6,6,2.6666666666666665,13.333333333333334,6.54071661237785,29.3,0.139,-1.973281345851445,1.75
2018109,2018,m,2018-05-05,0,6,1.0,2.0,6.54071661237785,,0.202,-1.5994875815809322,1.8
2018109,2018,m,2018-05-07,2,6,1.0,2.0,6.54071661237785,,0.151,-1.8904754421672127,1.675
2018110,2018,f,2018-05-05,0,6,3.6666666666666665,28.333333333333332,6.54071661237785,32.0,0.225,-1.491654876777717,1.975
2018110,2018,f,2018-05-07,2,6,3.6666666666666665,28.333333333333332,6.54071661237785,32.0,0.203,-1.5945492999403497,1.875
2018110,2018,f,2018-05-14,9,6,3.6666666666666665,28.333333333333332,6.54071661237785,32.0,0.13,-2.0402208285265546,1.6749999999999998
2018111,2018,m,2018-05-05,0,6,0.0,0.0,6.54071661237785,30.700000000000003,0.182,-1.7037485919053417,2.0
2018112,2018,m,2018-05-05,0,6,2.6666666666666665,13.333333333333334,6.54071661237785,30.4,0.131,-2.0325579557809856,2.025
2018112,2018,m,2018-05-07,2,6,2.6666666666666665,13.333333333333334,6.54071661237785,30.4,0.132,-2.0249533563957662,
2018112,2018,m,2018-05-11,6,6,2.6666666666666665,13.333333333333334,6.54071661237785,30.4,0.125,-2.0794415416798357,1.6
2018113,2018,m,2018-05-05,0,6,0.0,0.0,6.54071661237785,31.1,0.182,-1.7037485919053417,1.85
2018114,2018,f,2018-05-05,0,6,0.0,0.0,6.54071661237785,30.6,0.209,-1.565421027017326,1.8250000000000002
2018115,2018,m,2018-05-05,0,6,0.0,0.0,6.54071661237785,31.200000000000003,0.173,-1.7544636844843582,2.075
2018116,2018,m,2018-05-05,0,6,1.0,2.0,6.54071661237785,30.4,0.179,-1.720369473141382,1.975
2018116,2018,m,2018-05-07,2,6,1.0,2.0,6.54071661237785,30.4,0.173,-1.7544636844843582,1.8250000000000002
2018117,2018,f,2018-05-05,0,6,6.0,63.5,6.54071661237785,30.4,0.203,-1.5945492999403497,1.775
2018117,2018,f,2018-05-07,2,6,6.0,63.5,6.54071661237785,30.4,0.147,-1.9173226922034008,1.675
2018117,2018,f,2018-05-14,9,6,6.0,63.5,6.54071661237785,30.4,0.138,-1.9805015938249322,1.5750000000000002
2018117,2018,f,2018-05-18,13,6,6.0,63.5,6.54071661237785,30.4,0.126,-2.071473372030659,1.5
2018118,2018,m,2018-05-05,0,6,4.5,40.5,6.54071661237785,30.1,0.169,-1.7778565640590636,1.9
2018118,2018,m,2018-05-14,9,6,4.5,40.5,6.54071661237785,30.1,0.132,-2.0249533563957662,1.8250000000000002
2018119,2018,f,2018-05-05,0,6,0.5,0.5,6.54071661237785,33.0,0.261,-1.3432348716594436,1.9249999999999998
2018119,2018,f,2018-05-06,1,6,0.5,0.5,6.54071661237785,33.0,0.203,-1.5945492999403497,1.875
2018120,2018,f,2018-05-05,0,6,3.25,22.25,6.54071661237785,31.8,0.189,-1.6660082639224947,1.95
2018120,2018,f,2018-05-07,2,6,3.25,22.25,6.54071661237785,31.8,0.176,-1.7372712839439852,1.8250000000000002
2018120,2018,f,2018-05-07,2,6,3.25,22.25,6.54071661237785,31.8,0.166,-1.7957674906255938,1.8250000000000002
2018120,2018,f,2018-05-14,9,6,3.25,22.25,6.54071661237785,31.8,0.128,-2.05572501506252,1.55
2018121,2018,m,2018-05-05,0,6,0.0,0.0,6.54071661237785,31.9,0.261,-1.3432348716594436,2.2
2018122,2018,f,2018-05-05,0,6,0.0,0.0,6.54071661237785,31.9,0.257,-1.3586791940869172,1.975
2018123,2018,f,2018-05-05,0,6,3.0,18.0,6.54071661237785,32.599999999999994,0.205,-1.584745299843729,1.6
2018123,2018,f,2018-05-11,6,6,3.0,18.0,6.54071661237785,32.599999999999994,0.197,-1.6245515502441485,
2018124,2018,f,2018-05-05,0,6,5.0,39.0,6.54071661237785,31.5,0.239,-1.4312917270506265,1.875
2018124,2018,f,2018-05-11,6,6,5.0,39.0,6.54071661237785,31.5,0.197,-1.6245515502441485,1.8250000000000002
2018124,2018,f,2018-05-14,9,6,5.0,39.0,6.54071661237785,31.5,0.15,-1.8971199848858813,1.775
2018125,2018,m,2018-05-05,0,6,1.0,1.6666666666666667,6.54071661237785,29.4,0.147,-1.9173226922034008,
2018125,2018,m,2018-05-06,1,6,1.0,1.6666666666666667,6.54071661237785,29.4,,,1.875
2018125,2018,m,2018-05-07,2,6,1.0,1.6666666666666667,6.54071661237785,29.4,0.119,-2.1286317858706076,1.5750000000000002
2018126,2018,f,2018-05-05,0,6,0.0,0.0,6.54071661237785,30.4,0.17,-1.7719568419318752,1.95
2018127,2018,f,2018-05-05,0,6,0.0,0.0,6.54071661237785,33.5,0.259,-1.3509272172825992,1.975
2018128,2018,m,2018-05-05,0,6,2.6666666666666665,13.333333333333334,6.54071661237785,30.8,0.176,-1.7372712839439852,2.075
2018128,2018,m,2018-05-07,2,6,2.6666666666666665,13.333333333333334,6.54071661237785,30.8,0.155,-1.8643301620628905,1.775
2018128,2018,m,2018-05-11,6,6,2.6666666666666665,13.333333333333334,6.54071661237785,30.8,,,1.85
2018129,2018,m,2018-05-05,0,6,4.25,30.25,6.54071661237785,32.7,0.197,-1.6245515502441485,2.175
2018129,2018,m,2018-05-07,2,6,4.25,30.25,6.54071661237785,32.7,0.164,-1.8078888511579385,2.2
2018129,2018,m,2018-05-11,6,6,4.25,30.25,6.54071661237785,32.7,0.153,-1.8773173575897015,1.85
2018129,2018,m,2018-05-14,9,6,4.25,30.25,6.54071661237785,32.7,0.133,-2.017406150760383,1.775
2018130,2018,m,2018-05-05,0,6,0.0,0.0,6.54071661237785,30.4,0.177,-1.731605546408308,1.8
2018131,2018,m,2018-05-05,0,6,0.0,0.0,6.54071661237785,28.0,0.183,-1.6982691261407161,1.3250000000000002
2018132,2018,m,2018-05-05,0,6,1.0,2.0,6.54071661237785,31.5,0.171,-1.7660917224794772,1.8
2018132,2018,m,2018-05-07,2,6,1.0,2.0,6.54071661237785,31.5,0.157,-1.851509473633829,
2018133,2018,f,2018-05-05,0,6,6.333333333333333,68.33333333333333,6.54071661237785,32.599999999999994,0.226,-1.487220279709851,2.075
2018133,2018,f,2018-05-11,6,6,6.333333333333333,68.33333333333333,6.54071661237785,32.599999999999994,0.182,-1.7037485919053417,1.875
2018133,2018,f,2018-05-18,13,6,6.333333333333333,68.33333333333333,6.54071661237785,32.599999999999994,0.129,-2.047942874620465,1.6
2018134,2018,m,2018-05-05,0,6,0.0,0.0,6.54071661237785,31.1,0.186,-1.6820086052689358,1.85
2018135,2018,f,2018-05-05,0,6,4.25,30.25,6.54071661237785,32.599999999999994,0.226,-1.487220279709851,2.0
2018135,2018,f,2018-05-07,2,6,4.25,30.25,6.54071661237785,32.599999999999994,0.203,-1.5945492999403497,1.75
2018135,2018,f,2018-05-11,6,6,4.25,30.25,6.54071661237785,32.599999999999994,0.196,-1.6296406197516198,1.875
2018135,2018,f,2018-05-14,9,6,4.25,30.25,6.54071661237785,32.599999999999994,0.133,-2.017406150760383,1.6
2018136,2018,m,2018-05-05,0,6,6.0,58.0,6.54071661237785,30.299999999999997,0.132,-2.0249533563957662,1.9249999999999998
2018136,2018,m,2018-05-07,2,6,6.0,58.0,6.54071661237785,30.299999999999997,0.126,-2.071473372030659,1.9249999999999998
2018136,2018,m,2018-05-11,6,6,6.0,58.0,6.54071661237785,30.299999999999997,0.132,-2.0249533563957662,1.75
2018136,2018,m,2018-05-14,9,6,6.0,58.0,6.54071661237785,30.299999999999997,0.103,-2.2730262907525014,1.725
2018136,2018,m,2018-05-18,13,6,6.0,58.0,6.54071661237785,30.299999999999997,0.118,-2.137070654516472,1.625
2018137,2018,m,2018-05-05,0,6,3.6,24.4,6.54071661237785,30.4,0.157,-1.851509473633829,
2018137,2018,m,2018-05-06,1,6,3.6,24.4,6.54071661237785,30.4,,,2.125
2018137,2018,m,2018-05-07,2,6,3.6,24.4,6.54071661237785,30.4,0.14,-1.9661128563728327,
2018137,2018,m,2018-05-11,6,6,3.6,24.4,6.54071661237785,30.4,0.131,-2.0325579557809856,1.85
2018137,2018,m,2018-05-14,9,6,3.6,24.4,6.54071661237785,30.4,0.079,-2.5383074265151158,1.35
2018138,2018,m,2018-05-05,0,6,0.5,0.5,6.54071661237785,34.0,0.155,-1.8643301620628905,
2018138,2018,m,2018-05-06,1,6,0.5,0.5,6.54071661237785,34.0,,,2.2
2018139,2018,m,2018-05-05,0,6,2.25,10.25,6.54071661237785,29.799999999999997,0.154,-1.870802676568508,
2018139,2018,m,2018-05-06,1,6,2.25,10.25,6.54071661237785,29.799999999999997,,,2.0
2018139,2018,m,2018-05-07,2,6,2.25,10.25,6.54071661237785,29.799999999999997,0.15,-1.8971199848858813,1.825
2018139,2018,m,2018-05-11,6,6,2.25,10.25,6.54071661237785,29.799999999999997,0.121,-2.111964733385396,1.85
2018140,2018,f,2018-05-05,0,6,0.0,0.0,6.54071661237785,29.8,0.181,-1.7092582477163114,1.8
2018141,2018,m,2018-05-05,0,6,0.5,0.5,6.54071661237785,30.0,0.157,-1.851509473633829,
2018141,2018,m,2018-05-06,1,6,0.5,0.5,6.54071661237785,30.0,,,1.7
2018142,2018,m,2018-05-05,0,6,0.5,0.5,6.54071661237785,31.0,0.203,-1.5945492999403497,
2018142,2018,m,2018-05-06,1,6,0.5,0.5,6.54071661237785,31.0,,,2.125
2018143,2018,f,2018-05-05,0,6,0.0,0.0,6.54071661237785,31.8,0.205,-1.584745299843729,1.9
2018144,2018,f,2018-05-05,0,6,0.0,0.0,6.54071661237785,32.4,0.223,-1.5005835075220182,2.025
2018145,2018,f,2018-05-05,0,6,1.0,2.0,6.54071661237785,29.8,0.199,-1.6144504542576446,1.75
2018145,2018,f,2018-05-07,2,6,1.0,2.0,6.54071661237785,29.8,0.177,-1.731605546408308,1.6749999999999998
2018146,2018,m,2018-05-05,0,6,2.6666666666666665,13.333333333333334,6.54071661237785,29.5,0.173,-1.7544636844843582,1.9249999999999998
2018146,2018,m,2018-05-07,2,6,2.6666666666666665,13.333333333333334,6.54071661237785,29.5,0.143,-1.9449106487222299,1.625
2018146,2018,m,2018-05-11,6,6,2.6666666666666665,13.333333333333334,6.54071661237785,29.5,0.114,-2.1715568305876416,1.6
2018147,2018,f,2018-05-05,0,6,0.5,0.5,6.54071661237785,32.599999999999994,0.233,-1.4567168254164364,1.9
2018147,2018,f,2018-05-06,1,6,0.5,0.5,6.54071661237785,32.599999999999994,0.216,-1.5324768712979722,1.775
2018148,2018,m,2018-05-05,0,6,2.6666666666666665,13.333333333333334,6.54071661237785,30.2,0.184,-1.6928195213731514,2.05
2018148,2018,m,2018-05-07,2,6,2.6666666666666665,13.333333333333334,6.54071661237785,30.2,0.142,-1.9519282213808764,1.6749999999999998
2018148,2018,m,2018-05-11,6,6,2.6666666666666665,13.333333333333334,6.54071661237785,30.2,0.125,-2.0794415416798357,1.55
2018149,2018,f,2018-05-05,0,6,0.0,0.0,6.54071661237785,30.299999999999997,0.22,-1.5141277326297755,1.8250000000000002
2018150,2018,f,2018-05-05,0,6,0.5,0.5,6.54071661237785,30.9,0.268,-1.3167682984712803,1.9249999999999998
2018150,2018,f,2018-05-06,1,6,0.5,0.5,6.54071661237785,30.9,0.223,-1.5005835075220182,1.85
2018151,2018,f,2018-05-05,0,6,0.0,0.0,6.54071661237785,29.4,0.215,-1.5371172508544744,1.8
2018152,2018,m,2018-05-05,0,6,0.5,0.5,6.54071661237785,31.1,0.17,-1.7719568419318752,
2018152,2018,m,2018-05-06,1,6,0.5,0.5,6.54071661237785,31.1,,,1.9
2018153,2018,m,2018-05-05,0,6,1.0,1.6666666666666667,6.54071661237785,29.8,0.188,-1.6713133161521878,
2018153,2018,m,2018-05-06,1,6,1.0,1.6666666666666667,6.54071661237785,29.8,,,1.775
2018153,2018,m,2018-05-07,2,6,1.0,1.6666666666666667,6.54071661237785,29.8,0.133,-2.017406150760383,
2018154,2018,f,2018-05-05,0,6,0.0,0.0,6.54071661237785,31.7,0.233,-1.4567168254164364,1.8
2018155,2018,f,2018-05-05,0,6,0.0,0.0,6.54071661237785,30.8,0.224,-1.4961092271270973,1.7
2018156,2018,f,2018-05-05,0,6,2.6666666666666665,13.333333333333334,6.54071661237785,32.8,0.267,-1.3205066205818874,2.075
2018156,2018,f,2018-05-07,2,6,2.6666666666666665,13.333333333333334,6.54071661237785,32.8,0.221,-1.5095925774643841,2.025
2018156,2018,f,2018-05-11,6,6,2.6666666666666665,13.333333333333334,6.54071661237785,32.8,0.185,-1.6873994539038122,1.85
2018157,2018,f,2018-05-05,0,6,0.0,0.0,6.54071661237785,31.8,0.246,-1.4024237430497744,1.875
2018158,2018,m,2018-05-06,0,7,0.0,0.0,6.54071661237785,29.8,0.158,-1.8451602459551701,1.8
2018159,2018,m,2018-05-06,0,7,5.666666666666667,49.666666666666664,6.54071661237785,32.7,0.184,-1.6928195213731514,1.65
2018159,2018,m,2018-05-07,1,7,5.666666666666667,49.666666666666664,6.54071661237785,32.7,,,1.875
2018159,2018,m,2018-05-11,5,7,5.666666666666667,49.666666666666664,6.54071661237785,32.7,0.161,-1.8263509139976741,1.75
2018159,2018,m,2018-05-14,8,7,5.666666666666667,49.666666666666664,6.54071661237785,32.7,0.139,-1.973281345851445,1.6
2018159,2018,m,2018-05-14,8,7,5.666666666666667,49.666666666666664,6.54071661237785,32.7,0.131,-2.0325579557809856,1.6
2018159,2018,m,2018-05-18,12,7,5.666666666666667,49.666666666666664,6.54071661237785,32.7,0.144,-1.9379419794061366,1.65
2018160,2018,m,2018-05-06,0,7,4.0,32.0,6.54071661237785,31.900000000000002,0.152,-1.8838747581358606,1.9249999999999998
2018160,2018,m,2018-05-14,8,7,4.0,32.0,6.54071661237785,31.900000000000002,0.133,-2.017406150760383,1.625
2018161,2018,m,2018-05-06,0,7,2.0,8.666666666666666,6.54071661237785,29.9,0.157,-1.851509473633829,1.9249999999999998
2018161,2018,m,2018-05-07,1,7,2.0,8.666666666666666,6.54071661237785,29.9,0.15,-1.8971199848858813,1.8
2018161,2018,m,2018-05-11,5,7,2.0,8.666666666666666,6.54071661237785,29.9,0.146,-1.9241486572738007,1.875
2018162,2018,f,2018-05-06,0,7,6.5,64.5,6.54071661237785,28.9,0.176,-1.7372712839439852,1.9
2018162,2018,f,2018-05-11,5,7,6.5,64.5,6.54071661237785,28.9,0.168,-1.783791299578878,1.7
2018162,2018,f,2018-05-14,8,7,6.5,64.5,6.54071661237785,28.9,0.134,-2.0099154790312257,1.6749999999999998
2018162,2018,f,2018-05-19,13,7,6.5,64.5,6.54071661237785,28.9,0.103,-2.2730262907525014,1.5
2018163,2018,m,2018-05-06,0,7,0.0,0.0,6.54071661237785,29.9,0.16,-1.8325814637483102,1.8250000000000002
2018164,2018,f,2018-05-06,0,7,5.125,38.625,6.54071661237785,31.5,0.211,-1.5558971455060706,1.9249999999999998
2018164,2018,f,2018-05-07,1,7,5.125,38.625,6.54071661237785,31.5,0.177,-1.731605546408308,1.775
2018164,2018,f,2018-05-11,5,7,5.125,38.625,6.54071661237785,31.5,0.161,-1.8263509139976741,1.9249999999999998
2018164,2018,f,2018-05-11,5,7,5.125,38.625,6.54071661237785,31.5,0.161,-1.8263509139976741,1.725
2018164,2018,f,2018-05-11,5,7,5.125,38.625,6.54071661237785,31.5,0.147,-1.9173226922034008,1.9249999999999998
2018164,2018,f,2018-05-11,5,7,5.125,38.625,6.54071661237785,31.5,0.147,-1.9173226922034008,1.725
2018164,2018,f,2018-05-14,8,7,5.125,38.625,6.54071661237785,31.5,0.131,-2.0325579557809856,1.6
2018164,2018,f,2018-05-18,12,7,5.125,38.625,6.54071661237785,31.5,0.134,-2.0099154790312257,1.6
2018165,2018,f,2018-05-06,0,7,3.5,22.5,6.54071661237785,30.8,0.2,-1.6094379124341003,1.9249999999999998
2018165,2018,f,2018-05-07,1,7,3.5,22.5,6.54071661237785,30.8,0.158,-1.8451602459551701,1.875
2018165,2018,f,2018-05-11,5,7,3.5,22.5,6.54071661237785,30.8,0.165,-1.8018098050815563,1.8250000000000002
2018165,2018,f,2018-05-14,8,7,3.5,22.5,6.54071661237785,30.8,0.131,-2.0325579557809856,1.6
2018166,2018,m,2018-05-06,0,7,0.5,0.5,6.54071661237785,32.2,0.142,-1.9519282213808764,1.5750000000000002
2018166,2018,m,2018-05-07,1,7,0.5,0.5,6.54071661237785,32.2,0.121,-2.111964733385396,1.525
2018167,2018,m,2018-05-06,0,7,0.5,0.5,6.54071661237785,32.2,0.153,-1.8773173575897015,2.075
2018167,2018,m,2018-05-07,1,7,0.5,0.5,6.54071661237785,32.2,0.13,-2.0402208285265546,
2018168,2018,m,2018-05-06,0,7,0.0,0.0,6.54071661237785,30.900000000000002,0.213,-1.546463113272712,1.6
2018169,2018,f,2018-05-06,0,7,4.0,32.0,6.54071661237785,30.0,0.162,-1.820158943749753,1.9
2018169,2018,f,2018-05-14,8,7,4.0,32.0,6.54071661237785,30.0,0.122,-2.1037342342488805,1.6
2018170,2018,m,2018-05-06,0,7,0.0,0.0,6.54071661237785,30.3,0.225,-1.491654876777717,1.85
2018171,2018,f,2018-05-06,0,7,0.0,0.0,6.54071661237785,29.9,0.227,-1.4828052615007343,1.75
2018172,2018,m,2018-05-06,0,7,0.0,0.0,6.54071661237785,32.2,0.139,-1.973281345851445,1.9
2018173,2018,f,2018-05-06,0,7,0.5,0.5,6.54071661237785,32.5,0.206,-1.579879110192556,2.1
2018173,2018,f,2018-05-07,1,7,0.5,0.5,6.54071661237785,32.5,0.171,-1.7660917224794772,1.75
2018174,2018,m,2018-05-06,0,7,0.0,0.0,6.54071661237785,30.5,0.21,-1.5606477482646683,1.6
2018175,2018,f,2018-05-06,0,7,3.0,21.666666666666668,6.54071661237785,28.9,0.169,-1.7778565640590636,1.9249999999999998
2018175,2018,f,2018-05-07,1,7,3.0,21.666666666666668,6.54071661237785,28.9,0.151,-1.8904754421672127,1.725
2018175,2018,f,2018-05-14,8,7,3.0,21.666666666666668,6.54071661237785,28.9,0.125,-2.0794415416798357,1.75
2018176,2018,m,2018-05-06,0,7,3.0,21.666666666666668,6.54071661237785,30.9,0.135,-2.0024805005437076,1.95
2018176,2018,m,2018-05-07,1,7,3.0,21.666666666666668,6.54071661237785,30.9,0.119,-2.1286317858706076,1.55
2018176,2018,m,2018-05-14,8,7,3.0,21.666666666666668,6.54071661237785,30.9,0.112,-2.1892564076870427,1.6
2018177,2018,m,2018-05-06,0,7,0.5,0.5,6.54071661237785,31.2,0.114,-2.1715568305876416,2.075
2018177,2018,m,2018-05-07,1,7,0.5,0.5,6.54071661237785,31.2,0.103,-2.2730262907525014,1.7
2018178,2018,f,2018-05-06,0,7,0.0,0.0,6.54071661237785,30.8,0.198,-1.6194882482876019,1.9249999999999998
2018179,2018,f,2018-05-06,0,7,0.0,0.0,6.54071661237785,33.3,0.287,-1.248273063222516,1.95
2018180,2018,f,2018-05-06,0,7,0.0,0.0,6.54071661237785,29.9,0.231,-1.4653375684603434,1.8250000000000002
2018181,2018,f,2018-05-06,0,7,2.0,8.0,6.54071661237785,31.8,0.308,-1.1776554960085626,2.1
2018181,2018,f,2018-05-10,4,7,2.0,8.0,6.54071661237785,31.8,0.221,-1.5095925774643841,2.025
2018182,2018,f,2018-05-06,0,7,2.0,8.666666666666666,6.54071661237785,32.5,0.295,-1.2207799226423173,2.025
2018182,2018,f,2018-05-07,1,7,2.0,8.666666666666666,6.54071661237785,32.5,0.278,-1.2801341652915,1.9249999999999998
2018182,2018,f,2018-05-11,5,7,2.0,8.666666666666666,6.54071661237785,32.5,0.221,-1.5095925774643841,1.8
2018183,2018,f,2018-05-06,0,7,0.0,0.0,6.54071661237785,31.0,0.268,-1.3167682984712803,1.775
2018184,2018,m,2018-05-06,0,7,0.0,0.0,6.54071661237785,33.900000000000006,0.179,-1.720369473141382,2.225
2018185,2018,f,2018-05-06,0,7,1.0,2.0,6.54071661237785,31.4,0.24,-1.4271163556401458,1.9
2018185,2018,f,2018-05-08,2,7,1.0,2.0,6.54071661237785,31.4,0.197,-1.6245515502441485,1.75
2018186,2018,m,2018-05-06,0,7,0.0,0.0,6.54071661237785,30.8,0.188,-1.6713133161521878,2.125
2018187,2018,f,2018-05-06,0,7,7.5,99.16666666666667,6.54071661237785,32.4,0.235,-1.448169764837978,1.875
2018187,2018,f,2018-05-07,1,7,7.5,99.16666666666667,6.54071661237785,32.4,0.209,-1.565421027017326,1.9
2018187,2018,f,2018-05-08,2,7,7.5,99.16666666666667,6.54071661237785,32.4,0.178,-1.725971728690052,1.8
2018187,2018,f,2018-05-19,13,7,7.5,99.16666666666667,6.54071661237785,32.4,0.145,-1.9310215365615626,1.7
2018187,2018,f,2018-05-20,14,7,7.5,99.16666666666667,6.54071661237785,32.4,,,1.6749999999999998
2018187,2018,f,2018-05-21,15,7,7.5,99.16666666666667,6.54071661237785,32.4,0.118,-2.137070654516472,1.525
2018188,2018,f,2018-05-06,0,7,4.333333333333333,29.666666666666668,6.54071661237785,32.5,0.243,-1.4146938356415886,1.9249999999999998
2018188,2018,f,2018-05-11,5,7,4.333333333333333,29.666666666666668,6.54071661237785,32.5,0.205,-1.584745299843729,1.8
2018188,2018,f,2018-05-14,8,7,4.333333333333333,29.666666666666668,6.54071661237785,32.5,0.183,-1.6982691261407161,1.6749999999999998
2018189,2018,f,2018-05-06,0,7,0.5,0.5,6.54071661237785,30.4,0.248,-1.3943265328171548,1.9249999999999998
2018189,2018,f,2018-05-07,1,7,0.5,0.5,6.54071661237785,30.4,0.179,-1.720369473141382,
2018190,2018,m,2018-05-06,0,7,2.0,8.666666666666666,6.54071661237785,28.8,0.146,-1.9241486572738007,1.775
2018190,2018,m,2018-05-07,1,7,2.0,8.666666666666666,6.54071661237785,28.8,0.13,-2.0402208285265546,1.55
2018190,2018,m,2018-05-11,5,7,2.0,8.666666666666666,6.54071661237785,28.8,0.124,-2.0874737133771,1.6
2018191,2018,m,2018-05-06,0,7,0.0,0.0,6.54071661237785,29.799999999999997,0.15,-1.8971199848858813,1.75
2018192,2018,f,2018-05-06,0,7,0.5,0.5,6.54071661237785,31.9,0.218,-1.523260216193048,2.1
2018192,2018,f,2018-05-07,1,7,0.5,0.5,6.54071661237785,31.9,0.208,-1.5702171992808192,1.975
2018193,2018,m,2018-05-06,0,7,0.0,0.0,6.54071661237785,31.3,0.14,-1.9661128563728327,1.975
2018194,2018,f,2018-05-06,0,7,2.5,12.5,6.54071661237785,29.2,0.174,-1.7486999797676082,1.6
2018194,2018,f,2018-05-11,5,7,2.5,12.5,6.54071661237785,29.2,0.111,-2.198225077669803,1.55
2018195,2018,f,2018-05-07,0,8,0.0,0.0,6.54071661237785,30.9,0.242,-1.4188175528254507,1.65
2018196,2018,m,2018-05-07,0,8,5.75,52.25,6.54071661237785,31.1,0.12,-2.120263536200091,1.85
2018196,2018,m,2018-05-11,4,8,5.75,52.25,6.54071661237785,31.1,0.143,-1.9449106487222299,1.8
2018196,2018,m,2018-05-14,7,8,5.75,52.25,6.54071661237785,31.1,0.127,-2.0635681925235456,1.85
2018196,2018,m,2018-05-19,12,8,5.75,52.25,6.54071661237785,31.1,0.128,-2.05572501506252,1.6749999999999998
2018197,2018,f,2018-05-07,0,8,2.5,12.5,6.54071661237785,28.7,0.189,-1.6660082639224947,1.7
2018197,2018,f,2018-05-12,5,8,2.5,12.5,6.54071661237785,28.7,0.115,-2.162823150618887,1.525
2018198,2018,m,2018-05-07,0,8,3.5,24.5,6.54071661237785,32.1,0.159,-1.8388510767619055,1.75
2018198,2018,m,2018-05-14,7,8,3.5,24.5,6.54071661237785,32.1,0.123,-2.0955709236097197,1.7
2018199,2018,f,2018-05-07,0,8,0.0,0.0,6.54071661237785,28.700000000000003,0.165,-1.8018098050815563,1.6749999999999998
2018200,2018,m,2018-05-07,0,8,2.0,8.0,6.54071661237785,30.5,0.18,-1.7147984280919266,1.85
2018200,2018,m,2018-05-11,4,8,2.0,8.0,6.54071661237785,30.5,0.151,-1.8904754421672127,1.95
2018201,2018,m,2018-05-07,0,8,0.0,0.0,6.54071661237785,30.8,0.139,-1.973281345851445,1.9249999999999998
2018202,2018,f,2018-05-07,0,8,0.0,0.0,6.54071661237785,31.9,0.187,-1.6766466621275504,1.8
2018203,2018,f,2018-05-07,0,8,2.3333333333333335,8.333333333333334,6.54071661237785,30.2,0.243,-1.4146938356415886,2.025
2018203,2018,f,2018-05-10,3,8,2.3333333333333335,8.333333333333334,6.54071661237785,30.2,0.184,-1.6928195213731514,2.025
2018203,2018,f,2018-05-11,4,8,2.3333333333333335,8.333333333333334,6.54071661237785,30.2,0.185,-1.6873994539038122,1.875
2018204,2018,f,2018-05-07,0,8,5.0,39.0,6.54071661237785,30.5,0.195,-1.6347557204183902,2.05
2018204,2018,f,2018-05-13,6,8,5.0,39.0,6.54071661237785,30.5,0.177,-1.731605546408308,1.85
2018204,2018,f,2018-05-16,9,8,5.0,39.0,6.54071661237785,30.5,0.151,-1.8904754421672127,1.6
2018205,2018,f,2018-05-07,0,8,2.3333333333333335,8.333333333333334,6.54071661237785,29.9,0.182,-1.7037485919053417,1.75
2018205,2018,f,2018-05-10,3,8,2.3333333333333335,8.333333333333334,6.54071661237785,29.9,0.181,-1.7092582477163114,
2018205,2018,f,2018-05-11,4,8,2.3333333333333335,8.333333333333334,6.54071661237785,29.9,0.168,-1.783791299578878,1.975
2018206,2018,f,2018-05-07,0,8,1.5,4.5,6.54071661237785,31.4,0.187,-1.6766466621275504,1.9
2018206,2018,f,2018-05-10,3,8,1.5,4.5,6.54071661237785,31.4,,,1.9
2018207,2018,m,2018-05-07,0,8,0.0,0.0,6.54071661237785,30.1,0.147,-1.9173226922034008,1.6
2018208,2018,m,2018-05-07,0,8,0.0,0.0,6.54071661237785,30.4,0.147,-1.9173226922034008,1.7
2018209,2018,f,2018-05-07,0,8,4.333333333333333,28.333333333333332,6.54071661237785,30.9,0.2,-1.6094379124341003,1.8250000000000002
2018209,2018,f,2018-05-13,6,8,4.333333333333333,28.333333333333332,6.54071661237785,30.9,0.135,-2.0024805005437076,1.75
2018209,2018,f,2018-05-14,7,8,4.333333333333333,28.333333333333332,6.54071661237785,30.9,0.119,-2.1286317858706076,1.5750000000000002
2018210,2018,f,2018-05-07,0,8,1.5,4.5,6.54071661237785,30.3,0.215,-1.5371172508544744,1.9249999999999998
2018210,2018,f,2018-05-10,3,8,1.5,4.5,6.54071661237785,30.3,0.157,-1.851509473633829,1.775
2018211,2018,m,2018-05-07,0,8,0.0,0.0,6.54071661237785,28.1,0.135,-2.0024805005437076,1.5
2018212,2018,f,2018-05-08,0,9,0.0,0.0,6.54071661237785,30.1,0.229,-1.4740332754278973,1.85
2018213,2018,f,2018-05-08,0,9,0.0,0.0,6.54071661237785,29.8,0.207,-1.575036485716768,1.8
2018214,2018,m,2018-05-08,0,9,1.5,4.5,6.54071661237785,32.7,0.139,-1.973281345851445,1.85
2018214,2018,m,2018-05-11,3,9,1.5,4.5,6.54071661237785,32.7,0.144,-1.9379419794061366,1.75
2018215,2018,m,2018-05-08,0,9,1.5,4.5,6.54071661237785,30.3,0.113,-2.1803674602697964,1.725
2018215,2018,m,2018-05-11,3,9,1.5,4.5,6.54071661237785,30.3,0.133,-2.017406150760383,1.775
2018216,2018,m,2018-05-08,0,9,2.0,6.0,6.54071661237785,29.8,0.099,-2.312635428847547,1.6749999999999998
2018216,2018,m,2018-05-11,3,9,2.0,6.0,6.54071661237785,29.8,0.108,-2.2256240518579173,1.775
2018216,2018,m,2018-05-11,3,9,2.0,6.0,6.54071661237785,29.8,0.104,-2.2633643798407643,1.775
2018217,2018,f,2018-05-08,0,9,5.333333333333333,45.333333333333336,6.54071661237785,29.8,0.175,-1.742969305058623,1.6749999999999998
2018217,2018,f,2018-05-14,6,9,5.333333333333333,45.333333333333336,6.54071661237785,29.8,0.195,-1.6347557204183902,1.6
2018217,2018,f,2018-05-18,10,9,5.333333333333333,45.333333333333336,6.54071661237785,29.8,0.122,-2.1037342342488805,1.5
2018218,2018,f,2018-05-08,0,9,0.0,0.0,6.54071661237785,29.8,0.233,-1.4567168254164364,2.0
2018219,2018,m,2018-05-08,0,9,5.5,47.5,6.54071661237785,31.3,0.153,-1.8773173575897015,1.875
2018219,2018,m,2018-05-11,3,9,5.5,47.5,6.54071661237785,31.3,0.151,-1.8904754421672127,1.75
2018219,2018,m,2018-05-17,9,9,5.5,47.5,6.54071661237785,31.3,,,1.625
2018219,2018,m,2018-05-18,10,9,5.5,47.5,6.54071661237785,31.3,0.133,-2.017406150760383,1.45
2018220,2018,f,2018-05-08,0,9,0.0,0.0,6.54071661237785,30.9,0.254,-1.3704210119636004,1.85
2018221,2018,f,2018-05-08,0,9,3.0,15.0,6.54071661237785,32.6,0.195,-1.6347557204183902,2.125
2018221,2018,f,2018-05-11,3,9,3.0,15.0,6.54071661237785,32.6,0.161,-1.8263509139976741,1.85
2018221,2018,f,2018-05-14,6,9,3.0,15.0,6.54071661237785,32.6,0.128,-2.05572501506252,1.6749999999999998
2018222,2018,f,2018-05-08,0,9,1.6666666666666667,4.333333333333333,6.54071661237785,31.200000000000003,0.215,-1.5371172508544744,2.075
2018222,2018,f,2018-05-10,2,9,1.6666666666666667,4.333333333333333,6.54071661237785,31.200000000000003,0.209,-1.565421027017326,1.85
2018222,2018,f,2018-05-11,3,9,1.6666666666666667,4.333333333333333,6.54071661237785,31.200000000000003,0.166,-1.7957674906255938,1.625
2018223,2018,f,2018-05-08,0,9,0.0,0.0,6.54071661237785,31.2,0.203,-1.5945492999403497,2.1
2018224,2018,f,2018-05-08,0,9,6.4,56.4,6.54071661237785,31.0,0.233,-1.4567168254164364,2.1
2018224,2018,f,2018-05-13,5,9,6.4,56.4,6.54071661237785,31.0,0.204,-1.5896352851379207,2.0
2018224,2018,f,2018-05-14,6,9,6.4,56.4,6.54071661237785,31.0,0.168,-1.783791299578878,1.7
2018224,2018,f,2018-05-18,10,9,6.4,56.4,6.54071661237785,31.0,0.137,-1.987774353154012,1.6749999999999998
2018224,2018,f,2018-05-19,11,9,6.4,56.4,6.54071661237785,31.0,0.114,-2.1715568305876416,1.5
2018225,2018,f,2018-05-08,0,9,0.5,0.5,6.54071661237785,31.1,0.227,-1.4828052615007343,2.1
2018225,2018,f,2018-05-09,1,9,0.5,0.5,6.54071661237785,31.1,0.237,-1.439695137847006,1.9249999999999998
2018226,2018,f,2018-05-08,0,9,1.3333333333333333,3.3333333333333335,6.54071661237785,31.8,0.207,-1.575036485716768,1.8
2018226,2018,f,2018-05-09,1,9,1.3333333333333333,3.3333333333333335,6.54071661237785,31.8,0.235,-1.448169764837978,1.8
2018226,2018,f,2018-05-11,3,9,1.3333333333333333,3.3333333333333335,6.54071661237785,31.8,0.191,-1.6554818509355071,1.95
2018227,2018,f,2018-05-08,0,9,4.75,36.25,6.54071661237785,30.8,0.175,-1.742969305058623,1.95
2018227,2018,f,2018-05-11,3,9,4.75,36.25,6.54071661237785,30.8,0.159,-1.8388510767619055,1.85
2018227,2018,f,2018-05-14,6,9,4.75,36.25,6.54071661237785,30.8,0.119,-2.1286317858706076,1.5750000000000002
2018227,2018,f,2018-05-18,10,9,4.75,36.25,6.54071661237785,30.8,0.111,-2.198225077669803,1.55
2018228,2018,f,2018-05-08,0,9,2.0,6.666666666666667,6.54071661237785,32.1,0.235,-1.448169764837978,2.1
2018228,2018,f,2018-05-10,2,9,2.0,6.666666666666667,6.54071661237785,32.1,0.204,-1.5896352851379207,1.9
2018228,2018,f,2018-05-12,4,9,2.0,6.666666666666667,6.54071661237785,32.1,0.211,-1.5558971455060706,1.8250000000000002
2018229,2018,f,2018-05-08,0,9,4.75,36.25,6.54071661237785,31.0,0.232,-1.4610179073158271,2.2
2018229,2018,f,2018-05-11,3,9,4.75,36.25,6.54071661237785,31.0,0.214,-1.5417792639602856,1.95
2018229,2018,f,2018-05-14,6,9,4.75,36.25,6.54071661237785,31.0,0.181,-1.7092582477163114,1.975
2018229,2018,f,2018-05-18,10,9,4.75,36.25,6.54071661237785,31.0,0.15,-1.8971199848858813,1.75
2018230,2018,f,2018-05-09,0,10,4.666666666666667,35.333333333333336,6.54071661237785,29.9,0.184,-1.6928195213731514,1.975
2018230,2018,f,2018-05-14,5,10,4.666666666666667,35.333333333333336,6.54071661237785,29.9,0.12,-2.120263536200091,1.7
2018230,2018,f,2018-05-18,9,10,4.666666666666667,35.333333333333336,6.54071661237785,29.9,0.098,-2.322787800311565,1.45
2018231,2018,f,2018-05-09,0,10,4.0,27.5,6.54071661237785,31.4,0.237,-1.439695137847006,2.1
2018231,2018,f,2018-05-11,2,10,4.0,27.5,6.54071661237785,31.4,0.188,-1.6713133161521878,1.8
2018231,2018,f,2018-05-14,5,10,4.0,27.5,6.54071661237785,31.4,0.162,-1.820158943749753,1.75
2018231,2018,f,2018-05-18,9,10,4.0,27.5,6.54071661237785,31.4,0.16,-1.8325814637483102,1.6
2018232,2018,f,2018-05-09,0,10,5.666666666666667,49.666666666666664,6.54071661237785,31.6,0.257,-1.3586791940869172,2.25
2018232,2018,f,2018-05-16,7,10,5.666666666666667,49.666666666666664,6.54071661237785,31.6,0.195,-1.6347557204183902,1.9
2018232,2018,f,2018-05-19,10,10,5.666666666666667,49.666666666666664,6.54071661237785,31.6,0.128,-2.05572501506252,1.775
2018233,2018,m,2018-05-09,0,10,1.0,2.0,6.54071661237785,31.6,0.149,-1.903808973036678,1.875
2018233,2018,m,2018-05-11,2,10,1.0,2.0,6.54071661237785,31.6,0.118,-2.137070654516472,1.9
2018234,2018,f,2018-05-10,0,11,2.6,10.2,6.54071661237785,30.6,0.192,-1.6502599069543555,2.075
2018234,2018,f,2018-05-11,1,11,2.6,10.2,6.54071661237785,30.6,0.183,-1.6982691261407161,1.8250000000000002
2018234,2018,f,2018-05-13,3,11,2.6,10.2,6.54071661237785,30.6,0.171,-1.7660917224794772,1.875
2018234,2018,f,2018-05-14,4,11,2.6,10.2,6.54071661237785,30.6,0.151,-1.8904754421672127,1.75
2018234,2018,f,2018-05-15,5,11,2.6,10.2,6.54071661237785,30.6,0.173,-1.7544636844843582,1.725
2018235,2018,f,2018-05-10,0,11,0.5,0.5,6.54071661237785,30.4,0.222,-1.5050778971098575,2.1
2018235,2018,f,2018-05-11,1,11,0.5,0.5,6.54071661237785,30.4,0.18,-1.7147984280919266,1.8
2018236,2018,m,2018-05-10,0,11,0.5,0.5,6.54071661237785,30.9,0.127,-2.0635681925235456,1.95
2018236,2018,m,2018-05-11,1,11,0.5,0.5,6.54071661237785,30.9,0.132,-2.0249533563957662,1.775
2018237,2018,m,2018-05-10,0,11,0.0,0.0,6.54071661237785,31.1,0.125,-2.0794415416798357,1.8
2018238,2018,f,2018-05-10,0,11,2.0,8.0,6.54071661237785,32.2,0.224,-1.4961092271270973,2.2
2018238,2018,f,2018-05-14,4,11,2.0,8.0,6.54071661237785,32.2,0.162,-1.820158943749753,1.85
2018239,2018,f,2018-05-10,0,11,4.333333333333333,29.0,6.54071661237785,30.5,0.204,-1.5896352851379207,2.1
2018239,2018,f,2018-05-12,2,11,4.333333333333333,29.0,6.54071661237785,30.5,0.172,-1.760260802168684,1.875
2018239,2018,f,2018-05-13,3,11,4.333333333333333,29.0,6.54071661237785,30.5,0.168,-1.783791299578878,1.775
2018239,2018,f,2018-05-14,4,11,4.333333333333333,29.0,6.54071661237785,30.5,0.158,-1.8451602459551701,1.75
2018239,2018,f,2018-05-18,8,11,4.333333333333333,29.0,6.54071661237785,30.5,0.146,-1.9241486572738007,1.7
2018239,2018,f,2018-05-19,9,11,4.333333333333333,29.0,6.54071661237785,30.5,0.141,-1.9589953886039688,1.6749999999999998
2018240,2018,f,2018-05-10,0,11,0.5,0.5,6.54071661237785,30.299999999999997,0.241,-1.422958345491482,1.9249999999999998
2018240,2018,f,2018-05-11,1,11,0.5,0.5,6.54071661237785,30.299999999999997,0.184,-1.6928195213731514,2.0
2018241,2018,f,2018-05-10,0,11,0.5,0.5,6.54071661237785,31.5,0.232,-1.4610179073158271,1.95
2018241,2018,f,2018-05-11,1,11,0.5,0.5,6.54071661237785,31.5,0.185,-1.6873994539038122,1.85
2018242,2018,f,2018-05-10,0,11,4.0,26.666666666666668,6.54071661237785,31.2,0.209,-1.565421027017326,2.125
2018242,2018,f,2018-05-14,4,11,4.0,26.666666666666668,6.54071661237785,31.2,0.177,-1.731605546408308,2.0
2018242,2018,f,2018-05-18,8,11,4.0,26.666666666666668,6.54071661237785,31.2,0.137,-1.987774353154012,1.6749999999999998
2018243,2018,m,2018-05-10,0,11,0.5,0.5,6.54071661237785,31.4,0.151,-1.8904754421672127,1.8250000000000002
2018243,2018,m,2018-05-11,1,11,0.5,0.5,6.54071661237785,31.4,0.128,-2.05572501506252,1.75
2018244,2018,f,2018-05-11,0,12,0.5,0.5,6.54071661237785,30.4,0.215,-1.5371172508544744,1.9249999999999998
2018244,2018,f,2018-05-12,1,12,0.5,0.5,6.54071661237785,30.4,0.183,-1.6982691261407161,1.7
2018245,2018,f,2018-05-11,0,12,2.5,9.5,6.54071661237785,30.9,0.2,-1.6094379124341003,1.85
2018245,2018,f,2018-05-13,2,12,2.5,9.5,6.54071661237785,30.9,0.189,-1.6660082639224947,2.075
2018245,2018,f,2018-05-14,3,12,2.5,9.5,6.54071661237785,30.9,0.159,-1.8388510767619055,1.8
2018245,2018,f,2018-05-16,5,12,2.5,9.5,6.54071661237785,30.9,0.168,-1.783791299578878,1.7
2018246,2018,m,2018-05-11,0,12,1.5,4.5,6.54071661237785,33.6,0.143,-1.9449106487222299,1.8250000000000002
2018246,2018,m,2018-05-14,3,12,1.5,4.5,6.54071661237785,33.6,0.13,-2.0402208285265546,1.8
2018247,2018,f,2018-05-11,0,12,0.0,0.0,6.54071661237785,33.400000000000006,0.244,-1.410587053688935,2.125
2018248,2018,m,2018-05-11,0,12,1.5,4.5,6.54071661237785,32.0,0.146,-1.9241486572738007,1.85
2018248,2018,m,2018-05-14,3,12,1.5,4.5,6.54071661237785,32.0,0.1,-2.3025850929940455,1.6749999999999998
2018249,2018,f,2018-05-11,0,12,1.6666666666666667,4.333333333333333,6.54071661237785,33.4,0.245,-1.40649706843741,2.3
2018249,2018,f,2018-05-13,2,12,1.6666666666666667,4.333333333333333,6.54071661237785,33.4,,,1.9
2018249,2018,f,2018-05-14,3,12,1.6666666666666667,4.333333333333333,6.54071661237785,33.4,0.146,-1.9241486572738007,1.8
2018250,2018,m,2018-05-12,0,13,1.0,2.0,6.54071661237785,31.4,0.118,-2.137070654516472,1.6749999999999998
2018250,2018,m,2018-05-14,2,13,1.0,2.0,6.54071661237785,31.4,0.095,-2.353878387381596,1.7
2018251,2018,f,2018-05-12,0,13,0.0,0.0,6.54071661237785,31.1,0.185,-1.6873994539038122,1.725
2018252,2018,m,2018-05-12,0,13,0.0,0.0,6.54071661237785,30.5,0.129,-2.047942874620465,2.65
2018253,2018,f,2018-05-12,0,13,0.5,0.5,6.54071661237785,27.9,0.125,-2.0794415416798357,1.6749999999999998
2018253,2018,f,2018-05-13,1,13,0.5,0.5,6.54071661237785,27.9,0.105,-2.2537949288246137,1.6
2018254,2018,m,2018-05-12,0,13,0.5,0.5,6.54071661237785,32.0,,,1.8250000000000002
2018254,2018,m,2018-05-13,1,13,0.5,0.5,6.54071661237785,32.0,0.133,-2.017406150760383,1.9249999999999998
2018255,2018,m,2018-05-13,0,14,0.0,0.0,6.54071661237785,,0.128,-2.05572501506252,1.75
2018256,2018,m,2018-05-13,0,14,0.5,0.5,6.54071661237785,32.1,0.128,-2.05572501506252,1.85
2018256,2018,m,2018-05-14,1,14,0.5,0.5,6.54071661237785,32.1,0.104,-2.2633643798407643,1.825
2018257,2018,f,2018-05-13,0,14,0.0,0.0,6.54071661237785,32.0,0.201,-1.6044503709230613,1.85
2018258,2018,f,2018-05-13,0,14,0.0,0.0,6.54071661237785,30.4,0.169,-1.7778565640590636,1.6
2018259,2018,f,2018-05-13,0,14,0.0,0.0,6.54071661237785,32.4,0.195,-1.6347557204183902,1.95
2018260,2018,m,2018-05-13,0,14,0.5,0.5,6.54071661237785,30.4,0.142,-1.9519282213808764,1.6749999999999998
2018260,2018,m,2018-05-14,1,14,0.5,0.5,6.54071661237785,30.4,0.109,-2.2164073967529934,1.55
2018261,2018,f,2018-05-13,0,14,5.5,42.5,6.54071661237785,31.0,0.181,-1.7092582477163114,1.725
2018261,2018,f,2018-05-18,5,14,5.5,42.5,6.54071661237785,31.0,0.139,-1.973281345851445,1.6
2018261,2018,f,2018-05-21,8,14,5.5,42.5,6.54071661237785,31.0,0.13,-2.0402208285265546,1.475
2018261,2018,f,2018-05-22,9,14,5.5,42.5,6.54071661237785,31.0,,,1.475
2018262,2018,f,2018-05-13,0,14,0.5,0.5,6.54071661237785,29.8,0.192,-1.6502599069543555,1.8
2018262,2018,f,2018-05-14,1,14,0.5,0.5,6.54071661237785,29.8,0.178,-1.725971728690052,1.8
2018263,2018,f,2018-05-13,0,14,0.0,0.0,6.54071661237785,30.7,0.188,-1.6713133161521878,2.0
2018264,2018,f,2018-05-13,0,14,2.5,12.5,6.54071661237785,33.6,0.227,-1.4828052615007343,1.5
2018264,2018,f,2018-05-18,5,14,2.5,12.5,6.54071661237785,33.6,0.17,-1.7719568419318752,1.725
2018265,2018,f,2018-05-14,0,15,0.5,0.5,6.54071661237785,29.0,0.17,-1.7719568419318752,1.8
2018265,2018,f,2018-05-15,1,15,0.5,0.5,6.54071661237785,29.0,0.152,-1.8838747581358606,1.6
2018266,2018,m,2018-05-14,0,15,0.0,0.0,6.54071661237785,30.9,0.131,-2.0325579557809856,1.875
2018267,2018,f,2018-05-14,0,15,2.5,12.5,6.54071661237785,31.3,0.151,-1.8904754421672127,1.65
2018267,2018,f,2018-05-19,5,15,2.5,12.5,6.54071661237785,31.3,0.124,-2.0874737133771,1.4
2018268,2018,f,2018-05-15,0,16,0.0,0.0,6.54071661237785,31.2,0.165,-1.8018098050815563,1.8
2018269,2018,f,2018-05-18,0,19,0.5,0.5,6.54071661237785,33.2,0.181,-1.7092582477163114,1.65
2018269,2018,f,2018-05-19,1,19,0.5,0.5,6.54071661237785,33.2,0.159,-1.8388510767619055,1.6
2018270,2018,f,2018-05-19,0,20,0.0,0.0,6.54071661237785,32.5,0.133,-2.017406150760383,1.5750000000000002
2018271,2018,f,2018-05-20,0,21,1.0,1.6666666666666667,6.54071661237785,31.0,,,1.55
2018271,2018,f,2018-05-21,1,21,1.0,1.6666666666666667,6.54071661237785,31.0,0.106,-2.24431618487007,1.45
2018271,2018,f,2018-05-22,2,21,1.0,1.6666666666666667,6.54071661237785,31.0,,,1.375
2019001,2019,m,2019-04-21,0,0,6.0,61.0,14.916909620991254,31.6,0.184,-1.6928195213731514,2.125
2019001,2019,m,2019-04-22,1,0,6.0,61.0,14.916909620991254,31.6,0.175,-1.742969305058623,
2019001,2019,m,2019-04-24,3,0,6.0,61.0,14.916909620991254,31.6,0.174,-1.7486999797676082,2.1
2019001,2019,m,2019-04-25,4,0,6.0,61.0,14.916909620991254,31.6,0.136,-1.995100393246085,2.075
2019001,2019,m,2019-04-26,5,0,6.0,61.0,14.916909620991254,31.6,0.133,-2.017406150760383,2.1
2019001,2019,m,2019-04-30,9,0,6.0,61.0,14.916909620991254,31.6,0.139,-1.973281345851445,1.875
2019001,2019,m,2019-05-01,10,0,6.0,61.0,14.916909620991254,31.6,0.12,-2.120263536200091,1.8
2019001,2019,m,2019-05-07,16,0,6.0,61.0,14.916909620991254,31.6,0.121,-2.111964733385396,1.775
2019002,2019,m,2019-04-21,0,0,2.25,8.75,14.916909620991254,32.7,0.238,-1.4354846053106625,2.0
2019002,2019,m,2019-04-22,1,0,2.25,8.75,14.916909620991254,32.7,0.224,-1.4961092271270973,
2019002,2019,m,2019-04-24,3,0,2.25,8.75,14.916909620991254,32.7,0.207,-1.575036485716768,1.875
2019002,2019,m,2019-04-26,5,0,2.25,8.75,14.916909620991254,32.7,0.148,-1.9105430052180221,1.8
2019003,2019,m,2019-04-21,0,0,5.833333333333333,65.16666666666667,14.916909620991254,32.4,0.203,-1.5945492999403497,2.0
2019003,2019,m,2019-04-22,1,0,5.833333333333333,65.16666666666667,14.916909620991254,32.4,0.19,-1.6607312068216509,
2019003,2019,m,2019-04-24,3,0,5.833333333333333,65.16666666666667,14.916909620991254,32.4,0.177,-1.731605546408308,1.8250000000000002
2019003,2019,m,2019-04-26,5,0,5.833333333333333,65.16666666666667,14.916909620991254,32.4,0.157,-1.851509473633829,1.875
2019003,2019,m,2019-05-01,10,0,5.833333333333333,65.16666666666667,14.916909620991254,32.4,0.144,-1.9379419794061366,1.875
2019003,2019,m,2019-05-07,16,0,5.833333333333333,65.16666666666667,14.916909620991254,32.4,0.125,-2.0794415416798357,1.7
2019004,2019,m,2019-04-24,0,3,3.0,17.666666666666668,14.916909620991254,33.5,0.199,-1.6144504542576446,2.275
2019004,2019,m,2019-04-26,2,3,3.0,17.666666666666668,14.916909620991254,33.5,0.188,-1.6713133161521878,1.9249999999999998
2019004,2019,m,2019-05-01,7,3,3.0,17.666666666666668,14.916909620991254,33.5,0.179,-1.720369473141382,1.9
2019005,2019,m,2019-04-24,0,3,7.666666666666667,93.33333333333333,14.916909620991254,33.3,0.177,-1.731605546408308,1.9
2019005,2019,m,2019-04-26,2,3,7.666666666666667,93.33333333333333,14.916909620991254,33.3,0.186,-1.6820086052689358,
2019005,2019,m,2019-05-01,7,3,7.666666666666667,93.33333333333333,14.916909620991254,33.3,0.143,-1.9449106487222299,1.9
2019005,2019,m,2019-05-01,7,3,7.666666666666667,93.33333333333333,14.916909620991254,33.3,0.148,-1.9105430052180221,1.9
2019005,2019,m,2019-05-07,13,3,7.666666666666667,93.33333333333333,14.916909620991254,33.3,0.137,-1.987774353154012,1.725
2019005,2019,m,2019-05-11,17,3,7.666666666666667,93.33333333333333,14.916909620991254,33.3,0.138,-1.9805015938249322,1.625
2019006,2019,m,2019-04-24,0,3,10.5,181.16666666666666,14.916909620991254,32.5,0.241,-1.422958345491482,2.175
2019006,2019,m,2019-04-26,2,3,10.5,181.16666666666666,14.916909620991254,32.5,0.195,-1.6347557204183902,
2019006,2019,m,2019-05-01,7,3,10.5,181.16666666666666,14.916909620991254,32.5,0.176,-1.7372712839439852,1.85
2019006,2019,m,2019-05-07,13,3,10.5,181.16666666666666,14.916909620991254,32.5,0.147,-1.9173226922034008,1.875
2019006,2019,m,2019-05-11,17,3,10.5,181.16666666666666,14.916909620991254,32.5,0.151,-1.8904754421672127,1.85
2019006,2019,m,2019-05-18,24,3,10.5,181.16666666666666,14.916909620991254,32.5,0.143,-1.9449106487222299,1.775
2019007,2019,m,2019-04-24,0,3,3.5,24.5,14.916909620991254,30.700000000000003,0.172,-1.760260802168684,1.95
2019007,2019,m,2019-05-01,7,3,3.5,24.5,14.916909620991254,30.700000000000003,0.115,-2.162823150618887,1.725
2019008,2019,m,2019-04-24,0,3,1.0,2.0,14.916909620991254,32.8,0.185,-1.6873994539038122,2.025
2019008,2019,m,2019-04-26,2,3,1.0,2.0,14.916909620991254,32.8,0.186,-1.6820086052689358,1.975
2019009,2019,m,2019-04-24,0,3,7.666666666666667,93.33333333333333,14.916909620991254,32.4,0.21,-1.5606477482646683,2.1
2019009,2019,m,2019-04-26,2,3,7.666666666666667,93.33333333333333,14.916909620991254,32.4,0.174,-1.7486999797676082,1.95
2019009,2019,m,2019-05-01,7,3,7.666666666666667,93.33333333333333,14.916909620991254,32.4,0.158,-1.8451602459551701,1.85
2019009,2019,m,2019-05-01,7,3,7.666666666666667,93.33333333333333,14.916909620991254,32.4,0.155,-1.8643301620628905,1.85
2019009,2019,m,2019-05-07,13,3,7.666666666666667,93.33333333333333,14.916909620991254,32.4,0.148,-1.9105430052180221,1.8
2019009,2019,m,2019-05-11,17,3,7.666666666666667,93.33333333333333,14.916909620991254,32.4,0.133,-2.017406150760383,1.75
2019010,2019,m,2019-04-24,0,3,7.6,95.6,14.916909620991254,33.2,0.236,-1.443923473956527,2.1
2019010,2019,m,2019-04-26,2,3,7.6,95.6,14.916909620991254,33.2,0.188,-1.6713133161521878,2.025
2019010,2019,m,2019-05-01,7,3,7.6,95.6,14.916909620991254,33.2,0.153,-1.8773173575897015,2.0
2019010,2019,m,2019-05-07,13,3,7.6,95.6,14.916909620991254,33.2,0.151,-1.8904754421672127,1.9
2019010,2019,m,2019-05-10,16,3,7.6,95.6,14.916909620991254,33.2,0.155,-1.8643301620628905,1.75
2019011,2019,m,2019-04-24,0,3,3.0,17.666666666666668,14.916909620991254,33.2,0.197,-1.6245515502441485,2.225
2019011,2019,m,2019-04-26,2,3,3.0,17.666666666666668,14.916909620991254,33.2,0.182,-1.7037485919053417,
2019011,2019,m,2019-05-01,7,3,3.0,17.666666666666668,14.916909620991254,33.2,0.159,-1.8388510767619055,2.025
2019012,2019,m,2019-04-24,0,3,0.0,0.0,14.916909620991254,32.9,0.167,-1.7897614665653818,1.975
2019013,2019,m,2019-04-24,0,3,3.0,17.666666666666668,14.916909620991254,33.2,0.214,-1.5417792639602856,1.95
2019013,2019,m,2019-04-26,2,3,3.0,17.666666666666668,14.916909620991254,33.2,0.175,-1.742969305058623,1.9
2019013,2019,m,2019-05-01,7,3,3.0,17.666666666666668,14.916909620991254,33.2,0.164,-1.8078888511579385,1.975
2019014,2019,f,2019-04-24,0,3,1.0,2.0,14.916909620991254,31.6,0.239,-1.4312917270506265,1.975
2019014,2019,f,2019-04-26,2,3,1.0,2.0,14.916909620991254,31.6,0.174,-1.7486999797676082,
2019015,2019,m,2019-04-24,0,3,9.2,159.6,14.916909620991254,32.5,0.212,-1.5511690043101247,1.975
2019015,2019,m,2019-04-26,2,3,9.2,159.6,14.916909620991254,32.5,0.176,-1.7372712839439852,1.95
2019015,2019,m,2019-05-01,7,3,9.2,159.6,14.916909620991254,32.5,0.142,-1.9519282213808764,1.95
2019015,2019,m,2019-05-07,13,3,9.2,159.6,14.916909620991254,32.5,0.158,-1.8451602459551701,1.8250000000000002
2019015,2019,m,2019-05-18,24,3,9.2,159.6,14.916909620991254,32.5,0.131,-2.0325579557809856,1.625
2019016,2019,m,2019-04-24,0,3,7.833333333333333,95.83333333333333,14.916909620991254,32.2,0.234,-1.4524341636244356,2.075
2019016,2019,m,2019-04-26,2,3,7.833333333333333,95.83333333333333,14.916909620991254,32.2,0.174,-1.7486999797676082,1.8
2019016,2019,m,2019-05-01,7,3,7.833333333333333,95.83333333333333,14.916909620991254,32.2,0.141,-1.9589953886039688,1.85
2019016,2019,m,2019-05-02,8,3,7.833333333333333,95.83333333333333,14.916909620991254,32.2,0.133,-2.017406150760383,1.625
2019016,2019,m,2019-05-07,13,3,7.833333333333333,95.83333333333333,14.916909620991254,32.2,0.131,-2.0325579557809856,1.75
2019016,2019,m,2019-05-11,17,3,7.833333333333333,95.83333333333333,14.916909620991254,32.2,0.132,-2.0249533563957662,1.725
2019017,2019,f,2019-04-24,0,3,8.0,100.33333333333333,14.916909620991254,31.6,0.307,-1.18090753139494,1.975
2019017,2019,f,2019-04-26,2,3,8.0,100.33333333333333,14.916909620991254,31.6,0.23,-1.4696759700589417,2.05
2019017,2019,f,2019-05-01,7,3,8.0,100.33333333333333,14.916909620991254,31.6,0.193,-1.6450650900772514,2.0
2019017,2019,f,2019-05-02,8,3,8.0,100.33333333333333,14.916909620991254,31.6,0.17,-1.7719568419318752,1.6
2019017,2019,f,2019-05-08,14,3,8.0,100.33333333333333,14.916909620991254,31.6,0.149,-1.903808973036678,1.7
2019017,2019,f,2019-05-11,17,3,8.0,100.33333333333333,14.916909620991254,31.6,0.143,-1.9449106487222299,1.65
2019018,2019,m,2019-04-24,0,3,1.0,2.0,14.916909620991254,32.0,0.172,-1.760260802168684,2.0
2019018,2019,m,2019-04-26,2,3,1.0,2.0,14.916909620991254,32.0,0.163,-1.8140050781753747,2.0
2019019,2019,f,2019-04-25,0,4,0.0,0.0,14.916909620991254,32.8,0.275,-1.2909841813155656,2.125
2019019,2019,f,2019-04-25,0,4,0.0,0.0,14.916909620991254,32.8,0.272,-1.3019532126861397,2.125
2019020,2019,m,2019-04-25,0,4,0.0,0.0,14.916909620991254,30.700000000000003,0.164,-1.8078888511579385,2.0
2019021,2019,m,2019-04-25,0,4,9.625,146.375,14.916909620991254,32.9,0.248,-1.3943265328171548,2.0
2019021,2019,m,2019-04-26,1,4,9.625,146.375,14.916909620991254,32.9,0.157,-1.851509473633829,2.075
2019021,2019,m,2019-05-01,6,4,9.625,146.375,14.916909620991254,32.9,0.169,-1.7778565640590636,1.975
2019021,2019,m,2019-05-01,6,4,9.625,146.375,14.916909620991254,32.9,0.151,-1.8904754421672127,1.975
2019021,2019,m,2019-05-07,12,4,9.625,146.375,14.916909620991254,32.9,0.144,-1.9379419794061366,1.875
2019021,2019,m,2019-05-08,13,4,9.625,146.375,14.916909620991254,32.9,0.138,-1.9805015938249322,1.725
2019021,2019,m,2019-05-11,16,4,9.625,146.375,14.916909620991254,32.9,0.133,-2.017406150760383,1.9
2019021,2019,m,2019-05-18,23,4,9.625,146.375,14.916909620991254,32.9,0.126,-2.071473372030659,1.6749999999999998
2019022,2019,m,2019-04-25,0,4,0.5,0.5,14.916909620991254,33.6,0.296,-1.2173958246580767,2.225
2019022,2019,m,2019-04-26,1,4,0.5,0.5,14.916909620991254,33.6,0.227,-1.4828052615007343,2.1
2019023,2019,m,2019-04-25,0,4,2.3333333333333335,12.333333333333334,14.916909620991254,32.7,0.258,-1.3547956940605197,2.025
2019023,2019,m,2019-04-26,1,4,2.3333333333333335,12.333333333333334,14.916909620991254,32.7,0.203,-1.5945492999403497,2.0
2019023,2019,m,2019-05-01,6,4,2.3333333333333335,12.333333333333334,14.916909620991254,32.7,0.165,-1.8018098050815563,1.85
2019024,2019,m,2019-04-25,0,4,2.3333333333333335,12.333333333333334,14.916909620991254,32.8,0.252,-1.3783261914707137,2.2
2019024,2019,m,2019-04-26,1,4,2.3333333333333335,12.333333333333334,14.916909620991254,32.8,0.216,-1.5324768712979722,2.0
2019024,2019,m,2019-05-01,6,4,2.3333333333333335,12.333333333333334,14.916909620991254,32.8,0.176,-1.7372712839439852,2.075
2019025,2019,m,2019-04-25,0,4,2.3333333333333335,12.333333333333334,14.916909620991254,33.400000000000006,0.265,-1.3280254529959148,2.2
2019025,2019,m,2019-04-26,1,4,2.3333333333333335,12.333333333333334,14.916909620991254,33.400000000000006,0.215,-1.5371172508544744,2.05
2019025,2019,m,2019-05-01,6,4,2.3333333333333335,12.333333333333334,14.916909620991254,33.400000000000006,0.185,-1.6873994539038122,2.0
2019026,2019,f,2019-04-25,0,4,9.4,173.8,14.916909620991254,32.1,0.303,-1.194022473472768,2.2
2019026,2019,f,2019-04-26,1,4,9.4,173.8,14.916909620991254,32.1,0.291,-1.2344320118106447,2.1
2019026,2019,f,2019-05-01,6,4,9.4,173.8,14.916909620991254,32.1,0.195,-1.6347557204183902,2.0
2019026,2019,f,2019-05-11,16,4,9.4,173.8,14.916909620991254,32.1,0.173,-1.7544636844843582,1.9
2019026,2019,f,2019-05-19,24,4,9.4,173.8,14.916909620991254,32.1,0.17,-1.7719568419318752,1.6749999999999998
2019027,2019,m,2019-04-25,0,4,7.4,101.0,14.916909620991254,31.8,0.198,-1.6194882482876019,2.125
2019027,2019,m,2019-04-26,1,4,7.4,101.0,14.916909620991254,31.8,0.179,-1.720369473141382,1.975
2019027,2019,m,2019-05-01,6,4,7.4,101.0,14.916909620991254,31.8,0.171,-1.7660917224794772,2.075
2019027,2019,m,2019-05-07,12,4,7.4,101.0,14.916909620991254,31.8,0.18,-1.7147984280919266,1.8
2019027,2019,m,2019-05-13,18,4,7.4,101.0,14.916909620991254,31.8,0.179,-1.720369473141382,1.725
2019028,2019,m,2019-04-25,0,4,4.75,51.25,14.916909620991254,33.7,0.23,-1.4696759700589417,2.075
2019028,2019,m,2019-04-25,0,4,4.75,51.25,14.916909620991254,33.7,0.23,-1.4696759700589417,2.225
2019028,2019,m,2019-05-01,6,4,4.75,51.25,14.916909620991254,33.7,0.148,-1.9105430052180221,1.85
2019028,2019,m,2019-05-08,13,4,4.75,51.25,14.916909620991254,33.7,0.162,-1.820158943749753,1.8250000000000002
2019029,2019,m,2019-04-25,0,4,5.75,73.25,14.916909620991254,32.7,0.223,-1.5005835075220182,2.025
2019029,2019,m,2019-04-26,1,4,5.75,73.25,14.916909620991254,32.7,0.197,-1.6245515502441485,1.9249999999999998
2019029,2019,m,2019-05-01,6,4,5.75,73.25,14.916909620991254,32.7,0.165,-1.8018098050815563,2.125
2019029,2019,m,2019-05-11,16,4,5.75,73.25,14.916909620991254,32.7,0.138,-1.9805015938249322,1.85
2019030,2019,m,2019-04-26,0,5,7.0,72.5,14.916909620991254,32.1,0.183,-1.6982691261407161,2.0
2019030,2019,m,2019-05-01,5,5,7.0,72.5,14.916909620991254,32.1,0.161,-1.8263509139976741,1.875
2019030,2019,m,2019-05-07,11,5,7.0,72.5,14.916909620991254,32.1,0.152,-1.8838747581358606,1.9
2019030,2019,m,2019-05-08,12,5,7.0,72.5,14.916909620991254,32.1,0.101,-2.2926347621408776,
2019031,2019,m,2019-04-26,0,5,0.0,0.0,14.916909620991254,31.6,0.189,-1.6660082639224947,2.0
2019032,2019,m,2019-04-26,0,5,2.5,12.5,14.916909620991254,30.0,0.217,-1.5278579254416775,1.9249999999999998
2019032,2019,m,2019-05-01,5,5,2.5,12.5,14.916909620991254,30.0,0.128,-2.05572501506252,1.625
2019033,2019,m,2019-04-26,0,5,2.5,12.5,14.916909620991254,32.7,0.286,-1.2517634681622845,2.225
2019033,2019,m,2019-05-01,5,5,2.5,12.5,14.916909620991254,32.7,0.216,-1.5324768712979722,2.025
2019034,2019,m,2019-04-26,0,5,2.5,12.5,14.916909620991254,31.700000000000003,0.239,-1.4312917270506265,1.9249999999999998
2019034,2019,m,2019-05-01,5,5,2.5,12.5,14.916909620991254,31.700000000000003,0.17,-1.7719568419318752,2.0
2019035,2019,f,2019-04-26,0,5,5.333333333333333,48.666666666666664,14.916909620991254,32.3,0.268,-1.3167682984712803,1.975
2019035,2019,f,2019-05-01,5,5,5.333333333333333,48.666666666666664,14.916909620991254,32.3,0.204,-1.5896352851379207,2.0
2019035,2019,f,2019-05-07,11,5,5.333333333333333,48.666666666666664,14.916909620991254,32.3,0.19,-1.6607312068216509,1.775
2019036,2019,m,2019-04-26,0,5,7.75,92.75,14.916909620991254,32.2,0.241,-1.422958345491482,1.9249999999999998
2019036,2019,m,2019-05-01,5,5,7.75,92.75,14.916909620991254,32.2,0.168,-1.783791299578878,2.025
2019036,2019,m,2019-05-07,11,5,7.75,92.75,14.916909620991254,32.2,0.148,-1.9105430052180221,
2019036,2019,m,2019-05-11,15,5,7.75,92.75,14.916909620991254,32.2,0.128,-2.05572501506252,1.8250000000000002
2019037,2019,f,2019-04-26,0,5,7.2,82.0,14.916909620991254,32.6,0.295,-1.2207799226423173,2.225
2019037,2019,f,2019-04-30,4,5,7.2,82.0,14.916909620991254,32.6,0.228,-1.4784096500276962,2.075
2019037,2019,f,2019-05-01,5,5,7.2,82.0,14.916909620991254,32.6,0.21,-1.5606477482646683,2.0
2019037,2019,f,2019-05-08,12,5,7.2,82.0,14.916909620991254,32.6,0.189,-1.6660082639224947,1.875
2019037,2019,f,2019-05-11,15,5,7.2,82.0,14.916909620991254,32.6,0.175,-1.742969305058623,1.8
2019038,2019,m,2019-04-26,0,5,2.5,12.5,14.916909620991254,31.2,0.253,-1.374365790254617,1.85
2019038,2019,m,2019-05-01,5,5,2.5,12.5,14.916909620991254,31.2,0.184,-1.6928195213731514,1.8
2019039,2019,m,2019-04-26,0,5,10.5,148.5,14.916909620991254,32.5,0.215,-1.5371172508544744,2.05
2019039,2019,m,2019-05-08,12,5,10.5,148.5,14.916909620991254,32.5,0.139,-1.973281345851445,1.9249999999999998
2019039,2019,m,2019-05-11,15,5,10.5,148.5,14.916909620991254,32.5,0.14,-1.9661128563728327,1.775
2019039,2019,m,2019-05-11,15,5,10.5,148.5,14.916909620991254,32.5,0.13,-2.0402208285265546,1.775
2019040,2019,f,2019-04-26,0,5,8.25,108.75,14.916909620991254,33.7,0.258,-1.3547956940605197,2.275
2019040,2019,f,2019-05-01,5,5,8.25,108.75,14.916909620991254,33.7,0.212,-1.5511690043101247,2.025
2019040,2019,f,2019-05-07,11,5,8.25,108.75,14.916909620991254,33.7,,,1.9249999999999998
2019040,2019,f,2019-05-13,17,5,8.25,108.75,14.916909620991254,33.7,0.172,-1.760260802168684,1.8
2019041,2019,m,2019-04-26,0,5,11.285714285714286,211.57142857142858,14.916909620991254,33.9,0.208,-1.5702171992808192,
2019041,2019,m,2019-04-27,1,5,11.285714285714286,211.57142857142858,14.916909620991254,33.9,0.192,-1.6502599069543555,2.0
2019041,2019,m,2019-05-01,5,5,11.285714285714286,211.57142857142858,14.916909620991254,33.9,0.154,-1.870802676568508,1.9
2019041,2019,m,2019-05-07,11,5,11.285714285714286,211.57142857142858,14.916909620991254,33.9,0.15,-1.8971199848858813,1.85
2019041,2019,m,2019-05-11,15,5,11.285714285714286,211.57142857142858,14.916909620991254,33.9,0.149,-1.903808973036678,1.875
2019041,2019,m,2019-05-18,22,5,11.285714285714286,211.57142857142858,14.916909620991254,33.9,0.129,-2.047942874620465,2.0
2019041,2019,m,2019-05-21,25,5,11.285714285714286,211.57142857142858,14.916909620991254,33.9,0.123,-2.0955709236097197,1.7
2019042,2019,m,2019-04-29,0,8,1.0,2.0,14.916909620991254,31.0,0.192,-1.6502599069543555,2.0
2019042,2019,m,2019-05-01,2,8,1.0,2.0,14.916909620991254,31.0,0.173,-1.7544636844843582,1.975
2019043,2019,m,2019-04-29,0,8,1.0,2.0,14.916909620991254,31.700000000000003,0.194,-1.6398971199188088,1.9
2019043,2019,m,2019-05-01,2,8,1.0,2.0,14.916909620991254,31.700000000000003,0.165,-1.8018098050815563,1.8250000000000002
2019044,2019,m,2019-04-29,0,8,4.8,43.2,14.916909620991254,31.8,0.173,-1.7544636844843582,1.975
2019044,2019,m,2019-05-01,2,8,4.8,43.2,14.916909620991254,31.8,0.155,-1.8643301620628905,1.9
2019044,2019,m,2019-05-01,2,8,4.8,43.2,14.916909620991254,31.8,0.148,-1.9105430052180221,1.9
2019044,2019,m,2019-05-07,8,8,4.8,43.2,14.916909620991254,31.8,0.169,-1.7778565640590636,1.8
2019044,2019,m,2019-05-11,12,8,4.8,43.2,14.916909620991254,31.8,0.155,-1.8643301620628905,1.7
2019045,2019,f,2019-04-30,0,9,4.5,42.5,14.916909620991254,32.0,0.285,-1.2552660987134867,2.175
2019045,2019,f,2019-04-30,0,9,4.5,42.5,14.916909620991254,32.0,0.272,-1.3019532126861397,2.175
2019045,2019,f,2019-05-07,7,9,4.5,42.5,14.916909620991254,32.0,0.225,-1.491654876777717,1.8250000000000002
2019045,2019,f,2019-05-11,11,9,4.5,42.5,14.916909620991254,32.0,0.219,-1.5186835491656363,1.9
2019046,2019,m,2019-04-30,0,9,2.6666666666666665,16.666666666666668,14.916909620991254,33.5,0.176,-1.7372712839439852,2.125
2019046,2019,m,2019-05-01,1,9,2.6666666666666665,16.666666666666668,14.916909620991254,33.5,0.18,-1.7147984280919266,1.725
2019046,2019,m,2019-05-07,7,9,2.6666666666666665,16.666666666666668,14.916909620991254,33.5,0.187,-1.6766466621275504,
2019047,2019,f,2019-04-30,0,9,1.5,4.5,14.916909620991254,31.2,0.247,-1.3983669423541598,2.125
2019047,2019,f,2019-05-03,3,9,1.5,4.5,14.916909620991254,31.2,0.203,-1.5945492999403497,1.9249999999999998
2019048,2019,m,2019-04-30,0,9,5.0,46.5,14.916909620991254,30.799999999999997,0.209,-1.565421027017326,2.2
2019048,2019,m,2019-05-01,1,9,5.0,46.5,14.916909620991254,30.799999999999997,0.184,-1.6928195213731514,2.0
2019048,2019,m,2019-05-08,8,9,5.0,46.5,14.916909620991254,30.799999999999997,0.163,-1.8140050781753747,1.85
2019048,2019,m,2019-05-11,11,9,5.0,46.5,14.916909620991254,30.799999999999997,0.136,-1.995100393246085,1.875
2019049,2019,m,2019-04-30,0,9,2.6666666666666665,16.666666666666668,14.916909620991254,31.4,0.177,-1.731605546408308,2.05
2019049,2019,m,2019-05-01,1,9,2.6666666666666665,16.666666666666668,14.916909620991254,31.4,0.16,-1.8325814637483102,1.725
2019049,2019,m,2019-05-07,7,9,2.6666666666666665,16.666666666666668,14.916909620991254,31.4,0.146,-1.9241486572738007,1.725
2019050,2019,m,2019-04-30,0,9,2.6666666666666665,16.666666666666668,14.916909620991254,31.5,0.213,-1.546463113272712,2.1
2019050,2019,m,2019-05-01,1,9,2.6666666666666665,16.666666666666668,14.916909620991254,31.5,0.189,-1.6660082639224947,2.075
2019050,2019,m,2019-05-07,7,9,2.6666666666666665,16.666666666666668,14.916909620991254,31.5,0.188,-1.6713133161521878,1.775
2019051,2019,f,2019-04-30,0,9,7.333333333333333,80.66666666666667,14.916909620991254,33.1,0.212,-1.5511690043101247,2.05
2019051,2019,f,2019-05-11,11,9,7.333333333333333,80.66666666666667,14.916909620991254,33.1,0.152,-1.8838747581358606,1.85
2019051,2019,f,2019-05-11,11,9,7.333333333333333,80.66666666666667,14.916909620991254,33.1,0.159,-1.8388510767619055,1.85
2019052,2019,f,2019-04-30,0,9,0.0,0.0,14.916909620991254,32.0,0.193,-1.6450650900772514,1.85
2019053,2019,m,2019-04-30,0,9,4.0,40.666666666666664,14.916909620991254,31.5,0.208,-1.5702171992808192,1.8250000000000002
2019053,2019,m,2019-05-01,1,9,4.0,40.666666666666664,14.916909620991254,31.5,0.189,-1.6660082639224947,1.8250000000000002
2019053,2019,m,2019-05-11,11,9,4.0,40.666666666666664,14.916909620991254,31.5,0.131,-2.0325579557809856,1.725
2019054,2019,m,2019-04-30,0,9,0.0,0.0,14.916909620991254,31.0,0.212,-1.5511690043101247,2.05
2019055,2019,m,2019-04-30,0,9,0.0,0.0,14.916909620991254,31.2,0.152,-1.8838747581358606,1.85
2019056,2019,f,2019-04-30,0,9,0.0,0.0,14.916909620991254,32.1,0.287,-1.248273063222516,2.2
2019057,2019,m,2019-04-30,0,9,0.0,0.0,14.916909620991254,31.4,0.187,-1.6766466621275504,1.875
2019058,2019,m,2019-04-30,0,9,3.5,24.5,14.916909620991254,,0.213,-1.546463113272712,1.9249999999999998
2019058,2019,m,2019-05-07,7,9,3.5,24.5,14.916909620991254,,0.192,-1.6502599069543555,1.6
2019059,2019,f,2019-04-30,0,9,7.888888888888889,93.0,14.916909620991254,31.1,0.246,-1.4024237430497744,2.125
2019059,2019,f,2019-05-01,1,9,7.888888888888889,93.0,14.916909620991254,31.1,0.204,-1.5896352851379207,2.05
2019059,2019,f,2019-05-03,3,9,7.888888888888889,93.0,14.916909620991254,31.1,0.185,-1.6873994539038122,2.0
2019059,2019,f,2019-05-07,7,9,7.888888888888889,93.0,14.916909620991254,31.1,0.203,-1.5945492999403497,1.85
2019059,2019,f,2019-05-08,8,9,7.888888888888889,93.0,14.916909620991254,31.1,0.181,-1.7092582477163114,1.8250000000000002
2019059,2019,f,2019-05-10,10,9,7.888888888888889,93.0,14.916909620991254,31.1,0.182,-1.7037485919053417,1.8
2019059,2019,f,2019-05-11,11,9,7.888888888888889,93.0,14.916909620991254,31.1,0.146,-1.9241486572738007,1.775
2019059,2019,f,2019-05-13,13,9,7.888888888888889,93.0,14.916909620991254,31.1,0.139,-1.973281345851445,1.525
2019059,2019,f,2019-05-18,18,9,7.888888888888889,93.0,14.916909620991254,31.1,0.127,-2.0635681925235456,1.7
2019060,2019,m,2019-04-30,0,9,0.0,0.0,14.916909620991254,31.900000000000002,0.23,-1.4696759700589417,1.775
2019061,2019,m,2019-05-01,0,10,10.6,165.0,14.916909620991254,32.7,0.205,-1.584745299843729,1.95
2019061,2019,m,2019-05-07,6,10,10.6,165.0,14.916909620991254,32.7,0.165,-1.8018098050815563,1.8
2019061,2019,m,2019-05-11,10,10,10.6,165.0,14.916909620991254,32.7,,,1.7
2019061,2019,m,2019-05-18,17,10,10.6,165.0,14.916909620991254,32.7,0.148,-1.9105430052180221,1.8250000000000002
2019061,2019,m,2019-05-21,20,10,10.6,165.0,14.916909620991254,32.7,0.139,-1.973281345851445,1.725
2019062,2019,m,2019-05-01,0,10,10.666666666666666,181.33333333333334,14.916909620991254,32.3,0.192,-1.6502599069543555,1.975
2019062,2019,m,2019-05-13,12,10,10.666666666666666,181.33333333333334,14.916909620991254,32.3,0.169,-1.7778565640590636,1.775
2019062,2019,m,2019-05-21,20,10,10.666666666666666,181.33333333333334,14.916909620991254,32.3,0.126,-2.071473372030659,1.85
2019063,2019,m,2019-05-01,0,10,8.25,106.25,14.916909620991254,30.299999999999997,0.154,-1.870802676568508,1.875
2019063,2019,m,2019-05-07,6,10,8.25,106.25,14.916909620991254,30.299999999999997,0.116,-2.1541650878757723,1.725
2019063,2019,m,2019-05-11,10,10,8.25,106.25,14.916909620991254,30.299999999999997,0.123,-2.0955709236097197,1.65
2019063,2019,m,2019-05-18,17,10,8.25,106.25,14.916909620991254,30.299999999999997,0.141,-1.9589953886039688,1.875
2019064,2019,f,2019-05-01,0,10,10.0,166.66666666666666,14.916909620991254,30.1,0.193,-1.6450650900772514,1.975
2019064,2019,f,2019-05-11,10,10,10.0,166.66666666666666,14.916909620991254,30.1,0.144,-1.9379419794061366,1.75
2019064,2019,f,2019-05-21,20,10,10.0,166.66666666666666,14.916909620991254,30.1,0.115,-2.162823150618887,1.725
2019065,2019,f,2019-05-01,0,10,8.5,109.5,14.916909620991254,31.0,0.206,-1.579879110192556,2.1
2019065,2019,f,2019-05-08,7,10,8.5,109.5,14.916909620991254,31.0,0.164,-1.8078888511579385,1.725
2019065,2019,f,2019-05-11,10,10,8.5,109.5,14.916909620991254,31.0,0.166,-1.7957674906255938,1.9
2019065,2019,f,2019-05-18,17,10,8.5,109.5,14.916909620991254,31.0,0.153,-1.8773173575897015,1.775
2019066,2019,f,2019-05-01,0,10,6.8,85.2,14.916909620991254,32.2,0.23,-1.4696759700589417,2.05
2019066,2019,f,2019-05-02,1,10,6.8,85.2,14.916909620991254,32.2,0.195,-1.6347557204183902,1.7
2019066,2019,f,2019-05-07,6,10,6.8,85.2,14.916909620991254,32.2,0.19,-1.6607312068216509,1.625
2019066,2019,f,2019-05-11,10,10,6.8,85.2,14.916909620991254,32.2,0.164,-1.8078888511579385,1.75
2019066,2019,f,2019-05-18,17,10,6.8,85.2,14.916909620991254,32.2,0.151,-1.8904754421672127,1.725
2019067,2019,f,2019-05-01,0,10,4.25,34.25,14.916909620991254,32.2,0.265,-1.3280254529959148,2.0
2019067,2019,f,2019-05-02,1,10,4.25,34.25,14.916909620991254,32.2,0.252,-1.3783261914707137,1.875
2019067,2019,f,2019-05-07,6,10,4.25,34.25,14.916909620991254,32.2,0.228,-1.4784096500276962,2.0
2019067,2019,f,2019-05-11,10,10,4.25,34.25,14.916909620991254,32.2,0.19,-1.6607312068216509,1.8250000000000002
2019068,2019,m,2019-05-01,0,10,5.333333333333333,45.333333333333336,14.916909620991254,34.0,0.219,-1.5186835491656363,2.2
2019068,2019,m,2019-05-07,6,10,5.333333333333333,45.333333333333336,14.916909620991254,34.0,0.177,-1.731605546408308,1.8250000000000002
2019068,2019,m,2019-05-11,10,10,5.333333333333333,45.333333333333336,14.916909620991254,34.0,0.142,-1.9519282213808764,1.85
2019069,2019,m,2019-05-01,0,10,10.8,169.2,14.916909620991254,33.5,0.244,-1.410587053688935,2.2
2019069,2019,m,2019-05-07,6,10,10.8,169.2,14.916909620991254,33.5,0.18,-1.7147984280919266,1.8
2019069,2019,m,2019-05-12,11,10,10.8,169.2,14.916909620991254,33.5,0.166,-1.7957674906255938,1.8
2019069,2019,m,2019-05-18,17,10,10.8,169.2,14.916909620991254,33.5,0.167,-1.7897614665653818,1.725
2019069,2019,m,2019-05-21,20,10,10.8,169.2,14.916909620991254,33.5,0.151,-1.8904754421672127,1.7
2019070,2019,m,2019-05-01,0,10,0.0,0.0,14.916909620991254,34.1,0.216,-1.5324768712979722,2.175
2019071,2019,f,2019-05-01,0,10,3.5,24.5,14.916909620991254,32.7,0.283,-1.2623083813388996,2.125
2019071,2019,f,2019-05-08,7,10,3.5,24.5,14.916909620991254,32.7,0.197,-1.6245515502441485,2.0
2019072,2019,m,2019-05-01,0,10,7.666666666666667,108.33333333333333,14.916909620991254,32.1,0.18,-1.7147984280919266,1.975
2019072,2019,m,2019-05-07,6,10,7.666666666666667,108.33333333333333,14.916909620991254,32.1,0.152,-1.8838747581358606,1.625
2019072,2019,m,2019-05-18,17,10,7.666666666666667,108.33333333333333,14.916909620991254,32.1,0.133,-2.017406150760383,
2019073,2019,m,2019-05-01,0,10,5.666666666666667,49.666666666666664,14.916909620991254,31.700000000000003,,,2.0
2019073,2019,m,2019-05-08,7,10,5.666666666666667,49.666666666666664,14.916909620991254,31.700000000000003,0.153,-1.8773173575897015,1.775
2019073,2019,m,2019-05-11,10,10,5.666666666666667,49.666666666666664,14.916909620991254,31.700000000000003,0.143,-1.9449106487222299,1.7
2019074,2019,m,2019-05-01,0,10,3.0,18.0,14.916909620991254,29.5,0.149,-1.903808973036678,1.9
2019074,2019,m,2019-05-07,6,10,3.0,18.0,14.916909620991254,29.5,0.136,-1.995100393246085,1.8
2019075,2019,m,2019-05-01,0,10,8.5,144.5,14.916909620991254,33.4,0.184,-1.6928195213731514,2.0
2019075,2019,m,2019-05-18,17,10,8.5,144.5,14.916909620991254,33.4,0.157,-1.851509473633829,1.85
2019076,2019,m,2019-05-01,0,10,8.5,109.5,14.916909620991254,31.299999999999997,0.165,-1.8018098050815563,2.075
2019076,2019,m,2019-05-08,7,10,8.5,109.5,14.916909620991254,31.299999999999997,0.142,-1.9519282213808764,2.0
2019076,2019,m,2019-05-11,10,10,8.5,109.5,14.916909620991254,31.299999999999997,0.141,-1.9589953886039688,1.8250000000000002
2019076,2019,m,2019-05-18,17,10,8.5,109.5,14.916909620991254,31.299999999999997,0.132,-2.0249533563957662,1.6
2019077,2019,m,2019-05-01,0,10,5.0,50.0,14.916909620991254,31.2,0.217,-1.5278579254416775,1.9
2019077,2019,m,2019-05-11,10,10,5.0,50.0,14.916909620991254,31.2,0.146,-1.9241486572738007,1.9
2019078,2019,m,2019-05-01,0,10,3.0,18.0,14.916909620991254,33.2,0.172,-1.760260802168684,2.1
2019078,2019,m,2019-05-07,6,10,3.0,18.0,14.916909620991254,33.2,0.165,-1.8018098050815563,1.775
2019079,2019,f,2019-05-01,0,10,6.5,79.16666666666667,14.916909620991254,31.700000000000003,0.256,-1.3625778345025745,1.9249999999999998
2019079,2019,f,2019-05-02,1,10,6.5,79.16666666666667,14.916909620991254,31.700000000000003,0.217,-1.5278579254416775,2.0
2019079,2019,f,2019-05-03,2,10,6.5,79.16666666666667,14.916909620991254,31.700000000000003,0.203,-1.5945492999403497,2.0
2019079,2019,f,2019-05-10,9,10,6.5,79.16666666666667,14.916909620991254,31.700000000000003,0.179,-1.720369473141382,1.775
2019079,2019,f,2019-05-11,10,10,6.5,79.16666666666667,14.916909620991254,31.700000000000003,0.168,-1.783791299578878,1.875
2019079,2019,f,2019-05-18,17,10,6.5,79.16666666666667,14.916909620991254,31.700000000000003,0.162,-1.820158943749753,1.85
2019080,2019,f,2019-05-01,0,10,8.25,106.25,14.916909620991254,32.1,0.312,-1.1647520911726548,2.15
2019080,2019,f,2019-05-07,6,10,8.25,106.25,14.916909620991254,32.1,0.236,-1.443923473956527,2.05
2019080,2019,f,2019-05-11,10,10,8.25,106.25,14.916909620991254,32.1,0.201,-1.6044503709230613,1.9
2019080,2019,f,2019-05-18,17,10,8.25,106.25,14.916909620991254,32.1,0.197,-1.6245515502441485,1.9
2019081,2019,m,2019-05-01,0,10,0.0,0.0,14.916909620991254,29.2,0.129,-2.047942874620465,2.0
2019082,2019,m,2019-05-01,0,10,5.0,50.0,14.916909620991254,33.2,0.274,-1.2946271725940668,2.075
2019082,2019,m,2019-05-11,10,10,5.0,50.0,14.916909620991254,33.2,0.186,-1.6820086052689358,2.025
2019083,2019,f,2019-05-01,0,10,5.0,50.0,14.916909620991254,31.6,0.253,-1.374365790254617,2.0
2019083,2019,f,2019-05-11,10,10,5.0,50.0,14.916909620991254,31.6,0.193,-1.6450650900772514,1.9249999999999998
2019084,2019,m,2019-05-01,0,10,10.6,165.0,14.916909620991254,32.6,0.207,-1.575036485716768,2.075
2019084,2019,m,2019-05-07,6,10,10.6,165.0,14.916909620991254,32.6,0.164,-1.8078888511579385,1.85
2019084,2019,m,2019-05-11,10,10,10.6,165.0,14.916909620991254,32.6,0.131,-2.0325579557809856,1.8
2019084,2019,m,2019-05-18,17,10,10.6,165.0,14.916909620991254,32.6,0.128,-2.05572501506252,1.9
2019084,2019,m,2019-05-21,20,10,10.6,165.0,14.916909620991254,32.6,,,1.8
2019085,2019,f,2019-05-01,0,10,8.4,109.2,14.916909620991254,34.3,0.263,-1.3356012468043725,2.2
2019085,2019,f,2019-05-07,6,10,8.4,109.2,14.916909620991254,34.3,0.225,-1.491654876777717,1.8
2019085,2019,f,2019-05-08,7,10,8.4,109.2,14.916909620991254,34.3,0.2,-1.6094379124341003,1.85
2019085,2019,f,2019-05-11,10,10,8.4,109.2,14.916909620991254,34.3,0.166,-1.7957674906255938,1.85
2019085,2019,f,2019-05-20,19,10,8.4,109.2,14.916909620991254,34.3,0.115,-2.162823150618887,
2019086,2019,m,2019-05-01,0,10,8.25,106.25,14.916909620991254,30.2,0.205,-1.584745299843729,1.975
2019086,2019,m,2019-05-07,6,10,8.25,106.25,14.916909620991254,30.2,0.156,-1.8578992717326,1.875
2019086,2019,m,2019-05-11,10,10,8.25,106.25,14.916909620991254,30.2,0.148,-1.9105430052180221,1.725
2019086,2019,m,2019-05-18,17,10,8.25,106.25,14.916909620991254,30.2,0.138,-1.9805015938249322,1.85
2019087,2019,f,2019-05-01,0,10,6.75,64.25,14.916909620991254,31.0,0.244,-1.410587053688935,2.1
2019087,2019,f,2019-05-07,6,10,6.75,64.25,14.916909620991254,31.0,0.178,-1.725971728690052,1.775
2019087,2019,f,2019-05-11,10,10,6.75,64.25,14.916909620991254,31.0,0.17,-1.7719568419318752,1.85
2019087,2019,f,2019-05-12,11,10,6.75,64.25,14.916909620991254,31.0,0.162,-1.820158943749753,1.7
2019088,2019,m,2019-05-01,0,10,7.0,70.0,14.916909620991254,32.7,0.197,-1.6245515502441485,1.95
2019088,2019,m,2019-05-07,6,10,7.0,70.0,14.916909620991254,32.7,0.163,-1.8140050781753747,1.9
2019088,2019,m,2019-05-11,10,10,7.0,70.0,14.916909620991254,32.7,0.15,-1.8971199848858813,1.875
2019088,2019,m,2019-05-13,12,10,7.0,70.0,14.916909620991254,32.7,0.153,-1.8773173575897015,1.6749999999999998
2019089,2019,m,2019-05-01,0,10,7.0,79.66666666666667,14.916909620991254,29.8,,,1.975
2019089,2019,m,2019-05-03,2,10,7.0,79.66666666666667,14.916909620991254,29.8,0.134,-2.0099154790312257,1.9
2019089,2019,m,2019-05-07,6,10,7.0,79.66666666666667,14.916909620991254,29.8,0.127,-2.0635681925235456,1.775
2019089,2019,m,2019-05-08,7,10,7.0,79.66666666666667,14.916909620991254,29.8,0.123,-2.0955709236097197,1.725
2019089,2019,m,2019-05-11,10,10,7.0,79.66666666666667,14.916909620991254,29.8,0.117,-2.145581344184381,1.725
2019089,2019,m,2019-05-18,17,10,7.0,79.66666666666667,14.916909620991254,29.8,0.103,-2.2730262907525014,1.625
2019090,2019,m,2019-05-02,0,11,5.0,41.666666666666664,14.916909620991254,31.0,0.162,-1.820158943749753,1.7
2019090,2019,m,2019-05-07,5,11,5.0,41.666666666666664,14.916909620991254,31.0,0.149,-1.903808973036678,1.775
2019090,2019,m,2019-05-12,10,11,5.0,41.666666666666664,14.916909620991254,31.0,0.134,-2.0099154790312257,1.625
2019091,2019,f,2019-05-02,0,11,9.5,119.83333333333333,14.916909620991254,32.1,0.237,-1.439695137847006,1.975
2019091,2019,f,2019-05-08,6,11,9.5,119.83333333333333,14.916909620991254,32.1,0.151,-1.8904754421672127,1.95
2019091,2019,f,2019-05-11,9,11,9.5,119.83333333333333,14.916909620991254,32.1,0.146,-1.9241486572738007,1.9249999999999998
2019091,2019,f,2019-05-13,11,11,9.5,119.83333333333333,14.916909620991254,32.1,0.153,-1.8773173575897015,1.7
2019091,2019,f,2019-05-17,15,11,9.5,119.83333333333333,14.916909620991254,32.1,0.138,-1.9805015938249322,1.8
2019091,2019,f,2019-05-18,16,11,9.5,119.83333333333333,14.916909620991254,32.1,0.119,-2.1286317858706076,1.7
2019092,2019,f,2019-05-02,0,11,9.8,139.4,14.916909620991254,31.8,0.238,-1.4354846053106625,1.9249999999999998
2019092,2019,f,2019-05-08,6,11,9.8,139.4,14.916909620991254,31.8,0.182,-1.7037485919053417,1.9
2019092,2019,f,2019-05-11,9,11,9.8,139.4,14.916909620991254,31.8,0.151,-1.8904754421672127,1.75
2019092,2019,f,2019-05-18,16,11,9.8,139.4,14.916909620991254,31.8,0.129,-2.047942874620465,1.7
2019092,2019,f,2019-05-20,18,11,9.8,139.4,14.916909620991254,31.8,0.14,-1.9661128563728327,1.8
2019093,2019,m,2019-05-02,0,11,5.333333333333333,48.666666666666664,14.916909620991254,32.1,0.165,-1.8018098050815563,2.025
2019093,2019,m,2019-05-07,5,11,5.333333333333333,48.666666666666664,14.916909620991254,32.1,0.143,-1.9449106487222299,1.85
2019093,2019,m,2019-05-13,11,11,5.333333333333333,48.666666666666664,14.916909620991254,32.1,0.137,-1.987774353154012,1.6749999999999998
2019094,2019,m,2019-05-02,0,11,6.5,59.5,14.916909620991254,32.2,0.153,-1.8773173575897015,2.0
2019094,2019,m,2019-05-08,6,11,6.5,59.5,14.916909620991254,32.2,0.142,-1.9519282213808764,2.075
2019094,2019,m,2019-05-11,9,11,6.5,59.5,14.916909620991254,32.2,0.126,-2.071473372030659,1.85
2019094,2019,m,2019-05-13,11,11,6.5,59.5,14.916909620991254,32.2,0.133,-2.017406150760383,1.6749999999999998
2019095,2019,m,2019-05-02,0,11,0.0,0.0,14.916909620991254,32.8,0.19,-1.6607312068216509,2.2
2019096,2019,m,2019-05-02,0,11,0.0,0.0,14.916909620991254,33.4,0.191,-1.6554818509355071,1.95
2019097,2019,f,2019-05-02,0,11,9.8,140.6,14.916909620991254,33.1,0.302,-1.1973282616072674,2.225
2019097,2019,f,2019-05-08,6,11,9.8,140.6,14.916909620991254,33.1,0.167,-1.7897614665653818,1.8
2019097,2019,f,2019-05-11,9,11,9.8,140.6,14.916909620991254,33.1,0.165,-1.8018098050815563,1.9
2019097,2019,f,2019-05-17,15,11,9.8,140.6,14.916909620991254,33.1,,,1.9
2019097,2019,f,2019-05-21,19,11,9.8,140.6,14.916909620991254,33.1,,,1.95
2019098,2019,m,2019-05-02,0,11,5.5,60.5,14.916909620991254,32.6,0.249,-1.3903023825174294,2.1
2019098,2019,m,2019-05-13,11,11,5.5,60.5,14.916909620991254,32.6,0.145,-1.9310215365615626,1.75
2019099,2019,m,2019-05-02,0,11,8.5,144.5,14.916909620991254,33.3,0.195,-1.6347557204183902,1.975
2019099,2019,m,2019-05-19,17,11,8.5,144.5,14.916909620991254,33.3,0.155,-1.8643301620628905,1.75
2019100,2019,m,2019-05-02,0,11,0.0,0.0,14.916909620991254,30.9,0.162,-1.820158943749753,1.9249999999999998
2019101,2019,m,2019-05-02,0,11,7.0,93.66666666666667,14.916909620991254,32.599999999999994,0.307,-1.18090753139494,2.075
2019101,2019,m,2019-05-07,5,11,7.0,93.66666666666667,14.916909620991254,32.599999999999994,0.186,-1.6820086052689358,1.8250000000000002
2019101,2019,m,2019-05-18,16,11,7.0,93.66666666666667,14.916909620991254,32.599999999999994,0.134,-2.0099154790312257,1.9249999999999998
2019102,2019,m,2019-05-02,0,11,3.0,18.0,14.916909620991254,33.1,0.253,-1.374365790254617,1.875
2019102,2019,m,2019-05-08,6,11,3.0,18.0,14.916909620991254,33.1,0.15,-1.8971199848858813,1.85
2019103,2019,f,2019-05-02,0,11,0.0,0.0,14.916909620991254,32.2,0.191,-1.6554818509355071,1.9
2019104,2019,m,2019-05-02,0,11,12.166666666666666,206.16666666666666,14.916909620991254,32.1,0.16,-1.8325814637483102,1.875
2019104,2019,m,2019-05-08,6,11,12.166666666666666,206.16666666666666,14.916909620991254,32.1,0.155,-1.8643301620628905,1.875
2019104,2019,m,2019-05-12,10,11,12.166666666666666,206.16666666666666,14.916909620991254,32.1,0.136,-1.995100393246085,1.775
2019104,2019,m,2019-05-18,16,11,12.166666666666666,206.16666666666666,14.916909620991254,32.1,0.131,-2.0325579557809856,1.9249999999999998
2019104,2019,m,2019-05-21,19,11,12.166666666666666,206.16666666666666,14.916909620991254,32.1,,,1.6
2019104,2019,m,2019-05-24,22,11,12.166666666666666,206.16666666666666,14.916909620991254,32.1,0.124,-2.0874737133771,1.6
2019105,2019,m,2019-05-02,0,11,0.0,0.0,14.916909620991254,28.8,0.152,-1.8838747581358606,1.8250000000000002
2019106,2019,f,2019-05-02,0,11,7.75,93.25,14.916909620991254,33.2,0.245,-1.40649706843741,2.1
2019106,2019,f,2019-05-08,6,11,7.75,93.25,14.916909620991254,33.2,0.186,-1.6820086052689358,1.875
2019106,2019,f,2019-05-11,9,11,7.75,93.25,14.916909620991254,33.2,0.172,-1.760260802168684,2.075
2019106,2019,f,2019-05-18,16,11,7.75,93.25,14.916909620991254,33.2,0.155,-1.8643301620628905,1.8
2019107,2019,f,2019-05-02,0,11,7.75,93.25,14.916909620991254,31.5,0.235,-1.448169764837978,1.875
2019107,2019,f,2019-05-08,6,11,7.75,93.25,14.916909620991254,31.5,0.216,-1.5324768712979722,2.0
2019107,2019,f,2019-05-11,9,11,7.75,93.25,14.916909620991254,31.5,0.161,-1.8263509139976741,1.9
2019107,2019,f,2019-05-18,16,11,7.75,93.25,14.916909620991254,31.5,0.148,-1.9105430052180221,1.85
2019108,2019,f,2019-05-02,0,11,7.75,93.25,14.916909620991254,33.3,0.298,-1.2106617924767327,2.275
2019108,2019,f,2019-05-08,6,11,7.75,93.25,14.916909620991254,33.3,0.231,-1.4653375684603434,2.125
2019108,2019,f,2019-05-11,9,11,7.75,93.25,14.916909620991254,33.3,0.21,-1.5606477482646683,2.1
2019108,2019,f,2019-05-18,16,11,7.75,93.25,14.916909620991254,33.3,0.207,-1.575036485716768,1.85
2019109,2019,m,2019-05-02,0,11,2.5,12.5,14.916909620991254,30.4,0.18,-1.7147984280919266,1.8
2019109,2019,m,2019-05-07,5,11,2.5,12.5,14.916909620991254,30.4,0.151,-1.8904754421672127,1.775
2019110,2019,f,2019-05-03,0,12,4.333333333333333,29.666666666666668,14.916909620991254,31.0,0.249,-1.3903023825174294,2.2
2019110,2019,f,2019-05-08,5,12,4.333333333333333,29.666666666666668,14.916909620991254,31.0,0.201,-1.6044503709230613,1.7
2019110,2019,f,2019-05-11,8,12,4.333333333333333,29.666666666666668,14.916909620991254,31.0,0.173,-1.7544636844843582,1.7
2019111,2019,m,2019-05-03,0,12,7.0,78.5,14.916909620991254,32.0,0.149,-1.903808973036678,1.85
2019111,2019,m,2019-05-08,5,12,7.0,78.5,14.916909620991254,32.0,0.144,-1.9379419794061366,1.6749999999999998
2019111,2019,m,2019-05-11,8,12,7.0,78.5,14.916909620991254,32.0,0.142,-1.9519282213808764,1.9
2019111,2019,m,2019-05-18,15,12,7.0,78.5,14.916909620991254,32.0,0.132,-2.0249533563957662,1.5
2019112,2019,m,2019-05-03,0,12,8.333333333333334,108.33333333333333,14.916909620991254,33.3,0.164,-1.8078888511579385,2.2
2019112,2019,m,2019-05-13,10,12,8.333333333333334,108.33333333333333,14.916909620991254,33.3,0.166,-1.7957674906255938,1.9249999999999998
2019112,2019,m,2019-05-18,15,12,8.333333333333334,108.33333333333333,14.916909620991254,33.3,0.138,-1.9805015938249322,1.85
2019113,2019,f,2019-05-03,0,12,4.0,32.0,14.916909620991254,34.2,0.312,-1.1647520911726548,2.425
2019113,2019,f,2019-05-11,8,12,4.0,32.0,14.916909620991254,34.2,0.22,-1.5141277326297755,2.1
2019114,2019,f,2019-05-03,0,12,6.75,76.25,14.916909620991254,30.0,0.278,-1.2801341652915,2.2
2019114,2019,f,2019-05-07,4,12,6.75,76.25,14.916909620991254,30.0,0.274,-1.2946271725940668,2.1
2019114,2019,f,2019-05-11,8,12,6.75,76.25,14.916909620991254,30.0,0.195,-1.6347557204183902,1.975
2019114,2019,f,2019-05-18,15,12,6.75,76.25,14.916909620991254,30.0,0.191,-1.6554818509355071,2.025
2019115,2019,m,2019-05-03,0,12,0.0,0.0,14.916909620991254,29.9,0.196,-1.6296406197516198,1.75
2019116,2019,f,2019-05-07,0,16,1.5,4.5,14.916909620991254,30.8,0.231,-1.4653375684603434,1.8250000000000002
2019116,2019,f,2019-05-10,3,16,1.5,4.5,14.916909620991254,30.8,0.201,-1.6044503709230613,1.775
2019117,2019,m,2019-05-07,0,16,0.0,0.0,14.916909620991254,30.299999999999997,0.136,-1.995100393246085,1.7
2019118,2019,m,2019-05-08,0,17,14.0,241.42857142857142,14.916909620991254,31.4,0.179,-1.720369473141382,1.725
2019118,2019,m,2019-05-18,10,17,14.0,241.42857142857142,14.916909620991254,31.4,0.134,-2.0099154790312257,1.8250000000000002
2019118,2019,m,2019-05-21,13,17,14.0,241.42857142857142,14.916909620991254,31.4,0.134,-2.0099154790312257,
2019118,2019,m,2019-05-24,16,17,14.0,241.42857142857142,14.916909620991254,31.4,0.124,-2.0874737133771,1.625
2019118,2019,m,2019-05-26,18,17,14.0,241.42857142857142,14.916909620991254,31.4,0.12,-2.120263536200091,1.55
2019118,2019,m,2019-05-28,20,17,14.0,241.42857142857142,14.916909620991254,31.4,0.113,-2.1803674602697964,1.525
2019118,2019,m,2019-05-29,21,17,14.0,241.42857142857142,14.916909620991254,31.4,0.1,-2.3025850929940455,1.375
2019119,2019,f,2019-05-08,0,17,7.0,80.42857142857143,14.916909620991254,30.3,0.22,-1.5141277326297755,2.0
2019119,2019,f,2019-05-10,2,17,7.0,80.42857142857143,14.916909620991254,30.3,0.214,-1.5417792639602856,1.875
2019119,2019,f,2019-05-11,3,17,7.0,80.42857142857143,14.916909620991254,30.3,0.178,-1.725971728690052,1.8250000000000002
2019119,2019,f,2019-05-13,5,17,7.0,80.42857142857143,14.916909620991254,30.3,0.177,-1.731605546408308,1.75
2019119,2019,f,2019-05-18,10,17,7.0,80.42857142857143,14.916909620991254,30.3,0.158,-1.8451602459551701,1.725
2019119,2019,f,2019-05-21,13,17,7.0,80.42857142857143,14.916909620991254,30.3,0.141,-1.9589953886039688,1.8
2019119,2019,f,2019-05-24,16,17,7.0,80.42857142857143,14.916909620991254,30.3,0.134,-2.0099154790312257,1.5
2019120,2019,m,2019-05-08,0,17,0.0,0.0,14.916909620991254,33.2,0.148,-1.9105430052180221,1.9249999999999998
2019121,2019,m,2019-05-08,0,17,1.5,4.5,14.916909620991254,33.8,0.195,-1.6347557204183902,1.9249999999999998
2019121,2019,m,2019-05-11,3,17,1.5,4.5,14.916909620991254,33.8,0.176,-1.7372712839439852,
2019122,2019,f,2019-05-08,0,17,0.0,0.0,14.916909620991254,33.3,0.171,-1.7660917224794772,2.05
2019123,2019,m,2019-05-08,0,17,10.0,129.2,14.916909620991254,29.9,0.146,-1.9241486572738007,1.8250000000000002
2019123,2019,m,2019-05-18,10,17,10.0,129.2,14.916909620991254,29.9,0.133,-2.017406150760383,1.85
2019123,2019,m,2019-05-19,11,17,10.0,129.2,14.916909620991254,29.9,0.131,-2.0325579557809856,2.0
2019123,2019,m,2019-05-21,13,17,10.0,129.2,14.916909620991254,29.9,0.113,-2.1803674602697964,1.9
2019123,2019,m,2019-05-24,16,17,10.0,129.2,14.916909620991254,29.9,0.121,-2.111964733385396,1.775
2019124,2019,f,2019-05-08,0,17,4.333333333333333,36.333333333333336,14.916909620991254,32.7,0.177,-1.731605546408308,2.125
2019124,2019,f,2019-05-11,3,17,4.333333333333333,36.333333333333336,14.916909620991254,32.7,0.164,-1.8078888511579385,1.85
2019124,2019,f,2019-05-18,10,17,4.333333333333333,36.333333333333336,14.916909620991254,32.7,0.138,-1.9805015938249322,1.75
2019125,2019,m,2019-05-08,0,17,0.0,0.0,14.916909620991254,27.6,0.173,-1.7544636844843582,1.725
2019126,2019,m,2019-05-08,0,17,7.666666666666667,80.0,14.916909620991254,33.099999999999994,0.206,-1.579879110192556,2.025
2019126,2019,m,2019-05-11,3,17,7.666666666666667,80.0,14.916909620991254,33.099999999999994,0.181,-1.7092582477163114,1.875
2019126,2019,m,2019-05-17,9,17,7.666666666666667,80.0,14.916909620991254,33.099999999999994,,,1.85
2019126,2019,m,2019-05-18,10,17,7.666666666666667,80.0,14.916909620991254,33.099999999999994,0.145,-1.9310215365615626,1.9249999999999998
2019126,2019,m,2019-05-19,11,17,7.666666666666667,80.0,14.916909620991254,33.099999999999994,0.147,-1.9173226922034008,1.7
2019126,2019,m,2019-05-21,13,17,7.666666666666667,80.0,14.916909620991254,33.099999999999994,0.137,-1.987774353154012,1.7
2019127,2019,f,2019-05-08,0,17,9.75,131.25,14.916909620991254,31.1,0.205,-1.584745299843729,2.075
2019127,2019,f,2019-05-18,10,17,9.75,131.25,14.916909620991254,31.1,0.171,-1.7660917224794772,2.1
2019127,2019,f,2019-05-21,13,17,9.75,131.25,14.916909620991254,31.1,0.166,-1.7957674906255938,1.9249999999999998
2019127,2019,f,2019-05-24,16,17,9.75,131.25,14.916909620991254,31.1,0.163,-1.8140050781753747,1.775
2019128,2019,m,2019-05-08,0,17,1.5,4.5,14.916909620991254,31.1,0.171,-1.7660917224794772,2.05
2019128,2019,m,2019-05-11,3,17,1.5,4.5,14.916909620991254,31.1,0.147,-1.9173226922034008,2.15
2019129,2019,f,2019-05-08,0,17,8.6,108.2,14.916909620991254,31.2,0.283,-1.2623083813388996,2.05
2019129,2019,f,2019-05-12,4,17,8.6,108.2,14.916909620991254,31.2,0.209,-1.565421027017326,1.975
2019129,2019,f,2019-05-18,10,17,8.6,108.2,14.916909620991254,31.2,0.172,-1.760260802168684,2.0
2019129,2019,f,2019-05-21,13,17,8.6,108.2,14.916909620991254,31.2,0.163,-1.8140050781753747,1.975
2019129,2019,f,2019-05-24,16,17,8.6,108.2,14.916909620991254,31.2,0.139,-1.973281345851445,1.7
2019130,2019,m,2019-05-10,0,19,3.3333333333333335,27.333333333333332,14.916909620991254,32.5,0.227,-1.4828052615007343,1.95
2019130,2019,m,2019-05-11,1,19,3.3333333333333335,27.333333333333332,14.916909620991254,32.5,0.181,-1.7092582477163114,1.8
2019130,2019,m,2019-05-19,9,19,3.3333333333333335,27.333333333333332,14.916909620991254,32.5,0.149,-1.903808973036678,1.775
2019131,2019,f,2019-05-10,0,19,0.5,0.5,14.916909620991254,30.5,0.216,-1.5324768712979722,2.025
2019131,2019,f,2019-05-11,1,19,0.5,0.5,14.916909620991254,30.5,0.199,-1.6144504542576446,1.9249999999999998
2019132,2019,m,2019-05-10,0,19,7.285714285714286,75.85714285714286,14.916909620991254,30.6,0.177,-1.731605546408308,1.9249999999999998
2019132,2019,m,2019-05-11,1,19,7.285714285714286,75.85714285714286,14.916909620991254,30.6,0.167,-1.7897614665653818,1.9249999999999998
2019132,2019,m,2019-05-17,7,19,7.285714285714286,75.85714285714286,14.916909620991254,30.6,0.134,-2.0099154790312257,2.0
2019132,2019,m,2019-05-18,8,19,7.285714285714286,75.85714285714286,14.916909620991254,30.6,0.132,-2.0249533563957662,1.725
2019132,2019,m,2019-05-20,10,19,7.285714285714286,75.85714285714286,14.916909620991254,30.6,0.137,-1.987774353154012,1.85
2019132,2019,m,2019-05-21,11,19,7.285714285714286,75.85714285714286,14.916909620991254,30.6,0.125,-2.0794415416798357,1.75
2019132,2019,m,2019-05-24,14,19,7.285714285714286,75.85714285714286,14.916909620991254,30.6,0.135,-2.0024805005437076,1.65
2019133,2019,f,2019-05-10,0,19,6.8,76.4,14.916909620991254,34.1,0.31,-1.171182981502945,2.225
2019133,2019,f,2019-05-11,1,19,6.8,76.4,14.916909620991254,34.1,0.27,-1.3093333199837622,2.15
2019133,2019,f,2019-05-18,8,19,6.8,76.4,14.916909620991254,34.1,0.225,-1.491654876777717,2.075
2019133,2019,f,2019-05-21,11,19,6.8,76.4,14.916909620991254,34.1,0.206,-1.579879110192556,1.775
2019133,2019,f,2019-05-24,14,19,6.8,76.4,14.916909620991254,34.1,0.18,-1.7147984280919266,1.725
2019134,2019,m,2019-05-10,0,19,0.0,0.0,14.916909620991254,31.3,0.183,-1.6982691261407161,2.0
2019135,2019,m,2019-05-10,0,19,0.5,0.5,14.916909620991254,33.0,0.183,-1.6982691261407161,2.075
2019135,2019,m,2019-05-11,1,19,0.5,0.5,14.916909620991254,33.0,0.169,-1.7778565640590636,1.8250000000000002
2019136,2019,f,2019-05-10,0,19,5.666666666666667,48.333333333333336,14.916909620991254,,0.207,-1.575036485716768,1.7
2019136,2019,f,2019-05-18,8,19,5.666666666666667,48.333333333333336,14.916909620991254,,0.159,-1.8388510767619055,1.8
2019136,2019,f,2019-05-19,9,19,5.666666666666667,48.333333333333336,14.916909620991254,,0.157,-1.851509473633829,1.775
2019137,2019,f,2019-05-10,0,19,6.571428571428571,69.14285714285714,14.916909620991254,34.2,0.318,-1.1457038962019601,2.175
2019137,2019,f,2019-05-12,2,19,6.571428571428571,69.14285714285714,14.916909620991254,34.2,0.308,-1.1776554960085626,2.1
2019137,2019,f,2019-05-12,2,19,6.571428571428571,69.14285714285714,14.916909620991254,34.2,0.299,-1.2073117055914506,2.1
2019137,2019,f,2019-05-17,7,19,6.571428571428571,69.14285714285714,14.916909620991254,34.2,0.259,-1.3509272172825992,1.975
2019137,2019,f,2019-05-19,9,19,6.571428571428571,69.14285714285714,14.916909620991254,34.2,0.21,-1.5606477482646683,1.9249999999999998
2019137,2019,f,2019-05-21,11,19,6.571428571428571,69.14285714285714,14.916909620991254,34.2,0.189,-1.6660082639224947,1.8250000000000002
2019137,2019,f,2019-05-25,15,19,6.571428571428571,69.14285714285714,14.916909620991254,34.2,0.189,-1.6660082639224947,1.7
2019138,2019,f,2019-05-10,0,19,4.0,32.0,14.916909620991254,31.6,0.22,-1.5141277326297755,2.0
2019138,2019,f,2019-05-18,8,19,4.0,32.0,14.916909620991254,31.6,0.209,-1.565421027017326,1.8250000000000002
2019139,2019,f,2019-05-10,0,19,6.8,76.4,14.916909620991254,30.2,0.168,-1.783791299578878,1.9249999999999998
2019139,2019,f,2019-05-11,1,19,6.8,76.4,14.916909620991254,30.2,0.162,-1.820158943749753,2.025
2019139,2019,f,2019-05-18,8,19,6.8,76.4,14.916909620991254,30.2,0.163,-1.8140050781753747,1.8
2019139,2019,f,2019-05-21,11,19,6.8,76.4,14.916909620991254,30.2,0.131,-2.0325579557809856,1.6
2019139,2019,f,2019-05-24,14,19,6.8,76.4,14.916909620991254,30.2,0.117,-2.145581344184381,1.45
2019140,2019,m,2019-05-11,0,20,7.5,79.5,14.916909620991254,31.2,0.164,-1.8078888511579385,1.9
2019140,2019,m,2019-05-18,7,20,7.5,79.5,14.916909620991254,31.2,0.134,-2.0099154790312257,1.8
2019140,2019,m,2019-05-21,10,20,7.5,79.5,14.916909620991254,31.2,0.132,-2.0249533563957662,1.85
2019140,2019,m,2019-05-24,13,20,7.5,79.5,14.916909620991254,31.2,0.139,-1.973281345851445,1.725
2019141,2019,m,2019-05-11,0,20,0.0,0.0,14.916909620991254,32.6,0.212,-1.5511690043101247,1.975
2019142,2019,m,2019-05-11,0,20,5.666666666666667,49.666666666666664,14.916909620991254,30.4,0.165,-1.8018098050815563,2.075
2019142,2019,m,2019-05-18,7,20,5.666666666666667,49.666666666666664,14.916909620991254,30.4,0.129,-2.047942874620465,1.75
2019142,2019,m,2019-05-21,10,20,5.666666666666667,49.666666666666664,14.916909620991254,30.4,0.129,-2.047942874620465,1.6
2019143,2019,m,2019-05-11,0,20,0.0,0.0,14.916909620991254,30.299999999999997,0.126,-2.071473372030659,1.65
2019144,2019,m,2019-05-11,0,20,5.666666666666667,49.666666666666664,14.916909620991254,32.2,0.144,-1.9379419794061366,1.9249999999999998
2019144,2019,m,2019-05-18,7,20,5.666666666666667,49.666666666666664,14.916909620991254,32.2,0.128,-2.05572501506252,1.7
2019144,2019,m,2019-05-21,10,20,5.666666666666667,49.666666666666664,14.916909620991254,32.2,0.124,-2.0874737133771,1.5750000000000002
2019145,2019,f,2019-05-11,0,20,0.0,0.0,14.916909620991254,30.6,0.194,-1.6398971199188088,1.9
2019146,2019,m,2019-05-11,0,20,0.0,0.0,14.916909620991254,30.299999999999997,0.16,-1.8325814637483102,1.75
2019147,2019,f,2019-05-11,0,20,1.0,2.0,14.916909620991254,32.5,0.285,-1.2552660987134867,2.1
2019147,2019,f,2019-05-13,2,20,1.0,2.0,14.916909620991254,32.5,0.262,-1.3394107752210402,1.95
2019148,2019,f,2019-05-11,0,20,6.0,50.0,14.916909620991254,32.0,0.213,-1.546463113272712,1.975
2019148,2019,f,2019-05-17,6,20,6.0,50.0,14.916909620991254,32.0,0.178,-1.725971728690052,1.875
2019148,2019,f,2019-05-19,8,20,6.0,50.0,14.916909620991254,32.0,0.167,-1.7897614665653818,1.8250000000000002
2019148,2019,f,2019-05-21,10,20,6.0,50.0,14.916909620991254,32.0,0.158,-1.8451602459551701,1.75
2019149,2019,m,2019-05-12,0,21,5.0,39.0,14.916909620991254,30.700000000000003,0.166,-1.7957674906255938,2.025
2019149,2019,m,2019-05-18,6,21,5.0,39.0,14.916909620991254,30.700000000000003,0.14,-1.9661128563728327,1.975
2019149,2019,m,2019-05-21,9,21,5.0,39.0,14.916909620991254,30.700000000000003,0.13,-2.0402208285265546,1.8250000000000002
2019150,2019,f,2019-05-12,0,21,3.5,24.5,14.916909620991254,30.299999999999997,0.237,-1.439695137847006,2.0
2019150,2019,f,2019-05-19,7,21,3.5,24.5,14.916909620991254,30.299999999999997,0.154,-1.870802676568508,
2019151,2019,m,2019-05-12,0,21,0.0,0.0,14.916909620991254,29.4,0.182,-1.7037485919053417,1.8250000000000002
2019152,2019,m,2019-05-12,0,21,7.25,74.75,14.916909620991254,32.8,0.177,-1.731605546408308,2.0
2019152,2019,m,2019-05-19,7,21,7.25,74.75,14.916909620991254,32.8,0.168,-1.783791299578878,1.9249999999999998
2019152,2019,m,2019-05-21,9,21,7.25,74.75,14.916909620991254,32.8,0.16,-1.8325814637483102,1.8
2019152,2019,m,2019-05-25,13,21,7.25,74.75,14.916909620991254,32.8,0.163,-1.8140050781753747,1.625
2019153,2019,f,2019-05-13,0,22,4.25,26.25,14.916909620991254,32.5,0.223,-1.5005835075220182,2.1
2019153,2019,f,2019-05-17,4,22,4.25,26.25,14.916909620991254,32.5,0.217,-1.5278579254416775,2.025
2019153,2019,f,2019-05-18,5,22,4.25,26.25,14.916909620991254,32.5,0.207,-1.575036485716768,1.9
2019153,2019,f,2019-05-21,8,22,4.25,26.25,14.916909620991254,32.5,0.2,-1.6094379124341003,1.9249999999999998
2019154,2019,m,2019-05-13,0,22,6.0,52.5,14.916909620991254,32.3,0.177,-1.731605546408308,2.0
2019154,2019,m,2019-05-18,5,22,6.0,52.5,14.916909620991254,32.3,0.168,-1.783791299578878,1.85
2019154,2019,m,2019-05-21,8,22,6.0,52.5,14.916909620991254,32.3,0.156,-1.8578992717326,1.6
2019154,2019,m,2019-05-24,11,22,6.0,52.5,14.916909620991254,32.3,0.155,-1.8643301620628905,1.625
2019155,2019,m,2019-05-13,0,22,0.0,0.0,14.916909620991254,28.9,0.144,-1.9379419794061366,1.75
2019156,2019,m,2019-05-13,0,22,2.5,12.5,14.916909620991254,30.9,0.175,-1.742969305058623,1.875
2019156,2019,m,2019-05-18,5,22,2.5,12.5,14.916909620991254,30.9,0.158,-1.8451602459551701,1.7
2019157,2019,f,2019-05-13,0,22,0.0,0.0,14.916909620991254,29.700000000000003,0.225,-1.491654876777717,1.85
2019158,2019,m,2019-05-13,0,22,4.0,32.0,14.916909620991254,29.700000000000003,0.13,-2.0402208285265546,1.725
2019158,2019,m,2019-05-21,8,22,4.0,32.0,14.916909620991254,29.700000000000003,0.123,-2.0955709236097197,1.6
2019159,2019,f,2019-05-16,0,25,3.2,18.8,14.916909620991254,29.9,0.253,-1.374365790254617,2.325
2019159,2019,f,2019-05-17,1,25,3.2,18.8,14.916909620991254,29.9,0.248,-1.3943265328171548,
2019159,2019,f,2019-05-18,2,25,3.2,18.8,14.916909620991254,29.9,0.209,-1.565421027017326,2.025
2019159,2019,f,2019-05-21,5,25,3.2,18.8,14.916909620991254,29.9,0.19,-1.6607312068216509,1.9
2019159,2019,f,2019-05-24,8,25,3.2,18.8,14.916909620991254,29.9,0.24,-1.4271163556401458,1.85
2019160,2019,f,2019-05-17,0,26,2.888888888888889,11.777777777777779,14.916909620991254,30.700000000000003,0.2,-1.6094379124341003,1.975
2019160,2019,f,2019-05-18,1,26,2.888888888888889,11.777777777777779,14.916909620991254,30.700000000000003,0.189,-1.6660082639224947,1.8
2019160,2019,f,2019-05-19,2,26,2.888888888888889,11.777777777777779,14.916909620991254,30.700000000000003,0.171,-1.7660917224794772,1.85
2019160,2019,f,2019-05-20,3,26,2.888888888888889,11.777777777777779,14.916909620991254,30.700000000000003,0.175,-1.742969305058623,1.85
2019160,2019,f,2019-05-20,3,26,2.888888888888889,11.777777777777779,14.916909620991254,30.700000000000003,0.175,-1.742969305058623,1.8
2019160,2019,f,2019-05-20,3,26,2.888888888888889,11.777777777777779,14.916909620991254,30.700000000000003,0.184,-1.6928195213731514,1.85
2019160,2019,f,2019-05-20,3,26,2.888888888888889,11.777777777777779,14.916909620991254,30.700000000000003,0.184,-1.6928195213731514,1.8
2019160,2019,f,2019-05-21,4,26,2.888888888888889,11.777777777777779,14.916909620991254,30.700000000000003,0.169,-1.7778565640590636,1.725
2019160,2019,f,2019-05-24,7,26,2.888888888888889,11.777777777777779,14.916909620991254,30.700000000000003,0.174,-1.7486999797676082,1.7
2019161,2019,f,2019-05-17,0,26,2.8,15.6,14.916909620991254,32.9,0.24,-1.4271163556401458,2.125
2019161,2019,f,2019-05-18,1,26,2.8,15.6,14.916909620991254,32.9,0.211,-1.5558971455060706,2.05
2019161,2019,f,2019-05-19,2,26,2.8,15.6,14.916909620991254,32.9,0.193,-1.6450650900772514,1.775
2019161,2019,f,2019-05-20,3,26,2.8,15.6,14.916909620991254,32.9,,,1.875
2019161,2019,f,2019-05-25,8,26,2.8,15.6,14.916909620991254,32.9,0.167,-1.7897614665653818,1.8
2019162,2019,m,2019-05-17,0,26,1.0,1.6666666666666667,14.916909620991254,31.1,0.156,-1.8578992717326,1.8250000000000002
2019162,2019,m,2019-05-18,1,26,1.0,1.6666666666666667,14.916909620991254,31.1,0.148,-1.9105430052180221,1.75
2019162,2019,m,2019-05-19,2,26,1.0,1.6666666666666667,14.916909620991254,31.1,0.152,-1.8838747581358606,1.875
2019163,2019,m,2019-05-17,0,26,2.6666666666666665,16.666666666666668,14.916909620991254,31.5,0.17,-1.7719568419318752,1.9
2019163,2019,m,2019-05-18,1,26,2.6666666666666665,16.666666666666668,14.916909620991254,31.5,0.164,-1.8078888511579385,1.8250000000000002
2019163,2019,m,2019-05-24,7,26,2.6666666666666665,16.666666666666668,14.916909620991254,31.5,0.188,-1.6713133161521878,1.775
2019164,2019,f,2019-05-17,0,26,1.0,1.6666666666666667,14.916909620991254,33.0,0.264,-1.3318061758358208,2.425
2019164,2019,f,2019-05-18,1,26,1.0,1.6666666666666667,14.916909620991254,33.0,0.228,-1.4784096500276962,2.2
2019164,2019,f,2019-05-19,2,26,1.0,1.6666666666666667,14.916909620991254,33.0,0.231,-1.4653375684603434,2.025
2019165,2019,f,2019-05-17,0,26,5.0,38.333333333333336,14.916909620991254,28.700000000000003,0.18,-1.7147984280919266,2.0
2019165,2019,f,2019-05-18,1,26,5.0,38.333333333333336,14.916909620991254,28.700000000000003,0.168,-1.783791299578878,1.775
2019165,2019,f,2019-05-19,2,26,5.0,38.333333333333336,14.916909620991254,28.700000000000003,0.177,-1.731605546408308,1.75
2019165,2019,f,2019-05-20,3,26,5.0,38.333333333333336,14.916909620991254,28.700000000000003,0.153,-1.8773173575897015,1.725
2019165,2019,f,2019-05-21,4,26,5.0,38.333333333333336,14.916909620991254,28.700000000000003,0.151,-1.8904754421672127,1.6749999999999998
2019165,2019,f,2019-05-24,7,26,5.0,38.333333333333336,14.916909620991254,28.700000000000003,0.147,-1.9173226922034008,1.7
2019165,2019,f,2019-05-25,8,26,5.0,38.333333333333336,14.916909620991254,28.700000000000003,0.139,-1.973281345851445,1.5750000000000002
2019165,2019,f,2019-05-26,9,26,5.0,38.333333333333336,14.916909620991254,28.700000000000003,0.137,-1.987774353154012,1.475
2019165,2019,f,2019-05-28,11,26,5.0,38.333333333333336,14.916909620991254,28.700000000000003,0.129,-2.047942874620465,1.6
2019166,2019,f,2019-05-17,0,26,2.0,6.666666666666667,14.916909620991254,32.7,0.22,-1.5141277326297755,2.1
2019166,2019,f,2019-05-19,2,26,2.0,6.666666666666667,14.916909620991254,32.7,0.222,-1.5050778971098575,1.975
2019166,2019,f,2019-05-21,4,26,2.0,6.666666666666667,14.916909620991254,32.7,0.202,-1.5994875815809322,1.85
2019167,2019,f,2019-05-17,0,26,0.5,0.5,14.916909620991254,32.2,0.208,-1.5702171992808192,2.325
2019167,2019,f,2019-05-18,1,26,0.5,0.5,14.916909620991254,32.2,0.182,-1.7037485919053417,2.2
2019168,2019,m,2019-05-17,0,26,5.428571428571429,48.57142857142857,14.916909620991254,32.2,0.173,-1.7544636844843582,2.025
2019168,2019,m,2019-05-18,1,26,5.428571428571429,48.57142857142857,14.916909620991254,32.2,0.162,-1.820158943749753,1.85
2019168,2019,m,2019-05-20,3,26,5.428571428571429,48.57142857142857,14.916909620991254,32.2,0.139,-1.973281345851445,1.8250000000000002
2019168,2019,m,2019-05-21,4,26,5.428571428571429,48.57142857142857,14.916909620991254,32.2,0.139,-1.973281345851445,1.6749999999999998
2019168,2019,m,2019-05-24,7,26,5.428571428571429,48.57142857142857,14.916909620991254,32.2,0.136,-1.995100393246085,1.75
2019168,2019,m,2019-05-28,11,26,5.428571428571429,48.57142857142857,14.916909620991254,32.2,0.122,-2.1037342342488805,1.6
2019168,2019,m,2019-05-29,12,26,5.428571428571429,48.57142857142857,14.916909620991254,32.2,0.128,-2.05572501506252,1.45
2019169,2019,,2019-05-17,0,26,0.0,0.0,14.916909620991254,31.1,,,2.1
2019170,2019,f,2019-05-17,0,26,0.0,0.0,14.916909620991254,30.9,0.181,-1.7092582477163114,1.975
2019171,2019,f,2019-05-17,0,26,6.0,50.285714285714285,14.916909620991254,33.3,0.269,-1.313043899380298,2.1
2019171,2019,f,2019-05-18,1,26,6.0,50.285714285714285,14.916909620991254,33.3,0.249,-1.3903023825174294,2.1
2019171,2019,f,2019-05-23,6,26,6.0,50.285714285714285,14.916909620991254,33.3,0.212,-1.5511690043101247,1.85
2019171,2019,f,2019-05-24,7,26,6.0,50.285714285714285,14.916909620991254,33.3,0.203,-1.5945492999403497,
2019171,2019,f,2019-05-25,8,26,6.0,50.285714285714285,14.916909620991254,33.3,0.197,-1.6245515502441485,1.8250000000000002
2019171,2019,f,2019-05-26,9,26,6.0,50.285714285714285,14.916909620991254,33.3,0.199,-1.6144504542576446,1.8250000000000002
2019171,2019,f,2019-05-28,11,26,6.0,50.285714285714285,14.916909620991254,33.3,0.182,-1.7037485919053417,1.75
2019172,2019,m,2019-05-17,0,26,3.0,16.5,14.916909620991254,30.9,0.159,-1.8388510767619055,2.1
2019172,2019,m,2019-05-18,1,26,3.0,16.5,14.916909620991254,30.9,0.156,-1.8578992717326,1.85
2019172,2019,m,2019-05-21,4,26,3.0,16.5,14.916909620991254,30.9,0.146,-1.9241486572738007,1.9249999999999998
2019172,2019,m,2019-05-24,7,26,3.0,16.5,14.916909620991254,30.9,0.15,-1.8971199848858813,1.6
2019173,2019,m,2019-05-17,0,26,2.6666666666666665,16.666666666666668,14.916909620991254,31.4,0.15,-1.8971199848858813,1.975
2019173,2019,m,2019-05-18,1,26,2.6666666666666665,16.666666666666668,14.916909620991254,31.4,0.151,-1.8904754421672127,1.95
2019173,2019,m,2019-05-24,7,26,2.6666666666666665,16.666666666666668,14.916909620991254,31.4,0.148,-1.9105430052180221,1.7
2019174,2019,m,2019-05-17,0,26,7.0,75.28571428571429,14.916909620991254,31.6,0.188,-1.6713133161521878,1.8250000000000002
2019174,2019,m,2019-05-18,1,26,7.0,75.28571428571429,14.916909620991254,31.6,0.182,-1.7037485919053417,1.725
2019174,2019,m,2019-05-21,4,26,7.0,75.28571428571429,14.916909620991254,31.6,0.144,-1.9379419794061366,1.7
2019174,2019,m,2019-05-24,7,26,7.0,75.28571428571429,14.916909620991254,31.6,0.118,-2.137070654516472,1.475
2019174,2019,m,2019-05-28,11,26,7.0,75.28571428571429,14.916909620991254,31.6,0.123,-2.0955709236097197,1.7
2019174,2019,m,2019-05-29,12,26,7.0,75.28571428571429,14.916909620991254,31.6,0.118,-2.137070654516472,1.5
2019174,2019,m,2019-05-31,14,26,7.0,75.28571428571429,14.916909620991254,31.6,0.108,-2.2256240518579173,1.5750000000000002
2019175,2019,m,2019-05-17,0,26,0.5,0.5,14.916909620991254,28.9,0.167,-1.7897614665653818,1.725
2019175,2019,m,2019-05-18,1,26,0.5,0.5,14.916909620991254,28.9,0.16,-1.8325814637483102,1.725
2019176,2019,f,2019-05-18,0,27,3.0,15.0,14.916909620991254,29.7,0.189,-1.6660082639224947,1.875
2019176,2019,f,2019-05-21,3,27,3.0,15.0,14.916909620991254,29.7,0.157,-1.851509473633829,
2019176,2019,f,2019-05-24,6,27,3.0,15.0,14.916909620991254,29.7,0.149,-1.903808973036678,1.7
2019177,2019,f,2019-05-18,0,27,4.2,33.4,14.916909620991254,31.4,0.21,-1.5606477482646683,2.1
2019177,2019,f,2019-05-19,1,27,4.2,33.4,14.916909620991254,31.4,0.208,-1.5702171992808192,2.0
2019177,2019,f,2019-05-21,3,27,4.2,33.4,14.916909620991254,31.4,0.2,-1.6094379124341003,
2019177,2019,f,2019-05-24,6,27,4.2,33.4,14.916909620991254,31.4,0.199,-1.6144504542576446,1.875
2019177,2019,f,2019-05-29,11,27,4.2,33.4,14.916909620991254,31.4,0.184,-1.6928195213731514,1.775
2019178,2019,m,2019-05-18,0,27,3.0,18.0,14.916909620991254,33.0,0.161,-1.8263509139976741,2.0
2019178,2019,m,2019-05-24,6,27,3.0,18.0,14.916909620991254,33.0,0.15,-1.8971199848858813,1.7
2019179,2019,m,2019-05-18,0,27,0.0,0.0,14.916909620991254,30.299999999999997,0.153,-1.8773173575897015,2.025
2019180,2019,f,2019-05-18,0,27,0.5,0.5,14.916909620991254,30.0,0.169,-1.7778565640590636,1.9249999999999998
2019180,2019,f,2019-05-19,1,27,0.5,0.5,14.916909620991254,30.0,0.163,-1.8140050781753747,1.8250000000000002
2019181,2019,m,2019-05-18,0,27,1.6666666666666667,4.333333333333333,14.916909620991254,30.6,0.197,-1.6245515502441485,1.85
2019181,2019,m,2019-05-20,2,27,1.6666666666666667,4.333333333333333,14.916909620991254,30.6,0.178,-1.725971728690052,
2019181,2019,m,2019-05-21,3,27,1.6666666666666667,4.333333333333333,14.916909620991254,30.6,0.131,-2.0325579557809856,1.8
2019182,2019,f,2019-05-18,0,27,4.0,25.428571428571427,14.916909620991254,30.1,0.188,-1.6713133161521878,1.95
2019182,2019,f,2019-05-19,1,27,4.0,25.428571428571427,14.916909620991254,30.1,0.201,-1.6044503709230613,2.1
2019182,2019,f,2019-05-20,2,27,4.0,25.428571428571427,14.916909620991254,30.1,0.169,-1.7778565640590636,1.875
2019182,2019,f,2019-05-21,3,27,4.0,25.428571428571427,14.916909620991254,30.1,0.162,-1.820158943749753,1.9249999999999998
2019182,2019,f,2019-05-24,6,27,4.0,25.428571428571427,14.916909620991254,30.1,0.16,-1.8325814637483102,1.75
2019182,2019,f,2019-05-26,8,27,4.0,25.428571428571427,14.916909620991254,30.1,0.11,-2.2072749131897207,1.45
2019182,2019,f,2019-05-26,8,27,4.0,25.428571428571427,14.916909620991254,30.1,0.11,-2.2072749131897207,1.625
2019183,2019,f,2019-05-18,0,27,5.714285714285714,47.714285714285715,14.916909620991254,30.1,0.212,-1.5511690043101247,2.0
2019183,2019,f,2019-05-20,2,27,5.714285714285714,47.714285714285715,14.916909620991254,30.1,0.174,-1.7486999797676082,1.8250000000000002
2019183,2019,f,2019-05-21,3,27,5.714285714285714,47.714285714285715,14.916909620991254,30.1,0.17,-1.7719568419318752,1.8250000000000002
2019183,2019,f,2019-05-24,6,27,5.714285714285714,47.714285714285715,14.916909620991254,30.1,0.144,-1.9379419794061366,1.7
2019183,2019,f,2019-05-26,8,27,5.714285714285714,47.714285714285715,14.916909620991254,30.1,0.15,-1.8971199848858813,1.625
2019183,2019,f,2019-05-28,10,27,5.714285714285714,47.714285714285715,14.916909620991254,30.1,0.146,-1.9241486572738007,1.6
2019183,2019,f,2019-05-29,11,27,5.714285714285714,47.714285714285715,14.916909620991254,30.1,0.143,-1.9449106487222299,1.6
2019184,2019,f,2019-05-19,0,28,5.571428571428571,42.142857142857146,14.916909620991254,31.700000000000003,0.266,-1.324258970200438,2.05
2019184,2019,f,2019-05-21,2,28,5.571428571428571,42.142857142857146,14.916909620991254,31.700000000000003,0.238,-1.4354846053106625,1.9
2019184,2019,f,2019-05-24,5,28,5.571428571428571,42.142857142857146,14.916909620991254,31.700000000000003,0.235,-1.448169764837978,1.875
2019184,2019,f,2019-05-25,6,28,5.571428571428571,42.142857142857146,14.916909620991254,31.700000000000003,0.239,-1.4312917270506265,1.775
2019184,2019,f,2019-05-26,7,28,5.571428571428571,42.142857142857146,14.916909620991254,31.700000000000003,0.202,-1.5994875815809322,1.85
2019184,2019,f,2019-05-28,9,28,5.571428571428571,42.142857142857146,14.916909620991254,31.700000000000003,0.202,-1.5994875815809322,1.725
2019184,2019,f,2019-05-29,10,28,5.571428571428571,42.142857142857146,14.916909620991254,31.700000000000003,0.179,-1.720369473141382,1.5750000000000002
2019185,2019,f,2019-05-19,0,28,1.0,1.6666666666666667,14.916909620991254,31.299999999999997,0.251,-1.3823023398503531,2.025
2019185,2019,f,2019-05-20,1,28,1.0,1.6666666666666667,14.916909620991254,31.299999999999997,0.238,-1.4354846053106625,2.025
2019185,2019,f,2019-05-21,2,28,1.0,1.6666666666666667,14.916909620991254,31.299999999999997,0.225,-1.491654876777717,2.025
2019186,2019,f,2019-05-19,0,28,2.3333333333333335,9.666666666666666,14.916909620991254,33.6,0.204,-1.5896352851379207,2.175
2019186,2019,f,2019-05-21,2,28,2.3333333333333335,9.666666666666666,14.916909620991254,33.6,0.188,-1.6713133161521878,1.9
2019186,2019,f,2019-05-24,5,28,2.3333333333333335,9.666666666666666,14.916909620991254,33.6,0.176,-1.7372712839439852,1.8
2019187,2019,f,2019-05-20,0,29,2.25,8.75,14.916909620991254,30.0,0.177,-1.731605546408308,1.85
2019187,2019,f,2019-05-21,1,29,2.25,8.75,14.916909620991254,30.0,0.155,-1.8643301620628905,1.725
2019187,2019,f,2019-05-23,3,29,2.25,8.75,14.916909620991254,30.0,0.156,-1.8578992717326,1.8
2019187,2019,f,2019-05-25,5,29,2.25,8.75,14.916909620991254,30.0,0.144,-1.9379419794061366,1.65
2019188,2019,m,2019-05-20,0,29,4.4,32.4,14.916909620991254,32.2,0.187,-1.6766466621275504,2.075
2019188,2019,m,2019-05-21,1,29,4.4,32.4,14.916909620991254,32.2,0.169,-1.7778565640590636,1.9
2019188,2019,m,2019-05-24,4,29,4.4,32.4,14.916909620991254,32.2,0.162,-1.820158943749753,1.85
2019188,2019,m,2019-05-28,8,29,4.4,32.4,14.916909620991254,32.2,0.123,-2.0955709236097197,1.775
2019188,2019,m,2019-05-29,9,29,4.4,32.4,14.916909620991254,32.2,0.116,-2.1541650878757723,1.65
2019189,2019,f,2019-05-21,0,30,2.3333333333333335,8.333333333333334,14.916909620991254,29.700000000000003,0.143,-1.9449106487222299,1.7
2019189,2019,f,2019-05-24,3,30,2.3333333333333335,8.333333333333334,14.916909620991254,29.700000000000003,0.129,-2.047942874620465,1.375
2019189,2019,f,2019-05-25,4,30,2.3333333333333335,8.333333333333334,14.916909620991254,29.700000000000003,0.123,-2.0955709236097197,1.625
2019190,2019,f,2019-05-21,0,30,2.0,8.0,14.916909620991254,30.6,0.174,-1.7486999797676082,1.975
2019190,2019,f,2019-05-25,4,30,2.0,8.0,14.916909620991254,30.6,0.169,-1.7778565640590636,1.8
2019191,2019,f,2019-05-21,0,30,3.0,13.666666666666666,14.916909620991254,29.299999999999997,0.156,-1.8578992717326,1.75
2019191,2019,f,2019-05-25,4,30,3.0,13.666666666666666,14.916909620991254,29.299999999999997,0.139,-1.973281345851445,1.6
2019191,2019,f,2019-05-26,5,30,3.0,13.666666666666666,14.916909620991254,29.299999999999997,0.131,-2.0325579557809856,1.6749999999999998
2019192,2019,f,2019-05-21,0,30,6.4,58.8,14.916909620991254,28.700000000000003,0.195,-1.6347557204183902,1.975
2019192,2019,f,2019-05-24,3,30,6.4,58.8,14.916909620991254,28.700000000000003,0.181,-1.7092582477163114,1.775
2019192,2019,f,2019-05-29,8,30,6.4,58.8,14.916909620991254,28.700000000000003,0.174,-1.7486999797676082,1.8
2019192,2019,f,2019-05-31,10,30,6.4,58.8,14.916909620991254,28.700000000000003,0.16,-1.8325814637483102,1.7
2019192,2019,f,2019-06-01,11,30,6.4,58.8,14.916909620991254,28.700000000000003,0.128,-2.05572501506252,1.625
2019193,2019,f,2019-05-21,0,30,1.6666666666666667,4.333333333333333,14.916909620991254,33.5,0.231,-1.4653375684603434,2.05
2019193,2019,f,2019-05-23,2,30,1.6666666666666667,4.333333333333333,14.916909620991254,33.5,0.235,-1.448169764837978,2.1
2019193,2019,f,2019-05-24,3,30,1.6666666666666667,4.333333333333333,14.916909620991254,33.5,0.181,-1.7092582477163114,1.875
2019194,2019,f,2019-05-23,0,32,1.4,3.0,14.916909620991254,31.6,0.22,-1.5141277326297755,2.0
2019194,2019,f,2019-05-24,1,32,1.4,3.0,14.916909620991254,31.6,0.211,-1.5558971455060706,1.75
2019194,2019,f,2019-05-24,1,32,1.4,3.0,14.916909620991254,31.6,0.203,-1.5945492999403497,1.75
2019194,2019,f,2019-05-25,2,32,1.4,3.0,14.916909620991254,31.6,0.197,-1.6245515502441485,1.875
2019194,2019,f,2019-05-26,3,32,1.4,3.0,14.916909620991254,31.6,0.173,-1.7544636844843582,1.5750000000000002
2019195,2019,f,2019-05-23,0,32,1.3333333333333333,3.3333333333333335,14.916909620991254,32.2,0.185,-1.6873994539038122,1.875
2019195,2019,f,2019-05-24,1,32,1.3333333333333333,3.3333333333333335,14.916909620991254,32.2,0.175,-1.742969305058623,
2019195,2019,f,2019-05-26,3,32,1.3333333333333333,3.3333333333333335,14.916909620991254,32.2,0.132,-2.0249533563957662,1.75
2019196,2019,f,2019-05-23,0,32,0.0,0.0,14.916909620991254,32.0,0.187,-1.6766466621275504,1.8250000000000002
2019197,2019,f,2019-05-25,0,34,5.0,33.666666666666664,14.916909620991254,31.2,0.178,-1.725971728690052,1.8
2019197,2019,f,2019-05-28,3,34,5.0,33.666666666666664,14.916909620991254,31.2,0.166,-1.7957674906255938,1.6
2019197,2019,f,2019-05-29,4,34,5.0,33.666666666666664,14.916909620991254,31.2,0.167,-1.7897614665653818,1.7
2019197,2019,f,2019-06-01,7,34,5.0,33.666666666666664,14.916909620991254,31.2,0.134,-2.0099154790312257,1.5750000000000002
2019197,2019,f,2019-06-02,8,34,5.0,33.666666666666664,14.916909620991254,31.2,0.119,-2.1286317858706076,1.6
2019197,2019,f,2019-06-02,8,34,5.0,33.666666666666664,14.916909620991254,31.2,0.119,-2.1286317858706076,1.4
2019198,2019,f,2019-05-26,0,35,2.3333333333333335,9.666666666666666,14.916909620991254,32.9,0.211,-1.5558971455060706,2.1
2019198,2019,f,2019-05-28,2,35,2.3333333333333335,9.666666666666666,14.916909620991254,32.9,0.216,-1.5324768712979722,2.125
2019198,2019,f,2019-05-31,5,35,2.3333333333333335,9.666666666666666,14.916909620991254,32.9,0.208,-1.5702171992808192,2.0
2019199,2019,f,2019-05-26,0,35,0.0,0.0,14.916909620991254,33.400000000000006,0.236,-1.443923473956527,2.025
2019200,2019,m,2019-05-26,0,35,1.0,2.0,14.916909620991254,30.0,0.124,-2.0874737133771,1.8
2019200,2019,m,2019-05-28,2,35,1.0,2.0,14.916909620991254,30.0,0.129,-2.047942874620465,1.85
2019201,2019,f,2019-05-28,0,37,1.3333333333333333,3.3333333333333335,14.916909620991254,30.6,0.173,-1.7544636844843582,1.875
2019201,2019,f,2019-05-29,1,37,1.3333333333333333,3.3333333333333335,14.916909620991254,30.6,0.161,-1.8263509139976741,1.725
2019201,2019,f,2019-05-31,3,37,1.3333333333333333,3.3333333333333335,14.916909620991254,30.6,0.174,-1.7486999797676082,1.6749999999999998
2019202,2019,f,2019-05-31,0,40,2.142857142857143,5.857142857142857,14.916909620991254,33.3,0.238,-1.4354846053106625,2.0
2019202,2019,f,2019-06-01,1,40,2.142857142857143,5.857142857142857,14.916909620991254,33.3,0.198,-1.6194882482876019,1.975
2019202,2019,f,2019-06-02,2,40,2.142857142857143,5.857142857142857,14.916909620991254,33.3,0.159,-1.8388510767619055,1.9
2019202,2019,f,2019-06-03,3,40,2.142857142857143,5.857142857142857,14.916909620991254,33.3,0.163,-1.8140050781753747,1.9
2019202,2019,f,2019-06-03,3,40,2.142857142857143,5.857142857142857,14.916909620991254,33.3,0.163,-1.8140050781753747,1.775
2019202,2019,f,2019-06-03,3,40,2.142857142857143,5.857142857142857,14.916909620991254,33.3,0.141,-1.9589953886039688,1.9
2019202,2019,f,2019-06-03,3,40,2.142857142857143,5.857142857142857,14.916909620991254,33.3,0.141,-1.9589953886039688,1.775
2019203,2019,m,2019-06-01,0,41,0.0,0.0,14.916909620991254,30.700000000000003,0.133,-2.017406150760383,1.5750000000000002
2020001,2020,m,2020-04-21,0,0,2.3333333333333335,12.333333333333334,11.821596244131456,32.1,,,2.075
2020001,2020,m,2020-04-22,1,0,2.3333333333333335,12.333333333333334,11.821596244131456,32.1,0.178,-1.725971728690052,
2020001,2020,m,2020-04-27,6,0,2.3333333333333335,12.333333333333334,11.821596244131456,32.1,0.153,-1.8773173575897015,1.85
2020002,2020,m,2020-04-22,0,1,3.0,14.0,11.821596244131456,30.8,0.158,-1.8451602459551701,2.125
2020002,2020,m,2020-04-24,2,1,3.0,14.0,11.821596244131456,30.8,0.127,-2.0635681925235456,
2020002,2020,m,2020-04-26,4,1,3.0,14.0,11.821596244131456,30.8,0.113,-2.1803674602697964,2.15
2020002,2020,m,2020-04-28,6,1,3.0,14.0,11.821596244131456,30.8,0.114,-2.1715568305876416,1.7
2020003,2020,m,2020-04-24,0,3,2.0,6.666666666666667,11.821596244131456,31.1,0.166,-1.7957674906255938,2.1
2020003,2020,m,2020-04-26,2,3,2.0,6.666666666666667,11.821596244131456,31.1,0.186,-1.6820086052689358,1.85
2020003,2020,m,2020-04-28,4,3,2.0,6.666666666666667,11.821596244131456,31.1,0.128,-2.05572501506252,2.025
2020004,2020,m,2020-04-24,0,3,6.0,53.666666666666664,11.821596244131456,31.1,0.208,-1.5702171992808192,2.125
2020004,2020,m,2020-04-26,2,3,6.0,53.666666666666664,11.821596244131456,31.1,0.216,-1.5324768712979722,2.0
2020004,2020,m,2020-04-28,4,3,6.0,53.666666666666664,11.821596244131456,31.1,0.15,-1.8971199848858813,2.0
2020004,2020,m,2020-05-03,9,3,6.0,53.666666666666664,11.821596244131456,31.1,0.131,-2.0325579557809856,1.9249999999999998
2020004,2020,m,2020-05-04,10,3,6.0,53.666666666666664,11.821596244131456,31.1,0.135,-2.0024805005437076,1.8250000000000002
2020004,2020,m,2020-05-05,11,3,6.0,53.666666666666664,11.821596244131456,31.1,0.137,-1.987774353154012,1.85
2020005,2020,m,2020-04-24,0,3,3.75,25.25,11.821596244131456,32.3,0.183,-1.6982691261407161,2.075
2020005,2020,m,2020-04-26,2,3,3.75,25.25,11.821596244131456,32.3,0.16,-1.8325814637483102,1.875
2020005,2020,m,2020-04-28,4,3,3.75,25.25,11.821596244131456,32.3,0.152,-1.8838747581358606,1.8250000000000002
2020005,2020,m,2020-05-03,9,3,3.75,25.25,11.821596244131456,32.3,0.13,-2.0402208285265546,1.725
2020006,2020,m,2020-04-26,0,5,4.666666666666667,49.333333333333336,11.821596244131456,32.3,0.191,-1.6554818509355071,2.1
2020006,2020,m,2020-04-28,2,5,4.666666666666667,49.333333333333336,11.821596244131456,32.3,0.155,-1.8643301620628905,1.975
2020006,2020,m,2020-05-08,12,5,4.666666666666667,49.333333333333336,11.821596244131456,32.3,0.136,-1.995100393246085,1.775
2020007,2020,m,2020-04-26,0,5,1.0,2.0,11.821596244131456,31.6,0.188,-1.6713133161521878,1.8
2020007,2020,m,2020-04-28,2,5,1.0,2.0,11.821596244131456,31.6,0.125,-2.0794415416798357,1.9249999999999998
2020008,2020,m,2020-04-26,0,5,1.5,4.5,11.821596244131456,32.3,0.198,-1.6194882482876019,2.2
2020008,2020,m,2020-04-29,3,5,1.5,4.5,11.821596244131456,32.3,0.165,-1.8018098050815563,2.1
2020009,2020,m,2020-04-26,0,5,1.0,2.0,11.821596244131456,,0.221,-1.5095925774643841,2.1
2020009,2020,m,2020-04-28,2,5,1.0,2.0,11.821596244131456,,0.19,-1.6607312068216509,2.025
2020010,2020,m,2020-04-27,0,6,0.0,0.0,11.821596244131456,31.9,0.174,-1.7486999797676082,1.975
2020011,2020,m,2020-04-27,0,6,6.4,70.8,11.821596244131456,32.0,0.181,-1.7092582477163114,2.175
2020011,2020,m,2020-04-28,1,6,6.4,70.8,11.821596244131456,32.0,0.194,-1.6398971199188088,2.125
2020011,2020,m,2020-05-03,6,6,6.4,70.8,11.821596244131456,32.0,0.155,-1.8643301620628905,1.9
2020011,2020,m,2020-05-08,11,6,6.4,70.8,11.821596244131456,32.0,0.143,-1.9449106487222299,1.9
2020011,2020,m,2020-05-11,14,6,6.4,70.8,11.821596244131456,32.0,0.107,-2.234926444520231,1.5
2020012,2020,m,2020-04-27,0,6,7.285714285714286,74.42857142857143,11.821596244131456,30.6,0.168,-1.783791299578878,1.9249999999999998
2020012,2020,m,2020-04-28,1,6,7.285714285714286,74.42857142857143,11.821596244131456,30.6,0.15,-1.8971199848858813,2.075
2020012,2020,m,2020-05-03,6,6,7.285714285714286,74.42857142857143,11.821596244131456,30.6,0.144,-1.9379419794061366,1.775
2020012,2020,m,2020-05-08,11,6,7.285714285714286,74.42857142857143,11.821596244131456,30.6,0.128,-2.05572501506252,1.725
2020012,2020,m,2020-05-08,11,6,7.285714285714286,74.42857142857143,11.821596244131456,30.6,0.128,-2.05572501506252,1.625
2020012,2020,m,2020-05-08,11,6,7.285714285714286,74.42857142857143,11.821596244131456,30.6,0.109,-2.2164073967529934,1.725
2020012,2020,m,2020-05-08,11,6,7.285714285714286,74.42857142857143,11.821596244131456,30.6,0.109,-2.2164073967529934,1.625
2020013,2020,m,2020-04-27,0,6,2.3333333333333335,12.333333333333334,11.821596244131456,34.0,0.247,-1.3983669423541598,2.2
2020013,2020,m,2020-04-28,1,6,2.3333333333333335,12.333333333333334,11.821596244131456,34.0,0.222,-1.5050778971098575,2.125
2020013,2020,m,2020-05-03,6,6,2.3333333333333335,12.333333333333334,11.821596244131456,34.0,0.163,-1.8140050781753747,2.0
2020014,2020,f,2020-04-28,0,7,1.0,2.0,11.821596244131456,30.9,0.232,-1.4610179073158271,2.075
2020014,2020,f,2020-04-30,2,7,1.0,2.0,11.821596244131456,30.9,0.221,-1.5095925774643841,1.975
2020015,2020,m,2020-04-28,0,7,0.0,0.0,11.821596244131456,31.4,0.184,-1.6928195213731514,1.875
2020016,2020,m,2020-04-28,0,7,0.0,0.0,11.821596244131456,32.1,0.256,-1.3625778345025745,2.0
2020017,2020,m,2020-04-29,0,8,0.0,0.0,11.821596244131456,32.400000000000006,0.187,-1.6766466621275504,2.0
2020018,2020,m,2020-04-29,0,8,4.333333333333333,32.333333333333336,11.821596244131456,33.0,0.215,-1.5371172508544744,2.05
2020018,2020,m,2020-05-03,4,8,4.333333333333333,32.333333333333336,11.821596244131456,33.0,,,2.025
2020018,2020,m,2020-05-08,9,8,4.333333333333333,32.333333333333336,11.821596244131456,33.0,0.13,-2.0402208285265546,1.9249999999999998
2020019,2020,m,2020-04-29,0,8,0.0,0.0,11.821596244131456,31.6,0.201,-1.6044503709230613,2.025
2020020,2020,f,2020-04-30,0,9,1.5,4.5,11.821596244131456,30.0,0.208,-1.5702171992808192,1.875
2020020,2020,f,2020-05-03,3,9,1.5,4.5,11.821596244131456,30.0,0.154,-1.870802676568508,1.9249999999999998
2020021,2020,m,2020-04-30,0,9,5.5,48.5,11.821596244131456,31.4,0.212,-1.5511690043101247,2.075
2020021,2020,m,2020-05-03,3,9,5.5,48.5,11.821596244131456,31.4,0.139,-1.973281345851445,1.875
2020021,2020,m,2020-05-08,8,9,5.5,48.5,11.821596244131456,31.4,0.12,-2.120263536200091,1.875
2020021,2020,m,2020-05-11,11,9,5.5,48.5,11.821596244131456,31.4,0.091,-2.396895772465287,1.5
2020022,2020,m,2020-04-30,0,9,4.0,30.0,11.821596244131456,31.0,0.201,-1.6044503709230613,2.2
2020022,2020,m,2020-05-03,3,9,4.0,30.0,11.821596244131456,31.0,0.146,-1.9241486572738007,1.975
2020022,2020,m,2020-05-09,9,9,4.0,30.0,11.821596244131456,31.0,0.129,-2.047942874620465,1.85
2020023,2020,f,2020-04-30,0,9,3.6666666666666665,24.333333333333332,11.821596244131456,31.1,0.208,-1.5702171992808192,2.1
2020023,2020,f,2020-05-03,3,9,3.6666666666666665,24.333333333333332,11.821596244131456,31.1,0.183,-1.6982691261407161,1.975
2020023,2020,f,2020-05-08,8,9,3.6666666666666665,24.333333333333332,11.821596244131456,31.1,0.147,-1.9173226922034008,1.6
2020024,2020,m,2020-04-30,0,9,5.833333333333333,44.166666666666664,11.821596244131456,33.0,0.258,-1.3547956940605197,2.2
2020024,2020,m,2020-05-03,3,9,5.833333333333333,44.166666666666664,11.821596244131456,33.0,0.159,-1.8388510767619055,1.8250000000000002
2020024,2020,m,2020-05-08,8,9,5.833333333333333,44.166666666666664,11.821596244131456,33.0,0.143,-1.9449106487222299,2.0
2020024,2020,m,2020-05-08,8,9,5.833333333333333,44.166666666666664,11.821596244131456,33.0,0.143,-1.9449106487222299,1.875
2020024,2020,m,2020-05-08,8,9,5.833333333333333,44.166666666666664,11.821596244131456,33.0,0.123,-2.0955709236097197,2.0
2020024,2020,m,2020-05-08,8,9,5.833333333333333,44.166666666666664,11.821596244131456,33.0,0.123,-2.0955709236097197,1.875
2020025,2020,f,2020-05-02,0,11,2.3333333333333335,12.333333333333334,11.821596244131456,32.8,0.229,-1.4740332754278973,2.1
2020025,2020,f,2020-05-03,1,11,2.3333333333333335,12.333333333333334,11.821596244131456,32.8,0.189,-1.6660082639224947,1.975
2020025,2020,f,2020-05-08,6,11,2.3333333333333335,12.333333333333334,11.821596244131456,32.8,0.175,-1.742969305058623,1.7
2020026,2020,m,2020-05-02,0,11,4.0,29.5,11.821596244131456,31.9,0.224,-1.4961092271270973,2.0
2020026,2020,m,2020-05-03,1,11,4.0,29.5,11.821596244131456,31.9,0.186,-1.6820086052689358,1.85
2020026,2020,m,2020-05-08,6,11,4.0,29.5,11.821596244131456,31.9,0.151,-1.8904754421672127,1.775
2020026,2020,m,2020-05-11,9,11,4.0,29.5,11.821596244131456,31.9,0.142,-1.9519282213808764,1.8
2020027,2020,f,2020-05-02,0,11,0.5,0.5,11.821596244131456,32.0,0.214,-1.5417792639602856,2.025
2020027,2020,f,2020-05-03,1,11,0.5,0.5,11.821596244131456,32.0,0.182,-1.7037485919053417,1.95
2020028,2020,m,2020-05-02,0,11,3.75,25.25,11.821596244131456,32.0,0.221,-1.5095925774643841,1.75
2020028,2020,m,2020-05-03,1,11,3.75,25.25,11.821596244131456,32.0,0.154,-1.870802676568508,
2020028,2020,m,2020-05-08,6,11,3.75,25.25,11.821596244131456,32.0,0.145,-1.9310215365615626,1.75
2020028,2020,m,2020-05-10,8,11,3.75,25.25,11.821596244131456,32.0,0.137,-1.987774353154012,1.65
2020029,2020,f,2020-05-02,0,11,0.5,0.5,11.821596244131456,32.9,0.228,-1.4784096500276962,2.125
2020029,2020,f,2020-05-03,1,11,0.5,0.5,11.821596244131456,32.9,0.21,-1.5606477482646683,2.1
2020030,2020,f,2020-05-02,0,11,0.5,0.5,11.821596244131456,33.8,0.223,-1.5005835075220182,2.1
2020030,2020,f,2020-05-03,1,11,0.5,0.5,11.821596244131456,33.8,0.194,-1.6398971199188088,1.775
2020031,2020,m,2020-05-02,0,11,10.571428571428571,137.71428571428572,11.821596244131456,32.2,0.18,-1.7147984280919266,2.025
2020031,2020,m,2020-05-08,6,11,10.571428571428571,137.71428571428572,11.821596244131456,32.2,0.15,-1.8971199848858813,1.8
2020031,2020,m,2020-05-14,12,11,10.571428571428571,137.71428571428572,11.821596244131456,32.2,0.121,-2.111964733385396,1.6749999999999998
2020031,2020,m,2020-05-16,14,11,10.571428571428571,137.71428571428572,11.821596244131456,32.2,0.135,-2.0024805005437076,1.7
2020031,2020,m,2020-05-16,14,11,10.571428571428571,137.71428571428572,11.821596244131456,32.2,0.135,-2.0024805005437076,1.65
2020031,2020,m,2020-05-16,14,11,10.571428571428571,137.71428571428572,11.821596244131456,32.2,0.123,-2.0955709236097197,1.7
2020031,2020,m,2020-05-16,14,11,10.571428571428571,137.71428571428572,11.821596244131456,32.2,0.123,-2.0955709236097197,1.65
2020032,2020,m,2020-05-03,0,12,2.3333333333333335,9.666666666666666,11.821596244131456,30.5,0.176,-1.7372712839439852,2.0
2020032,2020,m,2020-05-05,2,12,2.3333333333333335,9.666666666666666,11.821596244131456,30.5,0.15,-1.8971199848858813,1.8250000000000002
2020032,2020,m,2020-05-08,5,12,2.3333333333333335,9.666666666666666,11.821596244131456,30.5,0.119,-2.1286317858706076,1.7
2020033,2020,m,2020-05-03,0,12,4.666666666666667,27.333333333333332,11.821596244131456,31.299999999999997,0.201,-1.6044503709230613,1.9249999999999998
2020033,2020,m,2020-05-08,5,12,4.666666666666667,27.333333333333332,11.821596244131456,31.299999999999997,0.14,-1.9661128563728327,1.85
2020033,2020,m,2020-05-08,5,12,4.666666666666667,27.333333333333332,11.821596244131456,31.299999999999997,0.14,-1.9661128563728327,1.95
2020033,2020,m,2020-05-08,5,12,4.666666666666667,27.333333333333332,11.821596244131456,31.299999999999997,0.137,-1.987774353154012,1.85
2020033,2020,m,2020-05-08,5,12,4.666666666666667,27.333333333333332,11.821596244131456,31.299999999999997,0.137,-1.987774353154012,1.95
2020033,2020,m,2020-05-11,8,12,4.666666666666667,27.333333333333332,11.821596244131456,31.299999999999997,0.124,-2.0874737133771,1.775
2020034,2020,f,2020-05-03,0,12,2.1666666666666665,14.833333333333334,11.821596244131456,31.0,0.189,-1.6660082639224947,2.2
2020034,2020,f,2020-05-03,0,12,2.1666666666666665,14.833333333333334,11.821596244131456,31.0,0.189,-1.6660082639224947,2.1
2020034,2020,f,2020-05-03,0,12,2.1666666666666665,14.833333333333334,11.821596244131456,31.0,0.193,-1.6450650900772514,2.2
2020034,2020,f,2020-05-03,0,12,2.1666666666666665,14.833333333333334,11.821596244131456,31.0,0.193,-1.6450650900772514,2.1
2020034,2020,f,2020-05-08,5,12,2.1666666666666665,14.833333333333334,11.821596244131456,31.0,0.15,-1.8971199848858813,1.975
2020034,2020,f,2020-05-11,8,12,2.1666666666666665,14.833333333333334,11.821596244131456,31.0,0.138,-1.9805015938249322,1.9
2020035,2020,m,2020-05-03,0,12,0.0,0.0,11.821596244131456,32.0,0.166,-1.7957674906255938,1.975
2020036,2020,m,2020-05-03,0,12,4.333333333333333,29.666666666666668,11.821596244131456,30.4,0.191,-1.6554818509355071,2.05
2020036,2020,m,2020-05-08,5,12,4.333333333333333,29.666666666666668,11.821596244131456,30.4,0.156,-1.8578992717326,1.9
2020036,2020,m,2020-05-11,8,12,4.333333333333333,29.666666666666668,11.821596244131456,30.4,0.15,-1.8971199848858813,1.8250000000000002
2020037,2020,m,2020-05-03,0,12,2.5,12.5,11.821596244131456,32.3,0.206,-1.579879110192556,2.05
2020037,2020,m,2020-05-08,5,12,2.5,12.5,11.821596244131456,32.3,0.189,-1.6660082639224947,1.9
2020038,2020,m,2020-05-03,0,12,2.0,7.5,11.821596244131456,31.8,0.181,-1.7092582477163114,2.1
2020038,2020,m,2020-05-04,1,12,2.0,7.5,11.821596244131456,31.8,0.151,-1.8904754421672127,2.1
2020038,2020,m,2020-05-05,2,12,2.0,7.5,11.821596244131456,31.8,0.147,-1.9173226922034008,2.1
2020038,2020,m,2020-05-08,5,12,2.0,7.5,11.821596244131456,31.8,0.128,-2.05572501506252,1.7
2020039,2020,f,2020-05-03,0,12,4.333333333333333,29.666666666666668,11.821596244131456,29.9,0.19,-1.6607312068216509,1.85
2020039,2020,f,2020-05-08,5,12,4.333333333333333,29.666666666666668,11.821596244131456,29.9,0.146,-1.9241486572738007,1.8
2020039,2020,f,2020-05-11,8,12,4.333333333333333,29.666666666666668,11.821596244131456,29.9,0.132,-2.0249533563957662,1.75
2020040,2020,f,2020-05-03,0,12,0.5,0.5,11.821596244131456,28.799999999999997,0.249,-1.3903023825174294,1.875
2020040,2020,f,2020-05-04,1,12,0.5,0.5,11.821596244131456,28.799999999999997,0.231,-1.4653375684603434,2.075
2020041,2020,f,2020-05-04,0,13,1.5,4.5,11.821596244131456,32.0,0.241,-1.422958345491482,2.2
2020041,2020,f,2020-05-07,3,13,1.5,4.5,11.821596244131456,32.0,0.188,-1.6713133161521878,2.025
2020042,2020,m,2020-05-04,0,13,2.0,8.0,11.821596244131456,32.5,0.171,-1.7660917224794772,2.075
2020042,2020,m,2020-05-08,4,13,2.0,8.0,11.821596244131456,32.5,0.148,-1.9105430052180221,2.05
2020043,2020,m,2020-05-04,0,13,3.6666666666666665,21.666666666666668,11.821596244131456,30.5,0.195,-1.6347557204183902,1.85
2020043,2020,m,2020-05-08,4,13,3.6666666666666665,21.666666666666668,11.821596244131456,30.5,0.138,-1.9805015938249322,1.85
2020043,2020,m,2020-05-11,7,13,3.6666666666666665,21.666666666666668,11.821596244131456,30.5,0.123,-2.0955709236097197,1.6749999999999998
2020044,2020,m,2020-05-04,0,13,2.0,8.0,11.821596244131456,31.4,0.225,-1.491654876777717,2.075
2020044,2020,m,2020-05-08,4,13,2.0,8.0,11.821596244131456,31.4,0.15,-1.8971199848858813,1.975
2020045,2020,f,2020-05-04,0,13,1.3333333333333333,3.3333333333333335,11.821596244131456,32.0,0.238,-1.4354846053106625,2.075
2020045,2020,f,2020-05-05,1,13,1.3333333333333333,3.3333333333333335,11.821596244131456,32.0,0.228,-1.4784096500276962,2.125
2020045,2020,f,2020-05-07,3,13,1.3333333333333333,3.3333333333333335,11.821596244131456,32.0,0.208,-1.5702171992808192,2.075
2020046,2020,m,2020-05-04,0,13,4.0,22.5,11.821596244131456,33.0,0.227,-1.4828052615007343,2.1
2020046,2020,m,2020-05-08,4,13,4.0,22.5,11.821596244131456,33.0,0.157,-1.851509473633829,1.975
2020046,2020,m,2020-05-09,5,13,4.0,22.5,11.821596244131456,33.0,0.13,-2.0402208285265546,1.875
2020046,2020,m,2020-05-11,7,13,4.0,22.5,11.821596244131456,33.0,0.12,-2.120263536200091,1.85
2020047,2020,f,2020-05-05,0,14,0.0,0.0,11.821596244131456,30.8,0.235,-1.448169764837978,2.1
2020047,2020,f,2020-05-05,0,14,0.0,0.0,11.821596244131456,30.8,0.235,-1.448169764837978,2.1
2020047,2020,f,2020-05-05,0,14,0.0,0.0,11.821596244131456,30.8,0.24,-1.4271163556401458,2.1
2020047,2020,f,2020-05-05,0,14,0.0,0.0,11.821596244131456,30.8,0.24,-1.4271163556401458,2.1
2020048,2020,f,2020-05-05,0,14,2.4,7.2,11.821596244131456,30.6,0.209,-1.565421027017326,2.225
2020048,2020,f,2020-05-08,3,14,2.4,7.2,11.821596244131456,30.6,0.188,-1.6713133161521878,1.9
2020048,2020,f,2020-05-08,3,14,2.4,7.2,11.821596244131456,30.6,0.188,-1.6713133161521878,1.875
2020048,2020,f,2020-05-08,3,14,2.4,7.2,11.821596244131456,30.6,0.172,-1.760260802168684,1.9
2020048,2020,f,2020-05-08,3,14,2.4,7.2,11.821596244131456,30.6,0.172,-1.760260802168684,1.875
2020049,2020,f,2020-05-05,0,14,5.8,49.4,11.821596244131456,32.9,0.23,-1.4696759700589417,2.075
2020049,2020,f,2020-05-08,3,14,5.8,49.4,11.821596244131456,32.9,0.198,-1.6194882482876019,1.9
2020049,2020,f,2020-05-11,6,14,5.8,49.4,11.821596244131456,32.9,0.174,-1.7486999797676082,2.0
2020049,2020,f,2020-05-14,9,14,5.8,49.4,11.821596244131456,32.9,0.167,-1.7897614665653818,1.7
2020049,2020,f,2020-05-16,11,14,5.8,49.4,11.821596244131456,32.9,0.146,-1.9241486572738007,1.65
2020050,2020,m,2020-05-06,0,15,2.3333333333333335,9.666666666666666,11.821596244131456,31.5,0.19,-1.6607312068216509,2.1
2020050,2020,m,2020-05-08,2,15,2.3333333333333335,9.666666666666666,11.821596244131456,31.5,0.159,-1.8388510767619055,1.9
2020050,2020,m,2020-05-11,5,15,2.3333333333333335,9.666666666666666,11.821596244131456,31.5,0.137,-1.987774353154012,1.9249999999999998
2020051,2020,m,2020-05-07,0,16,0.5,0.5,11.821596244131456,32.599999999999994,0.222,-1.5050778971098575,2.125
2020051,2020,m,2020-05-08,1,16,0.5,0.5,11.821596244131456,32.599999999999994,0.175,-1.742969305058623,1.875
2020052,2020,f,2020-05-08,0,17,0.0,0.0,11.821596244131456,30.6,0.22,-1.5141277326297755,1.775
2020053,2020,f,2020-05-08,0,17,1.3333333333333333,3.3333333333333335,11.821596244131456,31.700000000000003,0.249,-1.3903023825174294,2.1
2020053,2020,f,2020-05-09,1,17,1.3333333333333333,3.3333333333333335,11.821596244131456,31.700000000000003,0.243,-1.4146938356415886,1.875
2020053,2020,f,2020-05-11,3,17,1.3333333333333333,3.3333333333333335,11.821596244131456,31.700000000000003,0.2,-1.6094379124341003,
2020054,2020,f,2020-05-08,0,17,0.0,0.0,11.821596244131456,31.3,0.244,-1.410587053688935,1.975
2020054,2020,f,2020-05-08,0,17,0.0,0.0,11.821596244131456,31.3,0.244,-1.410587053688935,1.8
2020054,2020,f,2020-05-08,0,17,0.0,0.0,11.821596244131456,31.3,0.239,-1.4312917270506265,1.975
2020054,2020,f,2020-05-08,0,17,0.0,0.0,11.821596244131456,31.3,0.239,-1.4312917270506265,1.8
2020055,2020,f,2020-05-08,0,17,0.0,0.0,11.821596244131456,33.1,0.23,-1.4696759700589417,2.225
2020056,2020,f,2020-05-08,0,17,0.0,0.0,11.821596244131456,34.2,0.161,-1.8263509139976741,1.8250000000000002
2020057,2020,m,2020-05-08,0,17,0.0,0.0,11.821596244131456,31.9,0.157,-1.851509473633829,1.875
2020058,2020,m,2020-05-08,0,17,3.0,18.0,11.821596244131456,32.7,0.168,-1.783791299578878,1.9
2020058,2020,m,2020-05-14,6,17,3.0,18.0,11.821596244131456,32.7,0.142,-1.9519282213808764,1.725
2020059,2020,f,2020-05-08,0,17,7.666666666666667,89.66666666666667,11.821596244131456,32.4,0.284,-1.258781040820931,2.1
2020059,2020,f,2020-05-18,10,17,7.666666666666667,89.66666666666667,11.821596244131456,32.4,0.214,-1.5417792639602856,1.7
2020059,2020,f,2020-05-21,13,17,7.666666666666667,89.66666666666667,11.821596244131456,32.4,,,1.625
2020060,2020,m,2020-05-09,0,18,1.0,2.0,11.821596244131456,32.4,0.162,-1.820158943749753,2.05
2020060,2020,m,2020-05-11,2,18,1.0,2.0,11.821596244131456,32.4,0.182,-1.7037485919053417,
2020061,2020,f,2020-05-09,0,18,0.0,0.0,11.821596244131456,32.1,0.212,-1.5511690043101247,2.075
2020062,2020,m,2020-05-09,0,18,0.0,0.0,11.821596244131456,33.099999999999994,0.172,-1.760260802168684,1.9
2020063,2020,f,2020-05-09,0,18,3.0,17.666666666666668,11.821596244131456,29.6,0.213,-1.546463113272712,2.125
2020063,2020,f,2020-05-11,2,18,3.0,17.666666666666668,11.821596244131456,29.6,,,2.05
2020063,2020,f,2020-05-16,7,18,3.0,17.666666666666668,11.821596244131456,29.6,0.161,-1.8263509139976741,1.875
2020064,2020,m,2020-05-09,0,18,0.0,0.0,11.821596244131456,29.4,0.14,-1.9661128563728327,1.8250000000000002
2020065,2020,f,2020-05-09,0,18,0.0,0.0,11.821596244131456,31.1,0.227,-1.4828052615007343,2.05
2020066,2020,f,2020-05-10,0,19,2.75,13.25,11.821596244131456,30.700000000000003,0.178,-1.725971728690052,2.0
2020066,2020,f,2020-05-11,1,19,2.75,13.25,11.821596244131456,30.700000000000003,0.157,-1.851509473633829,2.0
2020066,2020,f,2020-05-14,4,19,2.75,13.25,11.821596244131456,30.700000000000003,0.128,-2.05572501506252,1.775
2020066,2020,f,2020-05-16,6,19,2.75,13.25,11.821596244131456,30.700000000000003,0.115,-2.162823150618887,1.75
2020067,2020,f,2020-05-10,0,19,0.0,0.0,11.821596244131456,32.2,0.193,-1.6450650900772514,2.0
2020068,2020,f,2020-05-10,0,19,3.8,23.4,11.821596244131456,30.2,0.214,-1.5417792639602856,2.1
2020068,2020,f,2020-05-11,1,19,3.8,23.4,11.821596244131456,30.2,,,1.9
2020068,2020,f,2020-05-14,4,19,3.8,23.4,11.821596244131456,30.2,0.168,-1.783791299578878,1.65
2020068,2020,f,2020-05-16,6,19,3.8,23.4,11.821596244131456,30.2,0.178,-1.725971728690052,1.6
2020068,2020,f,2020-05-18,8,19,3.8,23.4,11.821596244131456,30.2,0.142,-1.9519282213808764,1.725
2020069,2020,f,2020-05-10,0,19,4.166666666666667,24.166666666666668,11.821596244131456,32.400000000000006,0.207,-1.575036485716768,2.05
2020069,2020,f,2020-05-11,1,19,4.166666666666667,24.166666666666668,11.821596244131456,32.400000000000006,0.202,-1.5994875815809322,2.1
2020069,2020,f,2020-05-16,6,19,4.166666666666667,24.166666666666668,11.821596244131456,32.400000000000006,0.184,-1.6928195213731514,1.85
2020069,2020,f,2020-05-16,6,19,4.166666666666667,24.166666666666668,11.821596244131456,32.400000000000006,0.184,-1.6928195213731514,1.8
2020069,2020,f,2020-05-16,6,19,4.166666666666667,24.166666666666668,11.821596244131456,32.400000000000006,0.175,-1.742969305058623,1.85
2020069,2020,f,2020-05-16,6,19,4.166666666666667,24.166666666666668,11.821596244131456,32.400000000000006,0.175,-1.742969305058623,1.8
2020070,2020,f,2020-05-10,0,19,0.0,0.0,11.821596244131456,33.400000000000006,0.22,-1.5141277326297755,2.0
2020071,2020,f,2020-05-11,0,20,0.0,0.0,11.821596244131456,30.4,0.204,-1.5896352851379207,2.075
2020072,2020,f,2020-05-14,0,23,2.75,11.25,11.821596244131456,30.4,0.239,-1.4312917270506265,1.9249999999999998
2020072,2020,f,2020-05-16,2,23,2.75,11.25,11.821596244131456,30.4,0.235,-1.448169764837978,2.0
2020072,2020,f,2020-05-18,4,23,2.75,11.25,11.821596244131456,30.4,0.238,-1.4354846053106625,1.8250000000000002
2020072,2020,f,2020-05-19,5,23,2.75,11.25,11.821596244131456,30.4,,,1.6749999999999998
2020073,2020,f,2020-05-16,0,25,0.0,0.0,11.821596244131456,29.4,0.188,-1.6713133161521878,1.775
2020074,2020,f,2020-05-16,0,25,1.6666666666666667,4.333333333333333,11.821596244131456,29.3,0.224,-1.4961092271270973,1.875
2020074,2020,f,2020-05-18,2,25,1.6666666666666667,4.333333333333333,11.821596244131456,29.3,0.226,-1.487220279709851,1.8250000000000002
2020074,2020,f,2020-05-19,3,25,1.6666666666666667,4.333333333333333,11.821596244131456,29.3,,,1.725
2020075,2020,,2020-05-21,0,30,0.0,0.0,11.821596244131456,30.1,,,1.85
