Block,ID,Family,DevT,AdultT,Overall_treatment,Sex,Adult_age,Daily_Eggs,Adult_lifespan,individual
A,AP15,AP,h,h,HH,f,1,0,2,A_AP_AP15
A,AP15,AP,h,h,HH,f,2,0,2,A_AP_AP15
B,BI28,BI,h,h,HH,f,1,13,2,B_BI_BI28
B,BI28,BI,h,h,HH,f,2,1,2,B_BI_BI28
B,BN22,BN,h,h,HH,f,1,0,2,B_BN_BN22
C,CW11,CW,h,h,HH,f,1,2,2,C_CW_CW11
C,CW11,CW,h,h,HH,f,2,0,2,C_CW_CW11
A,AB15,AB,a,h,AH,f,1,37,3,A_AB_AB15
A,AB15,AB,a,h,AH,f,2,8,3,A_AB_AB15
A,AB15,AB,a,h,AH,f,3,0,3,A_AB_AB15
A,AF10,AF,h,h,HH,f,1,31,3,A_AF_AF10
A,AF10,AF,h,h,HH,f,2,2,3,A_AF_AF10
A,AF10,AF,h,h,HH,f,3,0,3,A_AF_AF10
A,AL16,AL,h,h,HH,f,1,40,3,A_AL_AL16
A,AL16,AL,h,h,HH,f,2,0,3,A_AL_AL16
A,AQ10,AQ,a,h,AH,f,1,20,3,A_AQ_AQ10
A,AQ10,AQ,a,h,AH,f,2,7,3,A_AQ_AQ10
A,AQ10,AQ,a,h,AH,f,3,0,3,A_AQ_AQ10
A,AQ16,AQ,h,h,HH,f,1,1,3,A_AQ_AQ16
A,AQ16,AQ,h,h,HH,f,2,0,3,A_AQ_AQ16
A,AQ16,AQ,h,h,HH,f,3,0,3,A_AQ_AQ16
B,BF16,BF,h,h,HH,f,1,31,3,B_BF_BF16
B,BF16,BF,h,h,HH,f,2,11,3,B_BF_BF16
B,BF16,BF,h,h,HH,f,3,1,3,B_BF_BF16
B,BH16,BH,h,h,HH,f,1,20,3,B_BH_BH16
B,BH16,BH,h,h,HH,f,2,1,3,B_BH_BH16
B,BH16,BH,h,h,HH,f,3,0,3,B_BH_BH16
B,BN17,BN,h,h,HH,f,1,27,3,B_BN_BN17
B,BN17,BN,h,h,HH,f,2,6,3,B_BN_BN17
B,BN17,BN,h,h,HH,f,3,0,3,B_BN_BN17
B,BW8,BW,h,h,HH,f,1,40,3,B_BW_BW8
B,BW8,BW,h,h,HH,f,2,14,3,B_BW_BW8
B,BW8,BW,h,h,HH,f,3,4,3,B_BW_BW8
B,BX17,BX,h,a,HA,f,1,0,3,B_BX_BX17
B,BX17,BX,h,a,HA,f,2,0,3,B_BX_BX17
B,BX17,BX,h,a,HA,f,3,0,3,B_BX_BX17
B,BZ29,BZ,h,h,HH,f,1,1,3,B_BZ_BZ29
B,BZ29,BZ,h,h,HH,f,2,0,3,B_BZ_BZ29
B,BZ29,BZ,h,h,HH,f,3,1,3,B_BZ_BZ29
C,CF17,CF,h,h,HH,f,1,0,3,C_CF_CF17
C,CF17,CF,h,h,HH,f,2,0,3,C_CF_CF17
C,CF17,CF,h,h,HH,f,3,0,3,C_CF_CF17
C,CX18,CX,a,h,AH,f,1,6,3,C_CX_CX18
C,CX18,CX,a,h,AH,f,2,0,3,C_CX_CX18
A,AA15,AA,a,h,AH,f,1,23,4,A_AA_AA15
A,AA15,AA,a,h,AH,f,2,24,4,A_AA_AA15
A,AA15,AA,a,h,AH,f,3,16,4,A_AA_AA15
A,AA15,AA,a,h,AH,f,4,2,4,A_AA_AA15
A,AB20,AB,a,h,AH,f,1,32,4,A_AB_AB20
A,AB20,AB,a,h,AH,f,2,25,4,A_AB_AB20
A,AB20,AB,a,h,AH,f,3,11,4,A_AB_AB20
A,AB20,AB,a,h,AH,f,4,0,4,A_AB_AB20
A,AH8,AH,a,h,AH,f,1,7,4,A_AH_AH8
A,AH8,AH,a,h,AH,f,2,2,4,A_AH_AH8
A,AH8,AH,a,h,AH,f,3,0,4,A_AH_AH8
A,AH8,AH,a,h,AH,f,4,0,4,A_AH_AH8
A,AJ5,AJ,h,h,HH,f,1,22,4,A_AJ_AJ5
A,AJ5,AJ,h,h,HH,f,2,12,4,A_AJ_AJ5
A,AJ5,AJ,h,h,HH,f,3,5,4,A_AJ_AJ5
A,AJ5,AJ,h,h,HH,f,4,1,4,A_AJ_AJ5
A,AK10,AK,a,h,AH,f,1,7,4,A_AK_AK10
A,AK10,AK,a,h,AH,f,2,12,4,A_AK_AK10
A,AK10,AK,a,h,AH,f,3,7,4,A_AK_AK10
A,AK10,AK,a,h,AH,f,4,0,4,A_AK_AK10
A,AK11,AK,h,h,HH,f,1,24,4,A_AK_AK11
A,AK11,AK,h,h,HH,f,2,13,4,A_AK_AK11
A,AK11,AK,h,h,HH,f,3,1,4,A_AK_AK11
A,AK11,AK,h,h,HH,f,4,0,4,A_AK_AK11
A,AK3,AK,a,h,AH,f,1,28,4,A_AK_AK3
A,AK3,AK,a,h,AH,f,2,21,4,A_AK_AK3
A,AK3,AK,a,h,AH,f,3,13,4,A_AK_AK3
A,AK3,AK,a,h,AH,f,4,1,4,A_AK_AK3
A,AO14,AO,a,h,AH,f,1,28,4,A_AO_AO14
A,AO14,AO,a,h,AH,f,2,19,4,A_AO_AO14
A,AO14,AO,a,h,AH,f,3,8,4,A_AO_AO14
A,AO14,AO,a,h,AH,f,4,1,4,A_AO_AO14
A,AP9,AP,a,h,AH,f,1,27,4,A_AP_AP9
A,AP9,AP,a,h,AH,f,2,17,4,A_AP_AP9
A,AP9,AP,a,h,AH,f,3,5,4,A_AP_AP9
A,AP9,AP,a,h,AH,f,4,0,4,A_AP_AP9
A,AU1,AU,h,h,HH,f,1,23,4,A_AU_AU1
A,AU1,AU,h,h,HH,f,2,4,4,A_AU_AU1
A,AU1,AU,h,h,HH,f,3,0,4,A_AU_AU1
A,AU1,AU,h,h,HH,f,4,0,4,A_AU_AU1
A,AU17,AU,a,h,AH,f,1,42,4,A_AU_AU17
A,AU17,AU,a,h,AH,f,2,20,4,A_AU_AU17
A,AU17,AU,a,h,AH,f,3,6,4,A_AU_AU17
A,AU17,AU,a,h,AH,f,4,0,4,A_AU_AU17
A,AU7,AU,a,h,AH,f,1,47,4,A_AU_AU7
A,AU7,AU,a,h,AH,f,2,26,4,A_AU_AU7
A,AU7,AU,a,h,AH,f,3,5,4,A_AU_AU7
A,AU7,AU,a,h,AH,f,4,0,4,A_AU_AU7
A,AV1,AV,a,h,AH,f,1,37,4,A_AV_AV1
A,AV1,AV,a,h,AH,f,2,19,4,A_AV_AV1
A,AV1,AV,a,h,AH,f,3,4,4,A_AV_AV1
A,AV1,AV,a,h,AH,f,4,0,4,A_AV_AV1
A,AV9,AV,a,h,AH,f,1,36,4,A_AV_AV9
A,AV9,AV,a,h,AH,f,2,19,4,A_AV_AV9
A,AV9,AV,a,h,AH,f,3,15,4,A_AV_AV9
A,AV9,AV,a,h,AH,f,4,2,4,A_AV_AV9
A,AW4,AW,a,h,AH,f,1,38,4,A_AW_AW4
A,AW4,AW,a,h,AH,f,2,21,4,A_AW_AW4
A,AW4,AW,a,h,AH,f,3,13,4,A_AW_AW4
A,AW4,AW,a,h,AH,f,4,2,4,A_AW_AW4
A,AX12,AX,a,h,AH,f,1,39,4,A_AX_AX12
A,AX12,AX,a,h,AH,f,2,28,4,A_AX_AX12
A,AX12,AX,a,h,AH,f,3,11,4,A_AX_AX12
A,AX12,AX,a,h,AH,f,4,1,4,A_AX_AX12
A,AZ11,AZ,a,h,AH,f,1,40,4,A_AZ_AZ11
A,AZ11,AZ,a,h,AH,f,2,20,4,A_AZ_AZ11
A,AZ11,AZ,a,h,AH,f,3,11,4,A_AZ_AZ11
A,AZ11,AZ,a,h,AH,f,4,0,4,A_AZ_AZ11
A,AZ16,AZ,h,h,HH,f,1,34,4,A_AZ_AZ16
A,AZ16,AZ,h,h,HH,f,2,10,4,A_AZ_AZ16
A,AZ16,AZ,h,h,HH,f,3,8,4,A_AZ_AZ16
A,AZ16,AZ,h,h,HH,f,4,0,4,A_AZ_AZ16
A,AZ6,AZ,a,h,AH,f,1,29,4,A_AZ_AZ6
A,AZ6,AZ,a,h,AH,f,2,0,4,A_AZ_AZ6
A,AZ6,AZ,a,h,AH,f,3,18,4,A_AZ_AZ6
A,AZ6,AZ,a,h,AH,f,4,2,4,A_AZ_AZ6
B,B?1,Btr,h,h,HH,f,1,18,4,B_Btr_B?1
B,B?1,Btr,h,h,HH,f,2,0,4,B_Btr_B?1
B,B?1,Btr,h,h,HH,f,3,1,4,B_Btr_B?1
B,B?1,Btr,h,h,HH,f,4,0,4,B_Btr_B?1
B,B?16,Btr,h,h,HH,f,1,37,4,B_Btr_B?16
B,B?16,Btr,h,h,HH,f,2,15,4,B_Btr_B?16
B,B?16,Btr,h,h,HH,f,3,6,4,B_Btr_B?16
B,B?16,Btr,h,h,HH,f,4,0,4,B_Btr_B?16
B,B?28,Btr,h,h,HH,f,1,37,4,B_Btr_B?28
B,B?28,Btr,h,h,HH,f,2,20,4,B_Btr_B?28
B,B?28,Btr,h,h,HH,f,3,10,4,B_Btr_B?28
B,B?28,Btr,h,h,HH,f,4,1,4,B_Btr_B?28
B,B?1,Bpi,h,h,HH,f,1,0,4,B_Bpi_B?1
B,B?1,Bpi,h,h,HH,f,2,0,4,B_Bpi_B?1
B,B?1,Bpi,h,h,HH,f,3,0,4,B_Bpi_B?1
B,B?1,Bpi,h,h,HH,f,4,0,4,B_Bpi_B?1
B,B?2,Bpi,h,h,HH,f,1,42,4,B_Bpi_B?2
B,B?2,Bpi,h,h,HH,f,2,16,4,B_Bpi_B?2
B,B?2,Bpi,h,h,HH,f,3,6,4,B_Bpi_B?2
B,B?2,Bpi,h,h,HH,f,4,0,4,B_Bpi_B?2
B,B?29,Bpi,h,h,HH,f,1,27,4,B_Bpi_B?29
B,B?29,Bpi,h,h,HH,f,2,13,4,B_Bpi_B?29
B,B?29,Bpi,h,h,HH,f,3,4,4,B_Bpi_B?29
B,B?29,Bpi,h,h,HH,f,4,0,4,B_Bpi_B?29
B,B©20,Bbox,h,h,HH,f,1,0,4,B_Bbox_B©20
B,B©20,Bbox,h,h,HH,f,2,0,4,B_Bbox_B©20
B,B©20,Bbox,h,h,HH,f,3,0,4,B_Bbox_B©20
B,B©20,Bbox,h,h,HH,f,4,0,4,B_Bbox_B©20
B,BB2,BB,h,h,HH,f,1,25,4,B_BB_BB2
B,BB2,BB,h,h,HH,f,2,14,4,B_BB_BB2
B,BB2,BB,h,h,HH,f,3,5,4,B_BB_BB2
B,BB2,BB,h,h,HH,f,4,1,4,B_BB_BB2
B,BB29,BB,h,h,HH,f,1,27,4,B_BB_BB29
B,BB29,BB,h,h,HH,f,2,10,4,B_BB_BB29
B,BB29,BB,h,h,HH,f,3,2,4,B_BB_BB29
B,BB29,BB,h,h,HH,f,4,0,4,B_BB_BB29
B,BC12,BC,a,h,AH,f,1,28,4,B_BC_BC12
B,BC12,BC,a,h,AH,f,2,19,4,B_BC_BC12
B,BC12,BC,a,h,AH,f,3,2,4,B_BC_BC12
B,BC12,BC,a,h,AH,f,4,0,4,B_BC_BC12
B,BE29,BE,h,h,HH,f,1,49,4,B_BE_BE29
B,BE29,BE,h,h,HH,f,2,17,4,B_BE_BE29
B,BE29,BE,h,h,HH,f,3,11,4,B_BE_BE29
B,BE29,BE,h,h,HH,f,4,0,4,B_BE_BE29
B,BJ6,BJ,a,h,AH,f,1,29,4,B_BJ_BJ6
B,BJ6,BJ,a,h,AH,f,2,24,4,B_BJ_BJ6
B,BJ6,BJ,a,h,AH,f,3,20,4,B_BJ_BJ6
B,BJ6,BJ,a,h,AH,f,4,0,4,B_BJ_BJ6
B,BL22,BL,h,h,HH,f,1,22,4,B_BL_BL22
B,BL22,BL,h,h,HH,f,2,21,4,B_BL_BL22
B,BL22,BL,h,h,HH,f,3,14,4,B_BL_BL22
B,BL22,BL,h,h,HH,f,4,2,4,B_BL_BL22
B,BM25,BM,h,h,HH,f,1,16,4,B_BM_BM25
B,BM25,BM,h,h,HH,f,2,1,4,B_BM_BM25
B,BM25,BM,h,h,HH,f,3,0,4,B_BM_BM25
B,BM25,BM,h,h,HH,f,4,0,4,B_BM_BM25
B,BM8,BM,h,h,HH,f,1,40,4,B_BM_BM8
B,BM8,BM,h,h,HH,f,2,19,4,B_BM_BM8
B,BM8,BM,h,h,HH,f,3,4,4,B_BM_BM8
B,BM8,BM,h,h,HH,f,4,2,4,B_BM_BM8
B,BN19,BN,h,h,HH,f,1,22,4,B_BN_BN19
B,BN19,BN,h,h,HH,f,2,9,4,B_BN_BN19
B,BN19,BN,h,h,HH,f,3,3,4,B_BN_BN19
B,BN19,BN,h,h,HH,f,4,0,4,B_BN_BN19
B,BP24,BP,a,h,AH,f,1,8,4,B_BP_BP24
B,BP24,BP,a,h,AH,f,2,3,4,B_BP_BP24
B,BP24,BP,a,h,AH,f,3,2,4,B_BP_BP24
B,BP24,BP,a,h,AH,f,4,6,4,B_BP_BP24
B,BR17,BR,h,h,HH,f,1,36,4,B_BR_BR17
B,BR17,BR,h,h,HH,f,2,23,4,B_BR_BR17
B,BR17,BR,h,h,HH,f,3,11,4,B_BR_BR17
B,BR17,BR,h,h,HH,f,4,3,4,B_BR_BR17
B,BU22,BU,h,h,HH,f,2,2,4,B_BU_BU22
B,BU22,BU,h,h,HH,f,3,9,4,B_BU_BU22
B,BU22,BU,h,h,HH,f,4,2,4,B_BU_BU22
B,BX22,BX,h,h,HH,f,1,19,4,B_BX_BX22
B,BX22,BX,h,h,HH,f,2,13,4,B_BX_BX22
B,BX22,BX,h,h,HH,f,3,5,4,B_BX_BX22
B,BX22,BX,h,h,HH,f,4,0,4,B_BX_BX22
B,B?4,Bom,h,h,HH,f,1,38,4,B_Bom_B?4
B,B?4,Bom,h,h,HH,f,2,21,4,B_Bom_B?4
B,B?4,Bom,h,h,HH,f,3,14,4,B_Bom_B?4
B,B?4,Bom,h,h,HH,f,4,4,4,B_Bom_B?4
C,C?22,Cpi,h,h,HH,f,1,33,4,C_Cpi_C?22
C,C?22,Cpi,h,h,HH,f,2,14,4,C_Cpi_C?22
C,C?22,Cpi,h,h,HH,f,3,6,4,C_Cpi_C?22
C,C?22,Cpi,h,h,HH,f,4,0,4,C_Cpi_C?22
C,C©22,Cbox,h,h,HH,f,1,23,4,C_Cbox_C©22
C,C©22,Cbox,h,h,HH,f,2,0,4,C_Cbox_C©22
C,C©22,Cbox,h,h,HH,f,3,0,4,C_Cbox_C©22
C,C©22,Cbox,h,h,HH,f,4,14,4,C_Cbox_C©22
A,AC17,AC,a,h,AH,f,1,17,5,A_AC_AC17
A,AC17,AC,a,h,AH,f,2,19,5,A_AC_AC17
A,AC17,AC,a,h,AH,f,3,16,5,A_AC_AC17
A,AC17,AC,a,h,AH,f,4,4,5,A_AC_AC17
A,AC17,AC,a,h,AH,f,5,1,5,A_AC_AC17
A,AD1,AD,a,h,AH,f,1,31,5,A_AD_AD1
A,AD1,AD,a,h,AH,f,2,23,5,A_AD_AD1
A,AD1,AD,a,h,AH,f,3,13,5,A_AD_AD1
A,AD1,AD,a,h,AH,f,4,3,5,A_AD_AD1
A,AD1,AD,a,h,AH,f,5,0,5,A_AD_AD1
A,AE2,AE,a,h,AH,f,1,39,5,A_AE_AE2
A,AE2,AE,a,h,AH,f,2,25,5,A_AE_AE2
A,AE2,AE,a,h,AH,f,3,11,5,A_AE_AE2
A,AE2,AE,a,h,AH,f,4,6,5,A_AE_AE2
A,AE2,AE,a,h,AH,f,5,3,5,A_AE_AE2
A,AF20,AF,a,h,AH,f,1,26,5,A_AF_AF20
A,AF20,AF,a,h,AH,f,2,0,5,A_AF_AF20
A,AF20,AF,a,h,AH,f,3,0,5,A_AF_AF20
A,AF20,AF,a,h,AH,f,4,0,5,A_AF_AF20
A,AG14,AG,a,h,AH,f,1,42,5,A_AG_AG14
A,AG14,AG,a,h,AH,f,2,18,5,A_AG_AG14
A,AG14,AG,a,h,AH,f,3,0,5,A_AG_AG14
A,AG14,AG,a,h,AH,f,4,10,5,A_AG_AG14
A,AG14,AG,a,h,AH,f,5,0,5,A_AG_AG14
A,AI16,AI,a,h,AH,f,1,37,5,A_AI_AI16
A,AI16,AI,a,h,AH,f,2,19,5,A_AI_AI16
A,AI16,AI,a,h,AH,f,3,10,5,A_AI_AI16
A,AI16,AI,a,h,AH,f,4,5,5,A_AI_AI16
A,AI16,AI,a,h,AH,f,5,0,5,A_AI_AI16
A,AI8,AI,a,h,AH,f,1,30,5,A_AI_AI8
A,AI8,AI,a,h,AH,f,2,23,5,A_AI_AI8
A,AI8,AI,a,h,AH,f,3,14,5,A_AI_AI8
A,AI8,AI,a,h,AH,f,4,5,5,A_AI_AI8
A,AI8,AI,a,h,AH,f,5,0,5,A_AI_AI8
A,AL17,AL,a,h,AH,f,1,29,5,A_AL_AL17
A,AL17,AL,a,h,AH,f,2,20,5,A_AL_AL17
A,AL17,AL,a,h,AH,f,3,18,5,A_AL_AL17
A,AL17,AL,a,h,AH,f,4,1,5,A_AL_AL17
A,AL17,AL,a,h,AH,f,5,1,5,A_AL_AL17
A,AN17,AN,a,h,AH,f,1,30,5,A_AN_AN17
A,AN17,AN,a,h,AH,f,2,23,5,A_AN_AN17
A,AN17,AN,a,h,AH,f,3,4,5,A_AN_AN17
A,AN17,AN,a,h,AH,f,4,6,5,A_AN_AN17
A,AN17,AN,a,h,AH,f,5,1,5,A_AN_AN17
A,AN18,AN,a,h,AH,f,1,1,5,A_AN_AN18
A,AN18,AN,a,h,AH,f,2,0,5,A_AN_AN18
A,AN18,AN,a,h,AH,f,3,0,5,A_AN_AN18
A,AN18,AN,a,h,AH,f,4,0,5,A_AN_AN18
A,AN18,AN,a,h,AH,f,5,0,5,A_AN_AN18
A,AN9,AN,a,h,AH,f,1,29,5,A_AN_AN9
A,AN9,AN,a,h,AH,f,2,18,5,A_AN_AN9
A,AN9,AN,a,h,AH,f,3,13,5,A_AN_AN9
A,AN9,AN,a,h,AH,f,4,1,5,A_AN_AN9
A,AN9,AN,a,h,AH,f,5,0,5,A_AN_AN9
A,AP19,AP,a,h,AH,f,1,31,5,A_AP_AP19
A,AP19,AP,a,h,AH,f,2,10,5,A_AP_AP19
A,AP19,AP,a,h,AH,f,3,0,5,A_AP_AP19
A,AP19,AP,a,h,AH,f,4,8,5,A_AP_AP19
A,AP19,AP,a,h,AH,f,5,3,5,A_AP_AP19
A,AP3,AP,a,h,AH,f,1,38,5,A_AP_AP3
A,AP3,AP,a,h,AH,f,2,20,5,A_AP_AP3
A,AP3,AP,a,h,AH,f,3,9,5,A_AP_AP3
A,AP3,AP,a,h,AH,f,4,3,5,A_AP_AP3
A,AP3,AP,a,h,AH,f,5,0,5,A_AP_AP3
A,AQ15,AQ,h,h,HH,f,1,0,5,A_AQ_AQ15
A,AQ15,AQ,h,h,HH,f,2,0,5,A_AQ_AQ15
A,AQ15,AQ,h,h,HH,f,3,0,5,A_AQ_AQ15
A,AQ15,AQ,h,h,HH,f,4,0,5,A_AQ_AQ15
A,AQ15,AQ,h,h,HH,f,5,0,5,A_AQ_AQ15
A,AR17,AR,a,h,AH,f,1,23,5,A_AR_AR17
A,AR17,AR,a,h,AH,f,2,21,5,A_AR_AR17
A,AR17,AR,a,h,AH,f,3,16,5,A_AR_AR17
A,AR17,AR,a,h,AH,f,4,2,5,A_AR_AR17
A,AR17,AR,a,h,AH,f,5,0,5,A_AR_AR17
A,AR9,AR,a,h,AH,f,1,17,5,A_AR_AR9
A,AR9,AR,a,h,AH,f,2,7,5,A_AR_AR9
A,AR9,AR,a,h,AH,f,3,0,5,A_AR_AR9
A,AR9,AR,a,h,AH,f,4,5,5,A_AR_AR9
A,AR9,AR,a,h,AH,f,5,7,5,A_AR_AR9
A,AS19,AS,a,h,AH,f,1,32,5,A_AS_AS19
A,AS19,AS,a,h,AH,f,2,15,5,A_AS_AS19
A,AS19,AS,a,h,AH,f,3,16,5,A_AS_AS19
A,AS19,AS,a,h,AH,f,4,4,5,A_AS_AS19
A,AS19,AS,a,h,AH,f,5,0,5,A_AS_AS19
A,AT7,AT,a,h,AH,f,1,26,5,A_AT_AT7
A,AT7,AT,a,h,AH,f,2,24,5,A_AT_AT7
A,AT7,AT,a,h,AH,f,3,15,5,A_AT_AT7
A,AT7,AT,a,h,AH,f,4,1,5,A_AT_AT7
A,AT7,AT,a,h,AH,f,5,0,5,A_AT_AT7
A,AU3,AU,a,h,AH,f,1,19,5,A_AU_AU3
A,AU3,AU,a,h,AH,f,2,0,5,A_AU_AU3
A,AU3,AU,a,h,AH,f,3,0,5,A_AU_AU3
A,AU3,AU,a,h,AH,f,4,16,5,A_AU_AU3
A,AU3,AU,a,h,AH,f,5,11,5,A_AU_AU3
A,AV8,AV,a,h,AH,f,1,38,5,A_AV_AV8
A,AV8,AV,a,h,AH,f,2,19,5,A_AV_AV8
A,AV8,AV,a,h,AH,f,3,10,5,A_AV_AV8
A,AV8,AV,a,h,AH,f,4,4,5,A_AV_AV8
A,AV8,AV,a,h,AH,f,5,0,5,A_AV_AV8
A,AY1,AY,a,h,AH,f,1,42,5,A_AY_AY1
A,AY1,AY,a,h,AH,f,2,18,5,A_AY_AY1
A,AY1,AY,a,h,AH,f,3,6,5,A_AY_AY1
A,AY1,AY,a,h,AH,f,4,0,5,A_AY_AY1
A,AY1,AY,a,h,AH,f,5,0,5,A_AY_AY1
A,AZ9,AZ,h,h,HH,f,1,0,5,A_AZ_AZ9
A,AZ9,AZ,h,h,HH,f,2,0,5,A_AZ_AZ9
A,AZ9,AZ,h,h,HH,f,3,0,5,A_AZ_AZ9
A,AZ9,AZ,h,h,HH,f,4,0,5,A_AZ_AZ9
A,AZ9,AZ,h,h,HH,f,5,0,5,A_AZ_AZ9
B,B?5,Btr,h,h,HH,f,1,36,5,B_Btr_B?5
B,B?5,Btr,h,h,HH,f,2,19,5,B_Btr_B?5
B,B?5,Btr,h,h,HH,f,3,8,5,B_Btr_B?5
B,B?5,Btr,h,h,HH,f,4,1,5,B_Btr_B?5
B,B?5,Btr,h,h,HH,f,5,0,5,B_Btr_B?5
B,B?5,Btr,h,h,HH,f,6,0,5,B_Btr_B?5
B,B?8,Btr,h,h,HH,f,1,37,5,B_Btr_B?8
B,B?8,Btr,h,h,HH,f,2,15,5,B_Btr_B?8
B,B?8,Btr,h,h,HH,f,3,16,5,B_Btr_B?8
B,B?8,Btr,h,h,HH,f,4,3,5,B_Btr_B?8
B,B?8,Btr,h,h,HH,f,5,0,5,B_Btr_B?8
B,B?16,Bpi,h,h,HH,f,1,34,5,B_Bpi_B?16
B,B?16,Bpi,h,h,HH,f,2,18,5,B_Bpi_B?16
B,B?16,Bpi,h,h,HH,f,3,10,5,B_Bpi_B?16
B,B?16,Bpi,h,h,HH,f,4,9,5,B_Bpi_B?16
B,B?16,Bpi,h,h,HH,f,5,0,5,B_Bpi_B?16
B,B©29,Bbox,h,h,HH,f,1,19,5,B_Bbox_B©29
B,B©29,Bbox,h,h,HH,f,2,22,5,B_Bbox_B©29
B,B©29,Bbox,h,h,HH,f,3,18,5,B_Bbox_B©29
B,B©29,Bbox,h,h,HH,f,4,9,5,B_Bbox_B©29
B,B©29,Bbox,h,h,HH,f,5,0,5,B_Bbox_B©29
B,BA19,BA,h,h,HH,f,1,36,5,B_BA_BA19
B,BA19,BA,h,h,HH,f,2,23,5,B_BA_BA19
B,BA19,BA,h,h,HH,f,3,15,5,B_BA_BA19
B,BA19,BA,h,h,HH,f,4,3,5,B_BA_BA19
B,BA19,BA,h,h,HH,f,5,0,5,B_BA_BA19
B,BB11,BB,a,h,AH,f,1,27,5,B_BB_BB11
B,BB11,BB,a,h,AH,f,2,19,5,B_BB_BB11
B,BB11,BB,a,h,AH,f,3,13,5,B_BB_BB11
B,BB11,BB,a,h,AH,f,4,4,5,B_BB_BB11
B,BB11,BB,a,h,AH,f,5,0,5,B_BB_BB11
B,BC10,BC,h,h,HH,f,1,36,5,B_BC_BC10
B,BC10,BC,h,h,HH,f,2,12,5,B_BC_BC10
B,BC10,BC,h,h,HH,f,3,6,5,B_BC_BC10
B,BC10,BC,h,h,HH,f,4,2,5,B_BC_BC10
B,BC10,BC,h,h,HH,f,5,0,5,B_BC_BC10
B,BC25,BC,h,h,HH,f,1,34,5,B_BC_BC25
B,BC25,BC,h,h,HH,f,2,17,5,B_BC_BC25
B,BC25,BC,h,h,HH,f,3,13,5,B_BC_BC25
B,BC25,BC,h,h,HH,f,4,5,5,B_BC_BC25
B,BC25,BC,h,h,HH,f,5,0,5,B_BC_BC25
B,BC4,BC,h,h,HH,f,1,34,5,B_BC_BC4
B,BC4,BC,h,h,HH,f,2,18,5,B_BC_BC4
B,BC4,BC,h,h,HH,f,3,12,5,B_BC_BC4
B,BC4,BC,h,h,HH,f,4,3,5,B_BC_BC4
B,BC4,BC,h,h,HH,f,5,0,5,B_BC_BC4
B,BC9,BC,a,h,AH,f,1,32,5,B_BC_BC9
B,BC9,BC,a,h,AH,f,2,24,5,B_BC_BC9
B,BC9,BC,a,h,AH,f,3,15,5,B_BC_BC9
B,BC9,BC,a,h,AH,f,4,4,5,B_BC_BC9
B,BC9,BC,a,h,AH,f,5,1,5,B_BC_BC9
B,BD20,BD,h,h,HH,f,1,31,5,B_BD_BD20
B,BD20,BD,h,h,HH,f,2,27,5,B_BD_BD20
B,BD20,BD,h,h,HH,f,3,21,5,B_BD_BD20
B,BD20,BD,h,h,HH,f,4,7,5,B_BD_BD20
B,BD20,BD,h,h,HH,f,5,0,5,B_BD_BD20
B,BE7,BE,a,h,AH,f,1,39,5,B_BE_BE7
B,BE7,BE,a,h,AH,f,2,29,5,B_BE_BE7
B,BE7,BE,a,h,AH,f,3,15,5,B_BE_BE7
B,BE7,BE,a,h,AH,f,4,6,5,B_BE_BE7
B,BE7,BE,a,h,AH,f,5,1,5,B_BE_BE7
B,BF15,BF,a,h,AH,f,1,11,5,B_BF_BF15
B,BF15,BF,a,h,AH,f,2,2,5,B_BF_BF15
B,BF15,BF,a,h,AH,f,3,0,5,B_BF_BF15
B,BF15,BF,a,h,AH,f,4,0,5,B_BF_BF15
B,BF15,BF,a,h,AH,f,5,0,5,B_BF_BF15
B,BG1,BG,h,h,HH,f,1,45,5,B_BG_BG1
B,BG1,BG,h,h,HH,f,2,17,5,B_BG_BG1
B,BG1,BG,h,h,HH,f,3,9,5,B_BG_BG1
B,BG1,BG,h,h,HH,f,4,3,5,B_BG_BG1
B,BG1,BG,h,h,HH,f,5,0,5,B_BG_BG1
B,BG24,BG,a,h,AH,f,1,31,5,B_BG_BG24
B,BG24,BG,a,h,AH,f,2,19,5,B_BG_BG24
B,BG24,BG,a,h,AH,f,3,13,5,B_BG_BG24
B,BG24,BG,a,h,AH,f,4,9,5,B_BG_BG24
B,BG24,BG,a,h,AH,f,5,0,5,B_BG_BG24
B,BI1,BI,h,h,HH,f,1,28,5,B_BI_BI1
B,BI1,BI,h,h,HH,f,2,13,5,B_BI_BI1
B,BI1,BI,h,h,HH,f,3,6,5,B_BI_BI1
B,BI1,BI,h,h,HH,f,4,2,5,B_BI_BI1
B,BI1,BI,h,h,HH,f,5,0,5,B_BI_BI1
B,BI21,BI,a,h,AH,f,1,35,5,B_BI_BI21
B,BI21,BI,a,h,AH,f,2,24,5,B_BI_BI21
B,BI21,BI,a,h,AH,f,3,7,5,B_BI_BI21
B,BI21,BI,a,h,AH,f,4,18,5,B_BI_BI21
B,BI21,BI,a,h,AH,f,5,1,5,B_BI_BI21
B,BJ27,BJ,a,h,AH,f,1,25,5,B_BJ_BJ27
B,BJ27,BJ,a,h,AH,f,2,16,5,B_BJ_BJ27
B,BJ27,BJ,a,h,AH,f,3,18,5,B_BJ_BJ27
B,BJ27,BJ,a,h,AH,f,4,5,5,B_BJ_BJ27
B,BJ27,BJ,a,h,AH,f,5,0,5,B_BJ_BJ27
B,BL11,BL,h,h,HH,f,1,26,5,B_BL_BL11
B,BL11,BL,h,h,HH,f,2,22,5,B_BL_BL11
B,BL11,BL,h,h,HH,f,3,18,5,B_BL_BL11
B,BL11,BL,h,h,HH,f,4,2,5,B_BL_BL11
B,BL11,BL,h,h,HH,f,5,0,5,B_BL_BL11
B,BL15,BL,a,h,AH,f,1,22,5,B_BL_BL15
B,BL15,BL,a,h,AH,f,2,21,5,B_BL_BL15
B,BL15,BL,a,h,AH,f,3,14,5,B_BL_BL15
B,BL15,BL,a,h,AH,f,4,5,5,B_BL_BL15
B,BL15,BL,a,h,AH,f,5,1,5,B_BL_BL15
B,BL28,BL,h,h,HH,f,1,29,5,B_BL_BL28
B,BL28,BL,h,h,HH,f,2,24,5,B_BL_BL28
B,BL28,BL,h,h,HH,f,3,17,5,B_BL_BL28
B,BL28,BL,h,h,HH,f,4,6,5,B_BL_BL28
B,BL28,BL,h,h,HH,f,5,0,5,B_BL_BL28
B,BM28,BM,h,h,HH,f,1,36,5,B_BM_BM28
B,BM28,BM,h,h,HH,f,2,23,5,B_BM_BM28
B,BM28,BM,h,h,HH,f,3,11,5,B_BM_BM28
B,BM28,BM,h,h,HH,f,4,4,5,B_BM_BM28
B,BM28,BM,h,h,HH,f,5,0,5,B_BM_BM28
B,BN23,BN,h,h,HH,f,1,35,5,B_BN_BN23
B,BN23,BN,h,h,HH,f,2,20,5,B_BN_BN23
B,BN23,BN,h,h,HH,f,3,15,5,B_BN_BN23
B,BN23,BN,h,h,HH,f,4,1,5,B_BN_BN23
B,BN23,BN,h,h,HH,f,5,0,5,B_BN_BN23
B,BO22,BO,h,h,HH,f,1,36,5,B_BO_BO22
B,BO22,BO,h,h,HH,f,2,22,5,B_BO_BO22
B,BO22,BO,h,h,HH,f,3,12,5,B_BO_BO22
B,BO22,BO,h,h,HH,f,4,6,5,B_BO_BO22
B,BO22,BO,h,h,HH,f,5,0,5,B_BO_BO22
B,BP2,BP,h,h,HH,f,1,31,5,B_BP_BP2
B,BP2,BP,h,h,HH,f,2,16,5,B_BP_BP2
B,BP2,BP,h,h,HH,f,3,6,5,B_BP_BP2
B,BP2,BP,h,h,HH,f,4,0,5,B_BP_BP2
B,BP2,BP,h,h,HH,f,5,0,5,B_BP_BP2
B,BP8,BP,h,h,HH,f,1,33,5,B_BP_BP8
B,BP8,BP,h,h,HH,f,2,22,5,B_BP_BP8
B,BP8,BP,h,h,HH,f,3,16,5,B_BP_BP8
B,BP8,BP,h,h,HH,f,4,3,5,B_BP_BP8
B,BP8,BP,h,h,HH,f,5,0,5,B_BP_BP8
B,BT14,BT,a,h,AH,f,1,19,5,B_BT_BT14
B,BT14,BT,a,h,AH,f,2,25,5,B_BT_BT14
B,BT14,BT,a,h,AH,f,3,13,5,B_BT_BT14
B,BT14,BT,a,h,AH,f,4,8,5,B_BT_BT14
B,BT14,BT,a,h,AH,f,5,1,5,B_BT_BT14
B,BT14,BT,a,h,AH,f,6,7,5,B_BT_BT14
B,BT20,BT,h,h,HH,f,1,24,5,B_BT_BT20
B,BT20,BT,h,h,HH,f,2,27,5,B_BT_BT20
B,BT20,BT,h,h,HH,f,3,13,5,B_BT_BT20
B,BT20,BT,h,h,HH,f,4,1,5,B_BT_BT20
B,BT20,BT,h,h,HH,f,5,0,5,B_BT_BT20
B,BT23,BT,h,h,HH,f,1,31,5,B_BT_BT23
B,BT23,BT,h,h,HH,f,2,25,5,B_BT_BT23
B,BT23,BT,h,h,HH,f,3,15,5,B_BT_BT23
B,BT23,BT,h,h,HH,f,4,10,5,B_BT_BT23
B,BT23,BT,h,h,HH,f,5,0,5,B_BT_BT23
B,BT25,BT,h,h,HH,f,1,33,5,B_BT_BT25
B,BT25,BT,h,h,HH,f,2,15,5,B_BT_BT25
B,BT25,BT,h,h,HH,f,3,9,5,B_BT_BT25
B,BT25,BT,h,h,HH,f,4,1,5,B_BT_BT25
B,BT25,BT,h,h,HH,f,5,0,5,B_BT_BT25
B,BT4,BT,h,h,HH,f,1,26,5,B_BT_BT4
B,BT4,BT,h,h,HH,f,2,19,5,B_BT_BT4
B,BT4,BT,h,h,HH,f,3,17,5,B_BT_BT4
B,BT4,BT,h,h,HH,f,4,7,5,B_BT_BT4
B,BT4,BT,h,h,HH,f,5,1,5,B_BT_BT4
B,BU1,BU,h,h,HH,f,1,26,5,B_BU_BU1
B,BU1,BU,h,h,HH,f,2,18,5,B_BU_BU1
B,BU1,BU,h,h,HH,f,3,3,5,B_BU_BU1
B,BU1,BU,h,h,HH,f,4,5,5,B_BU_BU1
B,BU1,BU,h,h,HH,f,5,0,5,B_BU_BU1
B,BU14,BU,h,h,HH,f,1,28,5,B_BU_BU14
B,BU14,BU,h,h,HH,f,2,18,5,B_BU_BU14
B,BU14,BU,h,h,HH,f,3,13,5,B_BU_BU14
B,BU14,BU,h,h,HH,f,4,3,5,B_BU_BU14
B,BU14,BU,h,h,HH,f,5,0,5,B_BU_BU14
B,BU17,BU,h,h,HH,f,1,38,5,B_BU_BU17
B,BU17,BU,h,h,HH,f,2,23,5,B_BU_BU17
B,BU17,BU,h,h,HH,f,3,8,5,B_BU_BU17
B,BU17,BU,h,h,HH,f,4,3,5,B_BU_BU17
B,BU17,BU,h,h,HH,f,5,1,5,B_BU_BU17
B,BV1,BV,h,h,HH,f,1,31,5,B_BV_BV1
B,BV1,BV,h,h,HH,f,2,20,5,B_BV_BV1
B,BV1,BV,h,h,HH,f,3,19,5,B_BV_BV1
B,BV1,BV,h,h,HH,f,4,8,5,B_BV_BV1
B,BV1,BV,h,h,HH,f,5,1,5,B_BV_BV1
B,BV10,BV,h,h,HH,f,1,30,5,B_BV_BV10
B,BV10,BV,h,h,HH,f,2,15,5,B_BV_BV10
B,BV10,BV,h,h,HH,f,3,7,5,B_BV_BV10
B,BV10,BV,h,h,HH,f,4,0,5,B_BV_BV10
B,BV10,BV,h,h,HH,f,5,0,5,B_BV_BV10
B,BV20,BV,h,h,HH,f,1,33,5,B_BV_BV20
B,BV20,BV,h,h,HH,f,2,17,5,B_BV_BV20
B,BV20,BV,h,h,HH,f,3,11,5,B_BV_BV20
B,BV20,BV,h,h,HH,f,4,3,5,B_BV_BV20
B,BV20,BV,h,h,HH,f,5,0,5,B_BV_BV20
B,BV24,BV,a,h,AH,f,1,19,5,B_BV_BV24
B,BV24,BV,a,h,AH,f,2,13,5,B_BV_BV24
B,BV24,BV,a,h,AH,f,3,11,5,B_BV_BV24
B,BV24,BV,a,h,AH,f,4,0,5,B_BV_BV24
B,BV24,BV,a,h,AH,f,5,0,5,B_BV_BV24
B,BV5,BV,h,h,HH,f,1,40,5,B_BV_BV5
B,BV5,BV,h,h,HH,f,2,17,5,B_BV_BV5
B,BV5,BV,h,h,HH,f,3,0,5,B_BV_BV5
B,BV5,BV,h,h,HH,f,4,12,5,B_BV_BV5
B,BV5,BV,h,h,HH,f,5,1,5,B_BV_BV5
B,BX18,BX,a,h,AH,f,1,28,5,B_BX_BX18
B,BX18,BX,a,h,AH,f,2,14,5,B_BX_BX18
B,BX18,BX,a,h,AH,f,3,19,5,B_BX_BX18
B,BX18,BX,a,h,AH,f,4,3,5,B_BX_BX18
B,BX18,BX,a,h,AH,f,5,2,5,B_BX_BX18
B,BY10,BY,h,h,HH,f,1,32,5,B_BY_BY10
B,BY10,BY,h,h,HH,f,2,20,5,B_BY_BY10
B,BY10,BY,h,h,HH,f,3,10,5,B_BY_BY10
B,BY10,BY,h,h,HH,f,4,4,5,B_BY_BY10
B,BY10,BY,h,h,HH,f,5,1,5,B_BY_BY10
B,BZ16,BZ,h,h,HH,f,1,34,5,B_BZ_BZ16
B,BZ16,BZ,h,h,HH,f,2,18,5,B_BZ_BZ16
B,BZ16,BZ,h,h,HH,f,3,10,5,B_BZ_BZ16
B,BZ16,BZ,h,h,HH,f,4,2,5,B_BZ_BZ16
B,BZ16,BZ,h,h,HH,f,5,0,5,B_BZ_BZ16
B,BZ2,BZ,h,h,HH,f,1,36,5,B_BZ_BZ2
B,BZ2,BZ,h,h,HH,f,2,25,5,B_BZ_BZ2
B,BZ2,BZ,h,h,HH,f,3,11,5,B_BZ_BZ2
B,BZ2,BZ,h,h,HH,f,4,0,5,B_BZ_BZ2
B,BZ2,BZ,h,h,HH,f,5,0,5,B_BZ_BZ2
B,B?1,Bom,h,h,HH,f,1,0,5,B_Bom_B?1
B,B?1,Bom,h,h,HH,f,2,0,5,B_Bom_B?1
B,B?1,Bom,h,h,HH,f,3,0,5,B_Bom_B?1
B,B?1,Bom,h,h,HH,f,4,0,5,B_Bom_B?1
B,B?1,Bom,h,h,HH,f,5,0,5,B_Bom_B?1
B,B?10,Bom,h,h,HH,f,1,30,5,B_Bom_B?10
B,B?10,Bom,h,h,HH,f,2,15,5,B_Bom_B?10
B,B?10,Bom,h,h,HH,f,3,3,5,B_Bom_B?10
B,B?10,Bom,h,h,HH,f,4,2,5,B_Bom_B?10
B,B?10,Bom,h,h,HH,f,5,0,5,B_Bom_B?10
C,C?24,Ctr,a,h,AH,f,1,25,5,C_Ctr_C?24
C,C?24,Ctr,a,h,AH,f,2,23,5,C_Ctr_C?24
C,C?24,Ctr,a,h,AH,f,3,17,5,C_Ctr_C?24
C,C?24,Ctr,a,h,AH,f,4,6,5,C_Ctr_C?24
C,C?24,Ctr,a,h,AH,f,5,0,5,C_Ctr_C?24
C,C?24,Cpi,a,h,AH,f,1,32,5,C_Cpi_C?24
C,C?24,Cpi,a,h,AH,f,2,20,5,C_Cpi_C?24
C,C?24,Cpi,a,h,AH,f,3,16,5,C_Cpi_C?24
C,C?24,Cpi,a,h,AH,f,4,10,5,C_Cpi_C?24
C,C?24,Cpi,a,h,AH,f,5,2,5,C_Cpi_C?24
C,C©5,Cbox,h,h,HH,f,1,26,5,C_Cbox_C©5
C,C©5,Cbox,h,h,HH,f,2,5,5,C_Cbox_C©5
C,C©5,Cbox,h,h,HH,f,3,12,5,C_Cbox_C©5
C,C©5,Cbox,h,h,HH,f,4,1,5,C_Cbox_C©5
C,CB3,CB,a,h,AH,f,1,28,5,C_CB_CB3
C,CB3,CB,a,h,AH,f,2,21,5,C_CB_CB3
C,CB3,CB,a,h,AH,f,3,15,5,C_CB_CB3
C,CB3,CB,a,h,AH,f,4,6,5,C_CB_CB3
C,CB3,CB,a,h,AH,f,5,1,5,C_CB_CB3
C,CE12,CE,a,h,AH,f,1,24,5,C_CE_CE12
C,CE12,CE,a,h,AH,f,2,28,5,C_CE_CE12
C,CE12,CE,a,h,AH,f,3,10,5,C_CE_CE12
C,CE12,CE,a,h,AH,f,4,8,5,C_CE_CE12
C,CE12,CE,a,h,AH,f,5,0,5,C_CE_CE12
C,CG9,CG,a,h,AH,f,1,0,5,C_CG_CG9
C,CG9,CG,a,h,AH,f,2,0,5,C_CG_CG9
C,CG9,CG,a,h,AH,f,3,0,5,C_CG_CG9
C,CG9,CG,a,h,AH,f,4,0,5,C_CG_CG9
C,CG9,CG,a,h,AH,f,5,0,5,C_CG_CG9
C,CL18,CL,a,h,AH,f,1,26,5,C_CL_CL18
C,CL18,CL,a,h,AH,f,2,21,5,C_CL_CL18
C,CL18,CL,a,h,AH,f,3,17,5,C_CL_CL18
C,CL18,CL,a,h,AH,f,4,6,5,C_CL_CL18
C,CL18,CL,a,h,AH,f,5,0,5,C_CL_CL18
C,CN15,CN,a,h,AH,f,1,35,5,C_CN_CN15
C,CN15,CN,a,h,AH,f,2,24,5,C_CN_CN15
C,CN15,CN,a,h,AH,f,3,21,5,C_CN_CN15
C,CN15,CN,a,h,AH,f,4,8,5,C_CN_CN15
C,CN15,CN,a,h,AH,f,5,0,5,C_CN_CN15
C,CP7,CP,h,h,HH,f,1,15,5,C_CP_CP7
C,CP7,CP,h,h,HH,f,2,3,5,C_CP_CP7
C,CP7,CP,h,h,HH,f,3,0,5,C_CP_CP7
C,CP7,CP,h,h,HH,f,4,6,5,C_CP_CP7
C,CP7,CP,h,h,HH,f,5,1,5,C_CP_CP7
C,CR14,CR,h,h,HH,f,1,0,5,C_CR_CR14
C,CR14,CR,h,h,HH,f,2,0,5,C_CR_CR14
C,CR14,CR,h,h,HH,f,3,0,5,C_CR_CR14
C,CR14,CR,h,h,HH,f,4,0,5,C_CR_CR14
C,CR14,CR,h,h,HH,f,5,0,5,C_CR_CR14
C,CR21,CR,a,h,AH,f,1,38,5,C_CR_CR21
C,CR21,CR,a,h,AH,f,2,22,5,C_CR_CR21
C,CR21,CR,a,h,AH,f,3,23,5,C_CR_CR21
C,CR21,CR,a,h,AH,f,4,2,5,C_CR_CR21
C,CR21,CR,a,h,AH,f,5,6,5,C_CR_CR21
C,CR3,CR,a,h,AH,f,1,40,5,C_CR_CR3
C,CR3,CR,a,h,AH,f,2,18,5,C_CR_CR3
C,CR3,CR,a,h,AH,f,3,10,5,C_CR_CR3
C,CR3,CR,a,h,AH,f,4,13,5,C_CR_CR3
C,CR3,CR,a,h,AH,f,5,0,5,C_CR_CR3
C,CR30,CR,a,h,AH,f,1,38,5,C_CR_CR30
C,CR30,CR,a,h,AH,f,2,13,5,C_CR_CR30
C,CR30,CR,a,h,AH,f,3,2,5,C_CR_CR30
C,CR30,CR,a,h,AH,f,4,17,5,C_CR_CR30
C,CR30,CR,a,h,AH,f,5,2,5,C_CR_CR30
C,CS3,CS,a,h,AH,f,1,42,5,C_CS_CS3
C,CS3,CS,a,h,AH,f,2,31,5,C_CS_CS3
C,CS3,CS,a,h,AH,f,3,18,5,C_CS_CS3
C,CS3,CS,a,h,AH,f,4,5,5,C_CS_CS3
C,CS3,CS,a,h,AH,f,5,0,5,C_CS_CS3
C,CT9,CT,a,h,AH,f,1,30,5,C_CT_CT9
C,CT9,CT,a,h,AH,f,2,25,5,C_CT_CT9
C,CT9,CT,a,h,AH,f,3,13,5,C_CT_CT9
C,CT9,CT,a,h,AH,f,4,4,5,C_CT_CT9
C,CT9,CT,a,h,AH,f,5,0,5,C_CT_CT9
C,CX27,CX,a,h,AH,f,1,32,5,C_CX_CX27
C,CX27,CX,a,h,AH,f,2,23,5,C_CX_CX27
C,CX27,CX,a,h,AH,f,3,17,5,C_CX_CX27
C,CX27,CX,a,h,AH,f,4,4,5,C_CX_CX27
C,CX27,CX,a,h,AH,f,5,0,5,C_CX_CX27
C,CY3,CY,a,h,AH,f,1,35,5,C_CY_CY3
C,CY3,CY,a,h,AH,f,2,23,5,C_CY_CY3
C,CY3,CY,a,h,AH,f,3,16,5,C_CY_CY3
C,CY3,CY,a,h,AH,f,4,6,5,C_CY_CY3
C,CY3,CY,a,h,AH,f,5,1,5,C_CY_CY3
C,CZ4,CZ,h,h,HH,f,1,19,5,C_CZ_CZ4
C,CZ4,CZ,h,h,HH,f,2,3,5,C_CZ_CZ4
C,CZ4,CZ,h,h,HH,f,3,7,5,C_CZ_CZ4
C,CZ4,CZ,h,h,HH,f,4,0,5,C_CZ_CZ4
C,CZ4,CZ,h,h,HH,f,5,0,5,C_CZ_CZ4
C,C?21,Com,a,h,AH,f,1,33,5,C_Com_C?21
C,C?21,Com,a,h,AH,f,2,24,5,C_Com_C?21
C,C?21,Com,a,h,AH,f,3,13,5,C_Com_C?21
C,C?21,Com,a,h,AH,f,4,0,5,C_Com_C?21
A,AB14,AB,a,h,AH,f,1,14,6,A_AB_AB14
A,AB14,AB,a,h,AH,f,2,13,6,A_AB_AB14
A,AB14,AB,a,h,AH,f,3,18,6,A_AB_AB14
A,AB14,AB,a,h,AH,f,4,9,6,A_AB_AB14
A,AB14,AB,a,h,AH,f,5,0,6,A_AB_AB14
A,AB14,AB,a,h,AH,f,6,0,6,A_AB_AB14
A,AD18,AD,a,h,AH,f,1,32,6,A_AD_AD18
A,AD18,AD,a,h,AH,f,2,24,6,A_AD_AD18
A,AD18,AD,a,h,AH,f,3,13,6,A_AD_AD18
A,AD18,AD,a,h,AH,f,4,3,6,A_AD_AD18
A,AD18,AD,a,h,AH,f,5,0,6,A_AD_AD18
A,AD18,AD,a,h,AH,f,6,0,6,A_AD_AD18
A,AJ2,AJ,h,h,HH,f,1,0,6,A_AJ_AJ2
A,AJ2,AJ,h,h,HH,f,2,0,6,A_AJ_AJ2
A,AJ2,AJ,h,h,HH,f,3,0,6,A_AJ_AJ2
A,AJ2,AJ,h,h,HH,f,4,0,6,A_AJ_AJ2
A,AJ2,AJ,h,h,HH,f,5,0,6,A_AJ_AJ2
A,AJ2,AJ,h,h,HH,f,6,0,6,A_AJ_AJ2
A,AJ7,AJ,a,h,AH,f,1,29,6,A_AJ_AJ7
A,AJ7,AJ,a,h,AH,f,2,17,6,A_AJ_AJ7
A,AJ7,AJ,a,h,AH,f,3,16,6,A_AJ_AJ7
A,AJ7,AJ,a,h,AH,f,4,10,6,A_AJ_AJ7
A,AJ7,AJ,a,h,AH,f,5,0,6,A_AJ_AJ7
A,AJ7,AJ,a,h,AH,f,6,0,6,A_AJ_AJ7
A,AM6,AM,a,h,AH,f,1,33,6,A_AM_AM6
A,AM6,AM,a,h,AH,f,2,17,6,A_AM_AM6
A,AM6,AM,a,h,AH,f,3,7,6,A_AM_AM6
A,AM6,AM,a,h,AH,f,4,1,6,A_AM_AM6
A,AM6,AM,a,h,AH,f,5,0,6,A_AM_AM6
A,AO13,AO,a,h,AH,f,1,34,6,A_AO_AO13
A,AO13,AO,a,h,AH,f,2,3,6,A_AO_AO13
A,AO13,AO,a,h,AH,f,3,17,6,A_AO_AO13
A,AO13,AO,a,h,AH,f,4,2,6,A_AO_AO13
A,AO13,AO,a,h,AH,f,5,2,6,A_AO_AO13
A,AO13,AO,a,h,AH,f,6,0,6,A_AO_AO13
A,AO5,AO,a,h,AH,f,1,31,6,A_AO_AO5
A,AO5,AO,a,h,AH,f,2,15,6,A_AO_AO5
A,AO5,AO,a,h,AH,f,3,0,6,A_AO_AO5
A,AO5,AO,a,h,AH,f,4,9,6,A_AO_AO5
A,AO5,AO,a,h,AH,f,5,0,6,A_AO_AO5
A,AO5,AO,a,h,AH,f,6,0,6,A_AO_AO5
A,AQ14,AQ,a,h,AH,f,1,0,6,A_AQ_AQ14
A,AQ14,AQ,a,h,AH,f,2,0,6,A_AQ_AQ14
A,AQ14,AQ,a,h,AH,f,3,0,6,A_AQ_AQ14
A,AQ14,AQ,a,h,AH,f,4,0,6,A_AQ_AQ14
A,AQ14,AQ,a,h,AH,f,5,0,6,A_AQ_AQ14
A,AQ14,AQ,a,h,AH,f,6,0,6,A_AQ_AQ14
A,AT13,AT,a,h,AH,f,1,27,6,A_AT_AT13
A,AT13,AT,a,h,AH,f,2,1,6,A_AT_AT13
A,AT13,AT,a,h,AH,f,3,0,6,A_AT_AT13
A,AT13,AT,a,h,AH,f,4,0,6,A_AT_AT13
A,AT13,AT,a,h,AH,f,5,0,6,A_AT_AT13
A,AT13,AT,a,h,AH,f,6,0,6,A_AT_AT13
A,AU13,AU,a,h,AH,f,1,24,6,A_AU_AU13
A,AU13,AU,a,h,AH,f,2,11,6,A_AU_AU13
A,AU13,AU,a,h,AH,f,3,18,6,A_AU_AU13
A,AU13,AU,a,h,AH,f,4,14,6,A_AU_AU13
A,AU13,AU,a,h,AH,f,5,4,6,A_AU_AU13
A,AU13,AU,a,h,AH,f,6,0,6,A_AU_AU13
A,AW19,AW,h,h,HH,f,1,10,6,A_AW_AW19
A,AW19,AW,h,h,HH,f,2,1,6,A_AW_AW19
A,AW19,AW,h,h,HH,f,3,0,6,A_AW_AW19
A,AW19,AW,h,h,HH,f,4,1,6,A_AW_AW19
A,AW19,AW,h,h,HH,f,5,2,6,A_AW_AW19
A,AW19,AW,h,h,HH,f,6,0,6,A_AW_AW19
A,AX17,AX,h,h,HH,f,1,1,6,A_AX_AX17
A,AX17,AX,h,h,HH,f,2,0,6,A_AX_AX17
A,AX17,AX,h,h,HH,f,3,0,6,A_AX_AX17
A,AX17,AX,h,h,HH,f,4,0,6,A_AX_AX17
A,AX17,AX,h,h,HH,f,5,0,6,A_AX_AX17
A,AX17,AX,h,h,HH,f,6,0,6,A_AX_AX17
A,AZ20,AZ,a,h,AH,f,1,18,6,A_AZ_AZ20
A,AZ20,AZ,a,h,AH,f,2,0,6,A_AZ_AZ20
A,AZ20,AZ,a,h,AH,f,3,0,6,A_AZ_AZ20
A,AZ20,AZ,a,h,AH,f,4,5,6,A_AZ_AZ20
A,AZ20,AZ,a,h,AH,f,5,1,6,A_AZ_AZ20
A,AZ20,AZ,a,h,AH,f,6,0,6,A_AZ_AZ20
B,B?12,Btr,a,h,AH,f,1,30,6,B_Btr_B?12
B,B?12,Btr,a,h,AH,f,2,14,6,B_Btr_B?12
B,B?12,Btr,a,h,AH,f,3,1,6,B_Btr_B?12
B,B?12,Btr,a,h,AH,f,4,0,6,B_Btr_B?12
B,B?12,Btr,a,h,AH,f,5,11,6,B_Btr_B?12
B,B?12,Btr,a,h,AH,f,6,0,6,B_Btr_B?12
B,B?22,Btr,h,h,HH,f,1,0,6,B_Btr_B?22
B,B?22,Btr,h,h,HH,f,2,0,6,B_Btr_B?22
B,B?22,Btr,h,h,HH,f,3,0,6,B_Btr_B?22
B,B?22,Btr,h,h,HH,f,4,0,6,B_Btr_B?22
B,B?22,Btr,h,h,HH,f,5,0,6,B_Btr_B?22
B,B?6,Btr,a,h,AH,f,1,26,6,B_Btr_B?6
B,B?6,Btr,a,h,AH,f,2,26,6,B_Btr_B?6
B,B?6,Btr,a,h,AH,f,3,17,6,B_Btr_B?6
B,B?6,Btr,a,h,AH,f,4,9,6,B_Btr_B?6
B,B?6,Btr,a,h,AH,f,5,1,6,B_Btr_B?6
B,B?6,Btr,a,h,AH,f,6,0,6,B_Btr_B?6
B,B?10,Bpi,h,h,HH,f,1,25,6,B_Bpi_B?10
B,B?10,Bpi,h,h,HH,f,2,18,6,B_Bpi_B?10
B,B?10,Bpi,h,h,HH,f,3,14,6,B_Bpi_B?10
B,B?10,Bpi,h,h,HH,f,4,11,6,B_Bpi_B?10
B,B?10,Bpi,h,h,HH,f,5,1,6,B_Bpi_B?10
B,B?10,Bpi,h,h,HH,f,6,0,6,B_Bpi_B?10
B,B?15,Bpi,a,h,AH,f,1,24,6,B_Bpi_B?15
B,B?15,Bpi,a,h,AH,f,2,21,6,B_Bpi_B?15
B,B?15,Bpi,a,h,AH,f,3,15,6,B_Bpi_B?15
B,B?15,Bpi,a,h,AH,f,4,10,6,B_Bpi_B?15
B,B?15,Bpi,a,h,AH,f,5,8,6,B_Bpi_B?15
B,B?15,Bpi,a,h,AH,f,6,4,6,B_Bpi_B?15
B,B?15,Bpi,a,h,AH,f,7,0,6,B_Bpi_B?15
B,B?5,Bpi,h,h,HH,f,1,37,6,B_Bpi_B?5
B,B?5,Bpi,h,h,HH,f,2,14,6,B_Bpi_B?5
B,B?5,Bpi,h,h,HH,f,3,11,6,B_Bpi_B?5
B,B?5,Bpi,h,h,HH,f,4,3,6,B_Bpi_B?5
B,B?5,Bpi,h,h,HH,f,5,0,6,B_Bpi_B?5
B,B©1,Bbox,h,h,HH,f,1,35,6,B_Bbox_B©1
B,B©1,Bbox,h,h,HH,f,2,23,6,B_Bbox_B©1
B,B©1,Bbox,h,h,HH,f,3,18,6,B_Bbox_B©1
B,B©1,Bbox,h,h,HH,f,4,6,6,B_Bbox_B©1
B,B©1,Bbox,h,h,HH,f,5,1,6,B_Bbox_B©1
B,B©1,Bbox,h,h,HH,f,6,0,6,B_Bbox_B©1
B,B©10,Bbox,h,h,HH,f,1,21,6,B_Bbox_B©10
B,B©10,Bbox,h,h,HH,f,2,19,6,B_Bbox_B©10
B,B©10,Bbox,h,h,HH,f,3,10,6,B_Bbox_B©10
B,B©10,Bbox,h,h,HH,f,4,3,6,B_Bbox_B©10
B,B©10,Bbox,h,h,HH,f,5,0,6,B_Bbox_B©10
B,B©10,Bbox,h,h,HH,f,6,0,6,B_Bbox_B©10
B,B©27,Bbox,a,h,AH,f,1,19,6,B_Bbox_B©27
B,B©27,Bbox,a,h,AH,f,2,0,6,B_Bbox_B©27
B,B©27,Bbox,a,h,AH,f,3,0,6,B_Bbox_B©27
B,B©27,Bbox,a,h,AH,f,4,13,6,B_Bbox_B©27
B,B©27,Bbox,a,h,AH,f,5,8,6,B_Bbox_B©27
B,B©27,Bbox,a,h,AH,f,6,0,6,B_Bbox_B©27
B,B©5,Bbox,h,h,HH,f,1,35,6,B_Bbox_B©5
B,B©5,Bbox,h,h,HH,f,2,26,6,B_Bbox_B©5
B,B©5,Bbox,h,h,HH,f,3,16,6,B_Bbox_B©5
B,B©5,Bbox,h,h,HH,f,4,9,6,B_Bbox_B©5
B,B©5,Bbox,h,h,HH,f,5,0,6,B_Bbox_B©5
B,B©5,Bbox,h,h,HH,f,6,0,6,B_Bbox_B©5
B,B©6,Bbox,a,h,AH,f,1,17,6,B_Bbox_B©6
B,B©6,Bbox,a,h,AH,f,2,18,6,B_Bbox_B©6
B,B©6,Bbox,a,h,AH,f,3,22,6,B_Bbox_B©6
B,B©6,Bbox,a,h,AH,f,4,13,6,B_Bbox_B©6
B,B©6,Bbox,a,h,AH,f,5,2,6,B_Bbox_B©6
B,B©6,Bbox,a,h,AH,f,6,0,6,B_Bbox_B©6
B,BA25,BA,h,h,HH,f,1,41,6,B_BA_BA25
B,BA25,BA,h,h,HH,f,2,22,6,B_BA_BA25
B,BA25,BA,h,h,HH,f,3,17,6,B_BA_BA25
B,BA25,BA,h,h,HH,f,4,5,6,B_BA_BA25
B,BA25,BA,h,h,HH,f,5,1,6,B_BA_BA25
B,BA25,BA,h,h,HH,f,6,0,6,B_BA_BA25
B,BA3,BA,h,h,HH,f,1,43,6,B_BA_BA3
B,BA3,BA,h,h,HH,f,2,18,6,B_BA_BA3
B,BA3,BA,h,h,HH,f,3,11,6,B_BA_BA3
B,BA3,BA,h,h,HH,f,4,NA,6,B_BA_BA3
B,BA3,BA,h,h,HH,f,5,0,6,B_BA_BA3
B,BB25,BB,h,h,HH,f,1,32,6,B_BB_BB25
B,BB25,BB,h,h,HH,f,2,21,6,B_BB_BB25
B,BB25,BB,h,h,HH,f,3,15,6,B_BB_BB25
B,BB25,BB,h,h,HH,f,4,5,6,B_BB_BB25
B,BB25,BB,h,h,HH,f,5,0,6,B_BB_BB25
B,BB25,BB,h,h,HH,f,6,0,6,B_BB_BB25
B,BB3,BB,h,h,HH,f,1,34,6,B_BB_BB3
B,BB3,BB,h,h,HH,f,2,21,6,B_BB_BB3
B,BB3,BB,h,h,HH,f,3,13,6,B_BB_BB3
B,BB3,BB,h,h,HH,f,4,1,6,B_BB_BB3
B,BB3,BB,h,h,HH,f,5,1,6,B_BB_BB3
B,BB3,BB,h,h,HH,f,6,0,6,B_BB_BB3
B,BC16,BC,h,h,HH,f,1,24,6,B_BC_BC16
B,BC16,BC,h,h,HH,f,2,12,6,B_BC_BC16
B,BC16,BC,h,h,HH,f,3,8,6,B_BC_BC16
B,BC16,BC,h,h,HH,f,4,3,6,B_BC_BC16
B,BC16,BC,h,h,HH,f,5,1,6,B_BC_BC16
B,BD1,BD,h,h,HH,f,1,36,6,B_BD_BD1
B,BD1,BD,h,h,HH,f,2,17,6,B_BD_BD1
B,BD1,BD,h,h,HH,f,3,12,6,B_BD_BD1
B,BD1,BD,h,h,HH,f,4,2,6,B_BD_BD1
B,BD1,BD,h,h,HH,f,5,0,6,B_BD_BD1
B,BE12,BE,h,h,HH,f,1,26,6,B_BE_BE12
B,BE12,BE,h,h,HH,f,2,13,6,B_BE_BE12
B,BE12,BE,h,h,HH,f,3,16,6,B_BE_BE12
B,BE12,BE,h,h,HH,f,4,3,6,B_BE_BE12
B,BE12,BE,h,h,HH,f,5,0,6,B_BE_BE12
B,BE12,BE,h,h,HH,f,6,6,6,B_BE_BE12
B,BF21,BF,a,h,AH,f,1,29,6,B_BF_BF21
B,BF21,BF,a,h,AH,f,2,27,6,B_BF_BF21
B,BF21,BF,a,h,AH,f,3,21,6,B_BF_BF21
B,BF21,BF,a,h,AH,f,4,9,6,B_BF_BF21
B,BF21,BF,a,h,AH,f,5,1,6,B_BF_BF21
B,BF21,BF,a,h,AH,f,6,0,6,B_BF_BF21
B,BF6,BF,a,h,AH,f,1,28,6,B_BF_BF6
B,BF6,BF,a,h,AH,f,2,17,6,B_BF_BF6
B,BF6,BF,a,h,AH,f,3,0,6,B_BF_BF6
B,BF6,BF,a,h,AH,f,4,0,6,B_BF_BF6
B,BF6,BF,a,h,AH,f,5,18,6,B_BF_BF6
B,BF6,BF,a,h,AH,f,6,0,6,B_BF_BF6
B,BF7,BF,h,h,HH,f,1,25,6,B_BF_BF7
B,BF7,BF,h,h,HH,f,2,4,6,B_BF_BF7
B,BF7,BF,h,h,HH,f,3,0,6,B_BF_BF7
B,BF7,BF,h,h,HH,f,4,2,6,B_BF_BF7
B,BF7,BF,h,h,HH,f,5,1,6,B_BF_BF7
B,BF7,BF,h,h,HH,f,6,0,6,B_BF_BF7
B,BF8,BF,h,h,HH,f,1,35,6,B_BF_BF8
B,BF8,BF,h,h,HH,f,2,27,6,B_BF_BF8
B,BF8,BF,h,h,HH,f,3,21,6,B_BF_BF8
B,BF8,BF,h,h,HH,f,4,3,6,B_BF_BF8
B,BF8,BF,h,h,HH,f,5,1,6,B_BF_BF8
B,BF8,BF,h,h,HH,f,6,0,6,B_BF_BF8
B,BG23,BG,h,h,HH,f,1,33,6,B_BG_BG23
B,BG23,BG,h,h,HH,f,2,22,6,B_BG_BG23
B,BG23,BG,h,h,HH,f,3,10,6,B_BG_BG23
B,BG23,BG,h,h,HH,f,4,3,6,B_BG_BG23
B,BG23,BG,h,h,HH,f,5,0,6,B_BG_BG23
B,BG23,BG,h,h,HH,f,6,0,6,B_BG_BG23
B,BH15,BH,a,h,AH,f,1,26,6,B_BH_BH15
B,BH15,BH,a,h,AH,f,2,21,6,B_BH_BH15
B,BH15,BH,a,h,AH,f,3,15,6,B_BH_BH15
B,BH15,BH,a,h,AH,f,4,0,6,B_BH_BH15
B,BH15,BH,a,h,AH,f,5,0,6,B_BH_BH15
B,BH15,BH,a,h,AH,f,6,0,6,B_BH_BH15
B,BH2,BH,h,h,HH,f,1,35,6,B_BH_BH2
B,BH2,BH,h,h,HH,f,2,23,6,B_BH_BH2
B,BH2,BH,h,h,HH,f,3,13,6,B_BH_BH2
B,BH2,BH,h,h,HH,f,4,8,6,B_BH_BH2
B,BH2,BH,h,h,HH,f,5,1,6,B_BH_BH2
B,BH2,BH,h,h,HH,f,6,0,6,B_BH_BH2
B,BH21,BH,a,h,AH,f,1,26,6,B_BH_BH21
B,BH21,BH,a,h,AH,f,2,0,6,B_BH_BH21
B,BH21,BH,a,h,AH,f,3,2,6,B_BH_BH21
B,BH21,BH,a,h,AH,f,4,8,6,B_BH_BH21
B,BH21,BH,a,h,AH,f,5,13,6,B_BH_BH21
B,BH21,BH,a,h,AH,f,6,1,6,B_BH_BH21
B,BI19,BI,h,h,HH,f,1,38,6,B_BI_BI19
B,BI19,BI,h,h,HH,f,2,23,6,B_BI_BI19
B,BI19,BI,h,h,HH,f,3,14,6,B_BI_BI19
B,BI19,BI,h,h,HH,f,4,8,6,B_BI_BI19
B,BI19,BI,h,h,HH,f,5,4,6,B_BI_BI19
B,BJ15,BJ,a,h,AH,f,1,15,6,B_BJ_BJ15
B,BJ15,BJ,a,h,AH,f,2,11,6,B_BJ_BJ15
B,BJ15,BJ,a,h,AH,f,3,14,6,B_BJ_BJ15
B,BJ15,BJ,a,h,AH,f,4,5,6,B_BJ_BJ15
B,BJ15,BJ,a,h,AH,f,5,2,6,B_BJ_BJ15
B,BJ15,BJ,a,h,AH,f,6,0,6,B_BJ_BJ15
B,BL27,BL,a,h,AH,f,1,28,6,B_BL_BL27
B,BL27,BL,a,h,AH,f,2,15,6,B_BL_BL27
B,BL27,BL,a,h,AH,f,3,11,6,B_BL_BL27
B,BL27,BL,a,h,AH,f,4,4,6,B_BL_BL27
B,BL27,BL,a,h,AH,f,5,5,6,B_BL_BL27
B,BL27,BL,a,h,AH,f,6,0,6,B_BL_BL27
B,BL6,BL,a,h,AH,f,1,26,6,B_BL_BL6
B,BL6,BL,a,h,AH,f,2,23,6,B_BL_BL6
B,BL6,BL,a,h,AH,f,3,15,6,B_BL_BL6
B,BL6,BL,a,h,AH,f,4,12,6,B_BL_BL6
B,BL6,BL,a,h,AH,f,5,2,6,B_BL_BL6
B,BL6,BL,a,h,AH,f,6,0,6,B_BL_BL6
B,BM4,BM,h,h,HH,f,1,41,6,B_BM_BM4
B,BM4,BM,h,h,HH,f,2,25,6,B_BM_BM4
B,BM4,BM,h,h,HH,f,3,11,6,B_BM_BM4
B,BM4,BM,h,h,HH,f,4,5,6,B_BM_BM4
B,BM4,BM,h,h,HH,f,5,0,6,B_BM_BM4
B,BM4,BM,h,h,HH,f,6,0,6,B_BM_BM4
B,BN12,BN,a,h,AH,f,1,29,6,B_BN_BN12
B,BN12,BN,a,h,AH,f,2,19,6,B_BN_BN12
B,BN12,BN,a,h,AH,f,3,11,6,B_BN_BN12
B,BN12,BN,a,h,AH,f,4,9,6,B_BN_BN12
B,BN12,BN,a,h,AH,f,5,7,6,B_BN_BN12
B,BN12,BN,a,h,AH,f,6,0,6,B_BN_BN12
B,BN18,BN,a,h,AH,f,1,10,6,B_BN_BN18
B,BN18,BN,a,h,AH,f,2,20,6,B_BN_BN18
B,BN18,BN,a,h,AH,f,3,18,6,B_BN_BN18
B,BN18,BN,a,h,AH,f,4,9,6,B_BN_BN18
B,BN18,BN,a,h,AH,f,5,5,6,B_BN_BN18
B,BN18,BN,a,h,AH,f,6,0,6,B_BN_BN18
B,BO8,BO,h,h,HH,f,1,31,6,B_BO_BO8
B,BO8,BO,h,h,HH,f,2,22,6,B_BO_BO8
B,BO8,BO,h,h,HH,f,3,16,6,B_BO_BO8
B,BO8,BO,h,h,HH,f,4,10,6,B_BO_BO8
B,BO8,BO,h,h,HH,f,5,0,6,B_BO_BO8
B,BO8,BO,h,h,HH,f,6,0,6,B_BO_BO8
B,BQ27,BQ,h,h,HH,f,1,28,6,B_BQ_BQ27
B,BQ27,BQ,h,h,HH,f,2,22,6,B_BQ_BQ27
B,BQ27,BQ,h,h,HH,f,3,17,6,B_BQ_BQ27
B,BQ27,BQ,h,h,HH,f,4,9,6,B_BQ_BQ27
B,BQ27,BQ,h,h,HH,f,5,0,6,B_BQ_BQ27
B,BQ27,BQ,h,h,HH,f,6,2,6,B_BQ_BQ27
B,BQ29,BQ,h,h,HH,f,1,27,6,B_BQ_BQ29
B,BQ29,BQ,h,h,HH,f,2,24,6,B_BQ_BQ29
B,BQ29,BQ,h,h,HH,f,3,8,6,B_BQ_BQ29
B,BQ29,BQ,h,h,HH,f,4,1,6,B_BQ_BQ29
B,BQ29,BQ,h,h,HH,f,5,0,6,B_BQ_BQ29
B,BR8,BR,h,h,HH,f,1,32,6,B_BR_BR8
B,BR8,BR,h,h,HH,f,2,5,6,B_BR_BR8
B,BR8,BR,h,h,HH,f,3,21,6,B_BR_BR8
B,BR8,BR,h,h,HH,f,4,10,6,B_BR_BR8
B,BR8,BR,h,h,HH,f,5,1,6,B_BR_BR8
B,BR8,BR,h,h,HH,f,6,0,6,B_BR_BR8
B,BS10,BS,h,h,HH,f,1,44,6,B_BS_BS10
B,BS10,BS,h,h,HH,f,2,20,6,B_BS_BS10
B,BS10,BS,h,h,HH,f,3,13,6,B_BS_BS10
B,BS10,BS,h,h,HH,f,4,1,6,B_BS_BS10
B,BS10,BS,h,h,HH,f,5,0,6,B_BS_BS10
B,BS10,BS,h,h,HH,f,6,0,6,B_BS_BS10
B,BT17,BT,h,h,HH,f,1,26,6,B_BT_BT17
B,BT17,BT,h,h,HH,f,2,0,6,B_BT_BT17
B,BT17,BT,h,h,HH,f,3,12,6,B_BT_BT17
B,BT17,BT,h,h,HH,f,4,11,6,B_BT_BT17
B,BT17,BT,h,h,HH,f,5,3,6,B_BT_BT17
B,BT17,BT,h,h,HH,f,6,0,6,B_BT_BT17
B,BT6,BT,a,h,AH,f,1,14,6,B_BT_BT6
B,BT6,BT,a,h,AH,f,2,18,6,B_BT_BT6
B,BT6,BT,a,h,AH,f,3,4,6,B_BT_BT6
B,BT6,BT,a,h,AH,f,4,6,6,B_BT_BT6
B,BT6,BT,a,h,AH,f,5,1,6,B_BT_BT6
B,BT6,BT,a,h,AH,f,6,0,6,B_BT_BT6
B,BU12,BU,a,h,AH,f,1,18,6,B_BU_BU12
B,BU12,BU,a,h,AH,f,2,20,6,B_BU_BU12
B,BU12,BU,a,h,AH,f,3,13,6,B_BU_BU12
B,BU12,BU,a,h,AH,f,4,13,6,B_BU_BU12
B,BU12,BU,a,h,AH,f,5,1,6,B_BU_BU12
B,BU12,BU,a,h,AH,f,6,0,6,B_BU_BU12
B,BU27,BU,a,h,AH,f,1,22,6,B_BU_BU27
B,BU27,BU,a,h,AH,f,2,22,6,B_BU_BU27
B,BU27,BU,a,h,AH,f,3,13,6,B_BU_BU27
B,BU27,BU,a,h,AH,f,4,10,6,B_BU_BU27
B,BU27,BU,a,h,AH,f,5,1,6,B_BU_BU27
B,BU27,BU,a,h,AH,f,6,0,6,B_BU_BU27
B,BU30,BU,a,a,AA,f,1,19,6,B_BU_BU30
B,BU30,BU,a,a,AA,f,2,22,6,B_BU_BU30
B,BU30,BU,a,a,AA,f,3,8,6,B_BU_BU30
B,BU30,BU,a,a,AA,f,4,14,6,B_BU_BU30
B,BU30,BU,a,a,AA,f,5,10,6,B_BU_BU30
B,BU30,BU,a,a,AA,f,6,1,6,B_BU_BU30
B,BW27,BW,a,h,AH,f,1,23,6,B_BW_BW27
B,BW27,BW,a,h,AH,f,2,23,6,B_BW_BW27
B,BW27,BW,a,h,AH,f,3,14,6,B_BW_BW27
B,BW27,BW,a,h,AH,f,4,10,6,B_BW_BW27
B,BW27,BW,a,h,AH,f,5,2,6,B_BW_BW27
B,BW27,BW,a,h,AH,f,6,0,6,B_BW_BW27
B,BY17,BY,h,h,HH,f,1,39,6,B_BY_BY17
B,BY17,BY,h,h,HH,f,2,27,6,B_BY_BY17
B,BY17,BY,h,h,HH,f,3,15,6,B_BY_BY17
B,BY17,BY,h,h,HH,f,4,6,6,B_BY_BY17
B,BY17,BY,h,h,HH,f,5,0,6,B_BY_BY17
B,BY17,BY,h,h,HH,f,6,0,6,B_BY_BY17
B,BY22,BY,a,h,AH,f,1,17,6,B_BY_BY22
B,BY22,BY,a,h,AH,f,2,27,6,B_BY_BY22
B,BY22,BY,a,h,AH,f,3,15,6,B_BY_BY22
B,BY22,BY,a,h,AH,f,4,5,6,B_BY_BY22
B,BY22,BY,a,h,AH,f,5,2,6,B_BY_BY22
B,BY24,BY,a,h,AH,f,1,17,6,B_BY_BY24
B,BY24,BY,a,h,AH,f,2,18,6,B_BY_BY24
B,BY24,BY,a,h,AH,f,3,13,6,B_BY_BY24
B,BY24,BY,a,h,AH,f,4,16,6,B_BY_BY24
B,BY24,BY,a,h,AH,f,5,2,6,B_BY_BY24
B,BY24,BY,a,h,AH,f,6,0,6,B_BY_BY24
B,BY8,BY,h,h,HH,f,1,33,6,B_BY_BY8
B,BY8,BY,h,h,HH,f,3,17,6,B_BY_BY8
B,BY8,BY,h,h,HH,f,4,11,6,B_BY_BY8
B,BY8,BY,h,h,HH,f,5,1,6,B_BY_BY8
B,BY8,BY,h,h,HH,f,6,1,6,B_BY_BY8
B,BZ27,BZ,a,h,AH,f,1,21,6,B_BZ_BZ27
B,BZ27,BZ,a,h,AH,f,2,26,6,B_BZ_BZ27
B,BZ27,BZ,a,h,AH,f,3,19,6,B_BZ_BZ27
B,BZ27,BZ,a,h,AH,f,4,10,6,B_BZ_BZ27
B,BZ27,BZ,a,h,AH,f,5,1,6,B_BZ_BZ27
B,BZ27,BZ,a,h,AH,f,6,0,6,B_BZ_BZ27
B,BZ8,BZ,h,h,HH,f,1,36,6,B_BZ_BZ8
B,BZ8,BZ,h,h,HH,f,2,20,6,B_BZ_BZ8
B,BZ8,BZ,h,h,HH,f,3,10,6,B_BZ_BZ8
B,BZ8,BZ,h,h,HH,f,4,0,6,B_BZ_BZ8
B,BZ8,BZ,h,h,HH,f,5,0,6,B_BZ_BZ8
B,BZ8,BZ,h,h,HH,f,6,0,6,B_BZ_BZ8
B,BZ9,BZ,a,h,AH,f,1,34,6,B_BZ_BZ9
B,BZ9,BZ,a,h,AH,f,2,13,6,B_BZ_BZ9
B,BZ9,BZ,a,h,AH,f,3,7,6,B_BZ_BZ9
B,BZ9,BZ,a,h,AH,f,4,0,6,B_BZ_BZ9
B,BZ9,BZ,a,h,AH,f,5,1,6,B_BZ_BZ9
B,BZ9,BZ,a,h,AH,f,6,0,6,B_BZ_BZ9
B,B?12,Bom,a,h,AH,f,1,26,6,B_Bom_B?12
B,B?12,Bom,a,h,AH,f,2,20,6,B_Bom_B?12
B,B?12,Bom,a,h,AH,f,3,12,6,B_Bom_B?12
B,B?12,Bom,a,h,AH,f,4,12,6,B_Bom_B?12
B,B?12,Bom,a,h,AH,f,5,4,6,B_Bom_B?12
B,B?12,Bom,a,h,AH,f,6,0,6,B_Bom_B?12
C,C©27,Cbox,a,h,AH,f,1,30,6,C_Cbox_C©27
C,C©27,Cbox,a,h,AH,f,2,0,6,C_Cbox_C©27
C,C©27,Cbox,a,h,AH,f,3,0,6,C_Cbox_C©27
C,C©27,Cbox,a,h,AH,f,4,12,6,C_Cbox_C©27
C,C©27,Cbox,a,h,AH,f,5,15,6,C_Cbox_C©27
C,C©27,Cbox,a,h,AH,f,6,1,6,C_Cbox_C©27
C,C©30,Cbox,a,h,AH,f,1,46,6,C_Cbox_C©30
C,C©30,Cbox,a,h,AH,f,2,18,6,C_Cbox_C©30
C,C©30,Cbox,a,h,AH,f,3,6,6,C_Cbox_C©30
C,C©30,Cbox,a,h,AH,f,4,0,6,C_Cbox_C©30
C,CF30,CF,a,h,AH,f,1,18,6,C_CF_CF30
C,CF30,CF,a,h,AH,f,2,23,6,C_CF_CF30
C,CF30,CF,a,h,AH,f,3,20,6,C_CF_CF30
C,CF30,CF,a,h,AH,f,4,7,6,C_CF_CF30
C,CF30,CF,a,h,AH,f,5,0,6,C_CF_CF30
C,CF30,CF,a,h,AH,f,6,0,6,C_CF_CF30
C,CJ11,CJ,h,h,HH,f,1,3,6,C_CJ_CJ11
C,CJ11,CJ,h,h,HH,f,2,6,6,C_CJ_CJ11
C,CJ11,CJ,h,h,HH,f,3,0,6,C_CJ_CJ11
C,CJ11,CJ,h,h,HH,f,4,0,6,C_CJ_CJ11
C,CJ11,CJ,h,h,HH,f,5,0,6,C_CJ_CJ11
C,CJ11,CJ,h,h,HH,f,6,0,6,C_CJ_CJ11
C,CJ15,CJ,a,h,AH,f,1,31,6,C_CJ_CJ15
C,CJ15,CJ,a,h,AH,f,2,29,6,C_CJ_CJ15
C,CJ15,CJ,a,h,AH,f,3,21,6,C_CJ_CJ15
C,CJ15,CJ,a,h,AH,f,4,8,6,C_CJ_CJ15
C,CJ15,CJ,a,h,AH,f,5,0,6,C_CJ_CJ15
C,CJ15,CJ,a,h,AH,f,6,0,6,C_CJ_CJ15
C,CK28,CK,h,h,HH,f,1,0,6,C_CK_CK28
C,CK28,CK,h,h,HH,f,2,0,6,C_CK_CK28
C,CK28,CK,h,h,HH,f,3,0,6,C_CK_CK28
C,CK28,CK,h,h,HH,f,4,0,6,C_CK_CK28
C,CK28,CK,h,h,HH,f,5,0,6,C_CK_CK28
C,CK28,CK,h,h,HH,f,6,0,6,C_CK_CK28
C,CM24,CM,a,h,AH,f,1,29,6,C_CM_CM24
C,CM24,CM,a,h,AH,f,2,25,6,C_CM_CM24
C,CM24,CM,a,h,AH,f,3,16,6,C_CM_CM24
C,CM24,CM,a,h,AH,f,4,13,6,C_CM_CM24
C,CM24,CM,a,h,AH,f,5,3,6,C_CM_CM24
C,CM24,CM,a,h,AH,f,6,0,6,C_CM_CM24
C,CN10,CN,h,h,HH,f,1,0,6,C_CN_CN10
C,CN10,CN,h,h,HH,f,2,0,6,C_CN_CN10
C,CN10,CN,h,h,HH,f,3,0,6,C_CN_CN10
C,CN10,CN,h,h,HH,f,4,0,6,C_CN_CN10
C,CN10,CN,h,h,HH,f,5,0,6,C_CN_CN10
C,CN10,CN,h,h,HH,f,6,0,6,C_CN_CN10
C,CN18,CN,a,h,AH,f,1,39,6,C_CN_CN18
C,CN18,CN,a,h,AH,f,2,26,6,C_CN_CN18
C,CN18,CN,a,h,AH,f,3,0,6,C_CN_CN18
C,CN18,CN,a,h,AH,f,4,11,6,C_CN_CN18
C,CN18,CN,a,h,AH,f,5,0,6,C_CN_CN18
C,CO18,CO,a,h,AH,f,1,4,6,C_CO_CO18
C,CO18,CO,a,h,AH,f,2,0,6,C_CO_CO18
C,CO18,CO,a,h,AH,f,3,0,6,C_CO_CO18
C,CO18,CO,a,h,AH,f,4,3,6,C_CO_CO18
C,CO18,CO,a,h,AH,f,5,7,6,C_CO_CO18
C,CO18,CO,a,h,AH,f,6,0,6,C_CO_CO18
C,CO30,CO,a,h,AH,f,1,30,6,C_CO_CO30
C,CO30,CO,a,h,AH,f,2,27,6,C_CO_CO30
C,CO30,CO,a,h,AH,f,3,19,6,C_CO_CO30
C,CO30,CO,a,h,AH,f,4,7,6,C_CO_CO30
C,CO30,CO,a,h,AH,f,5,1,6,C_CO_CO30
C,CO30,CO,a,h,AH,f,6,0,6,C_CO_CO30
C,CQ3,CQ,a,h,AH,f,1,37,6,C_CQ_CQ3
C,CQ3,CQ,a,h,AH,f,2,30,6,C_CQ_CQ3
C,CQ3,CQ,a,h,AH,f,3,23,6,C_CQ_CQ3
C,CQ3,CQ,a,h,AH,f,4,11,6,C_CQ_CQ3
C,CQ3,CQ,a,h,AH,f,5,2,6,C_CQ_CQ3
C,CS21,CS,a,h,AH,f,1,38,6,C_CS_CS21
C,CS21,CS,a,h,AH,f,2,25,6,C_CS_CS21
C,CS21,CS,a,h,AH,f,3,20,6,C_CS_CS21
C,CS21,CS,a,h,AH,f,4,4,6,C_CS_CS21
C,CS21,CS,a,h,AH,f,5,0,6,C_CS_CS21
C,CS21,CS,a,h,AH,f,6,0,6,C_CS_CS21
C,CS24,CS,a,h,AH,f,1,56,6,C_CS_CS24
C,CS24,CS,a,h,AH,f,2,18,6,C_CS_CS24
C,CS24,CS,a,h,AH,f,3,19,6,C_CS_CS24
C,CS24,CS,a,h,AH,f,4,6,6,C_CS_CS24
C,CS24,CS,a,h,AH,f,5,0,6,C_CS_CS24
C,CT30,CT,a,h,AH,f,1,25,6,C_CT_CT30
C,CT30,CT,a,h,AH,f,2,0,6,C_CT_CT30
C,CT30,CT,a,h,AH,f,3,23,6,C_CT_CT30
C,CT30,CT,a,h,AH,f,4,8,6,C_CT_CT30
C,CT30,CT,a,h,AH,f,5,0,6,C_CT_CT30
C,CV3,CV,a,h,AH,f,1,13,6,C_CV_CV3
C,CV3,CV,a,h,AH,f,2,0,6,C_CV_CV3
C,CV3,CV,a,h,AH,f,3,18,6,C_CV_CV3
C,CV3,CV,a,h,AH,f,4,35,6,C_CV_CV3
C,CV3,CV,a,h,AH,f,5,7,6,C_CV_CV3
C,CV3,CV,a,h,AH,f,6,0,6,C_CV_CV3
C,CZ15,CZ,a,h,AH,f,1,32,6,C_CZ_CZ15
C,CZ15,CZ,a,h,AH,f,2,36,6,C_CZ_CZ15
C,CZ15,CZ,a,h,AH,f,3,20,6,C_CZ_CZ15
C,CZ15,CZ,a,h,AH,f,4,9,6,C_CZ_CZ15
C,CZ15,CZ,a,h,AH,f,5,2,6,C_CZ_CZ15
C,CZ15,CZ,a,h,AH,f,6,0,6,C_CZ_CZ15
C,C?3,Com,a,h,AH,f,1,42,6,C_Com_C?3
C,C?3,Com,a,h,AH,f,2,17,6,C_Com_C?3
C,C?3,Com,a,h,AH,f,3,12,6,C_Com_C?3
C,C?3,Com,a,h,AH,f,4,1,6,C_Com_C?3
C,C?3,Com,a,h,AH,f,5,0,6,C_Com_C?3
C,C?3,Com,a,h,AH,f,6,0,6,C_Com_C?3
A,AC4,AC,h,h,HH,f,1,0,7,A_AC_AC4
A,AC4,AC,h,h,HH,f,2,0,7,A_AC_AC4
A,AC4,AC,h,h,HH,f,3,0,7,A_AC_AC4
A,AC4,AC,h,h,HH,f,4,0,7,A_AC_AC4
A,AC4,AC,h,h,HH,f,5,0,7,A_AC_AC4
A,AC4,AC,h,h,HH,f,6,0,7,A_AC_AC4
A,AC4,AC,h,h,HH,f,7,0,7,A_AC_AC4
A,AG9,AG,a,h,AH,f,1,27,7,A_AG_AG9
A,AG9,AG,a,h,AH,f,2,11,7,A_AG_AG9
A,AG9,AG,a,h,AH,f,3,0,7,A_AG_AG9
A,AG9,AG,a,h,AH,f,4,0,7,A_AG_AG9
A,AG9,AG,a,h,AH,f,5,0,7,A_AG_AG9
A,AG9,AG,a,h,AH,f,6,18,7,A_AG_AG9
A,AG9,AG,a,h,AH,f,7,0,7,A_AG_AG9
A,AH13,AH,h,h,HH,f,1,0,7,A_AH_AH13
A,AH13,AH,h,h,HH,f,2,0,7,A_AH_AH13
A,AH13,AH,h,h,HH,f,3,1,7,A_AH_AH13
A,AH13,AH,h,h,HH,f,4,0,7,A_AH_AH13
A,AH13,AH,h,h,HH,f,5,0,7,A_AH_AH13
A,AH13,AH,h,h,HH,f,6,0,7,A_AH_AH13
A,AH13,AH,h,h,HH,f,7,0,7,A_AH_AH13
A,AN12,AN,h,h,HH,f,1,7,7,A_AN_AN12
A,AN12,AN,h,h,HH,f,2,0,7,A_AN_AN12
A,AN12,AN,h,h,HH,f,3,2,7,A_AN_AN12
A,AN12,AN,h,h,HH,f,4,2,7,A_AN_AN12
A,AN12,AN,h,h,HH,f,5,0,7,A_AN_AN12
A,AN12,AN,h,h,HH,f,6,0,7,A_AN_AN12
A,AQ12,AQ,h,h,HH,f,1,1,7,A_AQ_AQ12
A,AQ12,AQ,h,h,HH,f,2,0,7,A_AQ_AQ12
A,AQ12,AQ,h,h,HH,f,3,0,7,A_AQ_AQ12
A,AQ12,AQ,h,h,HH,f,4,0,7,A_AQ_AQ12
A,AQ12,AQ,h,h,HH,f,5,0,7,A_AQ_AQ12
A,AQ12,AQ,h,h,HH,f,6,0,7,A_AQ_AQ12
A,AR15,AR,h,h,HH,f,1,2,7,A_AR_AR15
A,AR15,AR,h,h,HH,f,2,4,7,A_AR_AR15
A,AR15,AR,h,h,HH,f,3,0,7,A_AR_AR15
A,AR15,AR,h,h,HH,f,4,2,7,A_AR_AR15
A,AR15,AR,h,h,HH,f,5,0,7,A_AR_AR15
A,AR15,AR,h,h,HH,f,6,0,7,A_AR_AR15
A,AR15,AR,h,h,HH,f,7,0,7,A_AR_AR15
A,AV11,AV,h,h,HH,f,1,0,7,A_AV_AV11
A,AV11,AV,h,h,HH,f,2,0,7,A_AV_AV11
A,AV11,AV,h,h,HH,f,3,0,7,A_AV_AV11
A,AV11,AV,h,h,HH,f,4,0,7,A_AV_AV11
A,AV11,AV,h,h,HH,f,5,0,7,A_AV_AV11
A,AV11,AV,h,h,HH,f,6,2,7,A_AV_AV11
A,AV11,AV,h,h,HH,f,7,0,7,A_AV_AV11
B,B?18,Btr,a,h,AH,f,1,26,7,B_Btr_B?18
B,B?18,Btr,a,h,AH,f,2,15,7,B_Btr_B?18
B,B?18,Btr,a,h,AH,f,3,20,7,B_Btr_B?18
B,B?18,Btr,a,h,AH,f,4,11,7,B_Btr_B?18
B,B?18,Btr,a,h,AH,f,5,3,7,B_Btr_B?18
B,B?18,Btr,a,h,AH,f,6,2,7,B_Btr_B?18
B,B?18,Btr,a,h,AH,f,7,1,7,B_Btr_B?18
B,B?30,Bpi,a,h,AH,f,1,33,7,B_Bpi_B?30
B,B?30,Bpi,a,h,AH,f,2,16,7,B_Bpi_B?30
B,B?30,Bpi,a,h,AH,f,3,11,7,B_Bpi_B?30
B,B?30,Bpi,a,h,AH,f,4,1,7,B_Bpi_B?30
B,B?30,Bpi,a,h,AH,f,5,0,7,B_Bpi_B?30
B,B?30,Bpi,a,h,AH,f,6,0,7,B_Bpi_B?30
B,B©24,Bbox,a,h,AH,f,1,15,7,B_Bbox_B©24
B,B©24,Bbox,a,h,AH,f,2,20,7,B_Bbox_B©24
B,B©24,Bbox,a,h,AH,f,3,15,7,B_Bbox_B©24
B,B©24,Bbox,a,h,AH,f,4,23,7,B_Bbox_B©24
B,B©24,Bbox,a,h,AH,f,5,8,7,B_Bbox_B©24
B,B©24,Bbox,a,h,AH,f,6,2,7,B_Bbox_B©24
B,B©24,Bbox,a,h,AH,f,7,0,7,B_Bbox_B©24
B,B©7,Bbox,h,a,HA,f,1,0,7,B_Bbox_B©7
B,B©7,Bbox,h,a,HA,f,2,0,7,B_Bbox_B©7
B,B©7,Bbox,h,a,HA,f,3,0,7,B_Bbox_B©7
B,B©7,Bbox,h,a,HA,f,4,0,7,B_Bbox_B©7
B,B©7,Bbox,h,a,HA,f,5,0,7,B_Bbox_B©7
B,B©7,Bbox,h,a,HA,f,6,0,7,B_Bbox_B©7
B,B©7,Bbox,h,a,HA,f,7,0,7,B_Bbox_B©7
B,BA14,BA,a,h,AH,f,1,30,7,B_BA_BA14
B,BA14,BA,a,h,AH,f,2,24,7,B_BA_BA14
B,BA14,BA,a,h,AH,f,3,22,7,B_BA_BA14
B,BA14,BA,a,h,AH,f,4,10,7,B_BA_BA14
B,BA14,BA,a,h,AH,f,5,5,7,B_BA_BA14
B,BA14,BA,a,h,AH,f,6,2,7,B_BA_BA14
B,BA14,BA,a,h,AH,f,7,0,7,B_BA_BA14
B,BB18,BB,a,h,AH,f,1,20,7,B_BB_BB18
B,BB18,BB,a,h,AH,f,2,14,7,B_BB_BB18
B,BB18,BB,a,h,AH,f,3,15,7,B_BB_BB18
B,BB18,BB,a,h,AH,f,4,16,7,B_BB_BB18
B,BB18,BB,a,h,AH,f,5,2,7,B_BB_BB18
B,BB18,BB,a,h,AH,f,6,2,7,B_BB_BB18
B,BB18,BB,a,h,AH,f,7,0,7,B_BB_BB18
B,BB27,BB,a,h,AH,f,1,30,7,B_BB_BB27
B,BB27,BB,a,h,AH,f,2,25,7,B_BB_BB27
B,BB27,BB,a,h,AH,f,3,7,7,B_BB_BB27
B,BB27,BB,a,h,AH,f,4,1,7,B_BB_BB27
B,BB27,BB,a,h,AH,f,5,9,7,B_BB_BB27
B,BB27,BB,a,h,AH,f,6,7,7,B_BB_BB27
B,BB27,BB,a,h,AH,f,7,1,7,B_BB_BB27
B,BD5,BD,a,h,AH,f,1,13,7,B_BD_BD5
B,BD5,BD,a,h,AH,f,2,0,7,B_BD_BD5
B,BD5,BD,a,h,AH,f,3,3,7,B_BD_BD5
B,BD5,BD,a,h,AH,f,4,26,7,B_BD_BD5
B,BD5,BD,a,h,AH,f,5,22,7,B_BD_BD5
B,BD5,BD,a,h,AH,f,6,5,7,B_BD_BD5
B,BD5,BD,a,h,AH,f,7,3,7,B_BD_BD5
B,BK8,BK,h,h,HH,f,1,29,7,B_BK_BK8
B,BK8,BK,h,h,HH,f,2,19,7,B_BK_BK8
B,BK8,BK,h,h,HH,f,3,5,7,B_BK_BK8
B,BK8,BK,h,h,HH,f,4,1,7,B_BK_BK8
B,BK8,BK,h,h,HH,f,5,0,7,B_BK_BK8
B,BK8,BK,h,h,HH,f,6,0,7,B_BK_BK8
B,BK8,BK,h,h,HH,f,7,0,7,B_BK_BK8
B,BM3,BM,a,h,AH,f,1,21,7,B_BM_BM3
B,BM3,BM,a,h,AH,f,2,1,7,B_BM_BM3
B,BM3,BM,a,h,AH,f,3,0,7,B_BM_BM3
B,BM3,BM,a,h,AH,f,4,1,7,B_BM_BM3
B,BM3,BM,a,h,AH,f,5,23,7,B_BM_BM3
B,BM3,BM,a,h,AH,f,6,5,7,B_BM_BM3
B,BM3,BM,a,h,AH,f,7,4,7,B_BM_BM3
B,BN21,BN,a,h,AH,f,1,26,7,B_BN_BN21
B,BN21,BN,a,h,AH,f,2,20,7,B_BN_BN21
B,BN21,BN,a,h,AH,f,3,16,7,B_BN_BN21
B,BN21,BN,a,h,AH,f,4,8,7,B_BN_BN21
B,BN21,BN,a,h,AH,f,5,1,7,B_BN_BN21
B,BN21,BN,a,h,AH,f,6,1,7,B_BN_BN21
B,BN21,BN,a,h,AH,f,7,0,7,B_BN_BN21
B,BO30,BO,a,h,AH,f,1,0,7,B_BO_BO30
B,BO30,BO,a,h,AH,f,2,0,7,B_BO_BO30
B,BO30,BO,a,h,AH,f,3,0,7,B_BO_BO30
B,BO30,BO,a,h,AH,f,4,0,7,B_BO_BO30
B,BO30,BO,a,h,AH,f,5,21,7,B_BO_BO30
B,BO30,BO,a,h,AH,f,6,18,7,B_BO_BO30
B,BO30,BO,a,h,AH,f,7,0,7,B_BO_BO30
B,BR12,BR,a,h,AH,f,1,17,7,B_BR_BR12
B,BR12,BR,a,h,AH,f,2,0,7,B_BR_BR12
B,BR12,BR,a,h,AH,f,3,0,7,B_BR_BR12
B,BR12,BR,a,h,AH,f,4,1,7,B_BR_BR12
B,BR12,BR,a,h,AH,f,5,19,7,B_BR_BR12
B,BR12,BR,a,h,AH,f,6,5,7,B_BR_BR12
B,BR12,BR,a,h,AH,f,7,0,7,B_BR_BR12
B,BR15,BR,a,h,AH,f,1,8,7,B_BR_BR15
B,BR15,BR,a,h,AH,f,2,0,7,B_BR_BR15
B,BR15,BR,a,h,AH,f,3,1,7,B_BR_BR15
B,BR15,BR,a,h,AH,f,4,20,7,B_BR_BR15
B,BR15,BR,a,h,AH,f,5,12,7,B_BR_BR15
B,BR15,BR,a,h,AH,f,6,3,7,B_BR_BR15
B,BR30,BR,a,h,AH,f,1,20,7,B_BR_BR30
B,BR30,BR,a,h,AH,f,2,24,7,B_BR_BR30
B,BR30,BR,a,h,AH,f,3,19,7,B_BR_BR30
B,BR30,BR,a,h,AH,f,4,10,7,B_BR_BR30
B,BR30,BR,a,h,AH,f,5,5,7,B_BR_BR30
B,BR30,BR,a,h,AH,f,6,1,7,B_BR_BR30
B,BR30,BR,a,h,AH,f,7,0,7,B_BR_BR30
B,BR6,BR,a,h,AH,f,1,12,7,B_BR_BR6
B,BR6,BR,a,h,AH,f,2,0,7,B_BR_BR6
B,BR6,BR,a,h,AH,f,3,0,7,B_BR_BR6
B,BR6,BR,a,h,AH,f,5,8,7,B_BR_BR6
B,BR6,BR,a,h,AH,f,6,2,7,B_BR_BR6
B,BR6,BR,a,h,AH,f,7,0,7,B_BR_BR6
B,BT3,BT,a,h,AH,f,1,22,7,B_BT_BT3
B,BT3,BT,a,h,AH,f,2,6,7,B_BT_BT3
B,BT3,BT,a,h,AH,f,3,11,7,B_BT_BT3
B,BT3,BT,a,h,AH,f,4,8,7,B_BT_BT3
B,BT3,BT,a,h,AH,f,5,13,7,B_BT_BT3
B,BT3,BT,a,h,AH,f,6,1,7,B_BT_BT3
B,BT3,BT,a,h,AH,f,7,0,7,B_BT_BT3
B,BT9,BT,a,a,AA,f,1,18,7,B_BT_BT9
B,BT9,BT,a,a,AA,f,2,22,7,B_BT_BT9
B,BT9,BT,a,a,AA,f,3,16,7,B_BT_BT9
B,BT9,BT,a,a,AA,f,4,3,7,B_BT_BT9
B,BT9,BT,a,a,AA,f,5,1,7,B_BT_BT9
B,BT9,BT,a,a,AA,f,6,0,7,B_BT_BT9
B,BW11,BW,h,h,HH,f,1,25,7,B_BW_BW11
B,BW11,BW,h,h,HH,f,2,26,7,B_BW_BW11
B,BW11,BW,h,h,HH,f,3,12,7,B_BW_BW11
B,BW11,BW,h,h,HH,f,4,9,7,B_BW_BW11
B,BW11,BW,h,h,HH,f,5,1,7,B_BW_BW11
B,BW11,BW,h,h,HH,f,6,0,7,B_BW_BW11
B,BW11,BW,h,h,HH,f,7,0,7,B_BW_BW11
B,BW23,BW,h,h,HH,f,1,36,7,B_BW_BW23
B,BW23,BW,h,h,HH,f,2,16,7,B_BW_BW23
B,BW23,BW,h,h,HH,f,3,16,7,B_BW_BW23
B,BW23,BW,h,h,HH,f,4,9,7,B_BW_BW23
B,BW23,BW,h,h,HH,f,5,0,7,B_BW_BW23
B,BW23,BW,h,h,HH,f,6,0,7,B_BW_BW23
B,BW23,BW,h,h,HH,f,7,0,7,B_BW_BW23
B,BW30,BW,a,h,AH,f,1,29,7,B_BW_BW30
B,BW30,BW,a,h,AH,f,2,26,7,B_BW_BW30
B,BW30,BW,a,h,AH,f,3,14,7,B_BW_BW30
B,BW30,BW,a,h,AH,f,4,5,7,B_BW_BW30
B,BW30,BW,a,h,AH,f,5,3,7,B_BW_BW30
B,BW30,BW,a,h,AH,f,6,0,7,B_BW_BW30
B,BW30,BW,a,h,AH,f,7,0,7,B_BW_BW30
B,BW6,BW,a,h,AH,f,1,23,7,B_BW_BW6
B,BW6,BW,a,h,AH,f,2,26,7,B_BW_BW6
B,BW6,BW,a,h,AH,f,3,19,7,B_BW_BW6
B,BW6,BW,a,h,AH,f,4,10,7,B_BW_BW6
B,BW6,BW,a,h,AH,f,5,1,7,B_BW_BW6
B,BW6,BW,a,h,AH,f,6,0,7,B_BW_BW6
B,BW6,BW,a,h,AH,f,7,0,7,B_BW_BW6
B,BX1,BX,h,h,HH,f,1,33,7,B_BX_BX1
B,BX1,BX,h,h,HH,f,2,24,7,B_BX_BX1
B,BX1,BX,h,h,HH,f,3,6,7,B_BX_BX1
B,BX1,BX,h,h,HH,f,4,0,7,B_BX_BX1
B,BX1,BX,h,h,HH,f,5,0,7,B_BX_BX1
B,BX16,BX,a,h,AH,f,1,19,7,B_BX_BX16
B,BX16,BX,a,h,AH,f,2,9,7,B_BX_BX16
B,BX16,BX,a,h,AH,f,3,0,7,B_BX_BX16
B,BX16,BX,a,h,AH,f,4,15,7,B_BX_BX16
B,BX16,BX,a,h,AH,f,5,10,7,B_BX_BX16
B,BX16,BX,a,h,AH,f,6,0,7,B_BX_BX16
B,BX16,BX,a,h,AH,f,7,1,7,B_BX_BX16
B,BY12,BY,a,h,AH,f,1,24,7,B_BY_BY12
B,BY12,BY,a,h,AH,f,2,18,7,B_BY_BY12
B,BY12,BY,a,h,AH,f,3,28,7,B_BY_BY12
B,BY12,BY,a,h,AH,f,4,8,7,B_BY_BY12
B,BY12,BY,a,h,AH,f,5,0,7,B_BY_BY12
B,BY12,BY,a,h,AH,f,6,0,7,B_BY_BY12
B,BY12,BY,a,h,AH,f,7,0,7,B_BY_BY12
B,BY18,BY,a,h,AH,f,1,26,7,B_BY_BY18
B,BY18,BY,a,h,AH,f,2,24,7,B_BY_BY18
B,BY18,BY,a,h,AH,f,3,14,7,B_BY_BY18
B,BY18,BY,a,h,AH,f,4,4,7,B_BY_BY18
B,BY18,BY,a,h,AH,f,5,9,7,B_BY_BY18
B,BY18,BY,a,h,AH,f,6,0,7,B_BY_BY18
B,BY18,BY,a,h,AH,f,7,0,7,B_BY_BY18
B,B?7,Bom,a,h,AH,f,1,24,7,B_Bom_B?7
B,B?7,Bom,a,h,AH,f,2,16,7,B_Bom_B?7
B,B?7,Bom,a,h,AH,f,3,22,7,B_Bom_B?7
B,B?7,Bom,a,h,AH,f,4,9,7,B_Bom_B?7
B,B?7,Bom,a,h,AH,f,5,7,7,B_Bom_B?7
B,B?7,Bom,a,h,AH,f,6,1,7,B_Bom_B?7
B,B?7,Bom,a,h,AH,f,7,0,7,B_Bom_B?7
C,C?3,Cpi,a,h,AH,f,1,37,7,C_Cpi_C?3
C,C?3,Cpi,a,h,AH,f,2,16,7,C_Cpi_C?3
C,C?3,Cpi,a,h,AH,f,3,14,7,C_Cpi_C?3
C,C?3,Cpi,a,h,AH,f,4,9,7,C_Cpi_C?3
C,C?3,Cpi,a,h,AH,f,5,1,7,C_Cpi_C?3
C,C?3,Cpi,a,h,AH,f,6,0,7,C_Cpi_C?3
C,CD24,CD,a,h,AH,f,1,28,7,C_CD_CD24
C,CD24,CD,a,h,AH,f,2,30,7,C_CD_CD24
C,CD24,CD,a,h,AH,f,3,15,7,C_CD_CD24
C,CD24,CD,a,h,AH,f,4,1,7,C_CD_CD24
C,CD24,CD,a,h,AH,f,5,0,7,C_CD_CD24
C,CD24,CD,a,h,AH,f,6,0,7,C_CD_CD24
C,CD24,CD,a,h,AH,f,7,0,7,C_CD_CD24
C,CD3,CD,a,h,AH,f,1,15,7,C_CD_CD3
C,CD3,CD,a,h,AH,f,2,0,7,C_CD_CD3
C,CD3,CD,a,h,AH,f,3,1,7,C_CD_CD3
C,CD3,CD,a,h,AH,f,4,6,7,C_CD_CD3
C,CD3,CD,a,h,AH,f,5,13,7,C_CD_CD3
C,CD3,CD,a,h,AH,f,6,0,7,C_CD_CD3
C,CD3,CD,a,h,AH,f,7,0,7,C_CD_CD3
C,CF3,CF,a,h,AH,f,1,22,7,C_CF_CF3
C,CF3,CF,a,h,AH,f,2,13,7,C_CF_CF3
C,CF3,CF,a,h,AH,f,3,5,7,C_CF_CF3
C,CF3,CF,a,h,AH,f,4,15,7,C_CF_CF3
C,CF3,CF,a,h,AH,f,5,4,7,C_CF_CF3
C,CF3,CF,a,h,AH,f,6,9,7,C_CF_CF3
C,CF3,CF,a,h,AH,f,7,0,7,C_CF_CF3
C,CG17,CG,h,h,HH,f,1,16,7,C_CG_CG17
C,CG17,CG,h,h,HH,f,2,4,7,C_CG_CG17
C,CG17,CG,h,h,HH,f,3,0,7,C_CG_CG17
C,CG17,CG,h,h,HH,f,4,0,7,C_CG_CG17
C,CK1,CK,h,h,HH,f,1,6,7,C_CK_CK1
C,CK1,CK,h,h,HH,f,2,0,7,C_CK_CK1
C,CK1,CK,h,h,HH,f,3,0,7,C_CK_CK1
C,CK1,CK,h,h,HH,f,4,0,7,C_CK_CK1
C,CK1,CK,h,h,HH,f,5,0,7,C_CK_CK1
C,CK1,CK,h,h,HH,f,6,0,7,C_CK_CK1
C,CK9,CK,a,h,AH,f,1,21,7,C_CK_CK9
C,CK9,CK,a,h,AH,f,2,0,7,C_CK_CK9
C,CK9,CK,a,h,AH,f,3,0,7,C_CK_CK9
C,CK9,CK,a,h,AH,f,4,0,7,C_CK_CK9
C,CK9,CK,a,h,AH,f,5,1,7,C_CK_CK9
C,CK9,CK,a,h,AH,f,6,0,7,C_CK_CK9
C,CK9,CK,a,h,AH,f,7,0,7,C_CK_CK9
C,CO1,CO,h,h,HH,f,1,1,7,C_CO_CO1
C,CO1,CO,h,h,HH,f,2,0,7,C_CO_CO1
C,CO1,CO,h,h,HH,f,3,0,7,C_CO_CO1
C,CO1,CO,h,h,HH,f,4,0,7,C_CO_CO1
C,CO1,CO,h,h,HH,f,5,0,7,C_CO_CO1
C,CO1,CO,h,h,HH,f,6,0,7,C_CO_CO1
C,CO1,CO,h,h,HH,f,7,0,7,C_CO_CO1
C,CP10,CP,h,h,HH,f,1,0,7,C_CP_CP10
C,CP10,CP,h,h,HH,f,2,0,7,C_CP_CP10
C,CP10,CP,h,h,HH,f,3,0,7,C_CP_CP10
C,CP10,CP,h,h,HH,f,4,0,7,C_CP_CP10
C,CP10,CP,h,h,HH,f,5,0,7,C_CP_CP10
C,CP10,CP,h,h,HH,f,6,0,7,C_CP_CP10
C,CP10,CP,h,h,HH,f,7,0,7,C_CP_CP10
C,CP6,CP,a,h,AH,f,1,42,7,C_CP_CP6
C,CP6,CP,a,h,AH,f,2,24,7,C_CP_CP6
C,CP6,CP,a,h,AH,f,3,12,7,C_CP_CP6
C,CP6,CP,a,h,AH,f,4,3,7,C_CP_CP6
C,CP6,CP,a,h,AH,f,5,1,7,C_CP_CP6
C,CP6,CP,a,h,AH,f,6,0,7,C_CP_CP6
C,CR17,CR,h,h,HH,f,1,0,7,C_CR_CR17
C,CR17,CR,h,h,HH,f,2,0,7,C_CR_CR17
C,CR17,CR,h,h,HH,f,4,0,7,C_CR_CR17
C,CR17,CR,h,h,HH,f,5,0,7,C_CR_CR17
C,CR17,CR,h,h,HH,f,6,0,7,C_CR_CR17
C,CR17,CR,h,h,HH,f,7,0,7,C_CR_CR17
C,CU12,CU,a,h,AH,f,1,22,7,C_CU_CU12
C,CU12,CU,a,h,AH,f,2,25,7,C_CU_CU12
C,CU12,CU,a,h,AH,f,3,24,7,C_CU_CU12
C,CU12,CU,a,h,AH,f,4,5,7,C_CU_CU12
C,CU12,CU,a,h,AH,f,5,13,7,C_CU_CU12
C,CU12,CU,a,h,AH,f,6,1,7,C_CU_CU12
C,CU12,CU,a,h,AH,f,7,0,7,C_CU_CU12
C,CU3,CU,a,h,AH,f,1,33,7,C_CU_CU3
C,CU3,CU,a,h,AH,f,2,24,7,C_CU_CU3
C,CU3,CU,a,h,AH,f,3,17,7,C_CU_CU3
C,CU3,CU,a,h,AH,f,4,0,7,C_CU_CU3
C,CU3,CU,a,h,AH,f,5,0,7,C_CU_CU3
C,CU3,CU,a,h,AH,f,6,16,7,C_CU_CU3
C,CU3,CU,a,h,AH,f,7,0,7,C_CU_CU3
C,CU6,CU,a,h,AH,f,1,30,7,C_CU_CU6
C,CU6,CU,a,h,AH,f,2,30,7,C_CU_CU6
C,CU6,CU,a,h,AH,f,3,15,7,C_CU_CU6
C,CU6,CU,a,h,AH,f,4,11,7,C_CU_CU6
C,CU6,CU,a,h,AH,f,5,4,7,C_CU_CU6
C,CU6,CU,a,h,AH,f,6,0,7,C_CU_CU6
C,CU6,CU,a,h,AH,f,7,0,7,C_CU_CU6
A,AA8,AA,h,h,HH,f,1,20,8,A_AA_AA8
A,AA8,AA,h,h,HH,f,2,8,8,A_AA_AA8
A,AA8,AA,h,h,HH,f,3,35,8,A_AA_AA8
A,AA8,AA,h,h,HH,f,4,1,8,A_AA_AA8
A,AA8,AA,h,h,HH,f,5,0,8,A_AA_AA8
A,AA8,AA,h,h,HH,f,6,1,8,A_AA_AA8
A,AA8,AA,h,h,HH,f,7,13,8,A_AA_AA8
A,AA8,AA,h,h,HH,f,8,6,8,A_AA_AA8
A,AC13,AC,a,h,AH,f,1,7,8,A_AC_AC13
A,AC13,AC,a,h,AH,f,2,0,8,A_AC_AC13
A,AC13,AC,a,h,AH,f,3,0,8,A_AC_AC13
A,AC13,AC,a,h,AH,f,4,0,8,A_AC_AC13
A,AC13,AC,a,h,AH,f,5,12,8,A_AC_AC13
A,AC13,AC,a,h,AH,f,6,9,8,A_AC_AC13
A,AC13,AC,a,h,AH,f,7,2,8,A_AC_AC13
A,AC13,AC,a,h,AH,f,8,0,8,A_AC_AC13
A,AC15,AC,h,a,HA,f,1,23,8,A_AC_AC15
A,AC15,AC,h,a,HA,f,2,6,8,A_AC_AC15
A,AC15,AC,h,a,HA,f,3,4,8,A_AC_AC15
A,AC15,AC,h,a,HA,f,4,1,8,A_AC_AC15
A,AC15,AC,h,a,HA,f,5,1,8,A_AC_AC15
A,AC15,AC,h,a,HA,f,6,0,8,A_AC_AC15
A,AC15,AC,h,a,HA,f,7,0,8,A_AC_AC15
A,AC15,AC,h,a,HA,f,8,0,8,A_AC_AC15
A,AK14,AK,h,h,HH,f,1,1,8,A_AK_AK14
A,AK14,AK,h,h,HH,f,2,0,8,A_AK_AK14
A,AK14,AK,h,h,HH,f,3,0,8,A_AK_AK14
A,AK14,AK,h,h,HH,f,4,0,8,A_AK_AK14
A,AK14,AK,h,h,HH,f,5,3,8,A_AK_AK14
A,AK14,AK,h,h,HH,f,6,1,8,A_AK_AK14
A,AK14,AK,h,h,HH,f,7,0,8,A_AK_AK14
A,AK14,AK,h,h,HH,f,8,0,8,A_AK_AK14
A,AM11,AM,h,a,HA,f,1,0,8,A_AM_AM11
A,AM11,AM,h,a,HA,f,2,0,8,A_AM_AM11
A,AM11,AM,h,a,HA,f,3,0,8,A_AM_AM11
A,AM11,AM,h,a,HA,f,4,0,8,A_AM_AM11
A,AM11,AM,h,a,HA,f,5,0,8,A_AM_AM11
A,AM11,AM,h,a,HA,f,6,0,8,A_AM_AM11
A,AM11,AM,h,a,HA,f,7,0,8,A_AM_AM11
A,AM11,AM,h,a,HA,f,8,0,8,A_AM_AM11
A,AP13,AP,a,a,AA,f,1,23,8,A_AP_AP13
A,AP13,AP,a,a,AA,f,2,16,8,A_AP_AP13
A,AP13,AP,a,a,AA,f,3,16,8,A_AP_AP13
A,AP13,AP,a,a,AA,f,4,13,8,A_AP_AP13
A,AP13,AP,a,a,AA,f,5,11,8,A_AP_AP13
A,AP13,AP,a,a,AA,f,6,9,8,A_AP_AP13
A,AP13,AP,a,a,AA,f,7,5,8,A_AP_AP13
A,AQ7,AQ,h,a,HA,f,1,14,8,A_AQ_AQ7
A,AQ7,AQ,h,a,HA,f,2,8,8,A_AQ_AQ7
A,AQ7,AQ,h,a,HA,f,3,6,8,A_AQ_AQ7
A,AQ7,AQ,h,a,HA,f,4,6,8,A_AQ_AQ7
A,AQ7,AQ,h,a,HA,f,5,0,8,A_AQ_AQ7
A,AQ7,AQ,h,a,HA,f,6,0,8,A_AQ_AQ7
A,AQ7,AQ,h,a,HA,f,7,0,8,A_AQ_AQ7
A,AQ7,AQ,h,a,HA,f,8,0,8,A_AQ_AQ7
A,AW2,AW,h,h,HH,f,1,0,8,A_AW_AW2
A,AW2,AW,h,h,HH,f,2,0,8,A_AW_AW2
A,AW2,AW,h,h,HH,f,3,0,8,A_AW_AW2
A,AW2,AW,h,h,HH,f,4,0,8,A_AW_AW2
A,AW2,AW,h,h,HH,f,5,0,8,A_AW_AW2
A,AW2,AW,h,h,HH,f,6,0,8,A_AW_AW2
A,AW2,AW,h,h,HH,f,7,0,8,A_AW_AW2
A,AW2,AW,h,h,HH,f,8,0,8,A_AW_AW2
A,AZ8,AZ,h,a,HA,f,1,16,8,A_AZ_AZ8
A,AZ8,AZ,h,a,HA,f,2,9,8,A_AZ_AZ8
A,AZ8,AZ,h,a,HA,f,3,9,8,A_AZ_AZ8
A,AZ8,AZ,h,a,HA,f,4,0,8,A_AZ_AZ8
A,AZ8,AZ,h,a,HA,f,5,0,8,A_AZ_AZ8
A,AZ8,AZ,h,a,HA,f,6,0,8,A_AZ_AZ8
A,AZ8,AZ,h,a,HA,f,7,0,8,A_AZ_AZ8
A,AZ8,AZ,h,a,HA,f,8,0,8,A_AZ_AZ8
B,B?22,Bpi,h,a,HA,f,1,1,8,B_Bpi_B?22
B,B?22,Bpi,h,a,HA,f,2,0,8,B_Bpi_B?22
B,B?22,Bpi,h,a,HA,f,3,1,8,B_Bpi_B?22
B,B?22,Bpi,h,a,HA,f,4,0,8,B_Bpi_B?22
B,B?22,Bpi,h,a,HA,f,5,0,8,B_Bpi_B?22
B,B?22,Bpi,h,a,HA,f,6,0,8,B_Bpi_B?22
B,BA26,BA,h,a,HA,f,1,12,8,B_BA_BA26
B,BA26,BA,h,a,HA,f,2,1,8,B_BA_BA26
B,BA26,BA,h,a,HA,f,3,2,8,B_BA_BA26
B,BA26,BA,h,a,HA,f,4,1,8,B_BA_BA26
B,BA26,BA,h,a,HA,f,5,1,8,B_BA_BA26
B,BA26,BA,h,a,HA,f,6,1,8,B_BA_BA26
B,BA26,BA,h,a,HA,f,7,0,8,B_BA_BA26
B,BA26,BA,h,a,HA,f,8,0,8,B_BA_BA26
B,BA27,BA,a,h,AH,f,1,19,8,B_BA_BA27
B,BA27,BA,a,h,AH,f,2,19,8,B_BA_BA27
B,BA27,BA,a,h,AH,f,3,6,8,B_BA_BA27
B,BA27,BA,a,h,AH,f,4,8,8,B_BA_BA27
B,BA27,BA,a,h,AH,f,5,3,8,B_BA_BA27
B,BA27,BA,a,h,AH,f,6,10,8,B_BA_BA27
B,BA27,BA,a,h,AH,f,7,0,8,B_BA_BA27
B,BA27,BA,a,h,AH,f,8,0,8,B_BA_BA27
B,BC30,BC,a,h,AH,f,1,25,8,B_BC_BC30
B,BC30,BC,a,h,AH,f,2,23,8,B_BC_BC30
B,BC30,BC,a,h,AH,f,3,7,8,B_BC_BC30
B,BC30,BC,a,h,AH,f,4,2,8,B_BC_BC30
B,BC30,BC,a,h,AH,f,5,7,8,B_BC_BC30
B,BC30,BC,a,h,AH,f,6,1,8,B_BC_BC30
B,BC30,BC,a,h,AH,f,7,0,8,B_BC_BC30
B,BC30,BC,a,h,AH,f,8,0,8,B_BC_BC30
B,BG18,BG,a,h,AH,f,1,15,8,B_BG_BG18
B,BG18,BG,a,h,AH,f,2,0,8,B_BG_BG18
B,BG18,BG,a,h,AH,f,3,0,8,B_BG_BG18
B,BG18,BG,a,h,AH,f,4,0,8,B_BG_BG18
B,BG18,BG,a,h,AH,f,5,0,8,B_BG_BG18
B,BG18,BG,a,h,AH,f,6,2,8,B_BG_BG18
B,BG18,BG,a,h,AH,f,7,1,8,B_BG_BG18
B,BG18,BG,a,h,AH,f,8,7,8,B_BG_BG18
B,BI13,BI,h,a,HA,f,1,26,8,B_BI_BI13
B,BI13,BI,h,a,HA,f,3,8,8,B_BI_BI13
B,BI13,BI,h,a,HA,f,4,10,8,B_BI_BI13
B,BI13,BI,h,a,HA,f,5,8,8,B_BI_BI13
B,BI13,BI,h,a,HA,f,6,4,8,B_BI_BI13
B,BI13,BI,h,a,HA,f,7,3,8,B_BI_BI13
B,BI13,BI,h,a,HA,f,8,0,8,B_BI_BI13
B,BI4,BI,h,h,HH,f,1,47,8,B_BI_BI4
B,BI4,BI,h,h,HH,f,2,18,8,B_BI_BI4
B,BI4,BI,h,h,HH,f,3,16,8,B_BI_BI4
B,BI4,BI,h,h,HH,f,4,6,8,B_BI_BI4
B,BI4,BI,h,h,HH,f,5,0,8,B_BI_BI4
B,BI4,BI,h,h,HH,f,6,1,8,B_BI_BI4
B,BI4,BI,h,h,HH,f,7,0,8,B_BI_BI4
B,BJ17,BJ,h,h,HH,f,1,0,8,B_BJ_BJ17
B,BJ17,BJ,h,h,HH,f,2,0,8,B_BJ_BJ17
B,BJ17,BJ,h,h,HH,f,3,0,8,B_BJ_BJ17
B,BJ17,BJ,h,h,HH,f,4,0,8,B_BJ_BJ17
B,BJ17,BJ,h,h,HH,f,5,0,8,B_BJ_BJ17
B,BJ17,BJ,h,h,HH,f,6,0,8,B_BJ_BJ17
B,BJ17,BJ,h,h,HH,f,7,0,8,B_BJ_BJ17
B,BJ17,BJ,h,h,HH,f,8,0,8,B_BJ_BJ17
B,BL2,BL,h,h,HH,f,1,12,8,B_BL_BL2
B,BL2,BL,h,h,HH,f,2,10,8,B_BL_BL2
B,BL2,BL,h,h,HH,f,3,8,8,B_BL_BL2
B,BL2,BL,h,h,HH,f,4,8,8,B_BL_BL2
B,BL2,BL,h,h,HH,f,5,8,8,B_BL_BL2
B,BL2,BL,h,h,HH,f,6,8,8,B_BL_BL2
B,BL2,BL,h,h,HH,f,7,1,8,B_BL_BL2
B,BL2,BL,h,h,HH,f,8,0,8,B_BL_BL2
B,BQ30,BQ,a,a,AA,f,1,9,16,B_BQ_BQ30
B,BQ30,BQ,a,a,AA,f,2,11,16,B_BQ_BQ30
B,BQ30,BQ,a,a,AA,f,3,7,16,B_BQ_BQ30
B,BQ30,BQ,a,a,AA,f,4,9,16,B_BQ_BQ30
B,BQ30,BQ,a,a,AA,f,5,6,16,B_BQ_BQ30
B,BQ30,BQ,a,a,AA,f,6,7,16,B_BQ_BQ30
B,BQ30,BQ,a,a,AA,f,7,7,16,B_BQ_BQ30
B,BQ30,BQ,a,a,AA,f,8,5,16,B_BQ_BQ30
B,BQ30,BQ,a,a,AA,f,9,3,16,B_BQ_BQ30
B,BQ30,BQ,a,a,AA,f,10,3,16,B_BQ_BQ30
B,BQ30,BQ,a,a,AA,f,11,2,16,B_BQ_BQ30
B,BQ30,BQ,a,a,AA,f,12,0,16,B_BQ_BQ30
B,BQ30,BQ,a,a,AA,f,13,1,16,B_BQ_BQ30
B,BQ30,BQ,a,a,AA,f,14,0,16,B_BQ_BQ30
B,BQ30,BQ,a,a,AA,f,15,0,16,B_BQ_BQ30
B,BQ30,BQ,a,a,AA,f,16,0,16,B_BQ_BQ30
B,BS12,BS,a,h,AH,f,1,19,8,B_BS_BS12
B,BS12,BS,a,h,AH,f,2,13,8,B_BS_BS12
B,BS12,BS,a,h,AH,f,3,13,8,B_BS_BS12
B,BS12,BS,a,h,AH,f,4,11,8,B_BS_BS12
B,BS12,BS,a,h,AH,f,5,0,8,B_BS_BS12
B,BS12,BS,a,h,AH,f,6,8,8,B_BS_BS12
B,BS12,BS,a,h,AH,f,7,3,8,B_BS_BS12
B,BS12,BS,a,h,AH,f,8,0,8,B_BS_BS12
B,BS21,BS,a,h,AH,f,1,32,8,B_BS_BS21
B,BS21,BS,a,h,AH,f,2,21,8,B_BS_BS21
B,BS21,BS,a,h,AH,f,3,13,8,B_BS_BS21
B,BS21,BS,a,h,AH,f,4,12,8,B_BS_BS21
B,BS21,BS,a,h,AH,f,5,2,8,B_BS_BS21
B,BS21,BS,a,h,AH,f,6,2,8,B_BS_BS21
B,BS21,BS,a,h,AH,f,7,1,8,B_BS_BS21
B,BS21,BS,a,h,AH,f,8,0,8,B_BS_BS21
B,BU2,BU,h,a,HA,f,1,20,8,B_BU_BU2
B,BU2,BU,h,a,HA,f,2,6,8,B_BU_BU2
B,BU2,BU,h,a,HA,f,3,0,8,B_BU_BU2
B,BU2,BU,h,a,HA,f,4,0,8,B_BU_BU2
B,BU2,BU,h,a,HA,f,5,3,8,B_BU_BU2
B,BU2,BU,h,a,HA,f,6,3,8,B_BU_BU2
B,BU2,BU,h,a,HA,f,7,1,8,B_BU_BU2
B,BU2,BU,h,a,HA,f,8,0,8,B_BU_BU2
B,BV12,BV,a,h,AH,f,1,21,8,B_BV_BV12
B,BV12,BV,a,h,AH,f,2,25,8,B_BV_BV12
B,BV12,BV,a,h,AH,f,3,13,8,B_BV_BV12
B,BV12,BV,a,h,AH,f,4,13,8,B_BV_BV12
B,BV12,BV,a,h,AH,f,5,3,8,B_BV_BV12
B,BV12,BV,a,h,AH,f,6,4,8,B_BV_BV12
B,BV12,BV,a,h,AH,f,7,1,8,B_BV_BV12
B,BV12,BV,a,h,AH,f,8,0,8,B_BV_BV12
B,BX13,BX,h,h,HH,f,1,0,8,B_BX_BX13
B,BX13,BX,h,h,HH,f,2,0,8,B_BX_BX13
B,BX13,BX,h,h,HH,f,3,0,8,B_BX_BX13
B,BX13,BX,h,h,HH,f,4,0,8,B_BX_BX13
B,BX13,BX,h,h,HH,f,5,0,8,B_BX_BX13
B,BX13,BX,h,h,HH,f,6,0,8,B_BX_BX13
B,BX13,BX,h,h,HH,f,7,0,8,B_BX_BX13
B,BX13,BX,h,h,HH,f,8,0,8,B_BX_BX13
C,C?12,Cpi,a,h,AH,f,1,22,8,C_Cpi_C?12
C,C?12,Cpi,a,h,AH,f,2,0,8,C_Cpi_C?12
C,C?12,Cpi,a,h,AH,f,3,0,8,C_Cpi_C?12
C,C?12,Cpi,a,h,AH,f,4,0,8,C_Cpi_C?12
C,C?12,Cpi,a,h,AH,f,5,0,8,C_Cpi_C?12
C,C?12,Cpi,a,h,AH,f,6,0,8,C_Cpi_C?12
C,C?12,Cpi,a,h,AH,f,7,13,8,C_Cpi_C?12
C,C?12,Cpi,a,h,AH,f,8,0,8,C_Cpi_C?12
C,CA18,CA,a,h,AH,f,1,22,8,C_CA_CA18
C,CA18,CA,a,h,AH,f,2,4,8,C_CA_CA18
C,CA18,CA,a,h,AH,f,3,0,8,C_CA_CA18
C,CA18,CA,a,h,AH,f,4,0,8,C_CA_CA18
C,CA18,CA,a,h,AH,f,5,0,8,C_CA_CA18
C,CA18,CA,a,h,AH,f,6,0,8,C_CA_CA18
C,CA18,CA,a,h,AH,f,7,0,8,C_CA_CA18
C,CA18,CA,a,h,AH,f,8,0,8,C_CA_CA18
C,CC24,CC,a,h,AH,f,1,18,8,C_CC_CC24
C,CC24,CC,a,h,AH,f,2,0,8,C_CC_CC24
C,CC24,CC,a,h,AH,f,3,1,8,C_CC_CC24
C,CC24,CC,a,h,AH,f,4,2,8,C_CC_CC24
C,CC24,CC,a,h,AH,f,5,4,8,C_CC_CC24
C,CC24,CC,a,h,AH,f,6,3,8,C_CC_CC24
C,CC24,CC,a,h,AH,f,7,4,8,C_CC_CC24
C,CC24,CC,a,h,AH,f,8,0,8,C_CC_CC24
C,CC29,CC,a,h,AH,f,1,23,8,C_CC_CC29
C,CC29,CC,a,h,AH,f,2,10,8,C_CC_CC29
C,CC29,CC,a,h,AH,f,3,21,8,C_CC_CC29
C,CC29,CC,a,h,AH,f,4,16,8,C_CC_CC29
C,CC29,CC,a,h,AH,f,5,10,8,C_CC_CC29
C,CC29,CC,a,h,AH,f,6,4,8,C_CC_CC29
C,CC29,CC,a,h,AH,f,7,1,8,C_CC_CC29
C,CC29,CC,a,h,AH,f,8,0,8,C_CC_CC29
C,CE3,CE,a,h,AH,f,1,9,8,C_CE_CE3
C,CE3,CE,a,h,AH,f,2,0,8,C_CE_CE3
C,CE3,CE,a,h,AH,f,3,0,8,C_CE_CE3
C,CE3,CE,a,h,AH,f,4,0,8,C_CE_CE3
C,CE3,CE,a,h,AH,f,5,0,8,C_CE_CE3
C,CE3,CE,a,h,AH,f,6,3,8,C_CE_CE3
C,CE3,CE,a,h,AH,f,7,0,8,C_CE_CE3
C,CF29,CF,h,h,HH,f,1,0,8,C_CF_CF29
C,CF29,CF,h,h,HH,f,2,0,8,C_CF_CF29
C,CF29,CF,h,h,HH,f,3,0,8,C_CF_CF29
C,CF29,CF,h,h,HH,f,4,2,8,C_CF_CF29
C,CF29,CF,h,h,HH,f,5,0,8,C_CF_CF29
C,CF29,CF,h,h,HH,f,6,0,8,C_CF_CF29
C,CF29,CF,h,h,HH,f,7,0,8,C_CF_CF29
C,CF29,CF,h,h,HH,f,8,0,8,C_CF_CF29
C,CG29,CG,h,h,HH,f,1,0,8,C_CG_CG29
C,CG29,CG,h,h,HH,f,2,0,8,C_CG_CG29
C,CG29,CG,h,h,HH,f,3,0,8,C_CG_CG29
C,CG29,CG,h,h,HH,f,4,0,8,C_CG_CG29
C,CG29,CG,h,h,HH,f,5,0,8,C_CG_CG29
C,CG29,CG,h,h,HH,f,6,0,8,C_CG_CG29
C,CG29,CG,h,h,HH,f,7,0,8,C_CG_CG29
C,CG29,CG,h,h,HH,f,8,0,8,C_CG_CG29
C,CH24,CH,a,h,AH,f,1,30,8,C_CH_CH24
C,CH24,CH,a,h,AH,f,2,0,8,C_CH_CH24
C,CH24,CH,a,h,AH,f,3,16,8,C_CH_CH24
C,CH24,CH,a,h,AH,f,4,3,8,C_CH_CH24
C,CH24,CH,a,h,AH,f,5,2,8,C_CH_CH24
C,CH24,CH,a,h,AH,f,6,11,8,C_CH_CH24
C,CH24,CH,a,h,AH,f,7,2,8,C_CH_CH24
C,CH24,CH,a,h,AH,f,8,0,8,C_CH_CH24
C,CI2,CI,h,h,HH,f,1,0,8,C_CI_CI2
C,CI2,CI,h,h,HH,f,2,0,8,C_CI_CI2
C,CI2,CI,h,h,HH,f,3,0,8,C_CI_CI2
C,CI2,CI,h,h,HH,f,4,0,8,C_CI_CI2
C,CI2,CI,h,h,HH,f,5,0,8,C_CI_CI2
C,CI2,CI,h,h,HH,f,6,0,8,C_CI_CI2
C,CI2,CI,h,h,HH,f,7,0,8,C_CI_CI2
C,CI2,CI,h,h,HH,f,8,0,8,C_CI_CI2
C,CO10,CO,h,h,HH,f,1,1,8,C_CO_CO10
C,CO10,CO,h,h,HH,f,2,0,8,C_CO_CO10
C,CO10,CO,h,h,HH,f,3,0,8,C_CO_CO10
C,CO10,CO,h,h,HH,f,4,0,8,C_CO_CO10
C,CO10,CO,h,h,HH,f,5,0,8,C_CO_CO10
C,CO10,CO,h,h,HH,f,6,0,8,C_CO_CO10
C,CO10,CO,h,h,HH,f,7,0,8,C_CO_CO10
C,CO10,CO,h,h,HH,f,8,0,8,C_CO_CO10
C,CO20,CO,h,h,HH,f,1,2,8,C_CO_CO20
C,CO20,CO,h,h,HH,f,2,1,8,C_CO_CO20
C,CO20,CO,h,h,HH,f,3,0,8,C_CO_CO20
C,CO20,CO,h,h,HH,f,4,0,8,C_CO_CO20
C,CO20,CO,h,h,HH,f,5,0,8,C_CO_CO20
C,CO20,CO,h,h,HH,f,6,0,8,C_CO_CO20
C,CO20,CO,h,h,HH,f,7,1,8,C_CO_CO20
C,CO20,CO,h,h,HH,f,8,0,8,C_CO_CO20
C,CT2,CT,h,h,HH,f,1,0,8,C_CT_CT2
C,CT2,CT,h,h,HH,f,2,0,8,C_CT_CT2
C,CT2,CT,h,h,HH,f,3,0,8,C_CT_CT2
C,CT2,CT,h,h,HH,f,4,0,8,C_CT_CT2
C,CT2,CT,h,h,HH,f,5,0,8,C_CT_CT2
C,CT2,CT,h,h,HH,f,6,0,8,C_CT_CT2
C,CT2,CT,h,h,HH,f,7,0,8,C_CT_CT2
C,CT2,CT,h,h,HH,f,8,0,8,C_CT_CT2
C,CT29,CT,h,h,HH,f,1,0,8,C_CT_CT29
C,CT29,CT,h,h,HH,f,2,0,8,C_CT_CT29
C,CT29,CT,h,h,HH,f,3,0,8,C_CT_CT29
C,CT29,CT,h,h,HH,f,4,2,8,C_CT_CT29
C,CT29,CT,h,h,HH,f,5,0,8,C_CT_CT29
C,CT29,CT,h,h,HH,f,6,0,8,C_CT_CT29
C,CT29,CT,h,h,HH,f,7,0,8,C_CT_CT29
C,CT29,CT,h,h,HH,f,8,0,8,C_CT_CT29
C,CW12,CW,a,h,AH,f,1,33,8,C_CW_CW12
C,CW12,CW,a,h,AH,f,2,1,8,C_CW_CW12
C,CW12,CW,a,h,AH,f,3,0,8,C_CW_CW12
C,CW12,CW,a,h,AH,f,4,0,8,C_CW_CW12
C,CW12,CW,a,h,AH,f,5,21,8,C_CW_CW12
C,CW12,CW,a,h,AH,f,6,0,8,C_CW_CW12
C,CW12,CW,a,h,AH,f,7,6,8,C_CW_CW12
C,CW12,CW,a,h,AH,f,8,3,8,C_CW_CW12
C,C?8,Com,h,h,HH,f,1,3,8,C_Com_C?8
C,C?8,Com,h,h,HH,f,2,0,8,C_Com_C?8
C,C?8,Com,h,h,HH,f,3,1,8,C_Com_C?8
C,C?8,Com,h,h,HH,f,4,0,8,C_Com_C?8
C,C?8,Com,h,h,HH,f,5,0,8,C_Com_C?8
C,C?8,Com,h,h,HH,f,6,1,8,C_Com_C?8
C,C?8,Com,h,h,HH,f,7,1,8,C_Com_C?8
C,C?8,Com,h,h,HH,f,8,0,8,C_Com_C?8
A,AD4,AD,h,h,HH,f,1,0,9,A_AD_AD4
A,AD4,AD,h,h,HH,f,2,0,9,A_AD_AD4
A,AD4,AD,h,h,HH,f,3,1,9,A_AD_AD4
A,AD4,AD,h,h,HH,f,4,0,9,A_AD_AD4
A,AD4,AD,h,h,HH,f,5,1,9,A_AD_AD4
A,AD4,AD,h,h,HH,f,6,0,9,A_AD_AD4
A,AD4,AD,h,h,HH,f,7,0,9,A_AD_AD4
A,AD4,AD,h,h,HH,f,8,0,9,A_AD_AD4
A,AD4,AD,h,h,HH,f,9,0,9,A_AD_AD4
A,AE12,AE,a,h,AH,f,1,14,9,A_AE_AE12
A,AE12,AE,a,h,AH,f,2,9,9,A_AE_AE12
A,AE12,AE,a,h,AH,f,3,13,9,A_AE_AE12
A,AE12,AE,a,h,AH,f,4,19,9,A_AE_AE12
A,AE12,AE,a,h,AH,f,5,15,9,A_AE_AE12
A,AE12,AE,a,h,AH,f,6,5,9,A_AE_AE12
A,AE12,AE,a,h,AH,f,7,2,9,A_AE_AE12
A,AE12,AE,a,h,AH,f,8,0,9,A_AE_AE12
A,AE12,AE,a,h,AH,f,9,0,9,A_AE_AE12
A,AI15,AI,a,a,AA,f,1,14,9,A_AI_AI15
A,AI15,AI,a,a,AA,f,2,17,9,A_AI_AI15
A,AI15,AI,a,a,AA,f,3,13,9,A_AI_AI15
A,AI15,AI,a,a,AA,f,4,11,9,A_AI_AI15
A,AI15,AI,a,a,AA,f,5,12,9,A_AI_AI15
A,AI15,AI,a,a,AA,f,6,8,9,A_AI_AI15
A,AI15,AI,a,a,AA,f,7,5,9,A_AI_AI15
A,AI15,AI,a,a,AA,f,8,4,9,A_AI_AI15
A,AI15,AI,a,a,AA,f,9,0,9,A_AI_AI15
A,AL3,AL,h,a,HA,f,1,11,9,A_AL_AL3
A,AL3,AL,h,a,HA,f,2,5,9,A_AL_AL3
A,AL3,AL,h,a,HA,f,3,10,9,A_AL_AL3
A,AL3,AL,h,a,HA,f,4,10,9,A_AL_AL3
A,AL3,AL,h,a,HA,f,5,1,9,A_AL_AL3
A,AL3,AL,h,a,HA,f,6,5,9,A_AL_AL3
A,AL3,AL,h,a,HA,f,7,1,9,A_AL_AL3
A,AL3,AL,h,a,HA,f,8,0,9,A_AL_AL3
A,AL3,AL,h,a,HA,f,9,0,9,A_AL_AL3
A,AO10,AO,h,h,HH,f,1,0,9,A_AO_AO10
A,AO10,AO,h,h,HH,f,2,0,9,A_AO_AO10
A,AO10,AO,h,h,HH,f,3,0,9,A_AO_AO10
A,AO10,AO,h,h,HH,f,4,0,9,A_AO_AO10
A,AO10,AO,h,h,HH,f,5,0,9,A_AO_AO10
A,AO10,AO,h,h,HH,f,6,0,9,A_AO_AO10
A,AO10,AO,h,h,HH,f,7,0,9,A_AO_AO10
A,AO10,AO,h,h,HH,f,8,0,9,A_AO_AO10
A,AO10,AO,h,h,HH,f,9,0,9,A_AO_AO10
A,AO4,AO,a,a,AA,f,1,15,9,A_AO_AO4
A,AO4,AO,a,a,AA,f,2,11,9,A_AO_AO4
A,AO4,AO,a,a,AA,f,3,6,9,A_AO_AO4
A,AO4,AO,a,a,AA,f,4,8,9,A_AO_AO4
A,AO4,AO,a,a,AA,f,5,7,9,A_AO_AO4
A,AO4,AO,a,a,AA,f,6,1,9,A_AO_AO4
A,AO4,AO,a,a,AA,f,7,3,9,A_AO_AO4
A,AO4,AO,a,a,AA,f,8,6,9,A_AO_AO4
A,AO4,AO,a,a,AA,f,9,4,9,A_AO_AO4
A,AR20,AR,h,h,HH,f,1,0,9,A_AR_AR20
A,AR20,AR,h,h,HH,f,2,0,9,A_AR_AR20
A,AR20,AR,h,h,HH,f,3,0,9,A_AR_AR20
A,AR20,AR,h,h,HH,f,4,0,9,A_AR_AR20
A,AR20,AR,h,h,HH,f,5,1,9,A_AR_AR20
A,AR20,AR,h,h,HH,f,6,0,9,A_AR_AR20
A,AR20,AR,h,h,HH,f,7,0,9,A_AR_AR20
A,AR20,AR,h,h,HH,f,8,1,9,A_AR_AR20
A,AS6,AS,a,h,AH,f,1,0,9,A_AS_AS6
A,AS6,AS,a,h,AH,f,2,0,9,A_AS_AS6
A,AS6,AS,a,h,AH,f,3,0,9,A_AS_AS6
A,AS6,AS,a,h,AH,f,4,0,9,A_AS_AS6
A,AS6,AS,a,h,AH,f,5,0,9,A_AS_AS6
A,AS6,AS,a,h,AH,f,6,1,9,A_AS_AS6
A,AS6,AS,a,h,AH,f,7,1,9,A_AS_AS6
A,AS6,AS,a,h,AH,f,8,0,9,A_AS_AS6
A,AS6,AS,a,h,AH,f,9,0,9,A_AS_AS6
A,AT1,AT,a,a,AA,f,1,19,9,A_AT_AT1
A,AT1,AT,a,a,AA,f,2,15,9,A_AT_AT1
A,AT1,AT,a,a,AA,f,3,15,9,A_AT_AT1
A,AT1,AT,a,a,AA,f,4,12,9,A_AT_AT1
A,AT1,AT,a,a,AA,f,5,13,9,A_AT_AT1
A,AT1,AT,a,a,AA,f,6,8,9,A_AT_AT1
A,AT1,AT,a,a,AA,f,7,5,9,A_AT_AT1
A,AT1,AT,a,a,AA,f,8,3,9,A_AT_AT1
A,AT1,AT,a,a,AA,f,9,0,9,A_AT_AT1
A,AT4,AT,h,h,HH,f,1,2,9,A_AT_AT4
A,AT4,AT,h,h,HH,f,2,0,9,A_AT_AT4
A,AT4,AT,h,h,HH,f,3,0,9,A_AT_AT4
A,AT4,AT,h,h,HH,f,4,0,9,A_AT_AT4
A,AT4,AT,h,h,HH,f,5,1,9,A_AT_AT4
A,AT4,AT,h,h,HH,f,6,0,9,A_AT_AT4
A,AT4,AT,h,h,HH,f,7,2,9,A_AT_AT4
A,AT4,AT,h,h,HH,f,8,0,9,A_AT_AT4
A,AU11,AU,a,a,AA,f,1,27,9,A_AU_AU11
A,AU11,AU,a,a,AA,f,2,12,9,A_AU_AU11
A,AU11,AU,a,a,AA,f,3,9,9,A_AU_AU11
A,AU11,AU,a,a,AA,f,4,12,9,A_AU_AU11
A,AU11,AU,a,a,AA,f,5,8,9,A_AU_AU11
A,AU11,AU,a,a,AA,f,6,4,9,A_AU_AU11
A,AU11,AU,a,a,AA,f,7,0,9,A_AU_AU11
A,AU11,AU,a,a,AA,f,8,0,9,A_AU_AU11
A,AU11,AU,a,a,AA,f,9,0,9,A_AU_AU11
A,AV12,AV,h,a,HA,f,1,15,9,A_AV_AV12
A,AV12,AV,h,a,HA,f,2,8,9,A_AV_AV12
A,AV12,AV,h,a,HA,f,3,9,9,A_AV_AV12
A,AV12,AV,h,a,HA,f,4,6,9,A_AV_AV12
A,AV12,AV,h,a,HA,f,5,9,9,A_AV_AV12
A,AV12,AV,h,a,HA,f,6,3,9,A_AV_AV12
A,AV12,AV,h,a,HA,f,7,5,9,A_AV_AV12
A,AV12,AV,h,a,HA,f,8,1,9,A_AV_AV12
A,AV12,AV,h,a,HA,f,9,0,9,A_AV_AV12
A,AW3,AW,a,h,AH,f,1,0,9,A_AW_AW3
A,AW3,AW,a,h,AH,f,2,0,9,A_AW_AW3
A,AW3,AW,a,h,AH,f,3,0,9,A_AW_AW3
A,AW3,AW,a,h,AH,f,4,0,9,A_AW_AW3
A,AW3,AW,a,h,AH,f,5,7,9,A_AW_AW3
A,AW3,AW,a,h,AH,f,6,0,9,A_AW_AW3
A,AW3,AW,a,h,AH,f,7,4,9,A_AW_AW3
A,AW3,AW,a,h,AH,f,8,3,9,A_AW_AW3
A,AW3,AW,a,h,AH,f,9,0,9,A_AW_AW3
A,AZ3,AZ,a,h,AH,f,1,8,9,A_AZ_AZ3
A,AZ3,AZ,a,h,AH,f,2,0,9,A_AZ_AZ3
A,AZ3,AZ,a,h,AH,f,3,0,9,A_AZ_AZ3
A,AZ3,AZ,a,h,AH,f,4,0,9,A_AZ_AZ3
A,AZ3,AZ,a,h,AH,f,5,5,9,A_AZ_AZ3
A,AZ3,AZ,a,h,AH,f,6,15,9,A_AZ_AZ3
A,AZ3,AZ,a,h,AH,f,7,1,9,A_AZ_AZ3
A,AZ3,AZ,a,h,AH,f,8,1,9,A_AZ_AZ3
A,AZ3,AZ,a,h,AH,f,9,0,9,A_AZ_AZ3
B,B?25,Btr,h,a,HA,f,1,20,9,B_Btr_B?25
B,B?25,Btr,h,a,HA,f,2,12,9,B_Btr_B?25
B,B?25,Btr,h,a,HA,f,3,11,9,B_Btr_B?25
B,B?25,Btr,h,a,HA,f,4,5,9,B_Btr_B?25
B,B?25,Btr,h,a,HA,f,5,8,9,B_Btr_B?25
B,B?25,Btr,h,a,HA,f,6,2,9,B_Btr_B?25
B,B?25,Btr,h,a,HA,f,7,2,9,B_Btr_B?25
B,B?25,Btr,h,a,HA,f,8,0,9,B_Btr_B?25
B,B?25,Btr,h,a,HA,f,9,0,9,B_Btr_B?25
B,B?29,Btr,h,a,HA,f,1,22,9,B_Btr_B?29
B,B?29,Btr,h,a,HA,f,2,11,9,B_Btr_B?29
B,B?29,Btr,h,a,HA,f,3,7,9,B_Btr_B?29
B,B?29,Btr,h,a,HA,f,4,9,9,B_Btr_B?29
B,B?29,Btr,h,a,HA,f,5,7,9,B_Btr_B?29
B,B?29,Btr,h,a,HA,f,6,3,9,B_Btr_B?29
B,B?29,Btr,h,a,HA,f,7,1,9,B_Btr_B?29
B,B?29,Btr,h,a,HA,f,8,1,9,B_Btr_B?29
B,B?29,Btr,h,a,HA,f,9,0,9,B_Btr_B?29
B,BC28,BC,h,a,HA,f,1,19,9,B_BC_BC28
B,BC28,BC,h,a,HA,f,2,13,9,B_BC_BC28
B,BC28,BC,h,a,HA,f,3,9,9,B_BC_BC28
B,BC28,BC,h,a,HA,f,4,6,9,B_BC_BC28
B,BC28,BC,h,a,HA,f,5,5,9,B_BC_BC28
B,BC28,BC,h,a,HA,f,6,3,9,B_BC_BC28
B,BC28,BC,h,a,HA,f,7,1,9,B_BC_BC28
B,BC28,BC,h,a,HA,f,8,1,9,B_BC_BC28
B,BC28,BC,h,a,HA,f,9,0,9,B_BC_BC28
B,BD12,BD,a,h,AH,f,1,29,9,B_BD_BD12
B,BD12,BD,a,h,AH,f,2,2,9,B_BD_BD12
B,BD12,BD,a,h,AH,f,3,0,9,B_BD_BD12
B,BD12,BD,a,h,AH,f,4,0,9,B_BD_BD12
B,BD12,BD,a,h,AH,f,5,8,9,B_BD_BD12
B,BD12,BD,a,h,AH,f,6,6,9,B_BD_BD12
B,BD12,BD,a,h,AH,f,7,7,9,B_BD_BD12
B,BD12,BD,a,h,AH,f,8,0,9,B_BD_BD12
B,BD12,BD,a,h,AH,f,9,0,9,B_BD_BD12
B,BD2,BD,h,a,HA,f,1,28,9,B_BD_BD2
B,BD2,BD,h,a,HA,f,2,7,9,B_BD_BD2
B,BD2,BD,h,a,HA,f,3,0,9,B_BD_BD2
B,BD2,BD,h,a,HA,f,4,11,9,B_BD_BD2
B,BD2,BD,h,a,HA,f,5,2,9,B_BD_BD2
B,BD2,BD,h,a,HA,f,6,0,9,B_BD_BD2
B,BD2,BD,h,a,HA,f,7,1,9,B_BD_BD2
B,BD2,BD,h,a,HA,f,8,0,9,B_BD_BD2
B,BD2,BD,h,a,HA,f,9,0,9,B_BD_BD2
B,BH19,BH,h,a,HA,f,1,25,9,B_BH_BH19
B,BH19,BH,h,a,HA,f,2,16,9,B_BH_BH19
B,BH19,BH,h,a,HA,f,3,12,9,B_BH_BH19
B,BH19,BH,h,a,HA,f,4,11,9,B_BH_BH19
B,BH19,BH,h,a,HA,f,5,4,9,B_BH_BH19
B,BH19,BH,h,a,HA,f,6,1,9,B_BH_BH19
B,BH19,BH,h,a,HA,f,7,1,9,B_BH_BH19
B,BH19,BH,h,a,HA,f,8,0,9,B_BH_BH19
B,BH19,BH,h,a,HA,f,9,0,9,B_BH_BH19
B,BK6,BK,a,h,AH,f,1,22,9,B_BK_BK6
B,BK6,BK,a,h,AH,f,2,7,9,B_BK_BK6
B,BK6,BK,a,h,AH,f,3,1,9,B_BK_BK6
B,BK6,BK,a,h,AH,f,4,1,9,B_BK_BK6
B,BK6,BK,a,h,AH,f,5,25,9,B_BK_BK6
B,BK6,BK,a,h,AH,f,6,4,9,B_BK_BK6
B,BK6,BK,a,h,AH,f,7,6,9,B_BK_BK6
B,BK6,BK,a,h,AH,f,8,2,9,B_BK_BK6
B,BK6,BK,a,h,AH,f,9,0,9,B_BK_BK6
B,BN2,BN,h,a,HA,f,1,20,9,B_BN_BN2
B,BN2,BN,h,a,HA,f,2,12,9,B_BN_BN2
B,BN2,BN,h,a,HA,f,3,11,9,B_BN_BN2
B,BN2,BN,h,a,HA,f,4,6,9,B_BN_BN2
B,BN2,BN,h,a,HA,f,5,5,9,B_BN_BN2
B,BN2,BN,h,a,HA,f,6,1,9,B_BN_BN2
B,BN2,BN,h,a,HA,f,7,0,9,B_BN_BN2
B,BN2,BN,h,a,HA,f,8,1,9,B_BN_BN2
B,BN2,BN,h,a,HA,f,9,0,9,B_BN_BN2
B,BP23,BP,h,a,HA,f,1,26,9,B_BP_BP23
B,BP23,BP,h,a,HA,f,2,12,9,B_BP_BP23
B,BP23,BP,h,a,HA,f,3,11,9,B_BP_BP23
B,BP23,BP,h,a,HA,f,4,12,9,B_BP_BP23
B,BP23,BP,h,a,HA,f,5,0,9,B_BP_BP23
B,BP23,BP,h,a,HA,f,6,2,9,B_BP_BP23
B,BP23,BP,h,a,HA,f,7,2,9,B_BP_BP23
B,BP23,BP,h,a,HA,f,8,9,9,B_BP_BP23
B,BP23,BP,h,a,HA,f,9,1,9,B_BP_BP23
B,BP25,BP,h,a,HA,f,1,23,9,B_BP_BP25
B,BP25,BP,h,a,HA,f,2,17,9,B_BP_BP25
B,BP25,BP,h,a,HA,f,3,8,9,B_BP_BP25
B,BP25,BP,h,a,HA,f,4,12,9,B_BP_BP25
B,BP25,BP,h,a,HA,f,5,8,9,B_BP_BP25
B,BP25,BP,h,a,HA,f,6,1,9,B_BP_BP25
B,BP25,BP,h,a,HA,f,7,4,9,B_BP_BP25
B,BP25,BP,h,a,HA,f,8,0,9,B_BP_BP25
B,BP25,BP,h,a,HA,f,9,0,9,B_BP_BP25
B,BQ16,BQ,h,h,HH,f,1,20,9,B_BQ_BQ16
B,BQ16,BQ,h,h,HH,f,2,12,9,B_BQ_BQ16
B,BQ16,BQ,h,h,HH,f,3,12,9,B_BQ_BQ16
B,BQ16,BQ,h,h,HH,f,4,11,9,B_BQ_BQ16
B,BQ16,BQ,h,h,HH,f,5,10,9,B_BQ_BQ16
B,BQ16,BQ,h,h,HH,f,6,2,9,B_BQ_BQ16
B,BQ16,BQ,h,h,HH,f,7,1,9,B_BQ_BQ16
B,BQ16,BQ,h,h,HH,f,8,0,9,B_BQ_BQ16
B,BQ16,BQ,h,h,HH,f,9,0,9,B_BQ_BQ16
B,BT7,BT,h,a,HA,f,1,17,9,B_BT_BT7
B,BT7,BT,h,a,HA,f,2,8,9,B_BT_BT7
B,BT7,BT,h,a,HA,f,3,11,9,B_BT_BT7
B,BT7,BT,h,a,HA,f,4,5,9,B_BT_BT7
B,BT7,BT,h,a,HA,f,5,6,9,B_BT_BT7
B,BT7,BT,h,a,HA,f,6,3,9,B_BT_BT7
B,BT7,BT,h,a,HA,f,7,2,9,B_BT_BT7
B,BT7,BT,h,a,HA,f,8,3,9,B_BT_BT7
B,BT7,BT,h,a,HA,f,9,0,9,B_BT_BT7
B,BV26,BV,h,a,HA,f,1,16,9,B_BV_BV26
B,BV26,BV,h,a,HA,f,2,9,9,B_BV_BV26
B,BV26,BV,h,a,HA,f,3,3,9,B_BV_BV26
B,BV26,BV,h,a,HA,f,4,6,9,B_BV_BV26
B,BV26,BV,h,a,HA,f,5,1,9,B_BV_BV26
B,BV26,BV,h,a,HA,f,6,0,9,B_BV_BV26
B,BV26,BV,h,a,HA,f,7,1,9,B_BV_BV26
B,BV26,BV,h,a,HA,f,8,0,9,B_BV_BV26
B,BV26,BV,h,a,HA,f,9,0,9,B_BV_BV26
B,BX24,BX,a,h,AH,f,1,21,9,B_BX_BX24
B,BX24,BX,a,h,AH,f,2,11,9,B_BX_BX24
B,BX24,BX,a,h,AH,f,3,9,9,B_BX_BX24
B,BX24,BX,a,h,AH,f,4,12,9,B_BX_BX24
B,BX24,BX,a,h,AH,f,5,7,9,B_BX_BX24
B,BX24,BX,a,h,AH,f,6,3,9,B_BX_BX24
B,BX24,BX,a,h,AH,f,7,6,9,B_BX_BX24
B,BX24,BX,a,h,AH,f,8,1,9,B_BX_BX24
B,BX24,BX,a,h,AH,f,9,0,9,B_BX_BX24
B,BY26,BY,h,a,HA,f,1,18,9,B_BY_BY26
B,BY26,BY,h,a,HA,f,2,10,9,B_BY_BY26
B,BY26,BY,h,a,HA,f,3,9,9,B_BY_BY26
B,BY26,BY,h,a,HA,f,4,7,9,B_BY_BY26
B,BY26,BY,h,a,HA,f,5,2,9,B_BY_BY26
B,BY26,BY,h,a,HA,f,6,4,9,B_BY_BY26
B,BY26,BY,h,a,HA,f,7,0,9,B_BY_BY26
B,BY26,BY,h,a,HA,f,8,0,9,B_BY_BY26
B,BY26,BY,h,a,HA,f,9,0,9,B_BY_BY26
B,B?11,Bom,h,a,HA,f,1,36,9,B_Bom_B?11
B,B?11,Bom,h,a,HA,f,2,12,9,B_Bom_B?11
B,B?11,Bom,h,a,HA,f,3,9,9,B_Bom_B?11
B,B?11,Bom,h,a,HA,f,4,5,9,B_Bom_B?11
B,B?11,Bom,h,a,HA,f,5,3,9,B_Bom_B?11
B,B?11,Bom,h,a,HA,f,6,4,9,B_Bom_B?11
B,B?11,Bom,h,a,HA,f,7,1,9,B_Bom_B?11
B,B?11,Bom,h,a,HA,f,8,1,9,B_Bom_B?11
B,B?11,Bom,h,a,HA,f,9,0,9,B_Bom_B?11
B,B?18,Bom,a,a,AA,f,1,28,9,B_Bom_B?18
B,B?18,Bom,a,a,AA,f,2,6,9,B_Bom_B?18
B,B?18,Bom,a,a,AA,f,3,6,9,B_Bom_B?18
B,B?18,Bom,a,a,AA,f,4,7,9,B_Bom_B?18
B,B?18,Bom,a,a,AA,f,5,6,9,B_Bom_B?18
B,B?18,Bom,a,a,AA,f,6,2,9,B_Bom_B?18
B,B?18,Bom,a,a,AA,f,7,2,9,B_Bom_B?18
B,B?18,Bom,a,a,AA,f,8,1,9,B_Bom_B?18
B,B?18,Bom,a,a,AA,f,9,1,9,B_Bom_B?18
B,B?20,Bom,h,a,HA,f,1,22,9,B_Bom_B?20
B,B?20,Bom,h,a,HA,f,2,11,9,B_Bom_B?20
B,B?20,Bom,h,a,HA,f,3,10,9,B_Bom_B?20
B,B?20,Bom,h,a,HA,f,4,9,9,B_Bom_B?20
B,B?20,Bom,h,a,HA,f,5,5,9,B_Bom_B?20
B,B?20,Bom,h,a,HA,f,6,4,9,B_Bom_B?20
B,B?20,Bom,h,a,HA,f,7,2,9,B_Bom_B?20
B,B?20,Bom,h,a,HA,f,8,0,9,B_Bom_B?20
B,B?25,Bom,a,h,AH,f,1,28,9,B_Bom_B?25
B,B?25,Bom,a,h,AH,f,2,13,9,B_Bom_B?25
B,B?25,Bom,a,h,AH,f,3,5,9,B_Bom_B?25
B,B?25,Bom,a,h,AH,f,4,2,9,B_Bom_B?25
B,B?25,Bom,a,h,AH,f,5,0,9,B_Bom_B?25
B,B?25,Bom,a,h,AH,f,6,16,9,B_Bom_B?25
B,B?25,Bom,a,h,AH,f,7,3,9,B_Bom_B?25
B,B?25,Bom,a,h,AH,f,8,0,9,B_Bom_B?25
B,B?25,Bom,a,h,AH,f,9,0,9,B_Bom_B?25
C,CN24,CN,a,a,AA,f,1,21,9,C_CN_CN24
C,CN24,CN,a,a,AA,f,2,14,9,C_CN_CN24
C,CN24,CN,a,a,AA,f,3,13,9,C_CN_CN24
C,CN24,CN,a,a,AA,f,4,11,9,C_CN_CN24
C,CN24,CN,a,a,AA,f,5,11,9,C_CN_CN24
C,CN24,CN,a,a,AA,f,6,6,9,C_CN_CN24
C,CN24,CN,a,a,AA,f,7,8,9,C_CN_CN24
C,CN24,CN,a,a,AA,f,8,3,9,C_CN_CN24
C,CN24,CN,a,a,AA,f,9,1,9,C_CN_CN24
C,CP12,CP,a,h,AH,f,1,17,9,C_CP_CP12
C,CP12,CP,a,h,AH,f,2,20,9,C_CP_CP12
C,CP12,CP,a,h,AH,f,3,6,9,C_CP_CP12
C,CP12,CP,a,h,AH,f,4,0,9,C_CP_CP12
C,CP12,CP,a,h,AH,f,5,0,9,C_CP_CP12
C,CP12,CP,a,h,AH,f,6,0,9,C_CP_CP12
C,CP12,CP,a,h,AH,f,7,0,9,C_CP_CP12
C,CP12,CP,a,h,AH,f,8,0,9,C_CP_CP12
C,CP12,CP,a,h,AH,f,9,0,9,C_CP_CP12
C,CU2,CU,h,h,HH,f,1,0,9,C_CU_CU2
C,CU2,CU,h,h,HH,f,2,0,9,C_CU_CU2
C,CU2,CU,h,h,HH,f,3,0,9,C_CU_CU2
C,CU2,CU,h,h,HH,f,4,0,9,C_CU_CU2
C,CU2,CU,h,h,HH,f,5,0,9,C_CU_CU2
C,CU2,CU,h,h,HH,f,6,0,9,C_CU_CU2
C,CU2,CU,h,h,HH,f,7,0,9,C_CU_CU2
C,CU2,CU,h,h,HH,f,8,0,9,C_CU_CU2
C,CU2,CU,h,h,HH,f,9,0,9,C_CU_CU2
C,CU5,CU,h,a,HA,f,1,3,9,C_CU_CU5
C,CU5,CU,h,a,HA,f,2,0,9,C_CU_CU5
C,CU5,CU,h,a,HA,f,3,12,9,C_CU_CU5
C,CU5,CU,h,a,HA,f,4,8,9,C_CU_CU5
C,CU5,CU,h,a,HA,f,5,14,9,C_CU_CU5
C,CU5,CU,h,a,HA,f,6,10,9,C_CU_CU5
C,CU5,CU,h,a,HA,f,7,2,9,C_CU_CU5
C,CU5,CU,h,a,HA,f,8,0,9,C_CU_CU5
C,CU5,CU,h,a,HA,f,9,0,9,C_CU_CU5
C,CU8,CU,h,h,HH,f,1,0,9,C_CU_CU8
C,CU8,CU,h,h,HH,f,2,0,9,C_CU_CU8
C,CU8,CU,h,h,HH,f,3,0,9,C_CU_CU8
C,CU8,CU,h,h,HH,f,4,0,9,C_CU_CU8
C,CU8,CU,h,h,HH,f,5,0,9,C_CU_CU8
C,CU8,CU,h,h,HH,f,6,0,9,C_CU_CU8
C,CU8,CU,h,h,HH,f,7,3,9,C_CU_CU8
C,CU8,CU,h,h,HH,f,8,0,9,C_CU_CU8
C,CU8,CU,h,h,HH,f,9,0,9,C_CU_CU8
C,CY9,CY,a,a,AA,f,1,22,9,C_CY_CY9
C,CY9,CY,a,a,AA,f,2,14,9,C_CY_CY9
C,CY9,CY,a,a,AA,f,3,11,9,C_CY_CY9
C,CY9,CY,a,a,AA,f,4,12,9,C_CY_CY9
C,CY9,CY,a,a,AA,f,5,12,9,C_CY_CY9
C,CY9,CY,a,a,AA,f,6,11,9,C_CY_CY9
C,CY9,CY,a,a,AA,f,7,7,9,C_CY_CY9
C,CY9,CY,a,a,AA,f,8,5,9,C_CY_CY9
C,CY9,CY,a,a,AA,f,9,0,9,C_CY_CY9
A,AA9,AA,a,a,AA,f,1,22,10,A_AA_AA9
A,AA9,AA,a,a,AA,f,2,13,10,A_AA_AA9
A,AA9,AA,a,a,AA,f,3,13,10,A_AA_AA9
A,AA9,AA,a,a,AA,f,4,11,10,A_AA_AA9
A,AA9,AA,a,a,AA,f,5,9,10,A_AA_AA9
A,AA9,AA,a,a,AA,f,6,5,10,A_AA_AA9
A,AA9,AA,a,a,AA,f,7,3,10,A_AA_AA9
A,AA9,AA,a,a,AA,f,8,3,10,A_AA_AA9
A,AA9,AA,a,a,AA,f,9,2,10,A_AA_AA9
A,AA9,AA,a,a,AA,f,10,0,10,A_AA_AA9
A,AB12,AB,a,a,AA,f,1,16,10,A_AB_AB12
A,AB12,AB,a,a,AA,f,2,15,10,A_AB_AB12
A,AB12,AB,a,a,AA,f,3,12,10,A_AB_AB12
A,AB12,AB,a,a,AA,f,4,12,10,A_AB_AB12
A,AB12,AB,a,a,AA,f,5,11,10,A_AB_AB12
A,AB12,AB,a,a,AA,f,6,7,10,A_AB_AB12
A,AB12,AB,a,a,AA,f,7,4,10,A_AB_AB12
A,AB12,AB,a,a,AA,f,8,1,10,A_AB_AB12
A,AB12,AB,a,a,AA,f,9,0,10,A_AB_AB12
A,AB12,AB,a,a,AA,f,10,0,10,A_AB_AB12
A,AF14,AF,a,a,AA,f,1,6,10,A_AF_AF14
A,AF14,AF,a,a,AA,f,2,0,10,A_AF_AF14
A,AF14,AF,a,a,AA,f,3,0,10,A_AF_AF14
A,AF14,AF,a,a,AA,f,4,0,10,A_AF_AF14
A,AF14,AF,a,a,AA,f,5,0,10,A_AF_AF14
A,AF14,AF,a,a,AA,f,6,18,10,A_AF_AF14
A,AF14,AF,a,a,AA,f,7,4,10,A_AF_AF14
A,AF14,AF,a,a,AA,f,8,15,10,A_AF_AF14
A,AF14,AF,a,a,AA,f,9,0,10,A_AF_AF14
A,AF14,AF,a,a,AA,f,10,0,10,A_AF_AF14
A,AI5,AI,h,h,HH,f,1,0,10,A_AI_AI5
A,AI5,AI,h,h,HH,f,2,0,10,A_AI_AI5
A,AI5,AI,h,h,HH,f,3,0,10,A_AI_AI5
A,AI5,AI,h,h,HH,f,4,0,10,A_AI_AI5
A,AI5,AI,h,h,HH,f,5,0,10,A_AI_AI5
A,AI5,AI,h,h,HH,f,6,0,10,A_AI_AI5
A,AI5,AI,h,h,HH,f,7,0,10,A_AI_AI5
A,AI5,AI,h,h,HH,f,8,0,10,A_AI_AI5
A,AI5,AI,h,h,HH,f,9,0,10,A_AI_AI5
A,AI5,AI,h,h,HH,f,10,0,10,A_AI_AI5
A,AK15,AK,a,a,AA,f,1,21,10,A_AK_AK15
A,AK15,AK,a,a,AA,f,2,13,10,A_AK_AK15
A,AK15,AK,a,a,AA,f,3,10,10,A_AK_AK15
A,AK15,AK,a,a,AA,f,4,8,10,A_AK_AK15
A,AK15,AK,a,a,AA,f,5,6,10,A_AK_AK15
A,AK15,AK,a,a,AA,f,6,6,10,A_AK_AK15
A,AK15,AK,a,a,AA,f,7,3,10,A_AK_AK15
A,AK15,AK,a,a,AA,f,8,5,10,A_AK_AK15
A,AK15,AK,a,a,AA,f,9,2,10,A_AK_AK15
A,AK15,AK,a,a,AA,f,10,0,10,A_AK_AK15
A,AL12,AL,a,a,AA,f,1,12,10,A_AL_AL12
A,AL12,AL,a,a,AA,f,2,14,10,A_AL_AL12
A,AL12,AL,a,a,AA,f,3,15,10,A_AL_AL12
A,AL12,AL,a,a,AA,f,4,12,10,A_AL_AL12
A,AL12,AL,a,a,AA,f,5,8,10,A_AL_AL12
A,AL12,AL,a,a,AA,f,6,6,10,A_AL_AL12
A,AL12,AL,a,a,AA,f,7,5,10,A_AL_AL12
A,AL12,AL,a,a,AA,f,8,2,10,A_AL_AL12
A,AL12,AL,a,a,AA,f,9,0,10,A_AL_AL12
A,AL12,AL,a,a,AA,f,10,0,10,A_AL_AL12
A,AN15,AN,a,a,AA,f,1,18,10,A_AN_AN15
A,AN15,AN,a,a,AA,f,2,10,10,A_AN_AN15
A,AN15,AN,a,a,AA,f,3,9,10,A_AN_AN15
A,AN15,AN,a,a,AA,f,4,9,10,A_AN_AN15
A,AN15,AN,a,a,AA,f,5,8,10,A_AN_AN15
A,AN15,AN,a,a,AA,f,6,7,10,A_AN_AN15
A,AN15,AN,a,a,AA,f,7,4,10,A_AN_AN15
A,AN15,AN,a,a,AA,f,8,0,10,A_AN_AN15
A,AN15,AN,a,a,AA,f,9,2,10,A_AN_AN15
A,AN15,AN,a,a,AA,f,10,0,10,A_AN_AN15
A,AO12,AO,a,a,AA,f,1,26,10,A_AO_AO12
A,AO12,AO,a,a,AA,f,2,15,10,A_AO_AO12
A,AO12,AO,a,a,AA,f,3,9,10,A_AO_AO12
A,AO12,AO,a,a,AA,f,4,11,10,A_AO_AO12
A,AO12,AO,a,a,AA,f,5,10,10,A_AO_AO12
A,AO12,AO,a,a,AA,f,6,5,10,A_AO_AO12
A,AO12,AO,a,a,AA,f,7,6,10,A_AO_AO12
A,AO12,AO,a,a,AA,f,8,0,10,A_AO_AO12
A,AO12,AO,a,a,AA,f,9,0,10,A_AO_AO12
A,AO12,AO,a,a,AA,f,10,0,10,A_AO_AO12
A,AR8,AR,h,a,HA,f,1,23,10,A_AR_AR8
A,AR8,AR,h,a,HA,f,2,10,10,A_AR_AR8
A,AR8,AR,h,a,HA,f,3,9,10,A_AR_AR8
A,AR8,AR,h,a,HA,f,4,5,10,A_AR_AR8
A,AR8,AR,h,a,HA,f,5,0,10,A_AR_AR8
A,AR8,AR,h,a,HA,f,6,1,10,A_AR_AR8
A,AR8,AR,h,a,HA,f,7,0,10,A_AR_AR8
A,AR8,AR,h,a,HA,f,8,1,10,A_AR_AR8
A,AR8,AR,h,a,HA,f,9,0,10,A_AR_AR8
A,AR8,AR,h,a,HA,f,10,0,10,A_AR_AR8
A,AT2,AT,a,a,AA,f,1,13,10,A_AT_AT2
A,AT2,AT,a,a,AA,f,2,11,10,A_AT_AT2
A,AT2,AT,a,a,AA,f,3,13,10,A_AT_AT2
A,AT2,AT,a,a,AA,f,4,11,10,A_AT_AT2
A,AT2,AT,a,a,AA,f,5,7,10,A_AT_AT2
A,AT2,AT,a,a,AA,f,6,10,10,A_AT_AT2
A,AT2,AT,a,a,AA,f,7,6,10,A_AT_AT2
A,AT2,AT,a,a,AA,f,8,4,10,A_AT_AT2
A,AT2,AT,a,a,AA,f,9,2,10,A_AT_AT2
A,AT2,AT,a,a,AA,f,10,0,10,A_AT_AT2
A,AW12,AW,h,a,HA,f,1,9,10,A_AW_AW12
A,AW12,AW,h,a,HA,f,2,0,10,A_AW_AW12
A,AW12,AW,h,a,HA,f,3,0,10,A_AW_AW12
A,AW12,AW,h,a,HA,f,4,0,10,A_AW_AW12
A,AW12,AW,h,a,HA,f,5,13,10,A_AW_AW12
A,AW12,AW,h,a,HA,f,6,0,10,A_AW_AW12
A,AW12,AW,h,a,HA,f,7,2,10,A_AW_AW12
A,AW12,AW,h,a,HA,f,8,0,10,A_AW_AW12
A,AW12,AW,h,a,HA,f,9,4,10,A_AW_AW12
A,AW12,AW,h,a,HA,f,10,0,10,A_AW_AW12
A,AW17,AW,a,a,AA,f,1,29,10,A_AW_AW17
A,AW17,AW,a,a,AA,f,2,10,10,A_AW_AW17
A,AW17,AW,a,a,AA,f,3,8,10,A_AW_AW17
A,AW17,AW,a,a,AA,f,4,12,10,A_AW_AW17
A,AW17,AW,a,a,AA,f,5,7,10,A_AW_AW17
A,AW17,AW,a,a,AA,f,6,5,10,A_AW_AW17
A,AW17,AW,a,a,AA,f,7,1,10,A_AW_AW17
A,AW17,AW,a,a,AA,f,8,1,10,A_AW_AW17
A,AW17,AW,a,a,AA,f,9,0,10,A_AW_AW17
A,AW17,AW,a,a,AA,f,10,0,10,A_AW_AW17
B,B?19,Btr,h,a,HA,f,1,24,10,B_Btr_B?19
B,B?19,Btr,h,a,HA,f,2,14,10,B_Btr_B?19
B,B?19,Btr,h,a,HA,f,3,9,10,B_Btr_B?19
B,B?19,Btr,h,a,HA,f,4,7,10,B_Btr_B?19
B,B?19,Btr,h,a,HA,f,5,7,10,B_Btr_B?19
B,B?19,Btr,h,a,HA,f,6,6,10,B_Btr_B?19
B,B?19,Btr,h,a,HA,f,7,3,10,B_Btr_B?19
B,B?19,Btr,h,a,HA,f,8,1,10,B_Btr_B?19
B,B?19,Btr,h,a,HA,f,9,0,10,B_Btr_B?19
B,B?19,Btr,h,a,HA,f,10,0,10,B_Btr_B?19
B,B?14,Bpi,h,a,HA,f,1,20,10,B_Bpi_B?14
B,B?14,Bpi,h,a,HA,f,2,6,10,B_Bpi_B?14
B,B?14,Bpi,h,a,HA,f,3,8,10,B_Bpi_B?14
B,B?14,Bpi,h,a,HA,f,4,5,10,B_Bpi_B?14
B,B?14,Bpi,h,a,HA,f,5,4,10,B_Bpi_B?14
B,B?14,Bpi,h,a,HA,f,6,1,10,B_Bpi_B?14
B,B?14,Bpi,h,a,HA,f,7,1,10,B_Bpi_B?14
B,B?14,Bpi,h,a,HA,f,8,0,10,B_Bpi_B?14
B,B?14,Bpi,h,a,HA,f,9,0,10,B_Bpi_B?14
B,B?14,Bpi,h,a,HA,f,10,0,10,B_Bpi_B?14
B,BC5,BC,h,a,HA,f,1,22,10,B_BC_BC5
B,BC5,BC,h,a,HA,f,2,14,10,B_BC_BC5
B,BC5,BC,h,a,HA,f,3,12,10,B_BC_BC5
B,BC5,BC,h,a,HA,f,4,9,10,B_BC_BC5
B,BC5,BC,h,a,HA,f,5,5,10,B_BC_BC5
B,BC5,BC,h,a,HA,f,6,5,10,B_BC_BC5
B,BC5,BC,h,a,HA,f,7,3,10,B_BC_BC5
B,BC5,BC,h,a,HA,f,8,0,10,B_BC_BC5
B,BC5,BC,h,a,HA,f,9,1,10,B_BC_BC5
B,BC5,BC,h,a,HA,f,10,0,10,B_BC_BC5
B,BE16,BE,h,a,HA,f,1,22,10,B_BE_BE16
B,BE16,BE,h,a,HA,f,2,14,10,B_BE_BE16
B,BE16,BE,h,a,HA,f,3,1,10,B_BE_BE16
B,BE16,BE,h,a,HA,f,4,0,10,B_BE_BE16
B,BE16,BE,h,a,HA,f,5,0,10,B_BE_BE16
B,BE16,BE,h,a,HA,f,6,15,10,B_BE_BE16
B,BE16,BE,h,a,HA,f,7,9,10,B_BE_BE16
B,BE16,BE,h,a,HA,f,8,2,10,B_BE_BE16
B,BE16,BE,h,a,HA,f,9,2,10,B_BE_BE16
B,BE16,BE,h,a,HA,f,10,0,10,B_BE_BE16
B,BF10,BF,h,a,HA,f,1,19,10,B_BF_BF10
B,BF10,BF,h,a,HA,f,2,10,10,B_BF_BF10
B,BF10,BF,h,a,HA,f,3,9,10,B_BF_BF10
B,BF10,BF,h,a,HA,f,4,7,10,B_BF_BF10
B,BF10,BF,h,a,HA,f,5,9,10,B_BF_BF10
B,BF10,BF,h,a,HA,f,6,4,10,B_BF_BF10
B,BF10,BF,h,a,HA,f,7,3,10,B_BF_BF10
B,BF10,BF,h,a,HA,f,8,2,10,B_BF_BF10
B,BF10,BF,h,a,HA,f,9,0,10,B_BF_BF10
B,BF23,BF,h,h,HH,f,1,17,10,B_BF_BF23
B,BF23,BF,h,h,HH,f,2,11,10,B_BF_BF23
B,BF23,BF,h,h,HH,f,3,10,10,B_BF_BF23
B,BF23,BF,h,h,HH,f,4,8,10,B_BF_BF23
B,BF23,BF,h,h,HH,f,5,6,10,B_BF_BF23
B,BF23,BF,h,h,HH,f,6,3,10,B_BF_BF23
B,BF23,BF,h,h,HH,f,7,3,10,B_BF_BF23
B,BF23,BF,h,h,HH,f,8,0,10,B_BF_BF23
B,BF4,BF,h,a,HA,f,1,26,10,B_BF_BF4
B,BF4,BF,h,a,HA,f,2,4,10,B_BF_BF4
B,BF4,BF,h,a,HA,f,3,0,10,B_BF_BF4
B,BF4,BF,h,a,HA,f,4,2,10,B_BF_BF4
B,BF4,BF,h,a,HA,f,5,22,10,B_BF_BF4
B,BF4,BF,h,a,HA,f,6,0,10,B_BF_BF4
B,BF4,BF,h,a,HA,f,7,0,10,B_BF_BF4
B,BF4,BF,h,a,HA,f,8,10,10,B_BF_BF4
B,BF4,BF,h,a,HA,f,9,1,10,B_BF_BF4
B,BG2,BG,h,a,HA,f,1,7,10,B_BG_BG2
B,BG2,BG,h,a,HA,f,2,9,10,B_BG_BG2
B,BG2,BG,h,a,HA,f,3,18,10,B_BG_BG2
B,BG2,BG,h,a,HA,f,4,8,10,B_BG_BG2
B,BG2,BG,h,a,HA,f,5,5,10,B_BG_BG2
B,BG2,BG,h,a,HA,f,6,3,10,B_BG_BG2
B,BG2,BG,h,a,HA,f,7,3,10,B_BG_BG2
B,BG2,BG,h,a,HA,f,8,0,10,B_BG_BG2
B,BG2,BG,h,a,HA,f,9,0,10,B_BG_BG2
B,BG2,BG,h,a,HA,f,10,0,10,B_BG_BG2
B,BG3,BG,a,h,AH,f,1,31,10,B_BG_BG3
B,BG3,BG,a,h,AH,f,2,9,10,B_BG_BG3
B,BG3,BG,a,h,AH,f,3,7,10,B_BG_BG3
B,BG3,BG,a,h,AH,f,4,2,10,B_BG_BG3
B,BG3,BG,a,h,AH,f,5,4,10,B_BG_BG3
B,BG3,BG,a,h,AH,f,6,8,10,B_BG_BG3
B,BG3,BG,a,h,AH,f,7,3,10,B_BG_BG3
B,BG3,BG,a,h,AH,f,8,0,10,B_BG_BG3
B,BG3,BG,a,h,AH,f,9,0,10,B_BG_BG3
B,BG3,BG,a,h,AH,f,10,0,10,B_BG_BG3
B,BH17,BH,h,a,HA,f,1,18,10,B_BH_BH17
B,BH17,BH,h,a,HA,f,2,8,10,B_BH_BH17
B,BH17,BH,h,a,HA,f,3,5,10,B_BH_BH17
B,BH17,BH,h,a,HA,f,4,6,10,B_BH_BH17
B,BH17,BH,h,a,HA,f,5,5,10,B_BH_BH17
B,BH17,BH,h,a,HA,f,6,3,10,B_BH_BH17
B,BH17,BH,h,a,HA,f,7,2,10,B_BH_BH17
B,BH17,BH,h,a,HA,f,8,1,10,B_BH_BH17
B,BH17,BH,h,a,HA,f,9,0,10,B_BH_BH17
B,BH17,BH,h,a,HA,f,10,0,10,B_BH_BH17
B,BJ3,BJ,a,a,AA,f,1,11,10,B_BJ_BJ3
B,BJ3,BJ,a,a,AA,f,2,12,10,B_BJ_BJ3
B,BJ3,BJ,a,a,AA,f,3,10,10,B_BJ_BJ3
B,BJ3,BJ,a,a,AA,f,4,8,10,B_BJ_BJ3
B,BJ3,BJ,a,a,AA,f,5,8,10,B_BJ_BJ3
B,BJ3,BJ,a,a,AA,f,6,6,10,B_BJ_BJ3
B,BJ3,BJ,a,a,AA,f,7,3,10,B_BJ_BJ3
B,BJ3,BJ,a,a,AA,f,8,2,10,B_BJ_BJ3
B,BJ3,BJ,a,a,AA,f,9,0,10,B_BJ_BJ3
B,BJ3,BJ,a,a,AA,f,10,0,10,B_BJ_BJ3
B,BK1,BK,h,a,HA,f,1,20,10,B_BK_BK1
B,BK1,BK,h,a,HA,f,2,11,10,B_BK_BK1
B,BK1,BK,h,a,HA,f,3,11,10,B_BK_BK1
B,BK1,BK,h,a,HA,f,4,11,10,B_BK_BK1
B,BK1,BK,h,a,HA,f,5,7,10,B_BK_BK1
B,BK1,BK,h,a,HA,f,6,2,10,B_BK_BK1
B,BK1,BK,h,a,HA,f,8,3,10,B_BK_BK1
B,BK1,BK,h,a,HA,f,9,1,10,B_BK_BK1
B,BK1,BK,h,a,HA,f,10,0,10,B_BK_BK1
B,BK23,BK,h,h,HH,f,1,24,10,B_BK_BK23
B,BK23,BK,h,h,HH,f,2,15,10,B_BK_BK23
B,BK23,BK,h,h,HH,f,3,12,10,B_BK_BK23
B,BK23,BK,h,h,HH,f,4,11,10,B_BK_BK23
B,BK23,BK,h,h,HH,f,5,5,10,B_BK_BK23
B,BK23,BK,h,h,HH,f,6,4,10,B_BK_BK23
B,BK23,BK,h,h,HH,f,7,0,10,B_BK_BK23
B,BK23,BK,h,h,HH,f,8,0,10,B_BK_BK23
B,BK23,BK,h,h,HH,f,9,0,10,B_BK_BK23
B,BK23,BK,h,h,HH,f,10,0,10,B_BK_BK23
B,BL23,BL,h,a,HA,f,1,16,10,B_BL_BL23
B,BL23,BL,h,a,HA,f,2,14,10,B_BL_BL23
B,BL23,BL,h,a,HA,f,3,11,10,B_BL_BL23
B,BL23,BL,h,a,HA,f,4,9,10,B_BL_BL23
B,BL23,BL,h,a,HA,f,5,8,10,B_BL_BL23
B,BL23,BL,h,a,HA,f,6,8,10,B_BL_BL23
B,BL23,BL,h,a,HA,f,7,2,10,B_BL_BL23
B,BL23,BL,h,a,HA,f,8,3,10,B_BL_BL23
B,BL23,BL,h,a,HA,f,9,0,10,B_BL_BL23
B,BL23,BL,h,a,HA,f,10,0,10,B_BL_BL23
B,BL4,BL,h,a,HA,f,1,16,10,B_BL_BL4
B,BL4,BL,h,a,HA,f,2,14,10,B_BL_BL4
B,BL4,BL,h,a,HA,f,3,10,10,B_BL_BL4
B,BL4,BL,h,a,HA,f,4,10,10,B_BL_BL4
B,BL4,BL,h,a,HA,f,5,8,10,B_BL_BL4
B,BL4,BL,h,a,HA,f,6,7,10,B_BL_BL4
B,BL4,BL,h,a,HA,f,7,4,10,B_BL_BL4
B,BL4,BL,h,a,HA,f,8,2,10,B_BL_BL4
B,BL4,BL,h,a,HA,f,9,0,10,B_BL_BL4
B,BL4,BL,h,a,HA,f,10,0,10,B_BL_BL4
B,BM5,BM,h,a,HA,f,1,27,10,B_BM_BM5
B,BM5,BM,h,a,HA,f,2,13,10,B_BM_BM5
B,BM5,BM,h,a,HA,f,3,11,10,B_BM_BM5
B,BM5,BM,h,a,HA,f,4,10,10,B_BM_BM5
B,BM5,BM,h,a,HA,f,5,7,10,B_BM_BM5
B,BM5,BM,h,a,HA,f,6,2,10,B_BM_BM5
B,BM5,BM,h,a,HA,f,7,3,10,B_BM_BM5
B,BM5,BM,h,a,HA,f,8,0,10,B_BM_BM5
B,BM5,BM,h,a,HA,f,9,0,10,B_BM_BM5
B,BM5,BM,h,a,HA,f,10,0,10,B_BM_BM5
B,BN29,BN,h,a,HA,f,1,16,10,B_BN_BN29
B,BN29,BN,h,a,HA,f,2,7,10,B_BN_BN29
B,BN29,BN,h,a,HA,f,3,3,10,B_BN_BN29
B,BN29,BN,h,a,HA,f,4,6,10,B_BN_BN29
B,BN29,BN,h,a,HA,f,5,4,10,B_BN_BN29
B,BN29,BN,h,a,HA,f,6,1,10,B_BN_BN29
B,BN29,BN,h,a,HA,f,7,1,10,B_BN_BN29
B,BN29,BN,h,a,HA,f,8,0,10,B_BN_BN29
B,BN29,BN,h,a,HA,f,9,0,10,B_BN_BN29
B,BN29,BN,h,a,HA,f,10,0,10,B_BN_BN29
B,BP13,BP,h,h,HH,f,1,0,10,B_BP_BP13
B,BP13,BP,h,h,HH,f,2,0,10,B_BP_BP13
B,BP13,BP,h,h,HH,f,3,0,10,B_BP_BP13
B,BP13,BP,h,h,HH,f,4,0,10,B_BP_BP13
B,BP13,BP,h,h,HH,f,5,0,10,B_BP_BP13
B,BP13,BP,h,h,HH,f,6,0,10,B_BP_BP13
B,BP13,BP,h,h,HH,f,7,0,10,B_BP_BP13
B,BP13,BP,h,h,HH,f,8,0,10,B_BP_BP13
B,BP13,BP,h,h,HH,f,9,0,10,B_BP_BP13
B,BP20,BP,h,a,HA,f,1,26,10,B_BP_BP20
B,BP20,BP,h,a,HA,f,2,9,10,B_BP_BP20
B,BP20,BP,h,a,HA,f,3,8,10,B_BP_BP20
B,BP20,BP,h,a,HA,f,4,1,10,B_BP_BP20
B,BP20,BP,h,a,HA,f,5,2,10,B_BP_BP20
B,BP20,BP,h,a,HA,f,6,7,10,B_BP_BP20
B,BP20,BP,h,a,HA,f,7,2,10,B_BP_BP20
B,BP20,BP,h,a,HA,f,8,1,10,B_BP_BP20
B,BP20,BP,h,a,HA,f,9,0,10,B_BP_BP20
B,BP20,BP,h,a,HA,f,10,0,10,B_BP_BP20
B,BY5,BY,h,a,HA,f,1,26,10,B_BY_BY5
B,BY5,BY,h,a,HA,f,2,15,10,B_BY_BY5
B,BY5,BY,h,a,HA,f,3,10,10,B_BY_BY5
B,BY5,BY,h,a,HA,f,4,9,10,B_BY_BY5
B,BY5,BY,h,a,HA,f,5,9,10,B_BY_BY5
B,BY5,BY,h,a,HA,f,6,6,10,B_BY_BY5
B,BY5,BY,h,a,HA,f,7,1,10,B_BY_BY5
B,BY5,BY,h,a,HA,f,8,1,10,B_BY_BY5
B,BY5,BY,h,a,HA,f,9,0,10,B_BY_BY5
B,BY5,BY,h,a,HA,f,10,0,10,B_BY_BY5
C,C©13,Cbox,h,a,HA,f,1,23,10,C_Cbox_C©13
C,C©13,Cbox,h,a,HA,f,2,11,10,C_Cbox_C©13
C,C©13,Cbox,h,a,HA,f,3,6,10,C_Cbox_C©13
C,C©13,Cbox,h,a,HA,f,4,0,10,C_Cbox_C©13
C,C©13,Cbox,h,a,HA,f,5,0,10,C_Cbox_C©13
C,C©13,Cbox,h,a,HA,f,6,5,10,C_Cbox_C©13
C,C©13,Cbox,h,a,HA,f,7,8,10,C_Cbox_C©13
C,C©13,Cbox,h,a,HA,f,8,0,10,C_Cbox_C©13
C,C©13,Cbox,h,a,HA,f,9,0,10,C_Cbox_C©13
C,C©13,Cbox,h,a,HA,f,10,0,10,C_Cbox_C©13
C,CA27,CA,a,h,AH,f,1,30,10,C_CA_CA27
C,CA27,CA,a,h,AH,f,2,7,10,C_CA_CA27
C,CA27,CA,a,h,AH,f,3,0,10,C_CA_CA27
C,CA27,CA,a,h,AH,f,4,0,10,C_CA_CA27
C,CA27,CA,a,h,AH,f,5,0,10,C_CA_CA27
C,CA27,CA,a,h,AH,f,6,0,10,C_CA_CA27
C,CA27,CA,a,h,AH,f,7,0,10,C_CA_CA27
C,CA27,CA,a,h,AH,f,8,2,10,C_CA_CA27
C,CA27,CA,a,h,AH,f,9,2,10,C_CA_CA27
C,CA27,CA,a,h,AH,f,10,0,10,C_CA_CA27
C,CB1,CB,h,h,HH,f,1,0,10,C_CB_CB1
C,CB1,CB,h,h,HH,f,2,0,10,C_CB_CB1
C,CB1,CB,h,h,HH,f,3,0,10,C_CB_CB1
C,CB1,CB,h,h,HH,f,4,0,10,C_CB_CB1
C,CB1,CB,h,h,HH,f,5,0,10,C_CB_CB1
C,CB1,CB,h,h,HH,f,6,0,10,C_CB_CB1
C,CB1,CB,h,h,HH,f,7,0,10,C_CB_CB1
C,CB1,CB,h,h,HH,f,8,0,10,C_CB_CB1
C,CB1,CB,h,h,HH,f,9,0,10,C_CB_CB1
C,CB1,CB,h,h,HH,f,10,0,10,C_CB_CB1
C,CB14,CB,h,a,HA,f,1,0,10,C_CB_CB14
C,CB14,CB,h,a,HA,f,2,0,10,C_CB_CB14
C,CB14,CB,h,a,HA,f,3,0,10,C_CB_CB14
C,CB14,CB,h,a,HA,f,4,0,10,C_CB_CB14
C,CB14,CB,h,a,HA,f,5,0,10,C_CB_CB14
C,CB14,CB,h,a,HA,f,6,0,10,C_CB_CB14
C,CB14,CB,h,a,HA,f,7,0,10,C_CB_CB14
C,CB14,CB,h,a,HA,f,8,0,10,C_CB_CB14
C,CB14,CB,h,a,HA,f,9,0,10,C_CB_CB14
A,AC14,AC,a,a,AA,f,1,11,11,A_AC_AC14
A,AC14,AC,a,a,AA,f,2,10,11,A_AC_AC14
A,AC14,AC,a,a,AA,f,3,15,11,A_AC_AC14
A,AC14,AC,a,a,AA,f,4,13,11,A_AC_AC14
A,AC14,AC,a,a,AA,f,5,7,11,A_AC_AC14
A,AC14,AC,a,a,AA,f,6,6,11,A_AC_AC14
A,AC14,AC,a,a,AA,f,7,6,11,A_AC_AC14
A,AC14,AC,a,a,AA,f,8,3,11,A_AC_AC14
A,AC14,AC,a,a,AA,f,9,2,11,A_AC_AC14
A,AC14,AC,a,a,AA,f,10,1,11,A_AC_AC14
A,AC14,AC,a,a,AA,f,11,0,11,A_AC_AC14
A,AD17,AD,a,a,AA,f,1,7,11,A_AD_AD17
A,AD17,AD,a,a,AA,f,2,16,11,A_AD_AD17
A,AD17,AD,a,a,AA,f,3,14,11,A_AD_AD17
A,AD17,AD,a,a,AA,f,4,12,11,A_AD_AD17
A,AD17,AD,a,a,AA,f,5,13,11,A_AD_AD17
A,AD17,AD,a,a,AA,f,6,9,11,A_AD_AD17
A,AD17,AD,a,a,AA,f,7,8,11,A_AD_AD17
A,AD17,AD,a,a,AA,f,8,5,11,A_AD_AD17
A,AD17,AD,a,a,AA,f,9,3,11,A_AD_AD17
A,AD17,AD,a,a,AA,f,10,0,11,A_AD_AD17
A,AD17,AD,a,a,AA,f,11,0,11,A_AD_AD17
A,AK2,AK,h,a,HA,f,1,16,11,A_AK_AK2
A,AK2,AK,h,a,HA,f,2,12,11,A_AK_AK2
A,AK2,AK,h,a,HA,f,3,13,11,A_AK_AK2
A,AK2,AK,h,a,HA,f,4,9,11,A_AK_AK2
A,AK2,AK,h,a,HA,f,5,8,11,A_AK_AK2
A,AK2,AK,h,a,HA,f,6,1,11,A_AK_AK2
A,AK2,AK,h,a,HA,f,7,6,11,A_AK_AK2
A,AK2,AK,h,a,HA,f,8,3,11,A_AK_AK2
A,AK2,AK,h,a,HA,f,9,0,11,A_AK_AK2
A,AK2,AK,h,a,HA,f,10,0,11,A_AK_AK2
A,AK2,AK,h,a,HA,f,11,0,11,A_AK_AK2
A,AN1,AN,a,a,AA,f,1,25,11,A_AN_AN1
A,AN1,AN,a,a,AA,f,2,16,11,A_AN_AN1
A,AN1,AN,a,a,AA,f,3,13,11,A_AN_AN1
A,AN1,AN,a,a,AA,f,4,8,11,A_AN_AN1
A,AN1,AN,a,a,AA,f,5,7,11,A_AN_AN1
A,AN1,AN,a,a,AA,f,6,2,11,A_AN_AN1
A,AN1,AN,a,a,AA,f,7,0,11,A_AN_AN1
A,AN1,AN,a,a,AA,f,8,0,11,A_AN_AN1
A,AN1,AN,a,a,AA,f,9,0,11,A_AN_AN1
A,AN1,AN,a,a,AA,f,10,1,11,A_AN_AN1
A,AN1,AN,a,a,AA,f,11,0,11,A_AN_AN1
A,AR10,AR,a,a,AA,f,1,22,11,A_AR_AR10
A,AR10,AR,a,a,AA,f,2,10,11,A_AR_AR10
A,AR10,AR,a,a,AA,f,3,12,11,A_AR_AR10
A,AR10,AR,a,a,AA,f,4,11,11,A_AR_AR10
A,AR10,AR,a,a,AA,f,5,10,11,A_AR_AR10
A,AR10,AR,a,a,AA,f,6,5,11,A_AR_AR10
A,AR10,AR,a,a,AA,f,7,4,11,A_AR_AR10
A,AR10,AR,a,a,AA,f,8,1,11,A_AR_AR10
A,AR10,AR,a,a,AA,f,9,0,11,A_AR_AR10
A,AR10,AR,a,a,AA,f,10,0,11,A_AR_AR10
A,AR10,AR,a,a,AA,f,11,0,11,A_AR_AR10
A,AS11,AS,a,a,AA,f,1,15,11,A_AS_AS11
A,AS11,AS,a,a,AA,f,2,17,11,A_AS_AS11
A,AS11,AS,a,a,AA,f,3,12,11,A_AS_AS11
A,AS11,AS,a,a,AA,f,4,10,11,A_AS_AS11
A,AS11,AS,a,a,AA,f,5,12,11,A_AS_AS11
A,AS11,AS,a,a,AA,f,6,8,11,A_AS_AS11
A,AS11,AS,a,a,AA,f,7,8,11,A_AS_AS11
A,AS11,AS,a,a,AA,f,8,3,11,A_AS_AS11
A,AS11,AS,a,a,AA,f,9,2,11,A_AS_AS11
A,AS11,AS,a,a,AA,f,10,2,11,A_AS_AS11
A,AS11,AS,a,a,AA,f,11,0,11,A_AS_AS11
A,AU5,AU,h,a,HA,f,1,13,11,A_AU_AU5
A,AU5,AU,h,a,HA,f,2,10,11,A_AU_AU5
A,AU5,AU,h,a,HA,f,3,9,11,A_AU_AU5
A,AU5,AU,h,a,HA,f,4,11,11,A_AU_AU5
A,AU5,AU,h,a,HA,f,5,4,11,A_AU_AU5
A,AU5,AU,h,a,HA,f,6,6,11,A_AU_AU5
A,AU5,AU,h,a,HA,f,7,3,11,A_AU_AU5
A,AU5,AU,h,a,HA,f,8,0,11,A_AU_AU5
A,AU5,AU,h,a,HA,f,9,0,11,A_AU_AU5
A,AU5,AU,h,a,HA,f,10,0,11,A_AU_AU5
A,AU5,AU,h,a,HA,f,11,0,11,A_AU_AU5
A,AV7,AV,a,a,AA,f,1,26,11,A_AV_AV7
A,AV7,AV,a,a,AA,f,2,15,11,A_AV_AV7
A,AV7,AV,a,a,AA,f,3,12,11,A_AV_AV7
A,AV7,AV,a,a,AA,f,4,12,11,A_AV_AV7
A,AV7,AV,a,a,AA,f,5,11,11,A_AV_AV7
A,AV7,AV,a,a,AA,f,6,8,11,A_AV_AV7
A,AV7,AV,a,a,AA,f,7,6,11,A_AV_AV7
A,AV7,AV,a,a,AA,f,8,4,11,A_AV_AV7
A,AV7,AV,a,a,AA,f,9,0,11,A_AV_AV7
A,AV7,AV,a,a,AA,f,10,1,11,A_AV_AV7
A,AV7,AV,a,a,AA,f,11,0,11,A_AV_AV7
A,AZ13,AZ,a,a,AA,f,1,16,11,A_AZ_AZ13
A,AZ13,AZ,a,a,AA,f,2,9,11,A_AZ_AZ13
A,AZ13,AZ,a,a,AA,f,3,0,11,A_AZ_AZ13
A,AZ13,AZ,a,a,AA,f,4,0,11,A_AZ_AZ13
A,AZ13,AZ,a,a,AA,f,5,0,11,A_AZ_AZ13
A,AZ13,AZ,a,a,AA,f,6,1,11,A_AZ_AZ13
A,AZ13,AZ,a,a,AA,f,7,24,11,A_AZ_AZ13
A,AZ13,AZ,a,a,AA,f,8,11,11,A_AZ_AZ13
A,AZ13,AZ,a,a,AA,f,9,3,11,A_AZ_AZ13
A,AZ13,AZ,a,a,AA,f,10,0,11,A_AZ_AZ13
A,AZ13,AZ,a,a,AA,f,11,0,11,A_AZ_AZ13
A,AZ19,AZ,a,a,AA,f,1,12,11,A_AZ_AZ19
A,AZ19,AZ,a,a,AA,f,2,0,11,A_AZ_AZ19
A,AZ19,AZ,a,a,AA,f,3,0,11,A_AZ_AZ19
A,AZ19,AZ,a,a,AA,f,4,0,11,A_AZ_AZ19
A,AZ19,AZ,a,a,AA,f,5,1,11,A_AZ_AZ19
A,AZ19,AZ,a,a,AA,f,6,21,11,A_AZ_AZ19
A,AZ19,AZ,a,a,AA,f,7,0,11,A_AZ_AZ19
A,AZ19,AZ,a,a,AA,f,8,0,11,A_AZ_AZ19
A,AZ19,AZ,a,a,AA,f,9,18,11,A_AZ_AZ19
A,AZ19,AZ,a,a,AA,f,10,0,11,A_AZ_AZ19
A,AZ19,AZ,a,a,AA,f,11,0,11,A_AZ_AZ19
A,AZ4,AZ,a,a,AA,f,1,14,11,A_AZ_AZ4
A,AZ4,AZ,a,a,AA,f,2,5,11,A_AZ_AZ4
A,AZ4,AZ,a,a,AA,f,3,0,11,A_AZ_AZ4
A,AZ4,AZ,a,a,AA,f,4,0,11,A_AZ_AZ4
A,AZ4,AZ,a,a,AA,f,5,0,11,A_AZ_AZ4
A,AZ4,AZ,a,a,AA,f,6,28,11,A_AZ_AZ4
A,AZ4,AZ,a,a,AA,f,7,0,11,A_AZ_AZ4
A,AZ4,AZ,a,a,AA,f,8,8,11,A_AZ_AZ4
A,AZ4,AZ,a,a,AA,f,9,1,11,A_AZ_AZ4
A,AZ4,AZ,a,a,AA,f,10,3,11,A_AZ_AZ4
A,AZ4,AZ,a,a,AA,f,11,0,11,A_AZ_AZ4
A,AZ5,AZ,a,a,AA,f,1,31,11,A_AZ_AZ5
A,AZ5,AZ,a,a,AA,f,2,16,11,A_AZ_AZ5
A,AZ5,AZ,a,a,AA,f,3,12,11,A_AZ_AZ5
A,AZ5,AZ,a,a,AA,f,4,11,11,A_AZ_AZ5
A,AZ5,AZ,a,a,AA,f,5,0,11,A_AZ_AZ5
A,AZ5,AZ,a,a,AA,f,6,3,11,A_AZ_AZ5
A,AZ5,AZ,a,a,AA,f,7,13,11,A_AZ_AZ5
A,AZ5,AZ,a,a,AA,f,8,0,11,A_AZ_AZ5
A,AZ5,AZ,a,a,AA,f,9,3,11,A_AZ_AZ5
A,AZ5,AZ,a,a,AA,f,10,0,11,A_AZ_AZ5
A,AZ5,AZ,a,a,AA,f,11,0,11,A_AZ_AZ5
B,B?11,Btr,h,a,HA,f,1,25,11,B_Btr_B?11
B,B?11,Btr,h,a,HA,f,2,12,11,B_Btr_B?11
B,B?11,Btr,h,a,HA,f,3,21,11,B_Btr_B?11
B,B?11,Btr,h,a,HA,f,4,5,11,B_Btr_B?11
B,B?11,Btr,h,a,HA,f,5,7,11,B_Btr_B?11
B,B?11,Btr,h,a,HA,f,6,5,11,B_Btr_B?11
B,B?11,Btr,h,a,HA,f,7,2,11,B_Btr_B?11
B,B?11,Btr,h,a,HA,f,8,0,11,B_Btr_B?11
B,B?11,Btr,h,a,HA,f,9,0,11,B_Btr_B?11
B,B?11,Btr,h,a,HA,f,10,0,11,B_Btr_B?11
B,B?13,Btr,h,a,HA,f,1,20,11,B_Btr_B?13
B,B?13,Btr,h,a,HA,f,2,1,11,B_Btr_B?13
B,B?13,Btr,h,a,HA,f,3,0,11,B_Btr_B?13
B,B?13,Btr,h,a,HA,f,4,4,11,B_Btr_B?13
B,B?13,Btr,h,a,HA,f,5,2,11,B_Btr_B?13
B,B?13,Btr,h,a,HA,f,6,1,11,B_Btr_B?13
B,B?13,Btr,h,a,HA,f,7,8,11,B_Btr_B?13
B,B?13,Btr,h,a,HA,f,8,3,11,B_Btr_B?13
B,B?13,Btr,h,a,HA,f,9,2,11,B_Btr_B?13
B,B?13,Btr,h,a,HA,f,10,0,11,B_Btr_B?13
B,B?13,Btr,h,a,HA,f,11,0,11,B_Btr_B?13
B,B©2,Bbox,h,a,HA,f,1,20,11,B_Bbox_B©2
B,B©2,Bbox,h,a,HA,f,2,10,11,B_Bbox_B©2
B,B©2,Bbox,h,a,HA,f,3,7,11,B_Bbox_B©2
B,B©2,Bbox,h,a,HA,f,4,10,11,B_Bbox_B©2
B,B©2,Bbox,h,a,HA,f,5,6,11,B_Bbox_B©2
B,B©2,Bbox,h,a,HA,f,6,3,11,B_Bbox_B©2
B,B©2,Bbox,h,a,HA,f,7,3,11,B_Bbox_B©2
B,B©2,Bbox,h,a,HA,f,8,1,11,B_Bbox_B©2
B,B©2,Bbox,h,a,HA,f,9,3,11,B_Bbox_B©2
B,B©2,Bbox,h,a,HA,f,10,0,11,B_Bbox_B©2
B,B©2,Bbox,h,a,HA,f,11,0,11,B_Bbox_B©2
B,B©25,Bbox,h,a,HA,f,1,26,11,B_Bbox_B©25
B,B©25,Bbox,h,a,HA,f,2,NA,11,B_Bbox_B©25
B,B©25,Bbox,h,a,HA,f,3,11,11,B_Bbox_B©25
B,B©25,Bbox,h,a,HA,f,4,12,11,B_Bbox_B©25
B,B©25,Bbox,h,a,HA,f,5,11,11,B_Bbox_B©25
B,B©25,Bbox,h,a,HA,f,6,8,11,B_Bbox_B©25
B,B©25,Bbox,h,a,HA,f,7,3,11,B_Bbox_B©25
B,B©25,Bbox,h,a,HA,f,8,4,11,B_Bbox_B©25
B,B©25,Bbox,h,a,HA,f,9,3,11,B_Bbox_B©25
B,B©25,Bbox,h,a,HA,f,10,2,11,B_Bbox_B©25
B,B©25,Bbox,h,a,HA,f,11,0,11,B_Bbox_B©25
B,B©25,Bbox,h,a,HA,f,12,0,11,B_Bbox_B©25
B,BA10,BA,h,a,HA,f,1,22,11,B_BA_BA10
B,BA10,BA,h,a,HA,f,2,14,11,B_BA_BA10
B,BA10,BA,h,a,HA,f,3,12,11,B_BA_BA10
B,BA10,BA,h,a,HA,f,4,11,11,B_BA_BA10
B,BA10,BA,h,a,HA,f,5,12,11,B_BA_BA10
B,BA10,BA,h,a,HA,f,6,9,11,B_BA_BA10
B,BA10,BA,h,a,HA,f,7,7,11,B_BA_BA10
B,BA10,BA,h,a,HA,f,8,3,11,B_BA_BA10
B,BA10,BA,h,a,HA,f,9,2,11,B_BA_BA10
B,BA10,BA,h,a,HA,f,10,1,11,B_BA_BA10
B,BA10,BA,h,a,HA,f,11,0,11,B_BA_BA10
B,BB9,BB,h,a,HA,f,1,20,11,B_BB_BB9
B,BB9,BB,h,a,HA,f,2,11,11,B_BB_BB9
B,BB9,BB,h,a,HA,f,3,12,11,B_BB_BB9
B,BB9,BB,h,a,HA,f,4,7,11,B_BB_BB9
B,BB9,BB,h,a,HA,f,5,6,11,B_BB_BB9
B,BB9,BB,h,a,HA,f,6,6,11,B_BB_BB9
B,BB9,BB,h,a,HA,f,7,4,11,B_BB_BB9
B,BB9,BB,h,a,HA,f,8,0,11,B_BB_BB9
B,BB9,BB,h,a,HA,f,9,0,11,B_BB_BB9
B,BB9,BB,h,a,HA,f,10,0,11,B_BB_BB9
B,BB9,BB,h,a,HA,f,11,0,11,B_BB_BB9
B,BC2,BC,a,a,AA,f,1,20,11,B_BC_BC2
B,BC2,BC,a,a,AA,f,2,15,11,B_BC_BC2
B,BC2,BC,a,a,AA,f,3,8,11,B_BC_BC2
B,BC2,BC,a,a,AA,f,4,13,11,B_BC_BC2
B,BC2,BC,a,a,AA,f,5,5,11,B_BC_BC2
B,BC2,BC,a,a,AA,f,6,11,11,B_BC_BC2
B,BC2,BC,a,a,AA,f,7,7,11,B_BC_BC2
B,BC2,BC,a,a,AA,f,8,2,11,B_BC_BC2
B,BC2,BC,a,a,AA,f,9,1,11,B_BC_BC2
B,BC2,BC,a,a,AA,f,10,0,11,B_BC_BC2
B,BC2,BC,a,a,AA,f,11,1,11,B_BC_BC2
B,BE18,BE,a,a,AA,f,1,13,11,B_BE_BE18
B,BE18,BE,a,a,AA,f,2,10,11,B_BE_BE18
B,BE18,BE,a,a,AA,f,3,13,11,B_BE_BE18
B,BE18,BE,a,a,AA,f,4,13,11,B_BE_BE18
B,BE18,BE,a,a,AA,f,5,9,11,B_BE_BE18
B,BE18,BE,a,a,AA,f,6,6,11,B_BE_BE18
B,BE18,BE,a,a,AA,f,7,0,11,B_BE_BE18
B,BE18,BE,a,a,AA,f,8,1,11,B_BE_BE18
B,BE18,BE,a,a,AA,f,9,3,11,B_BE_BE18
B,BE18,BE,a,a,AA,f,10,4,11,B_BE_BE18
B,BE18,BE,a,a,AA,f,11,0,11,B_BE_BE18
B,BE22,BE,h,a,HA,f,1,24,11,B_BE_BE22
B,BE22,BE,h,a,HA,f,2,11,11,B_BE_BE22
B,BE22,BE,h,a,HA,f,3,10,11,B_BE_BE22
B,BE22,BE,h,a,HA,f,4,3,11,B_BE_BE22
B,BE22,BE,h,a,HA,f,5,8,11,B_BE_BE22
B,BE22,BE,h,a,HA,f,6,3,11,B_BE_BE22
B,BE22,BE,h,a,HA,f,7,2,11,B_BE_BE22
B,BE22,BE,h,a,HA,f,8,2,11,B_BE_BE22
B,BE22,BE,h,a,HA,f,9,3,11,B_BE_BE22
B,BE22,BE,h,a,HA,f,10,1,11,B_BE_BE22
B,BF25,BF,h,a,HA,f,1,16,11,B_BF_BF25
B,BF25,BF,h,a,HA,f,2,11,11,B_BF_BF25
B,BF25,BF,h,a,HA,f,3,10,11,B_BF_BF25
B,BF25,BF,h,a,HA,f,4,12,11,B_BF_BF25
B,BF25,BF,h,a,HA,f,5,7,11,B_BF_BF25
B,BF25,BF,h,a,HA,f,6,5,11,B_BF_BF25
B,BF25,BF,h,a,HA,f,7,3,11,B_BF_BF25
B,BF25,BF,h,a,HA,f,8,4,11,B_BF_BF25
B,BF25,BF,h,a,HA,f,9,1,11,B_BF_BF25
B,BF25,BF,h,a,HA,f,10,0,11,B_BF_BF25
B,BF25,BF,h,a,HA,f,11,2,11,B_BF_BF25
B,BI10,BI,h,a,HA,f,1,22,11,B_BI_BI10
B,BI10,BI,h,a,HA,f,2,14,11,B_BI_BI10
B,BI10,BI,h,a,HA,f,3,15,11,B_BI_BI10
B,BI10,BI,h,a,HA,f,4,13,11,B_BI_BI10
B,BI10,BI,h,a,HA,f,5,12,11,B_BI_BI10
B,BI10,BI,h,a,HA,f,6,6,11,B_BI_BI10
B,BI10,BI,h,a,HA,f,7,6,11,B_BI_BI10
B,BI10,BI,h,a,HA,f,8,3,11,B_BI_BI10
B,BI10,BI,h,a,HA,f,9,0,11,B_BI_BI10
B,BI10,BI,h,a,HA,f,10,0,11,B_BI_BI10
B,BI10,BI,h,a,HA,f,11,2,11,B_BI_BI10
B,BJ11,BJ,h,a,HA,f,1,0,11,B_BJ_BJ11
B,BJ11,BJ,h,a,HA,f,2,0,11,B_BJ_BJ11
B,BJ11,BJ,h,a,HA,f,3,0,11,B_BJ_BJ11
B,BJ11,BJ,h,a,HA,f,4,0,11,B_BJ_BJ11
B,BJ11,BJ,h,a,HA,f,5,0,11,B_BJ_BJ11
B,BJ11,BJ,h,a,HA,f,6,0,11,B_BJ_BJ11
B,BJ11,BJ,h,a,HA,f,7,1,11,B_BJ_BJ11
B,BJ11,BJ,h,a,HA,f,8,5,11,B_BJ_BJ11
B,BJ11,BJ,h,a,HA,f,9,0,11,B_BJ_BJ11
B,BJ11,BJ,h,a,HA,f,10,0,11,B_BJ_BJ11
B,BJ13,BJ,h,a,HA,f,1,14,11,B_BJ_BJ13
B,BJ13,BJ,h,a,HA,f,2,8,11,B_BJ_BJ13
B,BJ13,BJ,h,a,HA,f,3,12,11,B_BJ_BJ13
B,BJ13,BJ,h,a,HA,f,4,7,11,B_BJ_BJ13
B,BJ13,BJ,h,a,HA,f,5,7,11,B_BJ_BJ13
B,BJ13,BJ,h,a,HA,f,6,5,11,B_BJ_BJ13
B,BJ13,BJ,h,a,HA,f,7,2,11,B_BJ_BJ13
B,BJ13,BJ,h,a,HA,f,8,3,11,B_BJ_BJ13
B,BJ13,BJ,h,a,HA,f,9,0,11,B_BJ_BJ13
B,BJ13,BJ,h,a,HA,f,10,0,11,B_BJ_BJ13
B,BJ13,BJ,h,a,HA,f,11,0,11,B_BJ_BJ13
B,BK4,BK,h,a,HA,f,1,24,11,B_BK_BK4
B,BK4,BK,h,a,HA,f,2,10,11,B_BK_BK4
B,BK4,BK,h,a,HA,f,3,12,11,B_BK_BK4
B,BK4,BK,h,a,HA,f,4,7,11,B_BK_BK4
B,BK4,BK,h,a,HA,f,5,14,11,B_BK_BK4
B,BK4,BK,h,a,HA,f,6,7,11,B_BK_BK4
B,BK4,BK,h,a,HA,f,7,5,11,B_BK_BK4
B,BK4,BK,h,a,HA,f,8,3,11,B_BK_BK4
B,BK4,BK,h,a,HA,f,9,1,11,B_BK_BK4
B,BK4,BK,h,a,HA,f,10,0,11,B_BK_BK4
B,BK4,BK,h,a,HA,f,11,0,11,B_BK_BK4
B,BO23,BO,h,a,HA,f,1,25,11,B_BO_BO23
B,BO23,BO,h,a,HA,f,2,10,11,B_BO_BO23
B,BO23,BO,h,a,HA,f,3,11,11,B_BO_BO23
B,BO23,BO,h,a,HA,f,4,5,11,B_BO_BO23
B,BO23,BO,h,a,HA,f,5,13,11,B_BO_BO23
B,BO23,BO,h,a,HA,f,6,4,11,B_BO_BO23
B,BO23,BO,h,a,HA,f,7,6,11,B_BO_BO23
B,BO23,BO,h,a,HA,f,8,1,11,B_BO_BO23
B,BO23,BO,h,a,HA,f,9,1,11,B_BO_BO23
B,BO23,BO,h,a,HA,f,10,1,11,B_BO_BO23
B,BO23,BO,h,a,HA,f,11,0,11,B_BO_BO23
B,BO5,BO,h,a,HA,f,1,18,11,B_BO_BO5
B,BO5,BO,h,a,HA,f,2,14,11,B_BO_BO5
B,BO5,BO,h,a,HA,f,3,12,11,B_BO_BO5
B,BO5,BO,h,a,HA,f,4,9,11,B_BO_BO5
B,BO5,BO,h,a,HA,f,5,8,11,B_BO_BO5
B,BO5,BO,h,a,HA,f,6,4,11,B_BO_BO5
B,BO5,BO,h,a,HA,f,7,4,11,B_BO_BO5
B,BO5,BO,h,a,HA,f,8,5,11,B_BO_BO5
B,BO5,BO,h,a,HA,f,9,0,11,B_BO_BO5
B,BO5,BO,h,a,HA,f,10,0,11,B_BO_BO5
B,BO5,BO,h,a,HA,f,11,0,11,B_BO_BO5
B,BQ13,BQ,h,h,HH,f,1,9,11,B_BQ_BQ13
B,BQ13,BQ,h,h,HH,f,2,4,11,B_BQ_BQ13
B,BQ13,BQ,h,h,HH,f,3,6,11,B_BQ_BQ13
B,BQ13,BQ,h,h,HH,f,4,8,11,B_BQ_BQ13
B,BQ13,BQ,h,h,HH,f,5,1,11,B_BQ_BQ13
B,BQ13,BQ,h,h,HH,f,6,4,11,B_BQ_BQ13
B,BQ13,BQ,h,h,HH,f,7,13,11,B_BQ_BQ13
B,BQ13,BQ,h,h,HH,f,8,6,11,B_BQ_BQ13
B,BQ13,BQ,h,h,HH,f,9,4,11,B_BQ_BQ13
B,BQ13,BQ,h,h,HH,f,10,1,11,B_BQ_BQ13
B,BQ13,BQ,h,h,HH,f,11,0,11,B_BQ_BQ13
B,BR21,BR,a,a,AA,f,1,15,11,B_BR_BR21
B,BR21,BR,a,a,AA,f,2,15,11,B_BR_BR21
B,BR21,BR,a,a,AA,f,3,17,11,B_BR_BR21
B,BR21,BR,a,a,AA,f,4,7,11,B_BR_BR21
B,BR21,BR,a,a,AA,f,5,3,11,B_BR_BR21
B,BR21,BR,a,a,AA,f,6,4,11,B_BR_BR21
B,BR21,BR,a,a,AA,f,7,9,11,B_BR_BR21
B,BR21,BR,a,a,AA,f,8,7,11,B_BR_BR21
B,BR21,BR,a,a,AA,f,9,3,11,B_BR_BR21
B,BR21,BR,a,a,AA,f,10,0,11,B_BR_BR21
B,BR21,BR,a,a,AA,f,11,0,11,B_BR_BR21
B,BV23,BV,h,a,HA,f,1,19,11,B_BV_BV23
B,BV23,BV,h,a,HA,f,2,0,11,B_BV_BV23
B,BV23,BV,h,a,HA,f,3,5,11,B_BV_BV23
B,BV23,BV,h,a,HA,f,4,0,11,B_BV_BV23
B,BV23,BV,h,a,HA,f,5,23,11,B_BV_BV23
B,BV23,BV,h,a,HA,f,6,0,11,B_BV_BV23
B,BV23,BV,h,a,HA,f,7,1,11,B_BV_BV23
B,BV23,BV,h,a,HA,f,8,0,11,B_BV_BV23
B,BV23,BV,h,a,HA,f,9,4,11,B_BV_BV23
B,BV23,BV,h,a,HA,f,10,0,11,B_BV_BV23
B,BV23,BV,h,a,HA,f,11,0,11,B_BV_BV23
B,BW22,BW,h,a,HA,f,1,27,11,B_BW_BW22
B,BW22,BW,h,a,HA,f,2,13,11,B_BW_BW22
B,BW22,BW,h,a,HA,f,3,10,11,B_BW_BW22
B,BW22,BW,h,a,HA,f,4,6,11,B_BW_BW22
B,BW22,BW,h,a,HA,f,5,10,11,B_BW_BW22
B,BW22,BW,h,a,HA,f,6,4,11,B_BW_BW22
B,BW22,BW,h,a,HA,f,7,2,11,B_BW_BW22
B,BW22,BW,h,a,HA,f,8,0,11,B_BW_BW22
B,BW22,BW,h,a,HA,f,9,0,11,B_BW_BW22
B,BW22,BW,h,a,HA,f,10,0,11,B_BW_BW22
B,BW22,BW,h,a,HA,f,11,0,11,B_BW_BW22
B,BW25,BW,h,a,HA,f,1,22,11,B_BW_BW25
B,BW25,BW,h,a,HA,f,2,12,11,B_BW_BW25
B,BW25,BW,h,a,HA,f,3,12,11,B_BW_BW25
B,BW25,BW,h,a,HA,f,4,6,11,B_BW_BW25
B,BW25,BW,h,a,HA,f,5,4,11,B_BW_BW25
B,BW25,BW,h,a,HA,f,6,4,11,B_BW_BW25
B,BW25,BW,h,a,HA,f,7,3,11,B_BW_BW25
B,BW25,BW,h,a,HA,f,8,1,11,B_BW_BW25
B,BW25,BW,h,a,HA,f,9,0,11,B_BW_BW25
B,BW25,BW,h,a,HA,f,10,0,11,B_BW_BW25
B,BW25,BW,h,a,HA,f,11,0,11,B_BW_BW25
B,BY16,BY,h,a,HA,f,1,22,11,B_BY_BY16
B,BY16,BY,h,a,HA,f,2,10,11,B_BY_BY16
B,BY16,BY,h,a,HA,f,3,8,11,B_BY_BY16
B,BY16,BY,h,a,HA,f,4,0,11,B_BY_BY16
B,BY16,BY,h,a,HA,f,5,0,11,B_BY_BY16
B,BY16,BY,h,a,HA,f,6,15,11,B_BY_BY16
B,BY16,BY,h,a,HA,f,7,4,11,B_BY_BY16
B,BY16,BY,h,a,HA,f,8,4,11,B_BY_BY16
B,BY16,BY,h,a,HA,f,9,0,11,B_BY_BY16
B,BY16,BY,h,a,HA,f,10,1,11,B_BY_BY16
B,BY16,BY,h,a,HA,f,11,0,11,B_BY_BY16
B,B?13,Bom,h,a,HA,f,1,19,11,B_Bom_B?13
B,B?13,Bom,h,a,HA,f,2,10,11,B_Bom_B?13
B,B?13,Bom,h,a,HA,f,3,16,11,B_Bom_B?13
B,B?13,Bom,h,a,HA,f,4,11,11,B_Bom_B?13
B,B?13,Bom,h,a,HA,f,5,7,11,B_Bom_B?13
B,B?13,Bom,h,a,HA,f,6,4,11,B_Bom_B?13
B,B?13,Bom,h,a,HA,f,7,3,11,B_Bom_B?13
B,B?13,Bom,h,a,HA,f,8,3,11,B_Bom_B?13
B,B?13,Bom,h,a,HA,f,9,0,11,B_Bom_B?13
B,B?13,Bom,h,a,HA,f,10,0,11,B_Bom_B?13
C,CH2,CH,h,h,HH,f,1,0,11,C_CH_CH2
C,CH2,CH,h,h,HH,f,2,0,11,C_CH_CH2
C,CH2,CH,h,h,HH,f,3,0,11,C_CH_CH2
C,CH2,CH,h,h,HH,f,4,0,11,C_CH_CH2
C,CH2,CH,h,h,HH,f,5,0,11,C_CH_CH2
C,CH2,CH,h,h,HH,f,6,0,11,C_CH_CH2
C,CH2,CH,h,h,HH,f,7,0,11,C_CH_CH2
C,CH2,CH,h,h,HH,f,8,0,11,C_CH_CH2
C,CH2,CH,h,h,HH,f,9,0,11,C_CH_CH2
C,CH2,CH,h,h,HH,f,10,0,11,C_CH_CH2
C,CH2,CH,h,h,HH,f,11,0,11,C_CH_CH2
C,CH20,CH,h,h,HH,f,1,0,11,C_CH_CH20
C,CH20,CH,h,h,HH,f,2,0,11,C_CH_CH20
C,CH20,CH,h,h,HH,f,3,0,11,C_CH_CH20
C,CH20,CH,h,h,HH,f,4,0,11,C_CH_CH20
C,CH20,CH,h,h,HH,f,5,0,11,C_CH_CH20
C,CH20,CH,h,h,HH,f,6,0,11,C_CH_CH20
C,CH20,CH,h,h,HH,f,7,0,11,C_CH_CH20
C,CH20,CH,h,h,HH,f,8,0,11,C_CH_CH20
C,CH20,CH,h,h,HH,f,9,1,11,C_CH_CH20
C,CH20,CH,h,h,HH,f,10,0,11,C_CH_CH20
C,CH20,CH,h,h,HH,f,11,0,11,C_CH_CH20
C,CL27,CL,a,a,AA,f,1,20,11,C_CL_CL27
C,CL27,CL,a,a,AA,f,2,13,11,C_CL_CL27
C,CL27,CL,a,a,AA,f,3,11,11,C_CL_CL27
C,CL27,CL,a,a,AA,f,4,9,11,C_CL_CL27
C,CL27,CL,a,a,AA,f,5,12,11,C_CL_CL27
C,CL27,CL,a,a,AA,f,6,9,11,C_CL_CL27
C,CL27,CL,a,a,AA,f,7,4,11,C_CL_CL27
C,CL27,CL,a,a,AA,f,8,3,11,C_CL_CL27
C,CL27,CL,a,a,AA,f,9,0,11,C_CL_CL27
C,CL27,CL,a,a,AA,f,10,0,11,C_CL_CL27
C,CL27,CL,a,a,AA,f,11,0,11,C_CL_CL27
C,CR22,CR,h,a,HA,f,1,0,11,C_CR_CR22
C,CR22,CR,h,a,HA,f,2,0,11,C_CR_CR22
C,CR22,CR,h,a,HA,f,3,0,11,C_CR_CR22
C,CR22,CR,h,a,HA,f,4,0,11,C_CR_CR22
C,CR22,CR,h,a,HA,f,5,0,11,C_CR_CR22
C,CR22,CR,h,a,HA,f,6,0,11,C_CR_CR22
C,CR22,CR,h,a,HA,f,7,0,11,C_CR_CR22
C,CR22,CR,h,a,HA,f,8,0,11,C_CR_CR22
C,CR22,CR,h,a,HA,f,9,0,11,C_CR_CR22
C,CR22,CR,h,a,HA,f,10,0,11,C_CR_CR22
C,CR22,CR,h,a,HA,f,11,0,11,C_CR_CR22
C,C?27,Com,a,a,AA,f,1,21,11,C_Com_C?27
C,C?27,Com,a,a,AA,f,2,12,11,C_Com_C?27
C,C?27,Com,a,a,AA,f,3,13,11,C_Com_C?27
C,C?27,Com,a,a,AA,f,4,12,11,C_Com_C?27
C,C?27,Com,a,a,AA,f,5,12,11,C_Com_C?27
C,C?27,Com,a,a,AA,f,6,5,11,C_Com_C?27
C,C?27,Com,a,a,AA,f,7,9,11,C_Com_C?27
C,C?27,Com,a,a,AA,f,8,2,11,C_Com_C?27
C,C?27,Com,a,a,AA,f,9,1,11,C_Com_C?27
C,C?27,Com,a,a,AA,f,10,0,11,C_Com_C?27
C,C?27,Com,a,a,AA,f,11,0,11,C_Com_C?27
A,AD12,AD,a,a,AA,f,1,35,12,A_AD_AD12
A,AD12,AD,a,a,AA,f,2,13,12,A_AD_AD12
A,AD12,AD,a,a,AA,f,3,13,12,A_AD_AD12
A,AD12,AD,a,a,AA,f,4,9,12,A_AD_AD12
A,AD12,AD,a,a,AA,f,5,4,12,A_AD_AD12
A,AD12,AD,a,a,AA,f,6,3,12,A_AD_AD12
A,AD12,AD,a,a,AA,f,7,5,12,A_AD_AD12
A,AD12,AD,a,a,AA,f,8,1,12,A_AD_AD12
A,AD12,AD,a,a,AA,f,9,0,12,A_AD_AD12
A,AD12,AD,a,a,AA,f,10,0,12,A_AD_AD12
A,AD12,AD,a,a,AA,f,11,0,12,A_AD_AD12
A,AG17,AG,a,a,AA,f,1,15,12,A_AG_AG17
A,AG17,AG,a,a,AA,f,2,0,12,A_AG_AG17
A,AG17,AG,a,a,AA,f,3,0,12,A_AG_AG17
A,AG17,AG,a,a,AA,f,4,0,12,A_AG_AG17
A,AG17,AG,a,a,AA,f,5,0,12,A_AG_AG17
A,AG17,AG,a,a,AA,f,6,0,12,A_AG_AG17
A,AG17,AG,a,a,AA,f,7,0,12,A_AG_AG17
A,AG17,AG,a,a,AA,f,8,0,12,A_AG_AG17
A,AG17,AG,a,a,AA,f,9,15,12,A_AG_AG17
A,AG17,AG,a,a,AA,f,10,18,12,A_AG_AG17
A,AG17,AG,a,a,AA,f,11,5,12,A_AG_AG17
A,AG17,AG,a,a,AA,f,12,0,12,A_AG_AG17
A,AI14,AI,h,a,HA,f,1,24,12,A_AI_AI14
A,AI14,AI,h,a,HA,f,2,12,12,A_AI_AI14
A,AI14,AI,h,a,HA,f,3,11,12,A_AI_AI14
A,AI14,AI,h,a,HA,f,4,12,12,A_AI_AI14
A,AI14,AI,h,a,HA,f,5,6,12,A_AI_AI14
A,AI14,AI,h,a,HA,f,6,6,12,A_AI_AI14
A,AI14,AI,h,a,HA,f,7,1,12,A_AI_AI14
A,AI14,AI,h,a,HA,f,8,0,12,A_AI_AI14
A,AI14,AI,h,a,HA,f,9,2,12,A_AI_AI14
A,AI14,AI,h,a,HA,f,10,1,12,A_AI_AI14
A,AI14,AI,h,a,HA,f,11,0,12,A_AI_AI14
A,AI14,AI,h,a,HA,f,12,0,12,A_AI_AI14
A,AM10,AM,a,a,AA,f,1,18,12,A_AM_AM10
A,AM10,AM,a,a,AA,f,2,8,12,A_AM_AM10
A,AM10,AM,a,a,AA,f,3,10,12,A_AM_AM10
A,AM10,AM,a,a,AA,f,4,4,12,A_AM_AM10
A,AM10,AM,a,a,AA,f,5,4,12,A_AM_AM10
A,AM10,AM,a,a,AA,f,6,2,12,A_AM_AM10
A,AM10,AM,a,a,AA,f,7,2,12,A_AM_AM10
A,AM10,AM,a,a,AA,f,8,0,12,A_AM_AM10
A,AM10,AM,a,a,AA,f,9,0,12,A_AM_AM10
A,AP17,AP,h,a,HA,f,1,2,12,A_AP_AP17
A,AP17,AP,h,a,HA,f,2,0,12,A_AP_AP17
A,AP17,AP,h,a,HA,f,3,0,12,A_AP_AP17
A,AP17,AP,h,a,HA,f,4,0,12,A_AP_AP17
A,AP17,AP,h,a,HA,f,5,2,12,A_AP_AP17
A,AP17,AP,h,a,HA,f,6,3,12,A_AP_AP17
A,AP17,AP,h,a,HA,f,7,0,12,A_AP_AP17
A,AP17,AP,h,a,HA,f,8,3,12,A_AP_AP17
A,AP17,AP,h,a,HA,f,9,2,12,A_AP_AP17
A,AP17,AP,h,a,HA,f,10,0,12,A_AP_AP17
A,AP17,AP,h,a,HA,f,11,0,12,A_AP_AP17
A,AP17,AP,h,a,HA,f,12,0,12,A_AP_AP17
A,AQ18,AQ,h,a,HA,f,1,0,12,A_AQ_AQ18
A,AQ18,AQ,h,a,HA,f,2,0,12,A_AQ_AQ18
A,AQ18,AQ,h,a,HA,f,3,0,12,A_AQ_AQ18
A,AQ18,AQ,h,a,HA,f,4,0,12,A_AQ_AQ18
A,AQ18,AQ,h,a,HA,f,5,0,12,A_AQ_AQ18
A,AQ18,AQ,h,a,HA,f,6,0,12,A_AQ_AQ18
A,AQ18,AQ,h,a,HA,f,7,0,12,A_AQ_AQ18
A,AQ18,AQ,h,a,HA,f,8,1,12,A_AQ_AQ18
A,AQ18,AQ,h,a,HA,f,9,0,12,A_AQ_AQ18
A,AQ18,AQ,h,a,HA,f,10,1,12,A_AQ_AQ18
A,AQ18,AQ,h,a,HA,f,11,0,12,A_AQ_AQ18
A,AQ18,AQ,h,a,HA,f,12,0,12,A_AQ_AQ18
A,AQ9,AQ,a,a,AA,f,1,23,12,A_AQ_AQ9
A,AQ9,AQ,a,a,AA,f,2,14,12,A_AQ_AQ9
A,AQ9,AQ,a,a,AA,f,3,10,12,A_AQ_AQ9
A,AQ9,AQ,a,a,AA,f,4,12,12,A_AQ_AQ9
A,AQ9,AQ,a,a,AA,f,5,8,12,A_AQ_AQ9
A,AQ9,AQ,a,a,AA,f,6,8,12,A_AQ_AQ9
A,AQ9,AQ,a,a,AA,f,7,8,12,A_AQ_AQ9
A,AQ9,AQ,a,a,AA,f,8,2,12,A_AQ_AQ9
A,AQ9,AQ,a,a,AA,f,9,0,12,A_AQ_AQ9
A,AQ9,AQ,a,a,AA,f,10,0,12,A_AQ_AQ9
A,AQ9,AQ,a,a,AA,f,11,0,12,A_AQ_AQ9
A,AQ9,AQ,a,a,AA,f,12,0,12,A_AQ_AQ9
A,AR14,AR,a,a,AA,f,1,6,12,A_AR_AR14
A,AR14,AR,a,a,AA,f,2,17,12,A_AR_AR14
A,AR14,AR,a,a,AA,f,3,13,12,A_AR_AR14
A,AR14,AR,a,a,AA,f,4,16,12,A_AR_AR14
A,AR14,AR,a,a,AA,f,5,10,12,A_AR_AR14
A,AR14,AR,a,a,AA,f,6,7,12,A_AR_AR14
A,AR14,AR,a,a,AA,f,7,6,12,A_AR_AR14
A,AR14,AR,a,a,AA,f,8,6,12,A_AR_AR14
A,AR14,AR,a,a,AA,f,9,1,12,A_AR_AR14
A,AR14,AR,a,a,AA,f,10,3,12,A_AR_AR14
A,AR14,AR,a,a,AA,f,11,0,12,A_AR_AR14
A,AR14,AR,a,a,AA,f,12,0,12,A_AR_AR14
A,AU18,AU,a,a,AA,f,1,20,12,A_AU_AU18
A,AU18,AU,a,a,AA,f,2,19,12,A_AU_AU18
A,AU18,AU,a,a,AA,f,3,15,12,A_AU_AU18
A,AU18,AU,a,a,AA,f,4,12,12,A_AU_AU18
A,AU18,AU,a,a,AA,f,5,11,12,A_AU_AU18
A,AU18,AU,a,a,AA,f,6,9,12,A_AU_AU18
A,AU18,AU,a,a,AA,f,7,3,12,A_AU_AU18
A,AU18,AU,a,a,AA,f,8,4,12,A_AU_AU18
A,AU18,AU,a,a,AA,f,9,1,12,A_AU_AU18
A,AU18,AU,a,a,AA,f,10,0,12,A_AU_AU18
A,AU18,AU,a,a,AA,f,11,0,12,A_AU_AU18
A,AU18,AU,a,a,AA,f,12,0,12,A_AU_AU18
A,AV16,AV,a,a,AA,f,1,0,12,A_AV_AV16
A,AV16,AV,a,a,AA,f,2,27,12,A_AV_AV16
A,AV16,AV,a,a,AA,f,3,13,12,A_AV_AV16
A,AV16,AV,a,a,AA,f,4,9,12,A_AV_AV16
A,AV16,AV,a,a,AA,f,5,10,12,A_AV_AV16
A,AV16,AV,a,a,AA,f,6,9,12,A_AV_AV16
A,AV16,AV,a,a,AA,f,7,4,12,A_AV_AV16
A,AV16,AV,a,a,AA,f,8,5,12,A_AV_AV16
A,AV16,AV,a,a,AA,f,9,1,12,A_AV_AV16
A,AV16,AV,a,a,AA,f,10,0,12,A_AV_AV16
A,AV16,AV,a,a,AA,f,11,2,12,A_AV_AV16
A,AV16,AV,a,a,AA,f,12,0,12,A_AV_AV16
A,AW15,AW,a,a,AA,f,1,13,12,A_AW_AW15
A,AW15,AW,a,a,AA,f,2,19,12,A_AW_AW15
A,AW15,AW,a,a,AA,f,3,17,12,A_AW_AW15
A,AW15,AW,a,a,AA,f,4,14,12,A_AW_AW15
A,AW15,AW,a,a,AA,f,5,12,12,A_AW_AW15
A,AW15,AW,a,a,AA,f,6,10,12,A_AW_AW15
A,AW15,AW,a,a,AA,f,7,4,12,A_AW_AW15
A,AW15,AW,a,a,AA,f,8,7,12,A_AW_AW15
A,AW15,AW,a,a,AA,f,9,1,12,A_AW_AW15
A,AW15,AW,a,a,AA,f,10,2,12,A_AW_AW15
A,AW15,AW,a,a,AA,f,11,0,12,A_AW_AW15
A,AW15,AW,a,a,AA,f,12,0,12,A_AW_AW15
A,AY8,AY,a,a,AA,f,1,17,12,A_AY_AY8
A,AY8,AY,a,a,AA,f,2,9,12,A_AY_AY8
A,AY8,AY,a,a,AA,f,3,16,12,A_AY_AY8
A,AY8,AY,a,a,AA,f,4,16,12,A_AY_AY8
A,AY8,AY,a,a,AA,f,5,12,12,A_AY_AY8
A,AY8,AY,a,a,AA,f,6,9,12,A_AY_AY8
A,AY8,AY,a,a,AA,f,7,8,12,A_AY_AY8
A,AY8,AY,a,a,AA,f,8,4,12,A_AY_AY8
A,AY8,AY,a,a,AA,f,9,2,12,A_AY_AY8
A,AY8,AY,a,a,AA,f,10,0,12,A_AY_AY8
A,AY8,AY,a,a,AA,f,11,0,12,A_AY_AY8
A,AY8,AY,a,a,AA,f,12,0,12,A_AY_AY8
B,B?15,Btr,a,a,AA,f,1,14,12,B_Btr_B?15
B,B?15,Btr,a,a,AA,f,2,9,12,B_Btr_B?15
B,B?15,Btr,a,a,AA,f,3,20,12,B_Btr_B?15
B,B?15,Btr,a,a,AA,f,4,7,12,B_Btr_B?15
B,B?15,Btr,a,a,AA,f,5,2,12,B_Btr_B?15
B,B?15,Btr,a,a,AA,f,6,0,12,B_Btr_B?15
B,B?15,Btr,a,a,AA,f,7,1,12,B_Btr_B?15
B,B?15,Btr,a,a,AA,f,8,0,12,B_Btr_B?15
B,B?15,Btr,a,a,AA,f,9,16,12,B_Btr_B?15
B,B?15,Btr,a,a,AA,f,10,10,12,B_Btr_B?15
B,B?15,Btr,a,a,AA,f,11,0,12,B_Btr_B?15
B,B?15,Btr,a,a,AA,f,12,0,12,B_Btr_B?15
B,B?2,Btr,h,a,HA,f,1,16,12,B_Btr_B?2
B,B?2,Btr,h,a,HA,f,2,14,12,B_Btr_B?2
B,B?2,Btr,h,a,HA,f,3,11,12,B_Btr_B?2
B,B?2,Btr,h,a,HA,f,4,10,12,B_Btr_B?2
B,B?2,Btr,h,a,HA,f,5,9,12,B_Btr_B?2
B,B?2,Btr,h,a,HA,f,6,8,12,B_Btr_B?2
B,B?2,Btr,h,a,HA,f,7,6,12,B_Btr_B?2
B,B?2,Btr,h,a,HA,f,8,3,12,B_Btr_B?2
B,B?2,Btr,h,a,HA,f,9,0,12,B_Btr_B?2
B,B?2,Btr,h,a,HA,f,10,0,12,B_Btr_B?2
B,B?2,Btr,h,a,HA,f,11,0,12,B_Btr_B?2
B,B?2,Btr,h,a,HA,f,12,0,12,B_Btr_B?2
B,B?17,Bpi,h,a,HA,f,1,33,12,B_Bpi_B?17
B,B?17,Bpi,h,a,HA,f,2,11,12,B_Bpi_B?17
B,B?17,Bpi,h,a,HA,f,3,9,12,B_Bpi_B?17
B,B?17,Bpi,h,a,HA,f,4,6,12,B_Bpi_B?17
B,B?17,Bpi,h,a,HA,f,5,9,12,B_Bpi_B?17
B,B?17,Bpi,h,a,HA,f,6,5,12,B_Bpi_B?17
B,B?17,Bpi,h,a,HA,f,7,3,12,B_Bpi_B?17
B,B?17,Bpi,h,a,HA,f,8,2,12,B_Bpi_B?17
B,B?17,Bpi,h,a,HA,f,9,1,12,B_Bpi_B?17
B,B?17,Bpi,h,a,HA,f,10,1,12,B_Bpi_B?17
B,B?17,Bpi,h,a,HA,f,11,0,12,B_Bpi_B?17
B,B?17,Bpi,h,a,HA,f,12,0,12,B_Bpi_B?17
B,B?23,Bpi,h,a,HA,f,1,25,12,B_Bpi_B?23
B,B?23,Bpi,h,a,HA,f,2,12,12,B_Bpi_B?23
B,B?23,Bpi,h,a,HA,f,3,11,12,B_Bpi_B?23
B,B?23,Bpi,h,a,HA,f,4,9,12,B_Bpi_B?23
B,B?23,Bpi,h,a,HA,f,5,8,12,B_Bpi_B?23
B,B?23,Bpi,h,a,HA,f,6,8,12,B_Bpi_B?23
B,B?23,Bpi,h,a,HA,f,7,3,12,B_Bpi_B?23
B,B?23,Bpi,h,a,HA,f,8,1,12,B_Bpi_B?23
B,B?23,Bpi,h,a,HA,f,9,3,12,B_Bpi_B?23
B,B?23,Bpi,h,a,HA,f,10,0,12,B_Bpi_B?23
B,B?23,Bpi,h,a,HA,f,11,0,12,B_Bpi_B?23
B,B?23,Bpi,h,a,HA,f,12,0,12,B_Bpi_B?23
B,B©12,Bbox,a,a,AA,f,1,11,12,B_Bbox_B©12
B,B©12,Bbox,a,a,AA,f,2,13,12,B_Bbox_B©12
B,B©12,Bbox,a,a,AA,f,3,11,12,B_Bbox_B©12
B,B©12,Bbox,a,a,AA,f,4,8,12,B_Bbox_B©12
B,B©12,Bbox,a,a,AA,f,5,9,12,B_Bbox_B©12
B,B©12,Bbox,a,a,AA,f,6,7,12,B_Bbox_B©12
B,B©12,Bbox,a,a,AA,f,7,4,12,B_Bbox_B©12
B,B©12,Bbox,a,a,AA,f,8,2,12,B_Bbox_B©12
B,B©12,Bbox,a,a,AA,f,9,2,12,B_Bbox_B©12
B,B©12,Bbox,a,a,AA,f,10,0,12,B_Bbox_B©12
B,B©12,Bbox,a,a,AA,f,11,0,12,B_Bbox_B©12
B,B©23,Bbox,h,a,HA,f,1,18,12,B_Bbox_B©23
B,B©23,Bbox,h,a,HA,f,2,17,12,B_Bbox_B©23
B,B©23,Bbox,h,a,HA,f,3,12,12,B_Bbox_B©23
B,B©23,Bbox,h,a,HA,f,4,12,12,B_Bbox_B©23
B,B©23,Bbox,h,a,HA,f,5,6,12,B_Bbox_B©23
B,B©23,Bbox,h,a,HA,f,6,5,12,B_Bbox_B©23
B,B©23,Bbox,h,a,HA,f,7,2,12,B_Bbox_B©23
B,B©23,Bbox,h,a,HA,f,8,3,12,B_Bbox_B©23
B,B©23,Bbox,h,a,HA,f,9,1,12,B_Bbox_B©23
B,B©23,Bbox,h,a,HA,f,10,0,12,B_Bbox_B©23
B,B©23,Bbox,h,a,HA,f,11,0,12,B_Bbox_B©23
B,B©23,Bbox,h,a,HA,f,12,0,12,B_Bbox_B©23
B,BA13,BA,h,a,HA,f,1,18,12,B_BA_BA13
B,BA13,BA,h,a,HA,f,2,13,12,B_BA_BA13
B,BA13,BA,h,a,HA,f,3,12,12,B_BA_BA13
B,BA13,BA,h,a,HA,f,4,10,12,B_BA_BA13
B,BA13,BA,h,a,HA,f,5,12,12,B_BA_BA13
B,BA13,BA,h,a,HA,f,6,8,12,B_BA_BA13
B,BA13,BA,h,a,HA,f,7,6,12,B_BA_BA13
B,BA13,BA,h,a,HA,f,8,3,12,B_BA_BA13
B,BA13,BA,h,a,HA,f,9,0,12,B_BA_BA13
B,BA13,BA,h,a,HA,f,10,0,12,B_BA_BA13
B,BA13,BA,h,a,HA,f,11,0,12,B_BA_BA13
B,BA13,BA,h,a,HA,f,12,0,12,B_BA_BA13
B,BA22,BA,h,a,HA,f,1,27,12,B_BA_BA22
B,BA22,BA,h,a,HA,f,2,16,12,B_BA_BA22
B,BA22,BA,h,a,HA,f,3,11,12,B_BA_BA22
B,BA22,BA,h,a,HA,f,4,8,12,B_BA_BA22
B,BA22,BA,h,a,HA,f,5,10,12,B_BA_BA22
B,BA22,BA,h,a,HA,f,6,6,12,B_BA_BA22
B,BA22,BA,h,a,HA,f,7,5,12,B_BA_BA22
B,BA22,BA,h,a,HA,f,8,4,12,B_BA_BA22
B,BA22,BA,h,a,HA,f,9,4,12,B_BA_BA22
B,BA22,BA,h,a,HA,f,10,1,12,B_BA_BA22
B,BA22,BA,h,a,HA,f,11,1,12,B_BA_BA22
B,BA22,BA,h,a,HA,f,12,1,12,B_BA_BA22
B,BB23,BB,h,a,HA,f,1,23,12,B_BB_BB23
B,BB23,BB,h,a,HA,f,2,12,12,B_BB_BB23
B,BB23,BB,h,a,HA,f,3,4,12,B_BB_BB23
B,BB23,BB,h,a,HA,f,4,13,12,B_BB_BB23
B,BB23,BB,h,a,HA,f,5,6,12,B_BB_BB23
B,BB23,BB,h,a,HA,f,6,6,12,B_BB_BB23
B,BB23,BB,h,a,HA,f,7,4,12,B_BB_BB23
B,BB23,BB,h,a,HA,f,8,2,12,B_BB_BB23
B,BB23,BB,h,a,HA,f,9,2,12,B_BB_BB23
B,BB23,BB,h,a,HA,f,10,0,12,B_BB_BB23
B,BB23,BB,h,a,HA,f,11,0,12,B_BB_BB23
B,BB23,BB,h,a,HA,f,12,0,12,B_BB_BB23
B,BB28,BB,h,a,HA,f,1,11,12,B_BB_BB28
B,BB28,BB,h,a,HA,f,2,10,12,B_BB_BB28
B,BB28,BB,h,a,HA,f,3,12,12,B_BB_BB28
B,BB28,BB,h,a,HA,f,4,6,12,B_BB_BB28
B,BB28,BB,h,a,HA,f,5,8,12,B_BB_BB28
B,BB28,BB,h,a,HA,f,6,5,12,B_BB_BB28
B,BB28,BB,h,a,HA,f,7,4,12,B_BB_BB28
B,BB28,BB,h,a,HA,f,8,0,12,B_BB_BB28
B,BB28,BB,h,a,HA,f,9,3,12,B_BB_BB28
B,BB28,BB,h,a,HA,f,10,1,12,B_BB_BB28
B,BB28,BB,h,a,HA,f,11,0,12,B_BB_BB28
B,BB28,BB,h,a,HA,f,12,0,12,B_BB_BB28
B,BB6,BB,a,a,AA,f,1,14,12,B_BB_BB6
B,BB6,BB,a,a,AA,f,2,8,12,B_BB_BB6
B,BB6,BB,a,a,AA,f,3,9,12,B_BB_BB6
B,BB6,BB,a,a,AA,f,5,10,12,B_BB_BB6
B,BB6,BB,a,a,AA,f,6,0,12,B_BB_BB6
B,BB6,BB,a,a,AA,f,7,3,12,B_BB_BB6
B,BB6,BB,a,a,AA,f,8,6,12,B_BB_BB6
B,BB6,BB,a,a,AA,f,9,1,12,B_BB_BB6
B,BB6,BB,a,a,AA,f,10,1,12,B_BB_BB6
B,BB6,BB,a,a,AA,f,11,6,12,B_BB_BB6
B,BB6,BB,a,a,AA,f,12,1,12,B_BB_BB6
B,BC27,BC,a,a,AA,f,1,14,12,B_BC_BC27
B,BC27,BC,a,a,AA,f,2,14,12,B_BC_BC27
B,BC27,BC,a,a,AA,f,3,10,12,B_BC_BC27
B,BC27,BC,a,a,AA,f,4,8,12,B_BC_BC27
B,BC27,BC,a,a,AA,f,5,9,12,B_BC_BC27
B,BC27,BC,a,a,AA,f,6,9,12,B_BC_BC27
B,BC27,BC,a,a,AA,f,7,5,12,B_BC_BC27
B,BC27,BC,a,a,AA,f,8,3,12,B_BC_BC27
B,BC27,BC,a,a,AA,f,9,2,12,B_BC_BC27
B,BC27,BC,a,a,AA,f,10,3,12,B_BC_BC27
B,BC27,BC,a,a,AA,f,11,1,12,B_BC_BC27
B,BC27,BC,a,a,AA,f,12,0,12,B_BC_BC27
B,BD13,BD,h,a,HA,f,1,15,12,B_BD_BD13
B,BD13,BD,h,a,HA,f,2,12,12,B_BD_BD13
B,BD13,BD,h,a,HA,f,3,11,12,B_BD_BD13
B,BD13,BD,h,a,HA,f,4,11,12,B_BD_BD13
B,BD13,BD,h,a,HA,f,5,9,12,B_BD_BD13
B,BD13,BD,h,a,HA,f,6,6,12,B_BD_BD13
B,BD13,BD,h,a,HA,f,7,7,12,B_BD_BD13
B,BD13,BD,h,a,HA,f,8,4,12,B_BD_BD13
B,BD13,BD,h,a,HA,f,9,1,12,B_BD_BD13
B,BD13,BD,h,a,HA,f,10,1,12,B_BD_BD13
B,BD13,BD,h,a,HA,f,11,1,12,B_BD_BD13
B,BD13,BD,h,a,HA,f,12,0,12,B_BD_BD13
B,BD27,BD,a,a,AA,f,1,11,12,B_BD_BD27
B,BD27,BD,a,a,AA,f,2,12,12,B_BD_BD27
B,BD27,BD,a,a,AA,f,3,12,12,B_BD_BD27
B,BD27,BD,a,a,AA,f,4,14,12,B_BD_BD27
B,BD27,BD,a,a,AA,f,5,10,12,B_BD_BD27
B,BD27,BD,a,a,AA,f,6,9,12,B_BD_BD27
B,BD27,BD,a,a,AA,f,7,7,12,B_BD_BD27
B,BD27,BD,a,a,AA,f,8,4,12,B_BD_BD27
B,BD27,BD,a,a,AA,f,9,1,12,B_BD_BD27
B,BD27,BD,a,a,AA,f,10,0,12,B_BD_BD27
B,BD27,BD,a,a,AA,f,11,2,12,B_BD_BD27
B,BD27,BD,a,a,AA,f,12,0,12,B_BD_BD27
B,BH12,BH,a,a,AA,f,1,11,12,B_BH_BH12
B,BH12,BH,a,a,AA,f,2,13,12,B_BH_BH12
B,BH12,BH,a,a,AA,f,3,9,12,B_BH_BH12
B,BH12,BH,a,a,AA,f,4,12,12,B_BH_BH12
B,BH12,BH,a,a,AA,f,5,8,12,B_BH_BH12
B,BH12,BH,a,a,AA,f,6,1,12,B_BH_BH12
B,BH12,BH,a,a,AA,f,7,0,12,B_BH_BH12
B,BH12,BH,a,a,AA,f,8,1,12,B_BH_BH12
B,BH12,BH,a,a,AA,f,9,2,12,B_BH_BH12
B,BH12,BH,a,a,AA,f,10,10,12,B_BH_BH12
B,BH12,BH,a,a,AA,f,11,1,12,B_BH_BH12
B,BH12,BH,a,a,AA,f,12,0,12,B_BH_BH12
B,BI2,BI,h,a,HA,f,1,24,12,B_BI_BI2
B,BI2,BI,h,a,HA,f,2,14,12,B_BI_BI2
B,BI2,BI,h,a,HA,f,3,2,12,B_BI_BI2
B,BI2,BI,h,a,HA,f,4,16,12,B_BI_BI2
B,BI2,BI,h,a,HA,f,5,8,12,B_BI_BI2
B,BI2,BI,h,a,HA,f,6,6,12,B_BI_BI2
B,BI2,BI,h,a,HA,f,7,3,12,B_BI_BI2
B,BI2,BI,h,a,HA,f,8,2,12,B_BI_BI2
B,BI2,BI,h,a,HA,f,9,2,12,B_BI_BI2
B,BI2,BI,h,a,HA,f,10,0,12,B_BI_BI2
B,BI2,BI,h,a,HA,f,11,0,12,B_BI_BI2
B,BI2,BI,h,a,HA,f,12,0,12,B_BI_BI2
B,BJ20,BJ,h,h,HH,f,1,1,12,B_BJ_BJ20
B,BJ20,BJ,h,h,HH,f,2,0,12,B_BJ_BJ20
B,BJ20,BJ,h,h,HH,f,3,0,12,B_BJ_BJ20
B,BJ20,BJ,h,h,HH,f,4,0,12,B_BJ_BJ20
B,BJ20,BJ,h,h,HH,f,5,0,12,B_BJ_BJ20
B,BJ20,BJ,h,h,HH,f,6,0,12,B_BJ_BJ20
B,BJ20,BJ,h,h,HH,f,7,0,12,B_BJ_BJ20
B,BJ20,BJ,h,h,HH,f,8,0,12,B_BJ_BJ20
B,BJ20,BJ,h,h,HH,f,9,1,12,B_BJ_BJ20
B,BJ20,BJ,h,h,HH,f,10,4,12,B_BJ_BJ20
B,BJ20,BJ,h,h,HH,f,11,0,12,B_BJ_BJ20
B,BJ20,BJ,h,h,HH,f,12,0,12,B_BJ_BJ20
B,BJ26,BJ,h,a,HA,f,1,10,12,B_BJ_BJ26
B,BJ26,BJ,h,a,HA,f,2,5,12,B_BJ_BJ26
B,BJ26,BJ,h,a,HA,f,3,6,12,B_BJ_BJ26
B,BJ26,BJ,h,a,HA,f,4,9,12,B_BJ_BJ26
B,BJ26,BJ,h,a,HA,f,5,4,12,B_BJ_BJ26
B,BJ26,BJ,h,a,HA,f,6,6,12,B_BJ_BJ26
B,BJ26,BJ,h,a,HA,f,7,1,12,B_BJ_BJ26
B,BJ26,BJ,h,a,HA,f,8,2,12,B_BJ_BJ26
B,BJ26,BJ,h,a,HA,f,9,0,12,B_BJ_BJ26
B,BJ26,BJ,h,a,HA,f,10,0,12,B_BJ_BJ26
B,BJ26,BJ,h,a,HA,f,11,0,12,B_BJ_BJ26
B,BJ26,BJ,h,a,HA,f,12,0,12,B_BJ_BJ26
B,BK7,BK,h,a,HA,f,1,18,12,B_BK_BK7
B,BK7,BK,h,a,HA,f,2,14,12,B_BK_BK7
B,BK7,BK,h,a,HA,f,3,7,12,B_BK_BK7
B,BK7,BK,h,a,HA,f,4,5,12,B_BK_BK7
B,BK7,BK,h,a,HA,f,5,3,12,B_BK_BK7
B,BK7,BK,h,a,HA,f,6,3,12,B_BK_BK7
B,BK7,BK,h,a,HA,f,7,0,12,B_BK_BK7
B,BK7,BK,h,a,HA,f,8,11,12,B_BK_BK7
B,BK7,BK,h,a,HA,f,9,6,12,B_BK_BK7
B,BK7,BK,h,a,HA,f,10,1,12,B_BK_BK7
B,BK7,BK,h,a,HA,f,11,0,12,B_BK_BK7
B,BK7,BK,h,a,HA,f,12,0,12,B_BK_BK7
B,BO26,BO,h,a,HA,f,1,14,12,B_BO_BO26
B,BO26,BO,h,a,HA,f,2,8,12,B_BO_BO26
B,BO26,BO,h,a,HA,f,3,9,12,B_BO_BO26
B,BO26,BO,h,a,HA,f,4,3,12,B_BO_BO26
B,BO26,BO,h,a,HA,f,5,6,12,B_BO_BO26
B,BO26,BO,h,a,HA,f,6,1,12,B_BO_BO26
B,BO26,BO,h,a,HA,f,7,6,12,B_BO_BO26
B,BO26,BO,h,a,HA,f,8,0,12,B_BO_BO26
B,BO26,BO,h,a,HA,f,9,2,12,B_BO_BO26
B,BO26,BO,h,a,HA,f,10,0,12,B_BO_BO26
B,BO26,BO,h,a,HA,f,11,0,12,B_BO_BO26
B,BO26,BO,h,a,HA,f,12,0,12,B_BO_BO26
B,BP12,BP,a,a,AA,f,1,6,12,B_BP_BP12
B,BP12,BP,a,a,AA,f,2,8,12,B_BP_BP12
B,BP12,BP,a,a,AA,f,3,11,12,B_BP_BP12
B,BP12,BP,a,a,AA,f,4,12,12,B_BP_BP12
B,BP12,BP,a,a,AA,f,5,9,12,B_BP_BP12
B,BP12,BP,a,a,AA,f,6,12,12,B_BP_BP12
B,BP12,BP,a,a,AA,f,7,8,12,B_BP_BP12
B,BP12,BP,a,a,AA,f,8,6,12,B_BP_BP12
B,BP12,BP,a,a,AA,f,9,5,12,B_BP_BP12
B,BP12,BP,a,a,AA,f,10,7,12,B_BP_BP12
B,BP12,BP,a,a,AA,f,11,1,12,B_BP_BP12
B,BP12,BP,a,a,AA,f,12,0,12,B_BP_BP12
B,BQ20,BQ,h,a,HA,f,1,16,12,B_BQ_BQ20
B,BQ20,BQ,h,a,HA,f,2,11,12,B_BQ_BQ20
B,BQ20,BQ,h,a,HA,f,3,11,12,B_BQ_BQ20
B,BQ20,BQ,h,a,HA,f,4,9,12,B_BQ_BQ20
B,BQ20,BQ,h,a,HA,f,5,9,12,B_BQ_BQ20
B,BQ20,BQ,h,a,HA,f,6,6,12,B_BQ_BQ20
B,BQ20,BQ,h,a,HA,f,7,3,12,B_BQ_BQ20
B,BQ20,BQ,h,a,HA,f,8,1,12,B_BQ_BQ20
B,BQ20,BQ,h,a,HA,f,9,1,12,B_BQ_BQ20
B,BQ20,BQ,h,a,HA,f,10,0,12,B_BQ_BQ20
B,BQ20,BQ,h,a,HA,f,11,0,12,B_BQ_BQ20
B,BQ20,BQ,h,a,HA,f,12,1,12,B_BQ_BQ20
B,BR10,BR,h,a,HA,f,1,11,12,B_BR_BR10
B,BR10,BR,h,a,HA,f,2,18,12,B_BR_BR10
B,BR10,BR,h,a,HA,f,3,15,12,B_BR_BR10
B,BR10,BR,h,a,HA,f,4,12,12,B_BR_BR10
B,BR10,BR,h,a,HA,f,5,13,12,B_BR_BR10
B,BR10,BR,h,a,HA,f,6,7,12,B_BR_BR10
B,BR10,BR,h,a,HA,f,7,8,12,B_BR_BR10
B,BR10,BR,h,a,HA,f,8,6,12,B_BR_BR10
B,BR10,BR,h,a,HA,f,9,2,12,B_BR_BR10
B,BR10,BR,h,a,HA,f,10,0,12,B_BR_BR10
B,BR10,BR,h,a,HA,f,11,0,12,B_BR_BR10
B,BR10,BR,h,a,HA,f,12,0,12,B_BR_BR10
B,BS18,BS,a,a,AA,f,1,23,12,B_BS_BS18
B,BS18,BS,a,a,AA,f,2,5,12,B_BS_BS18
B,BS18,BS,a,a,AA,f,3,6,12,B_BS_BS18
B,BS18,BS,a,a,AA,f,4,11,12,B_BS_BS18
B,BS18,BS,a,a,AA,f,5,5,12,B_BS_BS18
B,BS18,BS,a,a,AA,f,6,6,12,B_BS_BS18
B,BS18,BS,a,a,AA,f,7,6,12,B_BS_BS18
B,BS18,BS,a,a,AA,f,8,2,12,B_BS_BS18
B,BS18,BS,a,a,AA,f,9,1,12,B_BS_BS18
B,BS18,BS,a,a,AA,f,10,0,12,B_BS_BS18
B,BS18,BS,a,a,AA,f,11,0,12,B_BS_BS18
B,BS18,BS,a,a,AA,f,12,0,12,B_BS_BS18
B,BU21,BU,a,a,AA,f,1,10,12,B_BU_BU21
B,BU21,BU,a,a,AA,f,2,13,12,B_BU_BU21
B,BU21,BU,a,a,AA,f,3,13,12,B_BU_BU21
B,BU21,BU,a,a,AA,f,4,10,12,B_BU_BU21
B,BU21,BU,a,a,AA,f,5,7,12,B_BU_BU21
B,BU21,BU,a,a,AA,f,6,10,12,B_BU_BU21
B,BU21,BU,a,a,AA,f,7,4,12,B_BU_BU21
B,BU21,BU,a,a,AA,f,8,3,12,B_BU_BU21
B,BU21,BU,a,a,AA,f,9,0,12,B_BU_BU21
B,BU21,BU,a,a,AA,f,10,0,12,B_BU_BU21
B,BU21,BU,a,a,AA,f,11,0,12,B_BU_BU21
B,BU21,BU,a,a,AA,f,12,0,12,B_BU_BU21
B,BU7,BU,h,a,HA,f,1,18,12,B_BU_BU7
B,BU7,BU,h,a,HA,f,2,9,12,B_BU_BU7
B,BU7,BU,h,a,HA,f,3,12,12,B_BU_BU7
B,BU7,BU,h,a,HA,f,4,11,12,B_BU_BU7
B,BU7,BU,h,a,HA,f,5,10,12,B_BU_BU7
B,BU7,BU,h,a,HA,f,6,8,12,B_BU_BU7
B,BU7,BU,h,a,HA,f,7,8,12,B_BU_BU7
B,BU7,BU,h,a,HA,f,8,4,12,B_BU_BU7
B,BU7,BU,h,a,HA,f,9,0,12,B_BU_BU7
B,BU7,BU,h,a,HA,f,10,0,12,B_BU_BU7
B,BU7,BU,h,a,HA,f,11,0,12,B_BU_BU7
B,BU7,BU,h,a,HA,f,12,0,12,B_BU_BU7
B,BX11,BX,h,a,HA,f,1,15,12,B_BX_BX11
B,BX11,BX,h,a,HA,f,2,13,12,B_BX_BX11
B,BX11,BX,h,a,HA,f,3,10,12,B_BX_BX11
B,BX11,BX,h,a,HA,f,4,9,12,B_BX_BX11
B,BX11,BX,h,a,HA,f,5,7,12,B_BX_BX11
B,BX11,BX,h,a,HA,f,6,6,12,B_BX_BX11
B,BX11,BX,h,a,HA,f,7,0,12,B_BX_BX11
B,BX11,BX,h,a,HA,f,8,0,12,B_BX_BX11
B,BX11,BX,h,a,HA,f,10,3,12,B_BX_BX11
B,BX11,BX,h,a,HA,f,11,0,12,B_BX_BX11
B,BX11,BX,h,a,HA,f,12,0,12,B_BX_BX11
B,BZ22,BZ,h,a,HA,f,1,24,12,B_BZ_BZ22
B,BZ22,BZ,h,a,HA,f,2,12,12,B_BZ_BZ22
B,BZ22,BZ,h,a,HA,f,3,10,12,B_BZ_BZ22
B,BZ22,BZ,h,a,HA,f,4,9,12,B_BZ_BZ22
B,BZ22,BZ,h,a,HA,f,5,6,12,B_BZ_BZ22
B,BZ22,BZ,h,a,HA,f,6,9,12,B_BZ_BZ22
B,BZ22,BZ,h,a,HA,f,7,3,12,B_BZ_BZ22
B,BZ22,BZ,h,a,HA,f,8,0,12,B_BZ_BZ22
B,BZ22,BZ,h,a,HA,f,9,0,12,B_BZ_BZ22
B,BZ22,BZ,h,a,HA,f,10,0,12,B_BZ_BZ22
B,BZ22,BZ,h,a,HA,f,11,0,12,B_BZ_BZ22
B,BZ22,BZ,h,a,HA,f,12,0,12,B_BZ_BZ22
C,CC21,CC,a,a,AA,f,1,20,12,C_CC_CC21
C,CC21,CC,a,a,AA,f,2,14,12,C_CC_CC21
C,CC21,CC,a,a,AA,f,3,12,12,C_CC_CC21
C,CC21,CC,a,a,AA,f,4,10,12,C_CC_CC21
C,CC21,CC,a,a,AA,f,5,11,12,C_CC_CC21
C,CC21,CC,a,a,AA,f,6,6,12,C_CC_CC21
C,CC21,CC,a,a,AA,f,7,5,12,C_CC_CC21
C,CC21,CC,a,a,AA,f,8,1,12,C_CC_CC21
C,CC21,CC,a,a,AA,f,9,3,12,C_CC_CC21
C,CC21,CC,a,a,AA,f,10,1,12,C_CC_CC21
C,CC21,CC,a,a,AA,f,11,1,12,C_CC_CC21
C,CC21,CC,a,a,AA,f,12,0,12,C_CC_CC21
C,CD27,CD,a,a,AA,f,1,9,12,C_CD_CD27
C,CD27,CD,a,a,AA,f,2,13,12,C_CD_CD27
C,CD27,CD,a,a,AA,f,3,16,12,C_CD_CD27
C,CD27,CD,a,a,AA,f,4,10,12,C_CD_CD27
C,CD27,CD,a,a,AA,f,5,5,12,C_CD_CD27
C,CD27,CD,a,a,AA,f,6,1,12,C_CD_CD27
C,CD27,CD,a,a,AA,f,7,14,12,C_CD_CD27
C,CD27,CD,a,a,AA,f,8,6,12,C_CD_CD27
C,CD27,CD,a,a,AA,f,9,4,12,C_CD_CD27
C,CD27,CD,a,a,AA,f,10,1,12,C_CD_CD27
C,CD27,CD,a,a,AA,f,11,1,12,C_CD_CD27
C,CD27,CD,a,a,AA,f,12,0,12,C_CD_CD27
C,CE29,CE,a,a,AA,f,1,22,12,C_CE_CE29
C,CE29,CE,a,a,AA,f,2,10,12,C_CE_CE29
C,CE29,CE,a,a,AA,f,3,7,12,C_CE_CE29
C,CE29,CE,a,a,AA,f,4,9,12,C_CE_CE29
C,CE29,CE,a,a,AA,f,5,7,12,C_CE_CE29
C,CE29,CE,a,a,AA,f,6,4,12,C_CE_CE29
C,CE29,CE,a,a,AA,f,7,5,12,C_CE_CE29
C,CE29,CE,a,a,AA,f,8,0,12,C_CE_CE29
C,CE29,CE,a,a,AA,f,9,3,12,C_CE_CE29
C,CE29,CE,a,a,AA,f,10,1,12,C_CE_CE29
C,CE29,CE,a,a,AA,f,11,0,12,C_CE_CE29
C,CJ25,CJ,h,a,HA,f,1,7,12,C_CJ_CJ25
C,CJ25,CJ,h,a,HA,f,2,0,12,C_CJ_CJ25
C,CJ25,CJ,h,a,HA,f,3,5,12,C_CJ_CJ25
C,CJ25,CJ,h,a,HA,f,4,6,12,C_CJ_CJ25
C,CJ25,CJ,h,a,HA,f,5,2,12,C_CJ_CJ25
C,CJ25,CJ,h,a,HA,f,6,0,12,C_CJ_CJ25
C,CJ25,CJ,h,a,HA,f,7,3,12,C_CJ_CJ25
C,CJ25,CJ,h,a,HA,f,8,6,12,C_CJ_CJ25
C,CJ25,CJ,h,a,HA,f,9,3,12,C_CJ_CJ25
C,CJ25,CJ,h,a,HA,f,10,0,12,C_CJ_CJ25
C,CJ25,CJ,h,a,HA,f,11,0,12,C_CJ_CJ25
C,CJ25,CJ,h,a,HA,f,12,0,12,C_CJ_CJ25
C,CJ27,CJ,a,a,AA,f,1,14,12,C_CJ_CJ27
C,CJ27,CJ,a,a,AA,f,2,14,12,C_CJ_CJ27
C,CJ27,CJ,a,a,AA,f,3,13,12,C_CJ_CJ27
C,CJ27,CJ,a,a,AA,f,4,9,12,C_CJ_CJ27
C,CJ27,CJ,a,a,AA,f,5,8,12,C_CJ_CJ27
C,CJ27,CJ,a,a,AA,f,6,7,12,C_CJ_CJ27
C,CJ27,CJ,a,a,AA,f,7,4,12,C_CJ_CJ27
C,CJ27,CJ,a,a,AA,f,8,3,12,C_CJ_CJ27
C,CJ27,CJ,a,a,AA,f,9,2,12,C_CJ_CJ27
C,CJ27,CJ,a,a,AA,f,10,1,12,C_CJ_CJ27
C,CJ27,CJ,a,a,AA,f,11,0,12,C_CJ_CJ27
C,CJ27,CJ,a,a,AA,f,12,0,12,C_CJ_CJ27
C,CM30,CM,a,a,AA,f,1,12,12,C_CM_CM30
C,CM30,CM,a,a,AA,f,2,9,12,C_CM_CM30
C,CM30,CM,a,a,AA,f,3,13,12,C_CM_CM30
C,CM30,CM,a,a,AA,f,4,12,12,C_CM_CM30
C,CM30,CM,a,a,AA,f,5,11,12,C_CM_CM30
C,CM30,CM,a,a,AA,f,6,7,12,C_CM_CM30
C,CM30,CM,a,a,AA,f,7,10,12,C_CM_CM30
C,CM30,CM,a,a,AA,f,8,2,12,C_CM_CM30
C,CM30,CM,a,a,AA,f,9,2,12,C_CM_CM30
C,CM30,CM,a,a,AA,f,10,1,12,C_CM_CM30
C,CM30,CM,a,a,AA,f,11,1,12,C_CM_CM30
C,CM30,CM,a,a,AA,f,12,0,12,C_CM_CM30
C,CN11,CN,h,a,HA,f,1,6,12,C_CN_CN11
C,CN11,CN,h,a,HA,f,2,0,12,C_CN_CN11
C,CN11,CN,h,a,HA,f,3,0,12,C_CN_CN11
C,CN11,CN,h,a,HA,f,4,8,12,C_CN_CN11
C,CN11,CN,h,a,HA,f,5,0,12,C_CN_CN11
C,CN11,CN,h,a,HA,f,6,2,12,C_CN_CN11
C,CN11,CN,h,a,HA,f,7,10,12,C_CN_CN11
C,CN11,CN,h,a,HA,f,8,2,12,C_CN_CN11
C,CN11,CN,h,a,HA,f,9,5,12,C_CN_CN11
C,CN11,CN,h,a,HA,f,10,1,12,C_CN_CN11
C,CN11,CN,h,a,HA,f,11,0,12,C_CN_CN11
C,CN11,CN,h,a,HA,f,12,0,12,C_CN_CN11
C,CW27,CW,a,a,AA,f,1,18,12,C_CW_CW27
C,CW27,CW,a,a,AA,f,2,13,12,C_CW_CW27
C,CW27,CW,a,a,AA,f,3,11,12,C_CW_CW27
C,CW27,CW,a,a,AA,f,4,12,12,C_CW_CW27
C,CW27,CW,a,a,AA,f,5,10,12,C_CW_CW27
C,CW27,CW,a,a,AA,f,6,10,12,C_CW_CW27
C,CW27,CW,a,a,AA,f,7,9,12,C_CW_CW27
C,CW27,CW,a,a,AA,f,8,8,12,C_CW_CW27
C,CW27,CW,a,a,AA,f,9,4,12,C_CW_CW27
C,CW27,CW,a,a,AA,f,10,2,12,C_CW_CW27
C,CW27,CW,a,a,AA,f,11,1,12,C_CW_CW27
C,CW27,CW,a,a,AA,f,12,0,12,C_CW_CW27
C,CX30,CX,a,a,AA,f,1,18,12,C_CX_CX30
C,CX30,CX,a,a,AA,f,2,13,12,C_CX_CX30
C,CX30,CX,a,a,AA,f,3,14,12,C_CX_CX30
C,CX30,CX,a,a,AA,f,4,11,12,C_CX_CX30
C,CX30,CX,a,a,AA,f,5,9,12,C_CX_CX30
C,CX30,CX,a,a,AA,f,6,10,12,C_CX_CX30
C,CX30,CX,a,a,AA,f,7,7,12,C_CX_CX30
C,CX30,CX,a,a,AA,f,8,5,12,C_CX_CX30
C,CX30,CX,a,a,AA,f,9,2,12,C_CX_CX30
C,CX30,CX,a,a,AA,f,10,1,12,C_CX_CX30
C,CX30,CX,a,a,AA,f,11,0,12,C_CX_CX30
C,CX30,CX,a,a,AA,f,12,0,12,C_CX_CX30
A,AE20,AE,a,a,AA,f,1,19,13,A_AE_AE20
A,AE20,AE,a,a,AA,f,2,14,13,A_AE_AE20
A,AE20,AE,a,a,AA,f,3,13,13,A_AE_AE20
A,AE20,AE,a,a,AA,f,4,8,13,A_AE_AE20
A,AE20,AE,a,a,AA,f,5,3,13,A_AE_AE20
A,AE20,AE,a,a,AA,f,6,0,13,A_AE_AE20
A,AE20,AE,a,a,AA,f,7,0,13,A_AE_AE20
A,AE20,AE,a,a,AA,f,8,0,13,A_AE_AE20
A,AE20,AE,a,a,AA,f,9,0,13,A_AE_AE20
A,AE20,AE,a,a,AA,f,10,0,13,A_AE_AE20
A,AE20,AE,a,a,AA,f,11,0,13,A_AE_AE20
A,AE20,AE,a,a,AA,f,12,0,13,A_AE_AE20
A,AJ9,AJ,a,a,AA,f,1,14,13,A_AJ_AJ9
A,AJ9,AJ,a,a,AA,f,2,15,13,A_AJ_AJ9
A,AJ9,AJ,a,a,AA,f,3,15,13,A_AJ_AJ9
A,AJ9,AJ,a,a,AA,f,4,13,13,A_AJ_AJ9
A,AJ9,AJ,a,a,AA,f,5,10,13,A_AJ_AJ9
A,AJ9,AJ,a,a,AA,f,6,9,13,A_AJ_AJ9
A,AJ9,AJ,a,a,AA,f,7,4,13,A_AJ_AJ9
A,AJ9,AJ,a,a,AA,f,8,5,13,A_AJ_AJ9
A,AJ9,AJ,a,a,AA,f,9,4,13,A_AJ_AJ9
A,AJ9,AJ,a,a,AA,f,10,0,13,A_AJ_AJ9
A,AJ9,AJ,a,a,AA,f,11,1,13,A_AJ_AJ9
A,AJ9,AJ,a,a,AA,f,12,0,13,A_AJ_AJ9
A,AJ9,AJ,a,a,AA,f,13,0,13,A_AJ_AJ9
A,AM1,AM,a,a,AA,f,1,11,13,A_AM_AM1
A,AM1,AM,a,a,AA,f,2,12,13,A_AM_AM1
A,AM1,AM,a,a,AA,f,3,9,13,A_AM_AM1
A,AM1,AM,a,a,AA,f,4,10,13,A_AM_AM1
A,AM1,AM,a,a,AA,f,5,7,13,A_AM_AM1
A,AM1,AM,a,a,AA,f,6,3,13,A_AM_AM1
A,AM1,AM,a,a,AA,f,7,6,13,A_AM_AM1
A,AM1,AM,a,a,AA,f,8,2,13,A_AM_AM1
A,AM1,AM,a,a,AA,f,9,1,13,A_AM_AM1
A,AM1,AM,a,a,AA,f,10,0,13,A_AM_AM1
A,AM1,AM,a,a,AA,f,11,0,13,A_AM_AM1
A,AM1,AM,a,a,AA,f,12,0,13,A_AM_AM1
A,AM1,AM,a,a,AA,f,13,0,13,A_AM_AM1
A,AO17,AO,a,a,AA,f,1,14,13,A_AO_AO17
A,AO17,AO,a,a,AA,f,2,20,13,A_AO_AO17
A,AO17,AO,a,a,AA,f,3,15,13,A_AO_AO17
A,AO17,AO,a,a,AA,f,4,12,13,A_AO_AO17
A,AO17,AO,a,a,AA,f,5,12,13,A_AO_AO17
A,AO17,AO,a,a,AA,f,6,9,13,A_AO_AO17
A,AO17,AO,a,a,AA,f,7,7,13,A_AO_AO17
A,AO17,AO,a,a,AA,f,8,1,13,A_AO_AO17
A,AO17,AO,a,a,AA,f,9,0,13,A_AO_AO17
A,AO17,AO,a,a,AA,f,10,1,13,A_AO_AO17
A,AO17,AO,a,a,AA,f,11,0,13,A_AO_AO17
A,AO17,AO,a,a,AA,f,12,0,13,A_AO_AO17
A,AO17,AO,a,a,AA,f,13,0,13,A_AO_AO17
A,AP4,AP,a,a,AA,f,1,22,13,A_AP_AP4
A,AP4,AP,a,a,AA,f,2,13,13,A_AP_AP4
A,AP4,AP,a,a,AA,f,3,8,13,A_AP_AP4
A,AP4,AP,a,a,AA,f,4,6,13,A_AP_AP4
A,AP4,AP,a,a,AA,f,5,4,13,A_AP_AP4
A,AP4,AP,a,a,AA,f,6,7,13,A_AP_AP4
A,AP4,AP,a,a,AA,f,7,6,13,A_AP_AP4
A,AP4,AP,a,a,AA,f,8,4,13,A_AP_AP4
A,AP4,AP,a,a,AA,f,9,7,13,A_AP_AP4
A,AP4,AP,a,a,AA,f,10,4,13,A_AP_AP4
A,AP4,AP,a,a,AA,f,11,1,13,A_AP_AP4
A,AP4,AP,a,a,AA,f,12,2,13,A_AP_AP4
A,AP4,AP,a,a,AA,f,13,2,13,A_AP_AP4
A,AS16,AS,a,a,AA,f,1,12,13,A_AS_AS16
A,AS16,AS,a,a,AA,f,2,16,13,A_AS_AS16
A,AS16,AS,a,a,AA,f,3,15,13,A_AS_AS16
A,AS16,AS,a,a,AA,f,4,13,13,A_AS_AS16
A,AS16,AS,a,a,AA,f,5,10,13,A_AS_AS16
A,AS16,AS,a,a,AA,f,6,8,13,A_AS_AS16
A,AS16,AS,a,a,AA,f,7,5,13,A_AS_AS16
A,AS16,AS,a,a,AA,f,8,4,13,A_AS_AS16
A,AS16,AS,a,a,AA,f,9,1,13,A_AS_AS16
A,AS16,AS,a,a,AA,f,10,3,13,A_AS_AS16
A,AS16,AS,a,a,AA,f,11,0,13,A_AS_AS16
A,AS16,AS,a,a,AA,f,12,0,13,A_AS_AS16
A,AS16,AS,a,a,AA,f,13,0,13,A_AS_AS16
A,AU8,AU,a,a,AA,f,1,11,13,A_AU_AU8
A,AU8,AU,a,a,AA,f,2,9,13,A_AU_AU8
A,AU8,AU,a,a,AA,f,3,6,13,A_AU_AU8
A,AU8,AU,a,a,AA,f,4,9,13,A_AU_AU8
A,AU8,AU,a,a,AA,f,5,9,13,A_AU_AU8
A,AU8,AU,a,a,AA,f,6,7,13,A_AU_AU8
A,AU8,AU,a,a,AA,f,7,5,13,A_AU_AU8
A,AU8,AU,a,a,AA,f,8,6,13,A_AU_AU8
A,AU8,AU,a,a,AA,f,9,5,13,A_AU_AU8
A,AU8,AU,a,a,AA,f,10,0,13,A_AU_AU8
A,AU8,AU,a,a,AA,f,11,0,13,A_AU_AU8
A,AU8,AU,a,a,AA,f,12,0,13,A_AU_AU8
A,AU8,AU,a,a,AA,f,13,0,13,A_AU_AU8
B,B?24,Bpi,a,a,AA,f,1,6,13,B_Bpi_B?24
B,B?24,Bpi,a,a,AA,f,2,11,13,B_Bpi_B?24
B,B?24,Bpi,a,a,AA,f,3,14,13,B_Bpi_B?24
B,B?24,Bpi,a,a,AA,f,4,13,13,B_Bpi_B?24
B,B?24,Bpi,a,a,AA,f,5,NA,13,B_Bpi_B?24
B,B?24,Bpi,a,a,AA,f,6,9,13,B_Bpi_B?24
B,B?24,Bpi,a,a,AA,f,7,8,13,B_Bpi_B?24
B,B?24,Bpi,a,a,AA,f,8,6,13,B_Bpi_B?24
B,B?24,Bpi,a,a,AA,f,9,3,13,B_Bpi_B?24
B,B?24,Bpi,a,a,AA,f,10,2,13,B_Bpi_B?24
B,B?24,Bpi,a,a,AA,f,11,0,13,B_Bpi_B?24
B,B?24,Bpi,a,a,AA,f,12,0,13,B_Bpi_B?24
B,B?25,Bpi,h,a,HA,f,1,14,13,B_Bpi_B?25
B,B?25,Bpi,h,a,HA,f,2,17,13,B_Bpi_B?25
B,B?25,Bpi,h,a,HA,f,3,21,13,B_Bpi_B?25
B,B?25,Bpi,h,a,HA,f,4,7,13,B_Bpi_B?25
B,B?25,Bpi,h,a,HA,f,5,6,13,B_Bpi_B?25
B,B?25,Bpi,h,a,HA,f,6,4,13,B_Bpi_B?25
B,B?25,Bpi,h,a,HA,f,7,1,13,B_Bpi_B?25
B,B?25,Bpi,h,a,HA,f,8,1,13,B_Bpi_B?25
B,B?25,Bpi,h,a,HA,f,9,0,13,B_Bpi_B?25
B,B?25,Bpi,h,a,HA,f,10,0,13,B_Bpi_B?25
B,B?25,Bpi,h,a,HA,f,11,0,13,B_Bpi_B?25
B,B?9,Bpi,a,a,AA,f,1,13,13,B_Bpi_B?9
B,B?9,Bpi,a,a,AA,f,2,8,13,B_Bpi_B?9
B,B?9,Bpi,a,a,AA,f,3,8,13,B_Bpi_B?9
B,B?9,Bpi,a,a,AA,f,4,13,13,B_Bpi_B?9
B,B?9,Bpi,a,a,AA,f,5,5,13,B_Bpi_B?9
B,B?9,Bpi,a,a,AA,f,6,9,13,B_Bpi_B?9
B,B?9,Bpi,a,a,AA,f,7,0,13,B_Bpi_B?9
B,B?9,Bpi,a,a,AA,f,8,3,13,B_Bpi_B?9
B,B?9,Bpi,a,a,AA,f,9,3,13,B_Bpi_B?9
B,B?9,Bpi,a,a,AA,f,10,1,13,B_Bpi_B?9
B,B?9,Bpi,a,a,AA,f,11,0,13,B_Bpi_B?9
B,B?9,Bpi,a,a,AA,f,12,0,13,B_Bpi_B?9
B,B?9,Bpi,a,a,AA,f,13,0,13,B_Bpi_B?9
B,BE23,BE,h,a,HA,f,1,13,13,B_BE_BE23
B,BE23,BE,h,a,HA,f,2,2,13,B_BE_BE23
B,BE23,BE,h,a,HA,f,3,0,13,B_BE_BE23
B,BE23,BE,h,a,HA,f,4,1,13,B_BE_BE23
B,BE23,BE,h,a,HA,f,5,3,13,B_BE_BE23
B,BE23,BE,h,a,HA,f,6,2,13,B_BE_BE23
B,BE23,BE,h,a,HA,f,7,3,13,B_BE_BE23
B,BE23,BE,h,a,HA,f,8,0,13,B_BE_BE23
B,BE23,BE,h,a,HA,f,9,0,13,B_BE_BE23
B,BE23,BE,h,a,HA,f,10,0,13,B_BE_BE23
B,BE23,BE,h,a,HA,f,11,0,13,B_BE_BE23
B,BE23,BE,h,a,HA,f,12,0,13,B_BE_BE23
B,BE23,BE,h,a,HA,f,13,0,13,B_BE_BE23
B,BG21,BG,a,a,AA,f,1,15,13,B_BG_BG21
B,BG21,BG,a,a,AA,f,2,8,13,B_BG_BG21
B,BG21,BG,a,a,AA,f,3,0,13,B_BG_BG21
B,BG21,BG,a,a,AA,f,4,0,13,B_BG_BG21
B,BG21,BG,a,a,AA,f,5,0,13,B_BG_BG21
B,BG21,BG,a,a,AA,f,6,0,13,B_BG_BG21
B,BG21,BG,a,a,AA,f,7,0,13,B_BG_BG21
B,BG21,BG,a,a,AA,f,8,0,13,B_BG_BG21
B,BG21,BG,a,a,AA,f,9,0,13,B_BG_BG21
B,BG21,BG,a,a,AA,f,10,0,13,B_BG_BG21
B,BG21,BG,a,a,AA,f,11,2,13,B_BG_BG21
B,BG21,BG,a,a,AA,f,12,0,13,B_BG_BG21
B,BG21,BG,a,a,AA,f,13,0,13,B_BG_BG21
B,BJ9,BJ,a,a,AA,f,1,16,13,B_BJ_BJ9
B,BJ9,BJ,a,a,AA,f,2,8,13,B_BJ_BJ9
B,BJ9,BJ,a,a,AA,f,3,9,13,B_BJ_BJ9
B,BJ9,BJ,a,a,AA,f,4,9,13,B_BJ_BJ9
B,BJ9,BJ,a,a,AA,f,5,10,13,B_BJ_BJ9
B,BJ9,BJ,a,a,AA,f,6,7,13,B_BJ_BJ9
B,BJ9,BJ,a,a,AA,f,7,7,13,B_BJ_BJ9
B,BJ9,BJ,a,a,AA,f,8,5,13,B_BJ_BJ9
B,BJ9,BJ,a,a,AA,f,9,3,13,B_BJ_BJ9
B,BJ9,BJ,a,a,AA,f,10,1,13,B_BJ_BJ9
B,BJ9,BJ,a,a,AA,f,11,1,13,B_BJ_BJ9
B,BJ9,BJ,a,a,AA,f,12,0,13,B_BJ_BJ9
B,BJ9,BJ,a,a,AA,f,13,0,13,B_BJ_BJ9
B,BL1,BL,h,a,HA,f,1,10,13,B_BL_BL1
B,BL1,BL,h,a,HA,f,2,3,13,B_BL_BL1
B,BL1,BL,h,a,HA,f,3,8,13,B_BL_BL1
B,BL1,BL,h,a,HA,f,4,8,13,B_BL_BL1
B,BL1,BL,h,a,HA,f,5,1,13,B_BL_BL1
B,BL1,BL,h,a,HA,f,6,0,13,B_BL_BL1
B,BL1,BL,h,a,HA,f,7,0,13,B_BL_BL1
B,BL1,BL,h,a,HA,f,8,0,13,B_BL_BL1
B,BL1,BL,h,a,HA,f,9,0,13,B_BL_BL1
B,BL1,BL,h,a,HA,f,10,0,13,B_BL_BL1
B,BL1,BL,h,a,HA,f,11,0,13,B_BL_BL1
B,BL1,BL,h,a,HA,f,12,0,13,B_BL_BL1
B,BL1,BL,h,a,HA,f,13,1,13,B_BL_BL1
B,BL18,BL,a,a,AA,f,1,11,13,B_BL_BL18
B,BL18,BL,a,a,AA,f,2,11,13,B_BL_BL18
B,BL18,BL,a,a,AA,f,3,13,13,B_BL_BL18
B,BL18,BL,a,a,AA,f,4,8,13,B_BL_BL18
B,BL18,BL,a,a,AA,f,5,8,13,B_BL_BL18
B,BL18,BL,a,a,AA,f,6,6,13,B_BL_BL18
B,BL18,BL,a,a,AA,f,7,4,13,B_BL_BL18
B,BL18,BL,a,a,AA,f,8,5,13,B_BL_BL18
B,BL18,BL,a,a,AA,f,9,4,13,B_BL_BL18
B,BL18,BL,a,a,AA,f,10,1,13,B_BL_BL18
B,BL18,BL,a,a,AA,f,11,0,13,B_BL_BL18
B,BL18,BL,a,a,AA,f,12,1,13,B_BL_BL18
B,BL18,BL,a,a,AA,f,13,0,13,B_BL_BL18
B,BL9,BL,a,a,AA,f,1,11,13,B_BL_BL9
B,BL9,BL,a,a,AA,f,2,11,13,B_BL_BL9
B,BL9,BL,a,a,AA,f,3,12,13,B_BL_BL9
B,BL9,BL,a,a,AA,f,4,10,13,B_BL_BL9
B,BL9,BL,a,a,AA,f,5,11,13,B_BL_BL9
B,BL9,BL,a,a,AA,f,6,6,13,B_BL_BL9
B,BL9,BL,a,a,AA,f,7,6,13,B_BL_BL9
B,BL9,BL,a,a,AA,f,8,6,13,B_BL_BL9
B,BL9,BL,a,a,AA,f,9,4,13,B_BL_BL9
B,BL9,BL,a,a,AA,f,10,1,13,B_BL_BL9
B,BL9,BL,a,a,AA,f,11,1,13,B_BL_BL9
B,BL9,BL,a,a,AA,f,12,0,13,B_BL_BL9
B,BL9,BL,a,a,AA,f,13,0,13,B_BL_BL9
B,BN15,BN,a,a,AA,f,1,12,13,B_BN_BN15
B,BN15,BN,a,a,AA,f,2,9,13,B_BN_BN15
B,BN15,BN,a,a,AA,f,3,11,13,B_BN_BN15
B,BN15,BN,a,a,AA,f,4,10,13,B_BN_BN15
B,BN15,BN,a,a,AA,f,5,11,13,B_BN_BN15
B,BN15,BN,a,a,AA,f,6,8,13,B_BN_BN15
B,BN15,BN,a,a,AA,f,7,3,13,B_BN_BN15
B,BN15,BN,a,a,AA,f,8,5,13,B_BN_BN15
B,BN15,BN,a,a,AA,f,9,5,13,B_BN_BN15
B,BN15,BN,a,a,AA,f,10,2,13,B_BN_BN15
B,BN15,BN,a,a,AA,f,11,0,13,B_BN_BN15
B,BN15,BN,a,a,AA,f,12,0,13,B_BN_BN15
B,BN15,BN,a,a,AA,f,13,0,13,B_BN_BN15
B,BO6,BO,a,a,AA,f,1,7,13,B_BO_BO6
B,BO6,BO,a,a,AA,f,2,15,13,B_BO_BO6
B,BO6,BO,a,a,AA,f,3,14,13,B_BO_BO6
B,BO6,BO,a,a,AA,f,4,11,13,B_BO_BO6
B,BO6,BO,a,a,AA,f,5,3,13,B_BO_BO6
B,BO6,BO,a,a,AA,f,6,3,13,B_BO_BO6
B,BO6,BO,a,a,AA,f,7,6,13,B_BO_BO6
B,BO6,BO,a,a,AA,f,8,0,13,B_BO_BO6
B,BO6,BO,a,a,AA,f,9,2,13,B_BO_BO6
B,BO6,BO,a,a,AA,f,10,4,13,B_BO_BO6
B,BO6,BO,a,a,AA,f,11,1,13,B_BO_BO6
B,BO6,BO,a,a,AA,f,12,0,13,B_BO_BO6
B,BO6,BO,a,a,AA,f,13,0,13,B_BO_BO6
B,BP29,BP,h,a,HA,f,1,14,13,B_BP_BP29
B,BP29,BP,h,a,HA,f,2,14,13,B_BP_BP29
B,BP29,BP,h,a,HA,f,3,8,13,B_BP_BP29
B,BP29,BP,h,a,HA,f,4,11,13,B_BP_BP29
B,BP29,BP,h,a,HA,f,5,9,13,B_BP_BP29
B,BP29,BP,h,a,HA,f,6,5,13,B_BP_BP29
B,BP29,BP,h,a,HA,f,7,8,13,B_BP_BP29
B,BP29,BP,h,a,HA,f,8,2,13,B_BP_BP29
B,BP29,BP,h,a,HA,f,9,1,13,B_BP_BP29
B,BP29,BP,h,a,HA,f,10,0,13,B_BP_BP29
B,BP29,BP,h,a,HA,f,11,0,13,B_BP_BP29
B,BP29,BP,h,a,HA,f,12,0,13,B_BP_BP29
B,BP29,BP,h,a,HA,f,13,0,13,B_BP_BP29
B,BQ25,BQ,h,a,HA,f,1,23,13,B_BQ_BQ25
B,BQ25,BQ,h,a,HA,f,2,13,13,B_BQ_BQ25
B,BQ25,BQ,h,a,HA,f,3,8,13,B_BQ_BQ25
B,BQ25,BQ,h,a,HA,f,4,10,13,B_BQ_BQ25
B,BQ25,BQ,h,a,HA,f,5,5,13,B_BQ_BQ25
B,BQ25,BQ,h,a,HA,f,6,5,13,B_BQ_BQ25
B,BQ25,BQ,h,a,HA,f,7,7,13,B_BQ_BQ25
B,BQ25,BQ,h,a,HA,f,8,2,13,B_BQ_BQ25
B,BQ25,BQ,h,a,HA,f,9,2,13,B_BQ_BQ25
B,BQ25,BQ,h,a,HA,f,10,0,13,B_BQ_BQ25
B,BQ25,BQ,h,a,HA,f,11,1,13,B_BQ_BQ25
B,BQ25,BQ,h,a,HA,f,12,0,13,B_BQ_BQ25
B,BQ25,BQ,h,a,HA,f,13,0,13,B_BQ_BQ25
B,BS1,BS,h,a,HA,f,1,11,13,B_BS_BS1
B,BS1,BS,h,a,HA,f,2,21,13,B_BS_BS1
B,BS1,BS,h,a,HA,f,3,11,13,B_BS_BS1
B,BS1,BS,h,a,HA,f,4,6,13,B_BS_BS1
B,BS1,BS,h,a,HA,f,5,0,13,B_BS_BS1
B,BS1,BS,h,a,HA,f,6,8,13,B_BS_BS1
B,BS1,BS,h,a,HA,f,7,9,13,B_BS_BS1
B,BS1,BS,h,a,HA,f,8,12,13,B_BS_BS1
B,BS1,BS,h,a,HA,f,9,5,13,B_BS_BS1
B,BS1,BS,h,a,HA,f,10,0,13,B_BS_BS1
B,BS1,BS,h,a,HA,f,11,0,13,B_BS_BS1
B,BS1,BS,h,a,HA,f,12,0,13,B_BS_BS1
B,BS1,BS,h,a,HA,f,13,0,13,B_BS_BS1
B,BS24,BS,a,a,AA,f,1,14,13,B_BS_BS24
B,BS24,BS,a,a,AA,f,2,11,13,B_BS_BS24
B,BS24,BS,a,a,AA,f,3,10,13,B_BS_BS24
B,BS24,BS,a,a,AA,f,4,14,13,B_BS_BS24
B,BS24,BS,a,a,AA,f,5,10,13,B_BS_BS24
B,BS24,BS,a,a,AA,f,6,9,13,B_BS_BS24
B,BS24,BS,a,a,AA,f,7,8,13,B_BS_BS24
B,BS24,BS,a,a,AA,f,8,5,13,B_BS_BS24
B,BS24,BS,a,a,AA,f,9,3,13,B_BS_BS24
B,BS24,BS,a,a,AA,f,10,3,13,B_BS_BS24
B,BS24,BS,a,a,AA,f,11,0,13,B_BS_BS24
B,BS24,BS,a,a,AA,f,12,0,13,B_BS_BS24
B,BS24,BS,a,a,AA,f,13,0,13,B_BS_BS24
B,BS4,BS,h,a,HA,f,1,15,13,B_BS_BS4
B,BS4,BS,h,a,HA,f,2,18,13,B_BS_BS4
B,BS4,BS,h,a,HA,f,3,13,13,B_BS_BS4
B,BS4,BS,h,a,HA,f,4,10,13,B_BS_BS4
B,BS4,BS,h,a,HA,f,5,10,13,B_BS_BS4
B,BS4,BS,h,a,HA,f,6,10,13,B_BS_BS4
B,BS4,BS,h,a,HA,f,7,4,13,B_BS_BS4
B,BS4,BS,h,a,HA,f,8,0,13,B_BS_BS4
B,BS4,BS,h,a,HA,f,9,0,13,B_BS_BS4
B,BS4,BS,h,a,HA,f,10,0,13,B_BS_BS4
B,BS4,BS,h,a,HA,f,11,6,13,B_BS_BS4
B,BS4,BS,h,a,HA,f,12,0,13,B_BS_BS4
B,BS4,BS,h,a,HA,f,13,0,13,B_BS_BS4
B,BU25,BU,h,a,HA,f,1,12,13,B_BU_BU25
B,BU25,BU,h,a,HA,f,2,13,13,B_BU_BU25
B,BU25,BU,h,a,HA,f,3,12,13,B_BU_BU25
B,BU25,BU,h,a,HA,f,4,11,13,B_BU_BU25
B,BU25,BU,h,a,HA,f,5,9,13,B_BU_BU25
B,BU25,BU,h,a,HA,f,6,0,13,B_BU_BU25
B,BU25,BU,h,a,HA,f,7,1,13,B_BU_BU25
B,BU25,BU,h,a,HA,f,8,0,13,B_BU_BU25
B,BU25,BU,h,a,HA,f,9,0,13,B_BU_BU25
B,BU25,BU,h,a,HA,f,10,0,13,B_BU_BU25
B,BU25,BU,h,a,HA,f,11,0,13,B_BU_BU25
B,BU25,BU,h,a,HA,f,12,0,13,B_BU_BU25
B,BU25,BU,h,a,HA,f,13,0,13,B_BU_BU25
B,BV22,BV,h,a,HA,f,1,15,13,B_BV_BV22
B,BV22,BV,h,a,HA,f,2,13,13,B_BV_BV22
B,BV22,BV,h,a,HA,f,3,17,13,B_BV_BV22
B,BV22,BV,h,a,HA,f,4,8,13,B_BV_BV22
B,BV22,BV,h,a,HA,f,5,6,13,B_BV_BV22
B,BV22,BV,h,a,HA,f,6,9,13,B_BV_BV22
B,BV22,BV,h,a,HA,f,7,6,13,B_BV_BV22
B,BV22,BV,h,a,HA,f,8,3,13,B_BV_BV22
B,BV22,BV,h,a,HA,f,9,1,13,B_BV_BV22
B,BV22,BV,h,a,HA,f,10,0,13,B_BV_BV22
B,BV22,BV,h,a,HA,f,11,0,13,B_BV_BV22
B,BV22,BV,h,a,HA,f,12,0,13,B_BV_BV22
B,BV22,BV,h,a,HA,f,13,0,13,B_BV_BV22
B,BW9,BW,a,a,AA,f,1,7,13,B_BW_BW9
B,BW9,BW,a,a,AA,f,2,12,13,B_BW_BW9
B,BW9,BW,a,a,AA,f,3,14,13,B_BW_BW9
B,BW9,BW,a,a,AA,f,4,12,13,B_BW_BW9
B,BW9,BW,a,a,AA,f,5,9,13,B_BW_BW9
B,BW9,BW,a,a,AA,f,6,8,13,B_BW_BW9
B,BW9,BW,a,a,AA,f,7,9,13,B_BW_BW9
B,BW9,BW,a,a,AA,f,8,4,13,B_BW_BW9
B,BW9,BW,a,a,AA,f,9,2,13,B_BW_BW9
B,BW9,BW,a,a,AA,f,10,2,13,B_BW_BW9
B,BW9,BW,a,a,AA,f,11,1,13,B_BW_BW9
B,BW9,BW,a,a,AA,f,12,0,13,B_BW_BW9
B,BW9,BW,a,a,AA,f,13,0,13,B_BW_BW9
B,BZ18,BZ,a,a,AA,f,1,15,13,B_BZ_BZ18
B,BZ18,BZ,a,a,AA,f,2,7,13,B_BZ_BZ18
B,BZ18,BZ,a,a,AA,f,3,9,13,B_BZ_BZ18
B,BZ18,BZ,a,a,AA,f,4,5,13,B_BZ_BZ18
B,BZ18,BZ,a,a,AA,f,5,9,13,B_BZ_BZ18
B,BZ18,BZ,a,a,AA,f,6,0,13,B_BZ_BZ18
B,BZ18,BZ,a,a,AA,f,7,8,13,B_BZ_BZ18
B,BZ18,BZ,a,a,AA,f,8,4,13,B_BZ_BZ18
B,BZ18,BZ,a,a,AA,f,9,2,13,B_BZ_BZ18
B,BZ18,BZ,a,a,AA,f,10,0,13,B_BZ_BZ18
B,BZ18,BZ,a,a,AA,f,11,0,13,B_BZ_BZ18
B,BZ18,BZ,a,a,AA,f,12,0,13,B_BZ_BZ18
B,BZ18,BZ,a,a,AA,f,13,0,13,B_BZ_BZ18
B,BZ6,BZ,a,a,AA,f,1,18,13,B_BZ_BZ6
B,BZ6,BZ,a,a,AA,f,2,10,13,B_BZ_BZ6
B,BZ6,BZ,a,a,AA,f,3,10,13,B_BZ_BZ6
B,BZ6,BZ,a,a,AA,f,4,12,13,B_BZ_BZ6
B,BZ6,BZ,a,a,AA,f,5,10,13,B_BZ_BZ6
B,BZ6,BZ,a,a,AA,f,6,3,13,B_BZ_BZ6
B,BZ6,BZ,a,a,AA,f,7,1,13,B_BZ_BZ6
B,BZ6,BZ,a,a,AA,f,8,2,13,B_BZ_BZ6
B,BZ6,BZ,a,a,AA,f,9,1,13,B_BZ_BZ6
B,BZ6,BZ,a,a,AA,f,10,1,13,B_BZ_BZ6
B,BZ6,BZ,a,a,AA,f,11,0,13,B_BZ_BZ6
B,BZ6,BZ,a,a,AA,f,12,0,13,B_BZ_BZ6
B,BZ6,BZ,a,a,AA,f,13,0,13,B_BZ_BZ6
C,CE21,CE,a,a,AA,f,1,21,13,C_CE_CE21
C,CE21,CE,a,a,AA,f,2,14,13,C_CE_CE21
C,CE21,CE,a,a,AA,f,3,10,13,C_CE_CE21
C,CE21,CE,a,a,AA,f,4,9,13,C_CE_CE21
C,CE21,CE,a,a,AA,f,5,8,13,C_CE_CE21
C,CE21,CE,a,a,AA,f,6,8,13,C_CE_CE21
C,CE21,CE,a,a,AA,f,7,5,13,C_CE_CE21
C,CE21,CE,a,a,AA,f,8,6,13,C_CE_CE21
C,CE21,CE,a,a,AA,f,9,5,13,C_CE_CE21
C,CE21,CE,a,a,AA,f,10,2,13,C_CE_CE21
C,CE21,CE,a,a,AA,f,11,0,13,C_CE_CE21
C,CE21,CE,a,a,AA,f,12,1,13,C_CE_CE21
C,CE21,CE,a,a,AA,f,13,0,13,C_CE_CE21
C,CH12,CH,a,h,AH,f,1,14,13,C_CH_CH12
C,CH12,CH,a,h,AH,f,2,0,13,C_CH_CH12
C,CH12,CH,a,h,AH,f,3,0,13,C_CH_CH12
C,CH12,CH,a,h,AH,f,4,0,13,C_CH_CH12
C,CH12,CH,a,h,AH,f,5,0,13,C_CH_CH12
C,CH12,CH,a,h,AH,f,6,0,13,C_CH_CH12
C,CH12,CH,a,h,AH,f,7,0,13,C_CH_CH12
C,CH12,CH,a,h,AH,f,8,4,13,C_CH_CH12
C,CH12,CH,a,h,AH,f,9,3,13,C_CH_CH12
C,CH12,CH,a,h,AH,f,10,6,13,C_CH_CH12
C,CH12,CH,a,h,AH,f,11,0,13,C_CH_CH12
C,CH12,CH,a,h,AH,f,12,0,13,C_CH_CH12
C,CK11,CK,h,a,HA,f,1,0,13,C_CK_CK11
C,CK11,CK,h,a,HA,f,2,0,13,C_CK_CK11
C,CK11,CK,h,a,HA,f,3,0,13,C_CK_CK11
C,CK11,CK,h,a,HA,f,4,0,13,C_CK_CK11
C,CK11,CK,h,a,HA,f,5,0,13,C_CK_CK11
C,CK11,CK,h,a,HA,f,6,0,13,C_CK_CK11
C,CK11,CK,h,a,HA,f,7,0,13,C_CK_CK11
C,CK11,CK,h,a,HA,f,8,0,13,C_CK_CK11
C,CK11,CK,h,a,HA,f,9,0,13,C_CK_CK11
C,CK11,CK,h,a,HA,f,10,0,13,C_CK_CK11
C,CK11,CK,h,a,HA,f,11,1,13,C_CK_CK11
C,CK11,CK,h,a,HA,f,12,0,13,C_CK_CK11
C,CK11,CK,h,a,HA,f,13,0,13,C_CK_CK11
C,CK21,CK,a,a,AA,f,1,16,13,C_CK_CK21
C,CK21,CK,a,a,AA,f,2,13,13,C_CK_CK21
C,CK21,CK,a,a,AA,f,3,18,13,C_CK_CK21
C,CK21,CK,a,a,AA,f,4,7,13,C_CK_CK21
C,CK21,CK,a,a,AA,f,5,6,13,C_CK_CK21
C,CK21,CK,a,a,AA,f,6,19,13,C_CK_CK21
C,CK21,CK,a,a,AA,f,7,9,13,C_CK_CK21
C,CK21,CK,a,a,AA,f,8,5,13,C_CK_CK21
C,CK21,CK,a,a,AA,f,9,5,13,C_CK_CK21
C,CK21,CK,a,a,AA,f,10,2,13,C_CK_CK21
C,CK21,CK,a,a,AA,f,11,1,13,C_CK_CK21
C,CK21,CK,a,a,AA,f,12,1,13,C_CK_CK21
C,CK21,CK,a,a,AA,f,13,0,13,C_CK_CK21
C,CN27,CN,a,a,AA,f,1,10,13,C_CN_CN27
C,CN27,CN,a,a,AA,f,2,0,13,C_CN_CN27
C,CN27,CN,a,a,AA,f,3,0,13,C_CN_CN27
C,CN27,CN,a,a,AA,f,4,0,13,C_CN_CN27
C,CN27,CN,a,a,AA,f,5,0,13,C_CN_CN27
C,CN27,CN,a,a,AA,f,6,0,13,C_CN_CN27
C,CN27,CN,a,a,AA,f,7,0,13,C_CN_CN27
C,CN27,CN,a,a,AA,f,8,1,13,C_CN_CN27
C,CN27,CN,a,a,AA,f,9,34,13,C_CN_CN27
C,CN27,CN,a,a,AA,f,10,7,13,C_CN_CN27
C,CN27,CN,a,a,AA,f,11,6,13,C_CN_CN27
C,CN27,CN,a,a,AA,f,12,4,13,C_CN_CN27
C,CR15,CR,a,a,AA,f,1,12,13,C_CR_CR15
C,CR15,CR,a,a,AA,f,2,7,13,C_CR_CR15
C,CR15,CR,a,a,AA,f,3,0,13,C_CR_CR15
C,CR15,CR,a,a,AA,f,4,0,13,C_CR_CR15
C,CR15,CR,a,a,AA,f,5,0,13,C_CR_CR15
C,CR15,CR,a,a,AA,f,6,0,13,C_CR_CR15
C,CR15,CR,a,a,AA,f,7,0,13,C_CR_CR15
C,CR15,CR,a,a,AA,f,8,17,13,C_CR_CR15
C,CR15,CR,a,a,AA,f,9,0,13,C_CR_CR15
C,CR15,CR,a,a,AA,f,10,10,13,C_CR_CR15
C,CR15,CR,a,a,AA,f,11,10,13,C_CR_CR15
C,CR15,CR,a,a,AA,f,12,10,13,C_CR_CR15
C,CR15,CR,a,a,AA,f,13,0,13,C_CR_CR15
C,CT17,CT,h,a,HA,f,1,2,13,C_CT_CT17
C,CT17,CT,h,a,HA,f,2,3,13,C_CT_CT17
C,CT17,CT,h,a,HA,f,3,1,13,C_CT_CT17
C,CT17,CT,h,a,HA,f,4,11,13,C_CT_CT17
C,CT17,CT,h,a,HA,f,5,4,13,C_CT_CT17
C,CT17,CT,h,a,HA,f,6,4,13,C_CT_CT17
C,CT17,CT,h,a,HA,f,7,0,13,C_CT_CT17
C,CT17,CT,h,a,HA,f,8,0,13,C_CT_CT17
C,CT17,CT,h,a,HA,f,9,0,13,C_CT_CT17
C,CT17,CT,h,a,HA,f,10,0,13,C_CT_CT17
C,CT17,CT,h,a,HA,f,11,0,13,C_CT_CT17
C,CT17,CT,h,a,HA,f,12,0,13,C_CT_CT17
C,CT17,CT,h,a,HA,f,13,0,13,C_CT_CT17
A,AJ11,AJ,h,a,HA,f,1,1,14,A_AJ_AJ11
A,AJ11,AJ,h,a,HA,f,2,0,14,A_AJ_AJ11
A,AJ11,AJ,h,a,HA,f,3,0,14,A_AJ_AJ11
A,AJ11,AJ,h,a,HA,f,4,0,14,A_AJ_AJ11
A,AJ11,AJ,h,a,HA,f,5,1,14,A_AJ_AJ11
A,AJ11,AJ,h,a,HA,f,6,2,14,A_AJ_AJ11
A,AJ11,AJ,h,a,HA,f,7,7,14,A_AJ_AJ11
A,AJ11,AJ,h,a,HA,f,8,5,14,A_AJ_AJ11
A,AJ11,AJ,h,a,HA,f,9,2,14,A_AJ_AJ11
A,AJ11,AJ,h,a,HA,f,10,2,14,A_AJ_AJ11
A,AJ11,AJ,h,a,HA,f,11,0,14,A_AJ_AJ11
A,AJ11,AJ,h,a,HA,f,12,0,14,A_AJ_AJ11
A,AJ11,AJ,h,a,HA,f,13,0,14,A_AJ_AJ11
A,AJ11,AJ,h,a,HA,f,14,0,14,A_AJ_AJ11
A,AQ19,AQ,a,a,AA,f,1,8,14,A_AQ_AQ19
A,AQ19,AQ,a,a,AA,f,2,5,14,A_AQ_AQ19
A,AQ19,AQ,a,a,AA,f,3,0,14,A_AQ_AQ19
A,AQ19,AQ,a,a,AA,f,4,6,14,A_AQ_AQ19
A,AQ19,AQ,a,a,AA,f,5,9,14,A_AQ_AQ19
A,AQ19,AQ,a,a,AA,f,6,8,14,A_AQ_AQ19
A,AQ19,AQ,a,a,AA,f,7,8,14,A_AQ_AQ19
A,AQ19,AQ,a,a,AA,f,8,6,14,A_AQ_AQ19
A,AQ19,AQ,a,a,AA,f,9,7,14,A_AQ_AQ19
A,AQ19,AQ,a,a,AA,f,10,4,14,A_AQ_AQ19
A,AQ19,AQ,a,a,AA,f,11,2,14,A_AQ_AQ19
A,AQ19,AQ,a,a,AA,f,12,1,14,A_AQ_AQ19
A,AQ19,AQ,a,a,AA,f,13,0,14,A_AQ_AQ19
A,AQ19,AQ,a,a,AA,f,14,0,14,A_AQ_AQ19
A,AV10,AV,a,a,AA,f,1,0,14,A_AV_AV10
A,AV10,AV,a,a,AA,f,2,0,14,A_AV_AV10
A,AV10,AV,a,a,AA,f,3,0,14,A_AV_AV10
A,AV10,AV,a,a,AA,f,4,0,14,A_AV_AV10
A,AV10,AV,a,a,AA,f,5,0,14,A_AV_AV10
A,AV10,AV,a,a,AA,f,6,40,14,A_AV_AV10
A,AV10,AV,a,a,AA,f,7,9,14,A_AV_AV10
A,AV10,AV,a,a,AA,f,8,6,14,A_AV_AV10
A,AV10,AV,a,a,AA,f,9,6,14,A_AV_AV10
A,AV10,AV,a,a,AA,f,10,4,14,A_AV_AV10
A,AV10,AV,a,a,AA,f,11,0,14,A_AV_AV10
A,AV10,AV,a,a,AA,f,12,1,14,A_AV_AV10
A,AV10,AV,a,a,AA,f,13,0,14,A_AV_AV10
A,AV10,AV,a,a,AA,f,14,0,14,A_AV_AV10
B,BC21,BC,a,a,AA,f,1,26,14,B_BC_BC21
B,BC21,BC,a,a,AA,f,2,7,14,B_BC_BC21
B,BC21,BC,a,a,AA,f,3,12,14,B_BC_BC21
B,BC21,BC,a,a,AA,f,4,6,14,B_BC_BC21
B,BC21,BC,a,a,AA,f,5,8,14,B_BC_BC21
B,BC21,BC,a,a,AA,f,6,5,14,B_BC_BC21
B,BC21,BC,a,a,AA,f,7,6,14,B_BC_BC21
B,BC21,BC,a,a,AA,f,8,2,14,B_BC_BC21
B,BC21,BC,a,a,AA,f,9,3,14,B_BC_BC21
B,BC21,BC,a,a,AA,f,10,3,14,B_BC_BC21
B,BC21,BC,a,a,AA,f,11,0,14,B_BC_BC21
B,BC21,BC,a,a,AA,f,12,1,14,B_BC_BC21
B,BC21,BC,a,a,AA,f,13,1,14,B_BC_BC21
B,BC21,BC,a,a,AA,f,14,0,14,B_BC_BC21
B,BC7,BC,h,a,HA,f,1,24,14,B_BC_BC7
B,BC7,BC,h,a,HA,f,2,12,14,B_BC_BC7
B,BC7,BC,h,a,HA,f,3,13,14,B_BC_BC7
B,BC7,BC,h,a,HA,f,4,10,14,B_BC_BC7
B,BC7,BC,h,a,HA,f,5,6,14,B_BC_BC7
B,BC7,BC,h,a,HA,f,6,6,14,B_BC_BC7
B,BC7,BC,h,a,HA,f,7,1,14,B_BC_BC7
B,BC7,BC,h,a,HA,f,8,4,14,B_BC_BC7
B,BC7,BC,h,a,HA,f,9,1,14,B_BC_BC7
B,BC7,BC,h,a,HA,f,10,0,14,B_BC_BC7
B,BC7,BC,h,a,HA,f,11,0,14,B_BC_BC7
B,BC7,BC,h,a,HA,f,12,0,14,B_BC_BC7
B,BC7,BC,h,a,HA,f,13,0,14,B_BC_BC7
B,BF30,BF,a,a,AA,f,1,12,14,B_BF_BF30
B,BF30,BF,a,a,AA,f,2,7,14,B_BF_BF30
B,BF30,BF,a,a,AA,f,3,4,14,B_BF_BF30
B,BF30,BF,a,a,AA,f,4,6,14,B_BF_BF30
B,BF30,BF,a,a,AA,f,5,7,14,B_BF_BF30
B,BF30,BF,a,a,AA,f,6,9,14,B_BF_BF30
B,BF30,BF,a,a,AA,f,7,8,14,B_BF_BF30
B,BF30,BF,a,a,AA,f,8,7,14,B_BF_BF30
B,BF30,BF,a,a,AA,f,9,4,14,B_BF_BF30
B,BF30,BF,a,a,AA,f,10,3,14,B_BF_BF30
B,BF30,BF,a,a,AA,f,11,1,14,B_BF_BF30
B,BF30,BF,a,a,AA,f,12,0,14,B_BF_BF30
B,BF30,BF,a,a,AA,f,13,0,14,B_BF_BF30
B,BF30,BF,a,a,AA,f,14,0,14,B_BF_BF30
B,BH26,BH,h,a,HA,f,1,25,14,B_BH_BH26
B,BH26,BH,h,a,HA,f,2,12,14,B_BH_BH26
B,BH26,BH,h,a,HA,f,3,9,14,B_BH_BH26
B,BH26,BH,h,a,HA,f,4,9,14,B_BH_BH26
B,BH26,BH,h,a,HA,f,5,3,14,B_BH_BH26
B,BH26,BH,h,a,HA,f,6,1,14,B_BH_BH26
B,BH26,BH,h,a,HA,f,7,0,14,B_BH_BH26
B,BH26,BH,h,a,HA,f,8,0,14,B_BH_BH26
B,BH26,BH,h,a,HA,f,9,0,14,B_BH_BH26
B,BH26,BH,h,a,HA,f,10,0,14,B_BH_BH26
B,BH26,BH,h,a,HA,f,11,0,14,B_BH_BH26
B,BH26,BH,h,a,HA,f,12,0,14,B_BH_BH26
B,BH26,BH,h,a,HA,f,13,0,14,B_BH_BH26
B,BH26,BH,h,a,HA,f,14,0,14,B_BH_BH26
B,BJ21,BJ,a,a,AA,f,1,11,14,B_BJ_BJ21
B,BJ21,BJ,a,a,AA,f,2,7,14,B_BJ_BJ21
B,BJ21,BJ,a,a,AA,f,3,8,14,B_BJ_BJ21
B,BJ21,BJ,a,a,AA,f,4,10,14,B_BJ_BJ21
B,BJ21,BJ,a,a,AA,f,5,9,14,B_BJ_BJ21
B,BJ21,BJ,a,a,AA,f,6,5,14,B_BJ_BJ21
B,BJ21,BJ,a,a,AA,f,7,7,14,B_BJ_BJ21
B,BJ21,BJ,a,a,AA,f,8,3,14,B_BJ_BJ21
B,BJ21,BJ,a,a,AA,f,9,1,14,B_BJ_BJ21
B,BJ21,BJ,a,a,AA,f,10,0,14,B_BJ_BJ21
B,BJ21,BJ,a,a,AA,f,11,0,14,B_BJ_BJ21
B,BJ21,BJ,a,a,AA,f,12,0,14,B_BJ_BJ21
B,BJ21,BJ,a,a,AA,f,13,0,14,B_BJ_BJ21
B,BJ21,BJ,a,a,AA,f,14,0,14,B_BJ_BJ21
B,BM10,BM,h,a,HA,f,1,9,14,B_BM_BM10
B,BM10,BM,h,a,HA,f,2,16,14,B_BM_BM10
B,BM10,BM,h,a,HA,f,3,20,14,B_BM_BM10
B,BM10,BM,h,a,HA,f,4,12,14,B_BM_BM10
B,BM10,BM,h,a,HA,f,5,2,14,B_BM_BM10
B,BM10,BM,h,a,HA,f,6,6,14,B_BM_BM10
B,BM10,BM,h,a,HA,f,7,1,14,B_BM_BM10
B,BM10,BM,h,a,HA,f,8,2,14,B_BM_BM10
B,BM10,BM,h,a,HA,f,9,13,14,B_BM_BM10
B,BM10,BM,h,a,HA,f,10,2,14,B_BM_BM10
B,BM10,BM,h,a,HA,f,11,2,14,B_BM_BM10
B,BM10,BM,h,a,HA,f,12,0,14,B_BM_BM10
B,BM10,BM,h,a,HA,f,13,0,14,B_BM_BM10
B,BM10,BM,h,a,HA,f,14,0,14,B_BM_BM10
B,BN24,BN,a,a,AA,f,1,7,14,B_BN_BN24
B,BN24,BN,a,a,AA,f,2,14,14,B_BN_BN24
B,BN24,BN,a,a,AA,f,3,12,14,B_BN_BN24
B,BN24,BN,a,a,AA,f,4,12,14,B_BN_BN24
B,BN24,BN,a,a,AA,f,5,9,14,B_BN_BN24
B,BN24,BN,a,a,AA,f,6,5,14,B_BN_BN24
B,BN24,BN,a,a,AA,f,7,4,14,B_BN_BN24
B,BN24,BN,a,a,AA,f,8,8,14,B_BN_BN24
B,BN24,BN,a,a,AA,f,9,1,14,B_BN_BN24
B,BN24,BN,a,a,AA,f,10,0,14,B_BN_BN24
B,BN24,BN,a,a,AA,f,11,1,14,B_BN_BN24
B,BN24,BN,a,a,AA,f,12,0,14,B_BN_BN24
B,BN24,BN,a,a,AA,f,13,0,14,B_BN_BN24
B,BN24,BN,a,a,AA,f,14,0,14,B_BN_BN24
B,BP30,BP,a,a,AA,f,1,11,14,B_BP_BP30
B,BP30,BP,a,a,AA,f,2,9,14,B_BP_BP30
B,BP30,BP,a,a,AA,f,3,10,14,B_BP_BP30
B,BP30,BP,a,a,AA,f,4,8,14,B_BP_BP30
B,BP30,BP,a,a,AA,f,5,12,14,B_BP_BP30
B,BP30,BP,a,a,AA,f,6,8,14,B_BP_BP30
B,BP30,BP,a,a,AA,f,7,13,14,B_BP_BP30
B,BP30,BP,a,a,AA,f,8,6,14,B_BP_BP30
B,BP30,BP,a,a,AA,f,9,6,14,B_BP_BP30
B,BP30,BP,a,a,AA,f,10,3,14,B_BP_BP30
B,BP30,BP,a,a,AA,f,11,2,14,B_BP_BP30
B,BP30,BP,a,a,AA,f,12,1,14,B_BP_BP30
B,BP30,BP,a,a,AA,f,13,0,14,B_BP_BP30
B,BP30,BP,a,a,AA,f,14,0,14,B_BP_BP30
B,BT27,BT,a,a,AA,f,1,14,14,B_BT_BT27
B,BT27,BT,a,a,AA,f,2,11,14,B_BT_BT27
B,BT27,BT,a,a,AA,f,3,10,14,B_BT_BT27
B,BT27,BT,a,a,AA,f,4,9,14,B_BT_BT27
B,BT27,BT,a,a,AA,f,5,9,14,B_BT_BT27
B,BT27,BT,a,a,AA,f,6,7,14,B_BT_BT27
B,BT27,BT,a,a,AA,f,7,5,14,B_BT_BT27
B,BT27,BT,a,a,AA,f,8,5,14,B_BT_BT27
B,BT27,BT,a,a,AA,f,9,0,14,B_BT_BT27
B,BT27,BT,a,a,AA,f,10,1,14,B_BT_BT27
B,BT27,BT,a,a,AA,f,11,1,14,B_BT_BT27
B,BT27,BT,a,a,AA,f,12,1,14,B_BT_BT27
B,BT27,BT,a,a,AA,f,13,0,14,B_BT_BT27
B,BT27,BT,a,a,AA,f,14,0,14,B_BT_BT27
B,BU18,BU,a,a,AA,f,1,4,14,B_BU_BU18
B,BU18,BU,a,a,AA,f,2,13,14,B_BU_BU18
B,BU18,BU,a,a,AA,f,3,7,14,B_BU_BU18
B,BU18,BU,a,a,AA,f,4,11,14,B_BU_BU18
B,BU18,BU,a,a,AA,f,5,11,14,B_BU_BU18
B,BU18,BU,a,a,AA,f,6,6,14,B_BU_BU18
B,BU18,BU,a,a,AA,f,7,5,14,B_BU_BU18
B,BU18,BU,a,a,AA,f,8,3,14,B_BU_BU18
B,BU18,BU,a,a,AA,f,9,2,14,B_BU_BU18
B,BU18,BU,a,a,AA,f,10,1,14,B_BU_BU18
B,BU18,BU,a,a,AA,f,11,2,14,B_BU_BU18
B,BU18,BU,a,a,AA,f,12,0,14,B_BU_BU18
B,BU18,BU,a,a,AA,f,13,0,14,B_BU_BU18
B,BW14,BW,h,a,HA,f,1,17,14,B_BW_BW14
B,BW14,BW,h,a,HA,f,2,14,14,B_BW_BW14
B,BW14,BW,h,a,HA,f,3,12,14,B_BW_BW14
B,BW14,BW,h,a,HA,f,4,15,14,B_BW_BW14
B,BW14,BW,h,a,HA,f,5,10,14,B_BW_BW14
B,BW14,BW,h,a,HA,f,6,5,14,B_BW_BW14
B,BW14,BW,h,a,HA,f,7,5,14,B_BW_BW14
B,BW14,BW,h,a,HA,f,8,1,14,B_BW_BW14
B,BW14,BW,h,a,HA,f,9,0,14,B_BW_BW14
B,BW14,BW,h,a,HA,f,10,0,14,B_BW_BW14
B,BW14,BW,h,a,HA,f,11,0,14,B_BW_BW14
B,BW14,BW,h,a,HA,f,12,0,14,B_BW_BW14
B,BW14,BW,h,a,HA,f,13,0,14,B_BW_BW14
B,BW14,BW,h,a,HA,f,14,0,14,B_BW_BW14
B,BX3,BX,a,a,AA,f,1,20,14,B_BX_BX3
B,BX3,BX,a,a,AA,f,2,3,14,B_BX_BX3
B,BX3,BX,a,a,AA,f,3,0,14,B_BX_BX3
B,BX3,BX,a,a,AA,f,4,17,14,B_BX_BX3
B,BX3,BX,a,a,AA,f,5,12,14,B_BX_BX3
B,BX3,BX,a,a,AA,f,6,0,14,B_BX_BX3
B,BX3,BX,a,a,AA,f,7,14,14,B_BX_BX3
B,BX3,BX,a,a,AA,f,8,8,14,B_BX_BX3
B,BX3,BX,a,a,AA,f,9,2,14,B_BX_BX3
B,BX3,BX,a,a,AA,f,10,2,14,B_BX_BX3
B,BX3,BX,a,a,AA,f,11,0,14,B_BX_BX3
B,BX3,BX,a,a,AA,f,12,1,14,B_BX_BX3
B,BX3,BX,a,a,AA,f,13,0,14,B_BX_BX3
B,BY21,BY,a,a,AA,f,1,18,14,B_BY_BY21
B,BY21,BY,a,a,AA,f,2,13,14,B_BY_BY21
B,BY21,BY,a,a,AA,f,3,1,14,B_BY_BY21
B,BY21,BY,a,a,AA,f,4,0,14,B_BY_BY21
B,BY21,BY,a,a,AA,f,5,0,14,B_BY_BY21
B,BY21,BY,a,a,AA,f,6,0,14,B_BY_BY21
B,BY21,BY,a,a,AA,f,7,0,14,B_BY_BY21
B,BY21,BY,a,a,AA,f,8,8,14,B_BY_BY21
B,BY21,BY,a,a,AA,f,9,14,14,B_BY_BY21
B,BY21,BY,a,a,AA,f,10,12,14,B_BY_BY21
B,BY21,BY,a,a,AA,f,11,4,14,B_BY_BY21
B,BY21,BY,a,a,AA,f,12,1,14,B_BY_BY21
B,BY21,BY,a,a,AA,f,13,0,14,B_BY_BY21
B,BY21,BY,a,a,AA,f,14,0,14,B_BY_BY21
B,BY9,BY,a,a,AA,f,1,8,14,B_BY_BY9
B,BY9,BY,a,a,AA,f,2,12,14,B_BY_BY9
B,BY9,BY,a,a,AA,f,3,15,14,B_BY_BY9
B,BY9,BY,a,a,AA,f,4,15,14,B_BY_BY9
B,BY9,BY,a,a,AA,f,5,7,14,B_BY_BY9
B,BY9,BY,a,a,AA,f,6,8,14,B_BY_BY9
B,BY9,BY,a,a,AA,f,7,8,14,B_BY_BY9
B,BY9,BY,a,a,AA,f,8,1,14,B_BY_BY9
B,BY9,BY,a,a,AA,f,9,4,14,B_BY_BY9
B,BY9,BY,a,a,AA,f,10,2,14,B_BY_BY9
B,BY9,BY,a,a,AA,f,11,0,14,B_BY_BY9
B,BY9,BY,a,a,AA,f,12,0,14,B_BY_BY9
B,BY9,BY,a,a,AA,f,13,1,14,B_BY_BY9
B,BY9,BY,a,a,AA,f,14,0,14,B_BY_BY9
B,BZ23,BZ,h,a,HA,f,1,9,14,B_BZ_BZ23
B,BZ23,BZ,h,a,HA,f,2,0,14,B_BZ_BZ23
B,BZ23,BZ,h,a,HA,f,3,0,14,B_BZ_BZ23
B,BZ23,BZ,h,a,HA,f,4,0,14,B_BZ_BZ23
B,BZ23,BZ,h,a,HA,f,5,0,14,B_BZ_BZ23
B,BZ23,BZ,h,a,HA,f,6,1,14,B_BZ_BZ23
B,BZ23,BZ,h,a,HA,f,7,4,14,B_BZ_BZ23
B,BZ23,BZ,h,a,HA,f,8,0,14,B_BZ_BZ23
B,BZ23,BZ,h,a,HA,f,9,0,14,B_BZ_BZ23
B,BZ23,BZ,h,a,HA,f,10,0,14,B_BZ_BZ23
B,BZ23,BZ,h,a,HA,f,11,0,14,B_BZ_BZ23
B,BZ23,BZ,h,a,HA,f,12,0,14,B_BZ_BZ23
B,BZ23,BZ,h,a,HA,f,13,0,14,B_BZ_BZ23
B,BZ23,BZ,h,a,HA,f,14,0,14,B_BZ_BZ23
C,C?10,Cpi,h,a,HA,f,1,7,14,C_Cpi_C?10
C,C?10,Cpi,h,a,HA,f,2,0,14,C_Cpi_C?10
C,C?10,Cpi,h,a,HA,f,3,0,14,C_Cpi_C?10
C,C?10,Cpi,h,a,HA,f,4,0,14,C_Cpi_C?10
C,C?10,Cpi,h,a,HA,f,5,0,14,C_Cpi_C?10
C,C?10,Cpi,h,a,HA,f,6,0,14,C_Cpi_C?10
C,C?10,Cpi,h,a,HA,f,7,1,14,C_Cpi_C?10
C,C?10,Cpi,h,a,HA,f,8,0,14,C_Cpi_C?10
C,C?10,Cpi,h,a,HA,f,9,0,14,C_Cpi_C?10
C,C?10,Cpi,h,a,HA,f,10,3,14,C_Cpi_C?10
C,C?10,Cpi,h,a,HA,f,11,0,14,C_Cpi_C?10
C,C?10,Cpi,h,a,HA,f,12,2,14,C_Cpi_C?10
C,C?10,Cpi,h,a,HA,f,13,0,14,C_Cpi_C?10
C,C?10,Cpi,h,a,HA,f,14,0,14,C_Cpi_C?10
C,CB15,CB,a,a,AA,f,1,16,14,C_CB_CB15
C,CB15,CB,a,a,AA,f,2,16,14,C_CB_CB15
C,CB15,CB,a,a,AA,f,3,13,14,C_CB_CB15
C,CB15,CB,a,a,AA,f,4,10,14,C_CB_CB15
C,CB15,CB,a,a,AA,f,5,0,14,C_CB_CB15
C,CB15,CB,a,a,AA,f,6,4,14,C_CB_CB15
C,CB15,CB,a,a,AA,f,7,18,14,C_CB_CB15
C,CB15,CB,a,a,AA,f,8,8,14,C_CB_CB15
C,CB15,CB,a,a,AA,f,9,2,14,C_CB_CB15
C,CB15,CB,a,a,AA,f,10,2,14,C_CB_CB15
C,CB15,CB,a,a,AA,f,11,0,14,C_CB_CB15
C,CB15,CB,a,a,AA,f,12,0,14,C_CB_CB15
C,CB15,CB,a,a,AA,f,13,0,14,C_CB_CB15
C,CH30,CH,a,a,AA,f,1,25,14,C_CH_CH30
C,CH30,CH,a,a,AA,f,2,13,14,C_CH_CH30
C,CH30,CH,a,a,AA,f,3,16,14,C_CH_CH30
C,CH30,CH,a,a,AA,f,4,13,14,C_CH_CH30
C,CH30,CH,a,a,AA,f,5,11,14,C_CH_CH30
C,CH30,CH,a,a,AA,f,6,8,14,C_CH_CH30
C,CH30,CH,a,a,AA,f,7,6,14,C_CH_CH30
C,CH30,CH,a,a,AA,f,8,6,14,C_CH_CH30
C,CH30,CH,a,a,AA,f,9,4,14,C_CH_CH30
C,CH30,CH,a,a,AA,f,10,1,14,C_CH_CH30
C,CH30,CH,a,a,AA,f,11,1,14,C_CH_CH30
C,CH30,CH,a,a,AA,f,12,0,14,C_CH_CH30
C,CH30,CH,a,a,AA,f,13,0,14,C_CH_CH30
C,CH30,CH,a,a,AA,f,14,0,14,C_CH_CH30
C,CO21,CO,a,a,AA,f,1,13,14,C_CO_CO21
C,CO21,CO,a,a,AA,f,2,15,14,C_CO_CO21
C,CO21,CO,a,a,AA,f,3,14,14,C_CO_CO21
C,CO21,CO,a,a,AA,f,4,13,14,C_CO_CO21
C,CO21,CO,a,a,AA,f,5,13,14,C_CO_CO21
C,CO21,CO,a,a,AA,f,6,9,14,C_CO_CO21
C,CO21,CO,a,a,AA,f,7,7,14,C_CO_CO21
C,CO21,CO,a,a,AA,f,8,4,14,C_CO_CO21
C,CO21,CO,a,a,AA,f,9,3,14,C_CO_CO21
C,CO21,CO,a,a,AA,f,10,1,14,C_CO_CO21
C,CO21,CO,a,a,AA,f,11,0,14,C_CO_CO21
C,CO21,CO,a,a,AA,f,12,0,14,C_CO_CO21
C,CO21,CO,a,a,AA,f,13,1,14,C_CO_CO21
C,CO21,CO,a,a,AA,f,14,0,14,C_CO_CO21
C,CR16,CR,h,a,HA,f,1,20,14,C_CR_CR16
C,CR16,CR,h,a,HA,f,2,14,14,C_CR_CR16
C,CR16,CR,h,a,HA,f,3,0,14,C_CR_CR16
C,CR16,CR,h,a,HA,f,4,0,14,C_CR_CR16
C,CR16,CR,h,a,HA,f,5,1,14,C_CR_CR16
C,CR16,CR,h,a,HA,f,6,0,14,C_CR_CR16
C,CR16,CR,h,a,HA,f,7,0,14,C_CR_CR16
C,CR16,CR,h,a,HA,f,8,3,14,C_CR_CR16
C,CR16,CR,h,a,HA,f,9,3,14,C_CR_CR16
C,CR16,CR,h,a,HA,f,10,5,14,C_CR_CR16
C,CR16,CR,h,a,HA,f,11,4,14,C_CR_CR16
C,CR16,CR,h,a,HA,f,12,3,14,C_CR_CR16
C,CR16,CR,h,a,HA,f,13,0,14,C_CR_CR16
C,CR16,CR,h,a,HA,f,14,0,14,C_CR_CR16
C,CR24,CR,a,a,AA,f,1,25,14,C_CR_CR24
C,CR24,CR,a,a,AA,f,2,11,14,C_CR_CR24
C,CR24,CR,a,a,AA,f,3,10,14,C_CR_CR24
C,CR24,CR,a,a,AA,f,4,12,14,C_CR_CR24
C,CR24,CR,a,a,AA,f,5,11,14,C_CR_CR24
C,CR24,CR,a,a,AA,f,6,7,14,C_CR_CR24
C,CR24,CR,a,a,AA,f,7,1,14,C_CR_CR24
C,CR24,CR,a,a,AA,f,8,1,14,C_CR_CR24
C,CR24,CR,a,a,AA,f,9,0,14,C_CR_CR24
C,CR24,CR,a,a,AA,f,10,5,14,C_CR_CR24
C,CR24,CR,a,a,AA,f,11,0,14,C_CR_CR24
C,CR24,CR,a,a,AA,f,12,0,14,C_CR_CR24
C,CR24,CR,a,a,AA,f,13,0,14,C_CR_CR24
C,CU30,CU,a,a,AA,f,1,29,14,C_CU_CU30
C,CU30,CU,a,a,AA,f,2,13,14,C_CU_CU30
C,CU30,CU,a,a,AA,f,3,10,14,C_CU_CU30
C,CU30,CU,a,a,AA,f,4,10,14,C_CU_CU30
C,CU30,CU,a,a,AA,f,5,9,14,C_CU_CU30
C,CU30,CU,a,a,AA,f,6,11,14,C_CU_CU30
C,CU30,CU,a,a,AA,f,7,8,14,C_CU_CU30
C,CU30,CU,a,a,AA,f,8,5,14,C_CU_CU30
C,CU30,CU,a,a,AA,f,9,3,14,C_CU_CU30
C,CU30,CU,a,a,AA,f,10,5,14,C_CU_CU30
C,CU30,CU,a,a,AA,f,11,0,14,C_CU_CU30
C,CU30,CU,a,a,AA,f,12,1,14,C_CU_CU30
C,CU30,CU,a,a,AA,f,13,0,14,C_CU_CU30
C,CZ21,CZ,a,a,AA,f,1,20,14,C_CZ_CZ21
C,CZ21,CZ,a,a,AA,f,2,14,14,C_CZ_CZ21
C,CZ21,CZ,a,a,AA,f,3,14,14,C_CZ_CZ21
C,CZ21,CZ,a,a,AA,f,4,10,14,C_CZ_CZ21
C,CZ21,CZ,a,a,AA,f,5,12,14,C_CZ_CZ21
C,CZ21,CZ,a,a,AA,f,6,6,14,C_CZ_CZ21
C,CZ21,CZ,a,a,AA,f,7,0,14,C_CZ_CZ21
C,CZ21,CZ,a,a,AA,f,8,0,14,C_CZ_CZ21
C,CZ21,CZ,a,a,AA,f,9,9,14,C_CZ_CZ21
C,CZ21,CZ,a,a,AA,f,10,0,14,C_CZ_CZ21
C,CZ21,CZ,a,a,AA,f,11,1,14,C_CZ_CZ21
C,CZ21,CZ,a,a,AA,f,12,0,14,C_CZ_CZ21
C,CZ21,CZ,a,a,AA,f,13,0,14,C_CZ_CZ21
C,CZ21,CZ,a,a,AA,f,14,0,14,C_CZ_CZ21
A,AH16,AH,a,a,AA,f,1,14,15,A_AH_AH16
A,AH16,AH,a,a,AA,f,2,12,15,A_AH_AH16
A,AH16,AH,a,a,AA,f,3,18,15,A_AH_AH16
A,AH16,AH,a,a,AA,f,4,14,15,A_AH_AH16
A,AH16,AH,a,a,AA,f,5,13,15,A_AH_AH16
A,AH16,AH,a,a,AA,f,6,11,15,A_AH_AH16
A,AH16,AH,a,a,AA,f,7,5,15,A_AH_AH16
A,AH16,AH,a,a,AA,f,8,0,15,A_AH_AH16
A,AH16,AH,a,a,AA,f,9,1,15,A_AH_AH16
A,AH16,AH,a,a,AA,f,10,0,15,A_AH_AH16
A,AH16,AH,a,a,AA,f,11,0,15,A_AH_AH16
A,AH16,AH,a,a,AA,f,12,0,15,A_AH_AH16
A,AH16,AH,a,a,AA,f,13,0,15,A_AH_AH16
A,AH16,AH,a,a,AA,f,14,1,15,A_AH_AH16
A,AH16,AH,a,a,AA,f,15,0,15,A_AH_AH16
A,AM14,AM,a,a,AA,f,1,21,15,A_AM_AM14
A,AM14,AM,a,a,AA,f,2,11,15,A_AM_AM14
A,AM14,AM,a,a,AA,f,3,14,15,A_AM_AM14
A,AM14,AM,a,a,AA,f,4,8,15,A_AM_AM14
A,AM14,AM,a,a,AA,f,5,9,15,A_AM_AM14
A,AM14,AM,a,a,AA,f,6,8,15,A_AM_AM14
A,AM14,AM,a,a,AA,f,7,4,15,A_AM_AM14
A,AM14,AM,a,a,AA,f,8,3,15,A_AM_AM14
A,AM14,AM,a,a,AA,f,9,2,15,A_AM_AM14
A,AM14,AM,a,a,AA,f,11,0,15,A_AM_AM14
A,AM14,AM,a,a,AA,f,12,0,15,A_AM_AM14
A,AM14,AM,a,a,AA,f,13,0,15,A_AM_AM14
A,AM14,AM,a,a,AA,f,14,0,15,A_AM_AM14
A,AX16,AX,h,a,HA,f,1,3,15,A_AX_AX16
A,AX16,AX,h,a,HA,f,2,0,15,A_AX_AX16
A,AX16,AX,h,a,HA,f,3,0,15,A_AX_AX16
A,AX16,AX,h,a,HA,f,4,0,15,A_AX_AX16
A,AX16,AX,h,a,HA,f,5,0,15,A_AX_AX16
A,AX16,AX,h,a,HA,f,6,0,15,A_AX_AX16
A,AX16,AX,h,a,HA,f,7,0,15,A_AX_AX16
A,AX16,AX,h,a,HA,f,8,0,15,A_AX_AX16
A,AX16,AX,h,a,HA,f,9,0,15,A_AX_AX16
A,AX16,AX,h,a,HA,f,10,1,15,A_AX_AX16
A,AX16,AX,h,a,HA,f,11,0,15,A_AX_AX16
A,AX16,AX,h,a,HA,f,12,1,15,A_AX_AX16
A,AX16,AX,h,a,HA,f,13,0,15,A_AX_AX16
A,AX16,AX,h,a,HA,f,14,0,15,A_AX_AX16
A,AX16,AX,h,a,HA,f,15,0,15,A_AX_AX16
B,B©30,Bbox,a,a,AA,f,1,9,15,B_Bbox_B©30
B,B©30,Bbox,a,a,AA,f,2,14,15,B_Bbox_B©30
B,B©30,Bbox,a,a,AA,f,3,9,15,B_Bbox_B©30
B,B©30,Bbox,a,a,AA,f,4,8,15,B_Bbox_B©30
B,B©30,Bbox,a,a,AA,f,5,10,15,B_Bbox_B©30
B,B©30,Bbox,a,a,AA,f,6,13,15,B_Bbox_B©30
B,B©30,Bbox,a,a,AA,f,7,3,15,B_Bbox_B©30
B,B©30,Bbox,a,a,AA,f,8,5,15,B_Bbox_B©30
B,B©30,Bbox,a,a,AA,f,9,5,15,B_Bbox_B©30
B,B©30,Bbox,a,a,AA,f,10,3,15,B_Bbox_B©30
B,B©30,Bbox,a,a,AA,f,11,1,15,B_Bbox_B©30
B,B©30,Bbox,a,a,AA,f,12,2,15,B_Bbox_B©30
B,B©30,Bbox,a,a,AA,f,13,1,15,B_Bbox_B©30
B,B©30,Bbox,a,a,AA,f,14,1,15,B_Bbox_B©30
B,B©30,Bbox,a,a,AA,f,15,0,15,B_Bbox_B©30
B,BA15,BA,a,a,AA,f,1,13,15,B_BA_BA15
B,BA15,BA,a,a,AA,f,2,10,15,B_BA_BA15
B,BA15,BA,a,a,AA,f,3,11,15,B_BA_BA15
B,BA15,BA,a,a,AA,f,4,10,15,B_BA_BA15
B,BA15,BA,a,a,AA,f,5,5,15,B_BA_BA15
B,BA15,BA,a,a,AA,f,6,10,15,B_BA_BA15
B,BA15,BA,a,a,AA,f,7,6,15,B_BA_BA15
B,BA15,BA,a,a,AA,f,8,4,15,B_BA_BA15
B,BA15,BA,a,a,AA,f,9,4,15,B_BA_BA15
B,BA15,BA,a,a,AA,f,10,0,15,B_BA_BA15
B,BA15,BA,a,a,AA,f,11,3,15,B_BA_BA15
B,BA15,BA,a,a,AA,f,12,0,15,B_BA_BA15
B,BA15,BA,a,a,AA,f,13,0,15,B_BA_BA15
B,BA15,BA,a,a,AA,f,14,0,15,B_BA_BA15
B,BA15,BA,a,a,AA,f,15,0,15,B_BA_BA15
B,BA9,BA,a,a,AA,f,1,8,15,B_BA_BA9
B,BA9,BA,a,a,AA,f,2,10,15,B_BA_BA9
B,BA9,BA,a,a,AA,f,3,8,15,B_BA_BA9
B,BA9,BA,a,a,AA,f,4,10,15,B_BA_BA9
B,BA9,BA,a,a,AA,f,5,10,15,B_BA_BA9
B,BA9,BA,a,a,AA,f,6,13,15,B_BA_BA9
B,BA9,BA,a,a,AA,f,7,12,15,B_BA_BA9
B,BA9,BA,a,a,AA,f,8,5,15,B_BA_BA9
B,BA9,BA,a,a,AA,f,9,8,15,B_BA_BA9
B,BA9,BA,a,a,AA,f,10,4,15,B_BA_BA9
B,BA9,BA,a,a,AA,f,11,2,15,B_BA_BA9
B,BA9,BA,a,a,AA,f,12,0,15,B_BA_BA9
B,BA9,BA,a,a,AA,f,13,4,15,B_BA_BA9
B,BA9,BA,a,a,AA,f,14,0,15,B_BA_BA9
B,BA9,BA,a,a,AA,f,15,0,15,B_BA_BA9
B,BD11,BD,a,a,AA,f,1,8,15,B_BD_BD11
B,BD11,BD,a,a,AA,f,2,13,15,B_BD_BD11
B,BD11,BD,a,a,AA,f,3,13,15,B_BD_BD11
B,BD11,BD,a,a,AA,f,4,11,15,B_BD_BD11
B,BD11,BD,a,a,AA,f,5,14,15,B_BD_BD11
B,BD11,BD,a,a,AA,f,6,9,15,B_BD_BD11
B,BD11,BD,a,a,AA,f,7,9,15,B_BD_BD11
B,BD11,BD,a,a,AA,f,8,4,15,B_BD_BD11
B,BD11,BD,a,a,AA,f,9,1,15,B_BD_BD11
B,BD11,BD,a,a,AA,f,10,1,15,B_BD_BD11
B,BD11,BD,a,a,AA,f,11,0,15,B_BD_BD11
B,BD11,BD,a,a,AA,f,12,0,15,B_BD_BD11
B,BD11,BD,a,a,AA,f,13,1,15,B_BD_BD11
B,BD11,BD,a,a,AA,f,14,0,15,B_BD_BD11
B,BD11,BD,a,a,AA,f,15,0,15,B_BD_BD11
B,BI3,BI,a,a,AA,f,1,21,15,B_BI_BI3
B,BI3,BI,a,a,AA,f,2,9,15,B_BI_BI3
B,BI3,BI,a,a,AA,f,3,14,15,B_BI_BI3
B,BI3,BI,a,a,AA,f,4,14,15,B_BI_BI3
B,BI3,BI,a,a,AA,f,5,8,15,B_BI_BI3
B,BI3,BI,a,a,AA,f,6,7,15,B_BI_BI3
B,BI3,BI,a,a,AA,f,7,2,15,B_BI_BI3
B,BI3,BI,a,a,AA,f,8,2,15,B_BI_BI3
B,BI3,BI,a,a,AA,f,9,2,15,B_BI_BI3
B,BI3,BI,a,a,AA,f,10,2,15,B_BI_BI3
B,BI3,BI,a,a,AA,f,12,0,15,B_BI_BI3
B,BI3,BI,a,a,AA,f,13,1,15,B_BI_BI3
B,BI3,BI,a,a,AA,f,14,0,15,B_BI_BI3
B,BM17,BM,h,a,HA,f,1,0,15,B_BM_BM17
B,BM17,BM,h,a,HA,f,2,8,15,B_BM_BM17
B,BM17,BM,h,a,HA,f,3,2,15,B_BM_BM17
B,BM17,BM,h,a,HA,f,4,6,15,B_BM_BM17
B,BM17,BM,h,a,HA,f,5,6,15,B_BM_BM17
B,BM17,BM,h,a,HA,f,6,8,15,B_BM_BM17
B,BM17,BM,h,a,HA,f,7,15,15,B_BM_BM17
B,BM17,BM,h,a,HA,f,8,9,15,B_BM_BM17
B,BM17,BM,h,a,HA,f,9,1,15,B_BM_BM17
B,BM17,BM,h,a,HA,f,10,1,15,B_BM_BM17
B,BM17,BM,h,a,HA,f,11,0,15,B_BM_BM17
B,BM17,BM,h,a,HA,f,12,0,15,B_BM_BM17
B,BM17,BM,h,a,HA,f,13,0,15,B_BM_BM17
B,BM17,BM,h,a,HA,f,14,0,15,B_BM_BM17
B,BM17,BM,h,a,HA,f,15,0,15,B_BM_BM17
B,BM22,BM,h,a,HA,f,1,13,15,B_BM_BM22
B,BM22,BM,h,a,HA,f,2,9,15,B_BM_BM22
B,BM22,BM,h,a,HA,f,3,10,15,B_BM_BM22
B,BM22,BM,h,a,HA,f,4,8,15,B_BM_BM22
B,BM22,BM,h,a,HA,f,5,10,15,B_BM_BM22
B,BM22,BM,h,a,HA,f,6,3,15,B_BM_BM22
B,BM22,BM,h,a,HA,f,7,8,15,B_BM_BM22
B,BM22,BM,h,a,HA,f,8,3,15,B_BM_BM22
B,BM22,BM,h,a,HA,f,9,3,15,B_BM_BM22
B,BM22,BM,h,a,HA,f,10,2,15,B_BM_BM22
B,BM22,BM,h,a,HA,f,11,1,15,B_BM_BM22
B,BM22,BM,h,a,HA,f,12,1,15,B_BM_BM22
B,BM22,BM,h,a,HA,f,13,0,15,B_BM_BM22
B,BM22,BM,h,a,HA,f,14,0,15,B_BM_BM22
B,BM22,BM,h,a,HA,f,15,0,15,B_BM_BM22
B,BM29,BM,h,a,HA,f,1,1,15,B_BM_BM29
B,BM29,BM,h,a,HA,f,2,7,15,B_BM_BM29
B,BM29,BM,h,a,HA,f,3,5,15,B_BM_BM29
B,BM29,BM,h,a,HA,f,4,5,15,B_BM_BM29
B,BM29,BM,h,a,HA,f,5,7,15,B_BM_BM29
B,BM29,BM,h,a,HA,f,6,6,15,B_BM_BM29
B,BM29,BM,h,a,HA,f,7,7,15,B_BM_BM29
B,BM29,BM,h,a,HA,f,8,4,15,B_BM_BM29
B,BM29,BM,h,a,HA,f,9,1,15,B_BM_BM29
B,BM29,BM,h,a,HA,f,10,2,15,B_BM_BM29
B,BM29,BM,h,a,HA,f,11,0,15,B_BM_BM29
B,BM29,BM,h,a,HA,f,12,0,15,B_BM_BM29
B,BM29,BM,h,a,HA,f,13,0,15,B_BM_BM29
B,BM29,BM,h,a,HA,f,14,0,15,B_BM_BM29
B,BM29,BM,h,a,HA,f,15,4,15,B_BM_BM29
B,BN10,BN,h,a,HA,f,1,0,15,B_BN_BN10
B,BN10,BN,h,a,HA,f,2,0,15,B_BN_BN10
B,BN10,BN,h,a,HA,f,3,0,15,B_BN_BN10
B,BN10,BN,h,a,HA,f,4,0,15,B_BN_BN10
B,BN10,BN,h,a,HA,f,5,0,15,B_BN_BN10
B,BN10,BN,h,a,HA,f,6,0,15,B_BN_BN10
B,BN10,BN,h,a,HA,f,7,0,15,B_BN_BN10
B,BN10,BN,h,a,HA,f,8,0,15,B_BN_BN10
B,BN10,BN,h,a,HA,f,9,0,15,B_BN_BN10
B,BN10,BN,h,a,HA,f,10,0,15,B_BN_BN10
B,BN10,BN,h,a,HA,f,11,4,15,B_BN_BN10
B,BN10,BN,h,a,HA,f,12,0,15,B_BN_BN10
B,BN10,BN,h,a,HA,f,13,0,15,B_BN_BN10
B,BN10,BN,h,a,HA,f,15,0,15,B_BN_BN10
B,BQ12,BQ,a,a,AA,f,1,9,15,B_BQ_BQ12
B,BQ12,BQ,a,a,AA,f,2,11,15,B_BQ_BQ12
B,BQ12,BQ,a,a,AA,f,3,11,15,B_BQ_BQ12
B,BQ12,BQ,a,a,AA,f,4,9,15,B_BQ_BQ12
B,BQ12,BQ,a,a,AA,f,5,6,15,B_BQ_BQ12
B,BQ12,BQ,a,a,AA,f,6,9,15,B_BQ_BQ12
B,BQ12,BQ,a,a,AA,f,7,9,15,B_BQ_BQ12
B,BQ12,BQ,a,a,AA,f,8,4,15,B_BQ_BQ12
B,BQ12,BQ,a,a,AA,f,9,3,15,B_BQ_BQ12
B,BQ12,BQ,a,a,AA,f,10,4,15,B_BQ_BQ12
B,BQ12,BQ,a,a,AA,f,11,2,15,B_BQ_BQ12
B,BQ12,BQ,a,a,AA,f,12,0,15,B_BQ_BQ12
B,BQ12,BQ,a,a,AA,f,13,2,15,B_BQ_BQ12
B,BQ12,BQ,a,a,AA,f,14,0,15,B_BQ_BQ12
B,BQ12,BQ,a,a,AA,f,15,1,15,B_BQ_BQ12
B,BT12,BT,a,a,AA,f,1,18,15,B_BT_BT12
B,BT12,BT,a,a,AA,f,2,14,15,B_BT_BT12
B,BT12,BT,a,a,AA,f,3,6,15,B_BT_BT12
B,BT12,BT,a,a,AA,f,4,10,15,B_BT_BT12
B,BT12,BT,a,a,AA,f,5,9,15,B_BT_BT12
B,BT12,BT,a,a,AA,f,6,7,15,B_BT_BT12
B,BT12,BT,a,a,AA,f,7,9,15,B_BT_BT12
B,BT12,BT,a,a,AA,f,8,3,15,B_BT_BT12
B,BT12,BT,a,a,AA,f,9,3,15,B_BT_BT12
B,BT12,BT,a,a,AA,f,10,2,15,B_BT_BT12
B,BT12,BT,a,a,AA,f,11,0,15,B_BT_BT12
B,BT12,BT,a,a,AA,f,12,1,15,B_BT_BT12
B,BT12,BT,a,a,AA,f,13,0,15,B_BT_BT12
B,BT12,BT,a,a,AA,f,14,0,15,B_BT_BT12
B,BT12,BT,a,a,AA,f,15,0,15,B_BT_BT12
B,BW12,BW,a,a,AA,f,1,11,15,B_BW_BW12
B,BW12,BW,a,a,AA,f,2,9,15,B_BW_BW12
B,BW12,BW,a,a,AA,f,3,12,15,B_BW_BW12
B,BW12,BW,a,a,AA,f,4,12,15,B_BW_BW12
B,BW12,BW,a,a,AA,f,5,9,15,B_BW_BW12
B,BW12,BW,a,a,AA,f,6,5,15,B_BW_BW12
B,BW12,BW,a,a,AA,f,7,9,15,B_BW_BW12
B,BW12,BW,a,a,AA,f,8,2,15,B_BW_BW12
B,BW12,BW,a,a,AA,f,9,2,15,B_BW_BW12
B,BW12,BW,a,a,AA,f,10,0,15,B_BW_BW12
B,BW12,BW,a,a,AA,f,11,0,15,B_BW_BW12
B,BW12,BW,a,a,AA,f,12,0,15,B_BW_BW12
B,BW12,BW,a,a,AA,f,13,0,15,B_BW_BW12
B,BW12,BW,a,a,AA,f,14,0,15,B_BW_BW12
B,BW12,BW,a,a,AA,f,15,0,15,B_BW_BW12
C,C?6,Cpi,a,a,AA,f,1,18,15,C_Cpi_C?6
C,C?6,Cpi,a,a,AA,f,2,10,15,C_Cpi_C?6
C,C?6,Cpi,a,a,AA,f,3,10,15,C_Cpi_C?6
C,C?6,Cpi,a,a,AA,f,4,9,15,C_Cpi_C?6
C,C?6,Cpi,a,a,AA,f,5,13,15,C_Cpi_C?6
C,C?6,Cpi,a,a,AA,f,6,8,15,C_Cpi_C?6
C,C?6,Cpi,a,a,AA,f,7,7,15,C_Cpi_C?6
C,C?6,Cpi,a,a,AA,f,8,1,15,C_Cpi_C?6
C,C?6,Cpi,a,a,AA,f,9,1,15,C_Cpi_C?6
C,C?6,Cpi,a,a,AA,f,10,4,15,C_Cpi_C?6
C,C?6,Cpi,a,a,AA,f,11,0,15,C_Cpi_C?6
C,C?6,Cpi,a,a,AA,f,12,0,15,C_Cpi_C?6
C,C?6,Cpi,a,a,AA,f,13,0,15,C_Cpi_C?6
C,C?6,Cpi,a,a,AA,f,14,0,15,C_Cpi_C?6
C,CI3,CI,a,a,AA,f,1,22,15,C_CI_CI3
C,CI3,CI,a,a,AA,f,2,14,15,C_CI_CI3
C,CI3,CI,a,a,AA,f,3,14,15,C_CI_CI3
C,CI3,CI,a,a,AA,f,4,11,15,C_CI_CI3
C,CI3,CI,a,a,AA,f,5,9,15,C_CI_CI3
C,CI3,CI,a,a,AA,f,6,10,15,C_CI_CI3
C,CI3,CI,a,a,AA,f,7,7,15,C_CI_CI3
C,CI3,CI,a,a,AA,f,8,3,15,C_CI_CI3
C,CI3,CI,a,a,AA,f,9,1,15,C_CI_CI3
C,CI3,CI,a,a,AA,f,10,0,15,C_CI_CI3
C,CI3,CI,a,a,AA,f,11,0,15,C_CI_CI3
C,CI3,CI,a,a,AA,f,12,1,15,C_CI_CI3
C,CI3,CI,a,a,AA,f,13,0,15,C_CI_CI3
C,CI3,CI,a,a,AA,f,14,0,15,C_CI_CI3
C,CI3,CI,a,a,AA,f,15,0,15,C_CI_CI3
C,CP15,CP,a,a,AA,f,1,23,15,C_CP_CP15
C,CP15,CP,a,a,AA,f,2,13,15,C_CP_CP15
C,CP15,CP,a,a,AA,f,3,12,15,C_CP_CP15
C,CP15,CP,a,a,AA,f,4,7,15,C_CP_CP15
C,CP15,CP,a,a,AA,f,5,3,15,C_CP_CP15
C,CP15,CP,a,a,AA,f,6,3,15,C_CP_CP15
C,CP15,CP,a,a,AA,f,7,11,15,C_CP_CP15
C,CP15,CP,a,a,AA,f,8,3,15,C_CP_CP15
C,CP15,CP,a,a,AA,f,9,5,15,C_CP_CP15
C,CP15,CP,a,a,AA,f,10,3,15,C_CP_CP15
C,CP15,CP,a,a,AA,f,11,0,15,C_CP_CP15
C,CP15,CP,a,a,AA,f,12,0,15,C_CP_CP15
C,CP15,CP,a,a,AA,f,13,0,15,C_CP_CP15
C,CP15,CP,a,a,AA,f,14,0,15,C_CP_CP15
C,CP15,CP,a,a,AA,f,15,0,15,C_CP_CP15
C,CP3,CP,a,a,AA,f,1,13,15,C_CP_CP3
C,CP3,CP,a,a,AA,f,2,10,15,C_CP_CP3
C,CP3,CP,a,a,AA,f,3,0,15,C_CP_CP3
C,CP3,CP,a,a,AA,f,4,0,15,C_CP_CP3
C,CP3,CP,a,a,AA,f,5,2,15,C_CP_CP3
C,CP3,CP,a,a,AA,f,6,6,15,C_CP_CP3
C,CP3,CP,a,a,AA,f,7,1,15,C_CP_CP3
C,CP3,CP,a,a,AA,f,8,15,15,C_CP_CP3
C,CP3,CP,a,a,AA,f,9,22,15,C_CP_CP3
C,CP3,CP,a,a,AA,f,10,7,15,C_CP_CP3
C,CP3,CP,a,a,AA,f,11,2,15,C_CP_CP3
C,CP3,CP,a,a,AA,f,12,2,15,C_CP_CP3
C,CP3,CP,a,a,AA,f,13,1,15,C_CP_CP3
C,CP3,CP,a,a,AA,f,14,0,15,C_CP_CP3
C,CP3,CP,a,a,AA,f,15,0,15,C_CP_CP3
C,CQ24,CQ,a,a,AA,f,1,19,15,C_CQ_CQ24
C,CQ24,CQ,a,a,AA,f,2,12,15,C_CQ_CQ24
C,CQ24,CQ,a,a,AA,f,3,14,15,C_CQ_CQ24
C,CQ24,CQ,a,a,AA,f,5,12,15,C_CQ_CQ24
C,CQ24,CQ,a,a,AA,f,6,9,15,C_CQ_CQ24
C,CQ24,CQ,a,a,AA,f,7,7,15,C_CQ_CQ24
C,CQ24,CQ,a,a,AA,f,8,9,15,C_CQ_CQ24
C,CQ24,CQ,a,a,AA,f,9,5,15,C_CQ_CQ24
C,CQ24,CQ,a,a,AA,f,10,5,15,C_CQ_CQ24
C,CQ24,CQ,a,a,AA,f,11,3,15,C_CQ_CQ24
C,CQ24,CQ,a,a,AA,f,12,0,15,C_CQ_CQ24
C,CQ24,CQ,a,a,AA,f,13,3,15,C_CQ_CQ24
C,CQ24,CQ,a,a,AA,f,14,0,15,C_CQ_CQ24
C,CQ24,CQ,a,a,AA,f,15,0,15,C_CQ_CQ24
C,CT18,CT,a,a,AA,f,1,13,15,C_CT_CT18
C,CT18,CT,a,a,AA,f,2,14,15,C_CT_CT18
C,CT18,CT,a,a,AA,f,3,9,15,C_CT_CT18
C,CT18,CT,a,a,AA,f,4,9,15,C_CT_CT18
C,CT18,CT,a,a,AA,f,5,12,15,C_CT_CT18
C,CT18,CT,a,a,AA,f,6,3,15,C_CT_CT18
C,CT18,CT,a,a,AA,f,7,5,15,C_CT_CT18
C,CT18,CT,a,a,AA,f,8,8,15,C_CT_CT18
C,CT18,CT,a,a,AA,f,9,6,15,C_CT_CT18
C,CT18,CT,a,a,AA,f,10,5,15,C_CT_CT18
C,CT18,CT,a,a,AA,f,11,4,15,C_CT_CT18
C,CT18,CT,a,a,AA,f,12,1,15,C_CT_CT18
C,CT18,CT,a,a,AA,f,13,1,15,C_CT_CT18
C,CT18,CT,a,a,AA,f,14,0,15,C_CT_CT18
C,CT18,CT,a,a,AA,f,15,0,15,C_CT_CT18
C,CT24,CT,a,a,AA,f,1,10,15,C_CT_CT24
C,CT24,CT,a,a,AA,f,2,10,15,C_CT_CT24
C,CT24,CT,a,a,AA,f,3,12,15,C_CT_CT24
C,CT24,CT,a,a,AA,f,4,10,15,C_CT_CT24
C,CT24,CT,a,a,AA,f,5,11,15,C_CT_CT24
C,CT24,CT,a,a,AA,f,6,9,15,C_CT_CT24
C,CT24,CT,a,a,AA,f,7,8,15,C_CT_CT24
C,CT24,CT,a,a,AA,f,8,7,15,C_CT_CT24
C,CT24,CT,a,a,AA,f,9,4,15,C_CT_CT24
C,CT24,CT,a,a,AA,f,10,4,15,C_CT_CT24
C,CT24,CT,a,a,AA,f,11,1,15,C_CT_CT24
C,CT24,CT,a,a,AA,f,12,1,15,C_CT_CT24
C,CT24,CT,a,a,AA,f,13,0,15,C_CT_CT24
C,CT24,CT,a,a,AA,f,14,0,15,C_CT_CT24
C,CT24,CT,a,a,AA,f,15,0,15,C_CT_CT24
C,CU15,CU,a,a,AA,f,1,20,15,C_CU_CU15
C,CU15,CU,a,a,AA,f,2,17,15,C_CU_CU15
C,CU15,CU,a,a,AA,f,3,14,15,C_CU_CU15
C,CU15,CU,a,a,AA,f,4,7,15,C_CU_CU15
C,CU15,CU,a,a,AA,f,5,17,15,C_CU_CU15
C,CU15,CU,a,a,AA,f,6,13,15,C_CU_CU15
C,CU15,CU,a,a,AA,f,7,10,15,C_CU_CU15
C,CU15,CU,a,a,AA,f,8,3,15,C_CU_CU15
C,CU15,CU,a,a,AA,f,9,4,15,C_CU_CU15
C,CU15,CU,a,a,AA,f,10,4,15,C_CU_CU15
C,CU15,CU,a,a,AA,f,11,1,15,C_CU_CU15
C,CU15,CU,a,a,AA,f,12,1,15,C_CU_CU15
C,CU15,CU,a,a,AA,f,13,0,15,C_CU_CU15
C,CU15,CU,a,a,AA,f,14,0,15,C_CU_CU15
C,CU15,CU,a,a,AA,f,15,0,15,C_CU_CU15
C,CU18,CU,a,a,AA,f,1,11,15,C_CU_CU18
C,CU18,CU,a,a,AA,f,2,13,15,C_CU_CU18
C,CU18,CU,a,a,AA,f,3,12,15,C_CU_CU18
C,CU18,CU,a,a,AA,f,4,12,15,C_CU_CU18
C,CU18,CU,a,a,AA,f,5,11,15,C_CU_CU18
C,CU18,CU,a,a,AA,f,6,8,15,C_CU_CU18
C,CU18,CU,a,a,AA,f,7,7,15,C_CU_CU18
C,CU18,CU,a,a,AA,f,8,6,15,C_CU_CU18
C,CU18,CU,a,a,AA,f,9,4,15,C_CU_CU18
C,CU18,CU,a,a,AA,f,10,5,15,C_CU_CU18
C,CU18,CU,a,a,AA,f,11,1,15,C_CU_CU18
C,CU18,CU,a,a,AA,f,12,0,15,C_CU_CU18
C,CU18,CU,a,a,AA,f,13,0,15,C_CU_CU18
C,CU18,CU,a,a,AA,f,14,0,15,C_CU_CU18
C,CU18,CU,a,a,AA,f,15,0,15,C_CU_CU18
B,B©3,Bbox,a,a,AA,f,1,14,16,B_Bbox_B©3
B,B©3,Bbox,a,a,AA,f,2,10,16,B_Bbox_B©3
B,B©3,Bbox,a,a,AA,f,3,11,16,B_Bbox_B©3
B,B©3,Bbox,a,a,AA,f,4,14,16,B_Bbox_B©3
B,B©3,Bbox,a,a,AA,f,5,14,16,B_Bbox_B©3
B,B©3,Bbox,a,a,AA,f,6,6,16,B_Bbox_B©3
B,B©3,Bbox,a,a,AA,f,7,5,16,B_Bbox_B©3
B,B©3,Bbox,a,a,AA,f,8,3,16,B_Bbox_B©3
B,B©3,Bbox,a,a,AA,f,9,4,16,B_Bbox_B©3
B,B©3,Bbox,a,a,AA,f,10,5,16,B_Bbox_B©3
B,B©3,Bbox,a,a,AA,f,11,0,16,B_Bbox_B©3
B,B©3,Bbox,a,a,AA,f,12,1,16,B_Bbox_B©3
B,B©3,Bbox,a,a,AA,f,13,1,16,B_Bbox_B©3
B,B©3,Bbox,a,a,AA,f,14,1,16,B_Bbox_B©3
B,B©3,Bbox,a,a,AA,f,15,1,16,B_Bbox_B©3
B,B©3,Bbox,a,a,AA,f,16,0,16,B_Bbox_B©3
B,BK21,BK,a,a,AA,f,1,7,16,B_BK_BK21
B,BK21,BK,a,a,AA,f,2,11,16,B_BK_BK21
B,BK21,BK,a,a,AA,f,3,7,16,B_BK_BK21
B,BK21,BK,a,a,AA,f,4,11,16,B_BK_BK21
B,BK21,BK,a,a,AA,f,5,11,16,B_BK_BK21
B,BK21,BK,a,a,AA,f,6,9,16,B_BK_BK21
B,BK21,BK,a,a,AA,f,7,7,16,B_BK_BK21
B,BK21,BK,a,a,AA,f,8,2,16,B_BK_BK21
B,BK21,BK,a,a,AA,f,9,5,16,B_BK_BK21
B,BK21,BK,a,a,AA,f,10,4,16,B_BK_BK21
B,BK21,BK,a,a,AA,f,11,4,16,B_BK_BK21
B,BK21,BK,a,a,AA,f,12,2,16,B_BK_BK21
B,BK21,BK,a,a,AA,f,13,0,16,B_BK_BK21
B,BK21,BK,a,a,AA,f,14,3,16,B_BK_BK21
B,BK21,BK,a,a,AA,f,15,0,16,B_BK_BK21
B,BK21,BK,a,a,AA,f,16,0,16,B_BK_BK21
B,BM7,BM,h,a,HA,f,1,14,16,B_BM_BM7
B,BM7,BM,h,a,HA,f,2,12,16,B_BM_BM7
B,BM7,BM,h,a,HA,f,3,3,16,B_BM_BM7
B,BM7,BM,h,a,HA,f,4,0,16,B_BM_BM7
B,BM7,BM,h,a,HA,f,5,0,16,B_BM_BM7
B,BM7,BM,h,a,HA,f,6,0,16,B_BM_BM7
B,BM7,BM,h,a,HA,f,7,1,16,B_BM_BM7
B,BM7,BM,h,a,HA,f,8,1,16,B_BM_BM7
B,BM7,BM,h,a,HA,f,9,1,16,B_BM_BM7
B,BM7,BM,h,a,HA,f,10,1,16,B_BM_BM7
B,BM7,BM,h,a,HA,f,11,5,16,B_BM_BM7
B,BM7,BM,h,a,HA,f,12,3,16,B_BM_BM7
B,BM7,BM,h,a,HA,f,13,2,16,B_BM_BM7
B,BM7,BM,h,a,HA,f,14,0,16,B_BM_BM7
B,BM7,BM,h,a,HA,f,15,0,16,B_BM_BM7
B,BM7,BM,h,a,HA,f,16,0,16,B_BM_BM7
B,BO27,BO,a,a,AA,f,1,0,16,B_BO_BO27
B,BO27,BO,a,a,AA,f,2,0,16,B_BO_BO27
B,BO27,BO,a,a,AA,f,3,0,16,B_BO_BO27
B,BO27,BO,a,a,AA,f,4,0,16,B_BO_BO27
B,BO27,BO,a,a,AA,f,5,0,16,B_BO_BO27
B,BO27,BO,a,a,AA,f,6,0,16,B_BO_BO27
B,BO27,BO,a,a,AA,f,7,1,16,B_BO_BO27
B,BO27,BO,a,a,AA,f,8,21,16,B_BO_BO27
B,BO27,BO,a,a,AA,f,9,19,16,B_BO_BO27
B,BO27,BO,a,a,AA,f,10,9,16,B_BO_BO27
B,BO27,BO,a,a,AA,f,11,5,16,B_BO_BO27
B,BO27,BO,a,a,AA,f,12,4,16,B_BO_BO27
B,BO27,BO,a,a,AA,f,13,0,16,B_BO_BO27
B,BO27,BO,a,a,AA,f,14,0,16,B_BO_BO27
B,BO27,BO,a,a,AA,f,15,1,16,B_BO_BO27
B,BO27,BO,a,a,AA,f,16,0,16,B_BO_BO27
B,BS6,BS,a,a,AA,f,1,6,16,B_BS_BS6
B,BS6,BS,a,a,AA,f,2,10,16,B_BS_BS6
B,BS6,BS,a,a,AA,f,3,12,16,B_BS_BS6
B,BS6,BS,a,a,AA,f,4,12,16,B_BS_BS6
B,BS6,BS,a,a,AA,f,5,7,16,B_BS_BS6
B,BS6,BS,a,a,AA,f,6,11,16,B_BS_BS6
B,BS6,BS,a,a,AA,f,7,6,16,B_BS_BS6
B,BS6,BS,a,a,AA,f,8,5,16,B_BS_BS6
B,BS6,BS,a,a,AA,f,9,8,16,B_BS_BS6
B,BS6,BS,a,a,AA,f,10,2,16,B_BS_BS6
B,BS6,BS,a,a,AA,f,11,1,16,B_BS_BS6
B,BS6,BS,a,a,AA,f,12,0,16,B_BS_BS6
B,BS6,BS,a,a,AA,f,13,0,16,B_BS_BS6
B,BS6,BS,a,a,AA,f,14,0,16,B_BS_BS6
B,BS6,BS,a,a,AA,f,15,0,16,B_BS_BS6
B,BS6,BS,a,a,AA,f,16,0,16,B_BS_BS6
B,BS9,BS,a,a,AA,f,1,10,16,B_BS_BS9
B,BS9,BS,a,a,AA,f,2,12,16,B_BS_BS9
B,BS9,BS,a,a,AA,f,3,0,16,B_BS_BS9
B,BS9,BS,a,a,AA,f,4,0,16,B_BS_BS9
B,BS9,BS,a,a,AA,f,5,0,16,B_BS_BS9
B,BS9,BS,a,a,AA,f,6,18,16,B_BS_BS9
B,BS9,BS,a,a,AA,f,7,8,16,B_BS_BS9
B,BS9,BS,a,a,AA,f,8,9,16,B_BS_BS9
B,BS9,BS,a,a,AA,f,9,5,16,B_BS_BS9
B,BS9,BS,a,a,AA,f,10,3,16,B_BS_BS9
B,BS9,BS,a,a,AA,f,11,0,16,B_BS_BS9
B,BS9,BS,a,a,AA,f,12,1,16,B_BS_BS9
B,BS9,BS,a,a,AA,f,13,2,16,B_BS_BS9
B,BS9,BS,a,a,AA,f,14,0,16,B_BS_BS9
B,BS9,BS,a,a,AA,f,15,0,16,B_BS_BS9
B,BS9,BS,a,a,AA,f,16,0,16,B_BS_BS9
B,BU15,BU,a,a,AA,f,1,1,16,B_BU_BU15
B,BU15,BU,a,a,AA,f,2,9,16,B_BU_BU15
B,BU15,BU,a,a,AA,f,3,11,16,B_BU_BU15
B,BU15,BU,a,a,AA,f,4,11,16,B_BU_BU15
B,BU15,BU,a,a,AA,f,5,8,16,B_BU_BU15
B,BU15,BU,a,a,AA,f,6,3,16,B_BU_BU15
B,BU15,BU,a,a,AA,f,7,10,16,B_BU_BU15
B,BU15,BU,a,a,AA,f,8,1,16,B_BU_BU15
B,BU15,BU,a,a,AA,f,9,3,16,B_BU_BU15
B,BU15,BU,a,a,AA,f,10,2,16,B_BU_BU15
B,BU15,BU,a,a,AA,f,11,2,16,B_BU_BU15
B,BU15,BU,a,a,AA,f,12,0,16,B_BU_BU15
B,BU15,BU,a,a,AA,f,13,0,16,B_BU_BU15
B,BU15,BU,a,a,AA,f,14,0,16,B_BU_BU15
B,BU15,BU,a,a,AA,f,15,1,16,B_BU_BU15
B,BU15,BU,a,a,AA,f,16,0,16,B_BU_BU15
B,BU9,BU,a,a,AA,f,1,4,16,B_BU_BU9
B,BU9,BU,a,a,AA,f,2,11,16,B_BU_BU9
B,BU9,BU,a,a,AA,f,3,11,16,B_BU_BU9
B,BU9,BU,a,a,AA,f,4,11,16,B_BU_BU9
B,BU9,BU,a,a,AA,f,5,9,16,B_BU_BU9
B,BU9,BU,a,a,AA,f,6,11,16,B_BU_BU9
B,BU9,BU,a,a,AA,f,7,9,16,B_BU_BU9
B,BU9,BU,a,a,AA,f,8,5,16,B_BU_BU9
B,BU9,BU,a,a,AA,f,9,3,16,B_BU_BU9
B,BU9,BU,a,a,AA,f,10,1,16,B_BU_BU9
B,BU9,BU,a,a,AA,f,11,3,16,B_BU_BU9
B,BU9,BU,a,a,AA,f,12,2,16,B_BU_BU9
B,BU9,BU,a,a,AA,f,13,0,16,B_BU_BU9
B,BU9,BU,a,a,AA,f,14,0,16,B_BU_BU9
B,BU9,BU,a,a,AA,f,15,0,16,B_BU_BU9
B,BU9,BU,a,a,AA,f,16,0,16,B_BU_BU9
B,BV15,BV,a,a,AA,f,1,10,16,B_BV_BV15
B,BV15,BV,a,a,AA,f,2,10,16,B_BV_BV15
B,BV15,BV,a,a,AA,f,3,15,16,B_BV_BV15
B,BV15,BV,a,a,AA,f,4,12,16,B_BV_BV15
B,BV15,BV,a,a,AA,f,5,9,16,B_BV_BV15
B,BV15,BV,a,a,AA,f,6,8,16,B_BV_BV15
B,BV15,BV,a,a,AA,f,7,7,16,B_BV_BV15
B,BV15,BV,a,a,AA,f,8,1,16,B_BV_BV15
B,BV15,BV,a,a,AA,f,9,5,16,B_BV_BV15
B,BV15,BV,a,a,AA,f,10,3,16,B_BV_BV15
B,BV15,BV,a,a,AA,f,11,0,16,B_BV_BV15
B,BV15,BV,a,a,AA,f,12,1,16,B_BV_BV15
B,BV15,BV,a,a,AA,f,13,0,16,B_BV_BV15
B,BV15,BV,a,a,AA,f,14,0,16,B_BV_BV15
B,BV15,BV,a,a,AA,f,15,0,16,B_BV_BV15
B,BW28,BW,h,a,HA,f,1,12,16,B_BW_BW28
B,BW28,BW,h,a,HA,f,2,0,16,B_BW_BW28
B,BW28,BW,h,a,HA,f,3,0,16,B_BW_BW28
B,BW28,BW,h,a,HA,f,4,0,16,B_BW_BW28
B,BW28,BW,h,a,HA,f,5,0,16,B_BW_BW28
B,BW28,BW,h,a,HA,f,6,2,16,B_BW_BW28
B,BW28,BW,h,a,HA,f,7,2,16,B_BW_BW28
B,BW28,BW,h,a,HA,f,8,2,16,B_BW_BW28
B,BW28,BW,h,a,HA,f,9,2,16,B_BW_BW28
B,BW28,BW,h,a,HA,f,10,1,16,B_BW_BW28
B,BW28,BW,h,a,HA,f,11,0,16,B_BW_BW28
B,BW28,BW,h,a,HA,f,12,2,16,B_BW_BW28
B,BW28,BW,h,a,HA,f,13,0,16,B_BW_BW28
B,BW28,BW,h,a,HA,f,14,0,16,B_BW_BW28
B,BW28,BW,h,a,HA,f,15,0,16,B_BW_BW28
B,BW28,BW,h,a,HA,f,16,0,16,B_BW_BW28
B,BX5,BX,h,a,HA,f,1,12,16,B_BX_BX5
B,BX5,BX,h,a,HA,f,2,1,16,B_BX_BX5
B,BX5,BX,h,a,HA,f,3,1,16,B_BX_BX5
B,BX5,BX,h,a,HA,f,4,25,16,B_BX_BX5
B,BX5,BX,h,a,HA,f,5,6,16,B_BX_BX5
B,BX5,BX,h,a,HA,f,6,7,16,B_BX_BX5
B,BX5,BX,h,a,HA,f,7,1,16,B_BX_BX5
B,BX5,BX,h,a,HA,f,8,1,16,B_BX_BX5
B,BX5,BX,h,a,HA,f,9,1,16,B_BX_BX5
B,BX5,BX,h,a,HA,f,10,0,16,B_BX_BX5
B,BX5,BX,h,a,HA,f,11,0,16,B_BX_BX5
B,BX5,BX,h,a,HA,f,12,0,16,B_BX_BX5
B,BX5,BX,h,a,HA,f,13,0,16,B_BX_BX5
B,BX5,BX,h,a,HA,f,14,0,16,B_BX_BX5
B,BX5,BX,h,a,HA,f,15,0,16,B_BX_BX5
B,BX5,BX,h,a,HA,f,16,0,16,B_BX_BX5
C,C?15,Cpi,a,a,AA,f,1,30,16,C_Cpi_C?15
C,C?15,Cpi,a,a,AA,f,2,14,16,C_Cpi_C?15
C,C?15,Cpi,a,a,AA,f,3,13,16,C_Cpi_C?15
C,C?15,Cpi,a,a,AA,f,4,9,16,C_Cpi_C?15
C,C?15,Cpi,a,a,AA,f,5,9,16,C_Cpi_C?15
C,C?15,Cpi,a,a,AA,f,6,8,16,C_Cpi_C?15
C,C?15,Cpi,a,a,AA,f,7,6,16,C_Cpi_C?15
C,C?15,Cpi,a,a,AA,f,8,3,16,C_Cpi_C?15
C,C?15,Cpi,a,a,AA,f,9,6,16,C_Cpi_C?15
C,C?15,Cpi,a,a,AA,f,10,4,16,C_Cpi_C?15
C,C?15,Cpi,a,a,AA,f,11,1,16,C_Cpi_C?15
C,C?15,Cpi,a,a,AA,f,12,0,16,C_Cpi_C?15
C,C?15,Cpi,a,a,AA,f,13,0,16,C_Cpi_C?15
C,C?15,Cpi,a,a,AA,f,14,0,16,C_Cpi_C?15
C,C?15,Cpi,a,a,AA,f,15,0,16,C_Cpi_C?15
C,CD18,CD,a,a,AA,f,1,22,16,C_CD_CD18
C,CD18,CD,a,a,AA,f,2,15,16,C_CD_CD18
C,CD18,CD,a,a,AA,f,3,11,16,C_CD_CD18
C,CD18,CD,a,a,AA,f,4,12,16,C_CD_CD18
C,CD18,CD,a,a,AA,f,5,5,16,C_CD_CD18
C,CD18,CD,a,a,AA,f,6,7,16,C_CD_CD18
C,CD18,CD,a,a,AA,f,7,3,16,C_CD_CD18
C,CD18,CD,a,a,AA,f,8,4,16,C_CD_CD18
C,CD18,CD,a,a,AA,f,9,1,16,C_CD_CD18
C,CD18,CD,a,a,AA,f,10,2,16,C_CD_CD18
C,CD18,CD,a,a,AA,f,11,0,16,C_CD_CD18
C,CD18,CD,a,a,AA,f,12,2,16,C_CD_CD18
C,CD18,CD,a,a,AA,f,13,0,16,C_CD_CD18
C,CD18,CD,a,a,AA,f,14,0,16,C_CD_CD18
C,CD18,CD,a,a,AA,f,15,0,16,C_CD_CD18
C,CD6,CD,a,a,AA,f,1,34,16,C_CD_CD6
C,CD6,CD,a,a,AA,f,2,15,16,C_CD_CD6
C,CD6,CD,a,a,AA,f,3,13,16,C_CD_CD6
C,CD6,CD,a,a,AA,f,4,13,16,C_CD_CD6
C,CD6,CD,a,a,AA,f,5,9,16,C_CD_CD6
C,CD6,CD,a,a,AA,f,6,10,16,C_CD_CD6
C,CD6,CD,a,a,AA,f,7,5,16,C_CD_CD6
C,CD6,CD,a,a,AA,f,8,6,16,C_CD_CD6
C,CD6,CD,a,a,AA,f,9,2,16,C_CD_CD6
C,CD6,CD,a,a,AA,f,10,3,16,C_CD_CD6
C,CD6,CD,a,a,AA,f,11,1,16,C_CD_CD6
C,CD6,CD,a,a,AA,f,12,1,16,C_CD_CD6
C,CD6,CD,a,a,AA,f,13,1,16,C_CD_CD6
C,CD6,CD,a,a,AA,f,14,0,16,C_CD_CD6
C,CD6,CD,a,a,AA,f,15,0,16,C_CD_CD6
C,CH25,CH,h,a,HA,f,1,0,16,C_CH_CH25
C,CH25,CH,h,a,HA,f,2,0,16,C_CH_CH25
C,CH25,CH,h,a,HA,f,3,0,16,C_CH_CH25
C,CH25,CH,h,a,HA,f,4,0,16,C_CH_CH25
C,CH25,CH,h,a,HA,f,5,0,16,C_CH_CH25
C,CH25,CH,h,a,HA,f,6,0,16,C_CH_CH25
C,CH25,CH,h,a,HA,f,7,0,16,C_CH_CH25
C,CH25,CH,h,a,HA,f,8,0,16,C_CH_CH25
C,CH25,CH,h,a,HA,f,9,0,16,C_CH_CH25
C,CH25,CH,h,a,HA,f,10,0,16,C_CH_CH25
C,CH25,CH,h,a,HA,f,11,0,16,C_CH_CH25
C,CH25,CH,h,a,HA,f,12,0,16,C_CH_CH25
C,CH25,CH,h,a,HA,f,13,0,16,C_CH_CH25
C,CH25,CH,h,a,HA,f,14,0,16,C_CH_CH25
C,CH25,CH,h,a,HA,f,15,0,16,C_CH_CH25
C,CH25,CH,h,a,HA,f,16,0,16,C_CH_CH25
C,CP11,CP,h,a,HA,f,1,11,16,C_CP_CP11
C,CP11,CP,h,a,HA,f,2,0,16,C_CP_CP11
C,CP11,CP,h,a,HA,f,3,0,16,C_CP_CP11
C,CP11,CP,h,a,HA,f,4,0,16,C_CP_CP11
C,CP11,CP,h,a,HA,f,5,0,16,C_CP_CP11
C,CP11,CP,h,a,HA,f,6,0,16,C_CP_CP11
C,CP11,CP,h,a,HA,f,7,1,16,C_CP_CP11
C,CP11,CP,h,a,HA,f,8,0,16,C_CP_CP11
C,CP11,CP,h,a,HA,f,9,0,16,C_CP_CP11
C,CP11,CP,h,a,HA,f,10,4,16,C_CP_CP11
C,CP11,CP,h,a,HA,f,11,1,16,C_CP_CP11
C,CP11,CP,h,a,HA,f,12,4,16,C_CP_CP11
C,CP11,CP,h,a,HA,f,13,0,16,C_CP_CP11
C,CP11,CP,h,a,HA,f,14,0,16,C_CP_CP11
C,CP11,CP,h,a,HA,f,15,4,16,C_CP_CP11
C,CP11,CP,h,a,HA,f,16,0,16,C_CP_CP11
C,CQ27,CQ,a,a,AA,f,1,15,16,C_CQ_CQ27
C,CQ27,CQ,a,a,AA,f,2,8,16,C_CQ_CQ27
C,CQ27,CQ,a,a,AA,f,3,0,16,C_CQ_CQ27
C,CQ27,CQ,a,a,AA,f,4,10,16,C_CQ_CQ27
C,CQ27,CQ,a,a,AA,f,5,0,16,C_CQ_CQ27
C,CQ27,CQ,a,a,AA,f,6,0,16,C_CQ_CQ27
C,CQ27,CQ,a,a,AA,f,7,0,16,C_CQ_CQ27
C,CQ27,CQ,a,a,AA,f,8,5,16,C_CQ_CQ27
C,CQ27,CQ,a,a,AA,f,9,2,16,C_CQ_CQ27
C,CQ27,CQ,a,a,AA,f,10,0,16,C_CQ_CQ27
C,CQ27,CQ,a,a,AA,f,11,6,16,C_CQ_CQ27
C,CQ27,CQ,a,a,AA,f,12,4,16,C_CQ_CQ27
C,CQ27,CQ,a,a,AA,f,13,6,16,C_CQ_CQ27
C,CQ27,CQ,a,a,AA,f,14,0,16,C_CQ_CQ27
C,CQ27,CQ,a,a,AA,f,15,7,16,C_CQ_CQ27
C,CQ27,CQ,a,a,AA,f,16,3,16,C_CQ_CQ27
C,CS27,CS,a,a,AA,f,1,5,16,C_CS_CS27
C,CS27,CS,a,a,AA,f,2,0,16,C_CS_CS27
C,CS27,CS,a,a,AA,f,3,0,16,C_CS_CS27
C,CS27,CS,a,a,AA,f,4,1,16,C_CS_CS27
C,CS27,CS,a,a,AA,f,5,0,16,C_CS_CS27
C,CS27,CS,a,a,AA,f,6,0,16,C_CS_CS27
C,CS27,CS,a,a,AA,f,7,0,16,C_CS_CS27
C,CS27,CS,a,a,AA,f,8,20,16,C_CS_CS27
C,CS27,CS,a,a,AA,f,9,3,16,C_CS_CS27
C,CS27,CS,a,a,AA,f,10,0,16,C_CS_CS27
C,CS27,CS,a,a,AA,f,11,0,16,C_CS_CS27
C,CS27,CS,a,a,AA,f,12,7,16,C_CS_CS27
C,CS27,CS,a,a,AA,f,13,4,16,C_CS_CS27
C,CS27,CS,a,a,AA,f,14,3,16,C_CS_CS27
C,CS27,CS,a,a,AA,f,15,0,16,C_CS_CS27
C,CT12,CT,a,a,AA,f,1,11,16,C_CT_CT12
C,CT12,CT,a,a,AA,f,2,12,16,C_CT_CT12
C,CT12,CT,a,a,AA,f,3,14,16,C_CT_CT12
C,CT12,CT,a,a,AA,f,4,1,16,C_CT_CT12
C,CT12,CT,a,a,AA,f,5,0,16,C_CT_CT12
C,CT12,CT,a,a,AA,f,6,1,16,C_CT_CT12
C,CT12,CT,a,a,AA,f,7,14,16,C_CT_CT12
C,CT12,CT,a,a,AA,f,8,16,16,C_CT_CT12
C,CT12,CT,a,a,AA,f,9,5,16,C_CT_CT12
C,CT12,CT,a,a,AA,f,10,4,16,C_CT_CT12
C,CT12,CT,a,a,AA,f,11,2,16,C_CT_CT12
C,CT12,CT,a,a,AA,f,12,2,16,C_CT_CT12
C,CT12,CT,a,a,AA,f,13,1,16,C_CT_CT12
C,CT12,CT,a,a,AA,f,14,1,16,C_CT_CT12
C,CT12,CT,a,a,AA,f,15,1,16,C_CT_CT12
C,CT12,CT,a,a,AA,f,16,0,16,C_CT_CT12
C,CU10,CU,h,a,HA,f,1,14,16,C_CU_CU10
C,CU10,CU,h,a,HA,f,2,10,16,C_CU_CU10
C,CU10,CU,h,a,HA,f,3,5,16,C_CU_CU10
C,CU10,CU,h,a,HA,f,4,3,16,C_CU_CU10
C,CU10,CU,h,a,HA,f,5,3,16,C_CU_CU10
C,CU10,CU,h,a,HA,f,6,1,16,C_CU_CU10
C,CU10,CU,h,a,HA,f,7,1,16,C_CU_CU10
C,CU10,CU,h,a,HA,f,8,1,16,C_CU_CU10
C,CU10,CU,h,a,HA,f,9,0,16,C_CU_CU10
C,CU10,CU,h,a,HA,f,10,0,16,C_CU_CU10
C,CU10,CU,h,a,HA,f,11,0,16,C_CU_CU10
C,CU10,CU,h,a,HA,f,12,0,16,C_CU_CU10
C,CU10,CU,h,a,HA,f,13,0,16,C_CU_CU10
C,CU10,CU,h,a,HA,f,14,0,16,C_CU_CU10
C,CU10,CU,h,a,HA,f,15,0,16,C_CU_CU10
C,CU10,CU,h,a,HA,f,16,0,16,C_CU_CU10
C,CW5,CW,h,a,HA,f,1,0,16,C_CW_CW5
C,CW5,CW,h,a,HA,f,2,0,16,C_CW_CW5
C,CW5,CW,h,a,HA,f,3,0,16,C_CW_CW5
C,CW5,CW,h,a,HA,f,4,0,16,C_CW_CW5
C,CW5,CW,h,a,HA,f,5,0,16,C_CW_CW5
C,CW5,CW,h,a,HA,f,6,0,16,C_CW_CW5
C,CW5,CW,h,a,HA,f,7,0,16,C_CW_CW5
C,CW5,CW,h,a,HA,f,8,0,16,C_CW_CW5
C,CW5,CW,h,a,HA,f,9,0,16,C_CW_CW5
C,CW5,CW,h,a,HA,f,10,0,16,C_CW_CW5
C,CW5,CW,h,a,HA,f,11,0,16,C_CW_CW5
C,CW5,CW,h,a,HA,f,12,0,16,C_CW_CW5
C,CW5,CW,h,a,HA,f,13,0,16,C_CW_CW5
C,CW5,CW,h,a,HA,f,14,0,16,C_CW_CW5
C,CW5,CW,h,a,HA,f,15,0,16,C_CW_CW5
C,CW5,CW,h,a,HA,f,16,0,16,C_CW_CW5
C,CY17,CY,h,a,HA,f,1,20,16,C_CY_CY17
C,CY17,CY,h,a,HA,f,2,12,16,C_CY_CY17
C,CY17,CY,h,a,HA,f,3,15,16,C_CY_CY17
C,CY17,CY,h,a,HA,f,4,11,16,C_CY_CY17
C,CY17,CY,h,a,HA,f,5,11,16,C_CY_CY17
C,CY17,CY,h,a,HA,f,6,8,16,C_CY_CY17
C,CY17,CY,h,a,HA,f,7,12,16,C_CY_CY17
C,CY17,CY,h,a,HA,f,8,5,16,C_CY_CY17
C,CY17,CY,h,a,HA,f,9,6,16,C_CY_CY17
C,CY17,CY,h,a,HA,f,10,4,16,C_CY_CY17
C,CY17,CY,h,a,HA,f,11,2,16,C_CY_CY17
C,CY17,CY,h,a,HA,f,12,1,16,C_CY_CY17
C,CY17,CY,h,a,HA,f,13,0,16,C_CY_CY17
C,CY17,CY,h,a,HA,f,14,0,16,C_CY_CY17
C,CY17,CY,h,a,HA,f,15,0,16,C_CY_CY17
A,AC6,AC,h,a,HA,f,1,0,17,A_AC_AC6
A,AC6,AC,h,a,HA,f,2,0,17,A_AC_AC6
A,AC6,AC,h,a,HA,f,3,0,17,A_AC_AC6
A,AC6,AC,h,a,HA,f,4,0,17,A_AC_AC6
A,AC6,AC,h,a,HA,f,5,0,17,A_AC_AC6
A,AC6,AC,h,a,HA,f,6,0,17,A_AC_AC6
A,AC6,AC,h,a,HA,f,7,0,17,A_AC_AC6
A,AC6,AC,h,a,HA,f,8,0,17,A_AC_AC6
A,AC6,AC,h,a,HA,f,9,0,17,A_AC_AC6
A,AC6,AC,h,a,HA,f,10,0,17,A_AC_AC6
A,AC6,AC,h,a,HA,f,11,0,17,A_AC_AC6
A,AC6,AC,h,a,HA,f,12,0,17,A_AC_AC6
A,AC6,AC,h,a,HA,f,13,0,17,A_AC_AC6
A,AC6,AC,h,a,HA,f,14,0,17,A_AC_AC6
A,AC6,AC,h,a,HA,f,15,0,17,A_AC_AC6
A,AC6,AC,h,a,HA,f,16,0,17,A_AC_AC6
A,AC6,AC,h,a,HA,f,17,0,17,A_AC_AC6
A,AP1,AP,h,a,HA,f,1,0,17,A_AP_AP1
A,AP1,AP,h,a,HA,f,2,0,17,A_AP_AP1
A,AP1,AP,h,a,HA,f,3,0,17,A_AP_AP1
A,AP1,AP,h,a,HA,f,4,0,17,A_AP_AP1
A,AP1,AP,h,a,HA,f,5,0,17,A_AP_AP1
A,AP1,AP,h,a,HA,f,6,0,17,A_AP_AP1
A,AP1,AP,h,a,HA,f,7,1,17,A_AP_AP1
A,AP1,AP,h,a,HA,f,8,0,17,A_AP_AP1
A,AP1,AP,h,a,HA,f,9,0,17,A_AP_AP1
A,AP1,AP,h,a,HA,f,10,0,17,A_AP_AP1
A,AP1,AP,h,a,HA,f,11,0,17,A_AP_AP1
A,AP1,AP,h,a,HA,f,12,0,17,A_AP_AP1
A,AP1,AP,h,a,HA,f,13,0,17,A_AP_AP1
A,AP1,AP,h,a,HA,f,14,0,17,A_AP_AP1
A,AP1,AP,h,a,HA,f,15,0,17,A_AP_AP1
A,AP1,AP,h,a,HA,f,16,0,17,A_AP_AP1
A,AP1,AP,h,a,HA,f,17,0,17,A_AP_AP1
B,BH23,BH,h,a,HA,f,1,22,17,B_BH_BH23
B,BH23,BH,h,a,HA,f,2,12,17,B_BH_BH23
B,BH23,BH,h,a,HA,f,3,8,17,B_BH_BH23
B,BH23,BH,h,a,HA,f,4,5,17,B_BH_BH23
B,BH23,BH,h,a,HA,f,5,5,17,B_BH_BH23
B,BH23,BH,h,a,HA,f,6,6,17,B_BH_BH23
B,BH23,BH,h,a,HA,f,7,6,17,B_BH_BH23
B,BH23,BH,h,a,HA,f,8,4,17,B_BH_BH23
B,BH23,BH,h,a,HA,f,9,1,17,B_BH_BH23
B,BH23,BH,h,a,HA,f,10,1,17,B_BH_BH23
B,BH23,BH,h,a,HA,f,11,1,17,B_BH_BH23
B,BH23,BH,h,a,HA,f,12,0,17,B_BH_BH23
B,BH23,BH,h,a,HA,f,13,0,17,B_BH_BH23
B,BH23,BH,h,a,HA,f,14,0,17,B_BH_BH23
B,BH23,BH,h,a,HA,f,15,0,17,B_BH_BH23
B,BH23,BH,h,a,HA,f,16,0,17,B_BH_BH23
B,BH23,BH,h,a,HA,f,17,0,17,B_BH_BH23
B,BR27,BR,a,a,AA,f,1,3,17,B_BR_BR27
B,BR27,BR,a,a,AA,f,2,2,17,B_BR_BR27
B,BR27,BR,a,a,AA,f,3,11,17,B_BR_BR27
B,BR27,BR,a,a,AA,f,4,10,17,B_BR_BR27
B,BR27,BR,a,a,AA,f,5,0,17,B_BR_BR27
B,BR27,BR,a,a,AA,f,6,0,17,B_BR_BR27
B,BR27,BR,a,a,AA,f,7,0,17,B_BR_BR27
B,BR27,BR,a,a,AA,f,8,0,17,B_BR_BR27
B,BR27,BR,a,a,AA,f,9,19,17,B_BR_BR27
B,BR27,BR,a,a,AA,f,10,7,17,B_BR_BR27
B,BR27,BR,a,a,AA,f,11,4,17,B_BR_BR27
B,BR27,BR,a,a,AA,f,12,4,17,B_BR_BR27
B,BR27,BR,a,a,AA,f,13,0,17,B_BR_BR27
B,BR27,BR,a,a,AA,f,14,0,17,B_BR_BR27
B,BR27,BR,a,a,AA,f,15,0,17,B_BR_BR27
B,BR27,BR,a,a,AA,f,16,1,17,B_BR_BR27
B,BR27,BR,a,a,AA,f,17,0,17,B_BR_BR27
B,BX25,BX,h,a,HA,f,1,16,17,B_BX_BX25
B,BX25,BX,h,a,HA,f,2,10,17,B_BX_BX25
B,BX25,BX,h,a,HA,f,3,0,17,B_BX_BX25
B,BX25,BX,h,a,HA,f,4,0,17,B_BX_BX25
B,BX25,BX,h,a,HA,f,5,0,17,B_BX_BX25
B,BX25,BX,h,a,HA,f,6,0,17,B_BX_BX25
B,BX25,BX,h,a,HA,f,7,0,17,B_BX_BX25
B,BX25,BX,h,a,HA,f,8,0,17,B_BX_BX25
B,BX25,BX,h,a,HA,f,9,0,17,B_BX_BX25
B,BX25,BX,h,a,HA,f,10,0,17,B_BX_BX25
B,BX25,BX,h,a,HA,f,11,0,17,B_BX_BX25
B,BX25,BX,h,a,HA,f,12,0,17,B_BX_BX25
B,BX25,BX,h,a,HA,f,13,0,17,B_BX_BX25
B,BX25,BX,h,a,HA,f,14,0,17,B_BX_BX25
B,BX25,BX,h,a,HA,f,15,0,17,B_BX_BX25
B,BX25,BX,h,a,HA,f,16,NA,17,B_BX_BX25
B,BX25,BX,h,a,HA,f,17,1,17,B_BX_BX25
B,BZ28,BZ,h,a,HA,f,1,22,17,B_BZ_BZ28
B,BZ28,BZ,h,a,HA,f,2,2,17,B_BZ_BZ28
B,BZ28,BZ,h,a,HA,f,3,0,17,B_BZ_BZ28
B,BZ28,BZ,h,a,HA,f,4,0,17,B_BZ_BZ28
B,BZ28,BZ,h,a,HA,f,5,0,17,B_BZ_BZ28
B,BZ28,BZ,h,a,HA,f,6,0,17,B_BZ_BZ28
B,BZ28,BZ,h,a,HA,f,7,0,17,B_BZ_BZ28
B,BZ28,BZ,h,a,HA,f,8,0,17,B_BZ_BZ28
B,BZ28,BZ,h,a,HA,f,9,0,17,B_BZ_BZ28
B,BZ28,BZ,h,a,HA,f,10,0,17,B_BZ_BZ28
B,BZ28,BZ,h,a,HA,f,11,0,17,B_BZ_BZ28
B,BZ28,BZ,h,a,HA,f,12,0,17,B_BZ_BZ28
B,BZ28,BZ,h,a,HA,f,13,2,17,B_BZ_BZ28
B,BZ28,BZ,h,a,HA,f,14,0,17,B_BZ_BZ28
B,BZ28,BZ,h,a,HA,f,15,0,17,B_BZ_BZ28
B,BZ28,BZ,h,a,HA,f,16,0,17,B_BZ_BZ28
B,BZ28,BZ,h,a,HA,f,17,0,17,B_BZ_BZ28
C,C?4,Ctr,h,a,HA,f,1,0,17,C_Ctr_C?4
C,C?4,Ctr,h,a,HA,f,2,0,17,C_Ctr_C?4
C,C?4,Ctr,h,a,HA,f,3,0,17,C_Ctr_C?4
C,C?4,Ctr,h,a,HA,f,4,0,17,C_Ctr_C?4
C,C?4,Ctr,h,a,HA,f,5,0,17,C_Ctr_C?4
C,C?4,Ctr,h,a,HA,f,6,1,17,C_Ctr_C?4
C,C?4,Ctr,h,a,HA,f,7,0,17,C_Ctr_C?4
C,C?4,Ctr,h,a,HA,f,8,1,17,C_Ctr_C?4
C,C?4,Ctr,h,a,HA,f,9,0,17,C_Ctr_C?4
C,C?4,Ctr,h,a,HA,f,10,0,17,C_Ctr_C?4
C,C?4,Ctr,h,a,HA,f,11,0,17,C_Ctr_C?4
C,C?4,Ctr,h,a,HA,f,12,0,17,C_Ctr_C?4
C,C?4,Ctr,h,a,HA,f,13,0,17,C_Ctr_C?4
C,C?4,Ctr,h,a,HA,f,14,1,17,C_Ctr_C?4
C,C?4,Ctr,h,a,HA,f,15,0,17,C_Ctr_C?4
C,C?4,Ctr,h,a,HA,f,16,0,17,C_Ctr_C?4
C,C?4,Ctr,h,a,HA,f,17,0,17,C_Ctr_C?4
C,CG14,CG,h,a,HA,f,1,1,17,C_CG_CG14
C,CG14,CG,h,a,HA,f,2,0,17,C_CG_CG14
C,CG14,CG,h,a,HA,f,3,0,17,C_CG_CG14
C,CG14,CG,h,a,HA,f,4,0,17,C_CG_CG14
C,CG14,CG,h,a,HA,f,5,0,17,C_CG_CG14
C,CG14,CG,h,a,HA,f,6,0,17,C_CG_CG14
C,CG14,CG,h,a,HA,f,7,0,17,C_CG_CG14
C,CG14,CG,h,a,HA,f,8,0,17,C_CG_CG14
C,CG14,CG,h,a,HA,f,9,0,17,C_CG_CG14
C,CG14,CG,h,a,HA,f,10,0,17,C_CG_CG14
C,CG14,CG,h,a,HA,f,11,0,17,C_CG_CG14
C,CG14,CG,h,a,HA,f,12,0,17,C_CG_CG14
C,CG14,CG,h,a,HA,f,13,0,17,C_CG_CG14
C,CG14,CG,h,a,HA,f,14,0,17,C_CG_CG14
C,CG14,CG,h,a,HA,f,15,0,17,C_CG_CG14
C,CG14,CG,h,a,HA,f,16,0,17,C_CG_CG14
C,CG14,CG,h,a,HA,f,17,0,17,C_CG_CG14
A,AI3,AI,h,a,HA,f,1,0,18,A_AI_AI3
A,AI3,AI,h,a,HA,f,2,0,18,A_AI_AI3
A,AI3,AI,h,a,HA,f,3,0,18,A_AI_AI3
A,AI3,AI,h,a,HA,f,4,0,18,A_AI_AI3
A,AI3,AI,h,a,HA,f,5,0,18,A_AI_AI3
A,AI3,AI,h,a,HA,f,6,0,18,A_AI_AI3
A,AI3,AI,h,a,HA,f,7,0,18,A_AI_AI3
A,AI3,AI,h,a,HA,f,8,0,18,A_AI_AI3
A,AI3,AI,h,a,HA,f,9,0,18,A_AI_AI3
A,AI3,AI,h,a,HA,f,10,0,18,A_AI_AI3
A,AI3,AI,h,a,HA,f,11,0,18,A_AI_AI3
A,AI3,AI,h,a,HA,f,12,0,18,A_AI_AI3
A,AI3,AI,h,a,HA,f,13,0,18,A_AI_AI3
A,AI3,AI,h,a,HA,f,14,0,18,A_AI_AI3
A,AI3,AI,h,a,HA,f,15,0,18,A_AI_AI3
A,AI3,AI,h,a,HA,f,16,0,18,A_AI_AI3
A,AI3,AI,h,a,HA,f,17,0,18,A_AI_AI3
A,AI3,AI,h,a,HA,f,18,0,18,A_AI_AI3
A,AP12,AP,a,a,AA,f,1,8,18,A_AP_AP12
A,AP12,AP,a,a,AA,f,2,11,18,A_AP_AP12
A,AP12,AP,a,a,AA,f,3,3,18,A_AP_AP12
A,AP12,AP,a,a,AA,f,4,1,18,A_AP_AP12
A,AP12,AP,a,a,AA,f,5,2,18,A_AP_AP12
A,AP12,AP,a,a,AA,f,6,1,18,A_AP_AP12
A,AP12,AP,a,a,AA,f,7,11,18,A_AP_AP12
A,AP12,AP,a,a,AA,f,8,9,18,A_AP_AP12
A,AP12,AP,a,a,AA,f,9,8,18,A_AP_AP12
A,AP12,AP,a,a,AA,f,10,6,18,A_AP_AP12
A,AP12,AP,a,a,AA,f,11,8,18,A_AP_AP12
A,AP12,AP,a,a,AA,f,12,8,18,A_AP_AP12
A,AP12,AP,a,a,AA,f,13,4,18,A_AP_AP12
A,AP12,AP,a,a,AA,f,14,3,18,A_AP_AP12
A,AP12,AP,a,a,AA,f,15,3,18,A_AP_AP12
A,AP12,AP,a,a,AA,f,16,0,18,A_AP_AP12
A,AP12,AP,a,a,AA,f,17,0,18,A_AP_AP12
A,AP12,AP,a,a,AA,f,18,0,18,A_AP_AP12
B,BI16,BI,h,a,HA,f,1,0,18,B_BI_BI16
B,BI16,BI,h,a,HA,f,2,0,18,B_BI_BI16
B,BI16,BI,h,a,HA,f,3,0,18,B_BI_BI16
B,BI16,BI,h,a,HA,f,4,0,18,B_BI_BI16
B,BI16,BI,h,a,HA,f,5,0,18,B_BI_BI16
B,BI16,BI,h,a,HA,f,6,0,18,B_BI_BI16
B,BI16,BI,h,a,HA,f,7,0,18,B_BI_BI16
B,BI16,BI,h,a,HA,f,8,0,18,B_BI_BI16
B,BI16,BI,h,a,HA,f,9,0,18,B_BI_BI16
B,BI16,BI,h,a,HA,f,10,0,18,B_BI_BI16
B,BI16,BI,h,a,HA,f,11,0,18,B_BI_BI16
B,BI16,BI,h,a,HA,f,12,0,18,B_BI_BI16
B,BI16,BI,h,a,HA,f,13,0,18,B_BI_BI16
B,BI16,BI,h,a,HA,f,14,0,18,B_BI_BI16
B,BI16,BI,h,a,HA,f,15,0,18,B_BI_BI16
B,BI16,BI,h,a,HA,f,16,0,18,B_BI_BI16
B,BI16,BI,h,a,HA,f,17,0,18,B_BI_BI16
B,BI16,BI,h,a,HA,f,18,0,18,B_BI_BI16
B,BR16,BR,h,a,HA,f,1,0,18,B_BR_BR16
B,BR16,BR,h,a,HA,f,2,0,18,B_BR_BR16
B,BR16,BR,h,a,HA,f,3,0,18,B_BR_BR16
B,BR16,BR,h,a,HA,f,4,0,18,B_BR_BR16
B,BR16,BR,h,a,HA,f,5,0,18,B_BR_BR16
B,BR16,BR,h,a,HA,f,6,0,18,B_BR_BR16
B,BR16,BR,h,a,HA,f,7,0,18,B_BR_BR16
B,BR16,BR,h,a,HA,f,8,0,18,B_BR_BR16
B,BR16,BR,h,a,HA,f,9,0,18,B_BR_BR16
B,BR16,BR,h,a,HA,f,10,0,18,B_BR_BR16
B,BR16,BR,h,a,HA,f,11,0,18,B_BR_BR16
B,BR16,BR,h,a,HA,f,12,0,18,B_BR_BR16
B,BR16,BR,h,a,HA,f,13,0,18,B_BR_BR16
B,BR16,BR,h,a,HA,f,14,0,18,B_BR_BR16
B,BR16,BR,h,a,HA,f,15,0,18,B_BR_BR16
B,BR16,BR,h,a,HA,f,16,0,18,B_BR_BR16
B,BR16,BR,h,a,HA,f,17,0,18,B_BR_BR16
B,BR16,BR,h,a,HA,f,18,0,18,B_BR_BR16
B,BY14,BY,h,a,HA,f,1,21,18,B_BY_BY14
B,BY14,BY,h,a,HA,f,2,0,18,B_BY_BY14
B,BY14,BY,h,a,HA,f,3,0,18,B_BY_BY14
B,BY14,BY,h,a,HA,f,4,8,18,B_BY_BY14
B,BY14,BY,h,a,HA,f,5,0,18,B_BY_BY14
B,BY14,BY,h,a,HA,f,6,2,18,B_BY_BY14
B,BY14,BY,h,a,HA,f,7,5,18,B_BY_BY14
B,BY14,BY,h,a,HA,f,8,1,18,B_BY_BY14
B,BY14,BY,h,a,HA,f,9,1,18,B_BY_BY14
B,BY14,BY,h,a,HA,f,10,0,18,B_BY_BY14
B,BY14,BY,h,a,HA,f,11,0,18,B_BY_BY14
B,BY14,BY,h,a,HA,f,12,0,18,B_BY_BY14
B,BY14,BY,h,a,HA,f,13,0,18,B_BY_BY14
B,BY14,BY,h,a,HA,f,14,1,18,B_BY_BY14
B,BY14,BY,h,a,HA,f,15,0,18,B_BY_BY14
B,BY14,BY,h,a,HA,f,16,0,18,B_BY_BY14
B,BY14,BY,h,a,HA,f,17,0,18,B_BY_BY14
B,BY14,BY,h,a,HA,f,18,0,18,B_BY_BY14
C,CF7,CF,h,a,HA,f,1,0,18,C_CF_CF7
C,CF7,CF,h,a,HA,f,2,0,18,C_CF_CF7
C,CF7,CF,h,a,HA,f,3,0,18,C_CF_CF7
C,CF7,CF,h,a,HA,f,4,0,18,C_CF_CF7
C,CF7,CF,h,a,HA,f,5,0,18,C_CF_CF7
C,CF7,CF,h,a,HA,f,6,0,18,C_CF_CF7
C,CF7,CF,h,a,HA,f,7,0,18,C_CF_CF7
C,CF7,CF,h,a,HA,f,8,0,18,C_CF_CF7
C,CF7,CF,h,a,HA,f,9,0,18,C_CF_CF7
C,CF7,CF,h,a,HA,f,10,0,18,C_CF_CF7
C,CF7,CF,h,a,HA,f,11,1,18,C_CF_CF7
C,CF7,CF,h,a,HA,f,12,0,18,C_CF_CF7
C,CF7,CF,h,a,HA,f,13,0,18,C_CF_CF7
C,CF7,CF,h,a,HA,f,14,0,18,C_CF_CF7
C,CF7,CF,h,a,HA,f,15,1,18,C_CF_CF7
C,CF7,CF,h,a,HA,f,16,0,18,C_CF_CF7
C,CF7,CF,h,a,HA,f,17,0,18,C_CF_CF7
C,CF7,CF,h,a,HA,f,18,0,18,C_CF_CF7
C,CG15,CG,a,a,AA,f,1,12,18,C_CG_CG15
C,CG15,CG,a,a,AA,f,2,0,18,C_CG_CG15
C,CG15,CG,a,a,AA,f,3,0,18,C_CG_CG15
C,CG15,CG,a,a,AA,f,4,0,18,C_CG_CG15
C,CG15,CG,a,a,AA,f,5,0,18,C_CG_CG15
C,CG15,CG,a,a,AA,f,6,0,18,C_CG_CG15
C,CG15,CG,a,a,AA,f,7,0,18,C_CG_CG15
C,CG15,CG,a,a,AA,f,8,0,18,C_CG_CG15
C,CG15,CG,a,a,AA,f,9,0,18,C_CG_CG15
C,CG15,CG,a,a,AA,f,10,0,18,C_CG_CG15
C,CG15,CG,a,a,AA,f,11,0,18,C_CG_CG15
C,CG15,CG,a,a,AA,f,12,0,18,C_CG_CG15
C,CG15,CG,a,a,AA,f,13,0,18,C_CG_CG15
C,CG15,CG,a,a,AA,f,14,0,18,C_CG_CG15
C,CG15,CG,a,a,AA,f,15,0,18,C_CG_CG15
C,CG15,CG,a,a,AA,f,16,0,18,C_CG_CG15
C,CG15,CG,a,a,AA,f,17,0,18,C_CG_CG15
C,CG15,CG,a,a,AA,f,18,0,18,C_CG_CG15
C,CK15,CK,a,a,AA,f,1,10,18,C_CK_CK15
C,CK15,CK,a,a,AA,f,2,7,18,C_CK_CK15
C,CK15,CK,a,a,AA,f,3,0,18,C_CK_CK15
C,CK15,CK,a,a,AA,f,4,1,18,C_CK_CK15
C,CK15,CK,a,a,AA,f,5,1,18,C_CK_CK15
C,CK15,CK,a,a,AA,f,6,1,18,C_CK_CK15
C,CK15,CK,a,a,AA,f,7,0,18,C_CK_CK15
C,CK15,CK,a,a,AA,f,8,0,18,C_CK_CK15
C,CK15,CK,a,a,AA,f,9,0,18,C_CK_CK15
C,CK15,CK,a,a,AA,f,10,0,18,C_CK_CK15
C,CK15,CK,a,a,AA,f,11,0,18,C_CK_CK15
C,CK15,CK,a,a,AA,f,12,0,18,C_CK_CK15
C,CK15,CK,a,a,AA,f,13,0,18,C_CK_CK15
C,CK15,CK,a,a,AA,f,14,1,18,C_CK_CK15
C,CK15,CK,a,a,AA,f,15,1,18,C_CK_CK15
C,CK15,CK,a,a,AA,f,16,1,18,C_CK_CK15
C,CK15,CK,a,a,AA,f,17,7,18,C_CK_CK15
C,CK15,CK,a,a,AA,f,18,0,18,C_CK_CK15
C,CS25,CS,h,a,HA,f,1,0,18,C_CS_CS25
C,CS25,CS,h,a,HA,f,2,0,18,C_CS_CS25
C,CS25,CS,h,a,HA,f,3,0,18,C_CS_CS25
C,CS25,CS,h,a,HA,f,4,0,18,C_CS_CS25
C,CS25,CS,h,a,HA,f,5,0,18,C_CS_CS25
C,CS25,CS,h,a,HA,f,6,0,18,C_CS_CS25
C,CS25,CS,h,a,HA,f,7,0,18,C_CS_CS25
C,CS25,CS,h,a,HA,f,8,0,18,C_CS_CS25
C,CS25,CS,h,a,HA,f,9,0,18,C_CS_CS25
C,CS25,CS,h,a,HA,f,10,0,18,C_CS_CS25
C,CS25,CS,h,a,HA,f,11,0,18,C_CS_CS25
C,CS25,CS,h,a,HA,f,12,0,18,C_CS_CS25
C,CS25,CS,h,a,HA,f,13,0,18,C_CS_CS25
C,CS25,CS,h,a,HA,f,14,0,18,C_CS_CS25
C,CS25,CS,h,a,HA,f,15,0,18,C_CS_CS25
C,CS25,CS,h,a,HA,f,16,0,18,C_CS_CS25
C,CS25,CS,h,a,HA,f,17,0,18,C_CS_CS25
C,CZ16,CZ,h,a,HA,f,1,0,18,C_CZ_CZ16
C,CZ16,CZ,h,a,HA,f,2,0,18,C_CZ_CZ16
C,CZ16,CZ,h,a,HA,f,3,0,18,C_CZ_CZ16
C,CZ16,CZ,h,a,HA,f,4,0,18,C_CZ_CZ16
C,CZ16,CZ,h,a,HA,f,5,0,18,C_CZ_CZ16
C,CZ16,CZ,h,a,HA,f,6,0,18,C_CZ_CZ16
C,CZ16,CZ,h,a,HA,f,7,0,18,C_CZ_CZ16
C,CZ16,CZ,h,a,HA,f,8,0,18,C_CZ_CZ16
C,CZ16,CZ,h,a,HA,f,9,0,18,C_CZ_CZ16
C,CZ16,CZ,h,a,HA,f,10,0,18,C_CZ_CZ16
C,CZ16,CZ,h,a,HA,f,11,0,18,C_CZ_CZ16
C,CZ16,CZ,h,a,HA,f,12,0,18,C_CZ_CZ16
C,CZ16,CZ,h,a,HA,f,13,0,18,C_CZ_CZ16
C,CZ16,CZ,h,a,HA,f,14,0,18,C_CZ_CZ16
C,CZ16,CZ,h,a,HA,f,15,0,18,C_CZ_CZ16
C,CZ16,CZ,h,a,HA,f,16,0,18,C_CZ_CZ16
C,CZ16,CZ,h,a,HA,f,17,0,18,C_CZ_CZ16
C,CZ16,CZ,h,a,HA,f,18,0,18,C_CZ_CZ16
C,CZ7,CZ,h,a,HA,f,1,0,18,C_CZ_CZ7
C,CZ7,CZ,h,a,HA,f,2,0,18,C_CZ_CZ7
C,CZ7,CZ,h,a,HA,f,3,1,18,C_CZ_CZ7
C,CZ7,CZ,h,a,HA,f,4,0,18,C_CZ_CZ7
C,CZ7,CZ,h,a,HA,f,5,0,18,C_CZ_CZ7
C,CZ7,CZ,h,a,HA,f,6,0,18,C_CZ_CZ7
C,CZ7,CZ,h,a,HA,f,7,0,18,C_CZ_CZ7
C,CZ7,CZ,h,a,HA,f,8,0,18,C_CZ_CZ7
C,CZ7,CZ,h,a,HA,f,9,0,18,C_CZ_CZ7
C,CZ7,CZ,h,a,HA,f,10,0,18,C_CZ_CZ7
C,CZ7,CZ,h,a,HA,f,11,0,18,C_CZ_CZ7
C,CZ7,CZ,h,a,HA,f,12,0,18,C_CZ_CZ7
C,CZ7,CZ,h,a,HA,f,13,0,18,C_CZ_CZ7
C,CZ7,CZ,h,a,HA,f,14,0,18,C_CZ_CZ7
C,CZ7,CZ,h,a,HA,f,15,0,18,C_CZ_CZ7
C,CZ7,CZ,h,a,HA,f,16,0,18,C_CZ_CZ7
C,CZ7,CZ,h,a,HA,f,17,0,18,C_CZ_CZ7
C,CZ7,CZ,h,a,HA,f,18,0,18,C_CZ_CZ7
B,B©21,Bbox,a,a,AA,f,1,23,19,B_Bbox_B©21
B,B©21,Bbox,a,a,AA,f,2,10,19,B_Bbox_B©21
B,B©21,Bbox,a,a,AA,f,3,2,19,B_Bbox_B©21
B,B©21,Bbox,a,a,AA,f,4,0,19,B_Bbox_B©21
B,B©21,Bbox,a,a,AA,f,5,0,19,B_Bbox_B©21
B,B©21,Bbox,a,a,AA,f,6,1,19,B_Bbox_B©21
B,B©21,Bbox,a,a,AA,f,7,0,19,B_Bbox_B©21
B,B©21,Bbox,a,a,AA,f,8,1,19,B_Bbox_B©21
B,B©21,Bbox,a,a,AA,f,9,0,19,B_Bbox_B©21
B,B©21,Bbox,a,a,AA,f,10,3,19,B_Bbox_B©21
B,B©21,Bbox,a,a,AA,f,11,3,19,B_Bbox_B©21
B,B©21,Bbox,a,a,AA,f,12,1,19,B_Bbox_B©21
B,B©21,Bbox,a,a,AA,f,13,1,19,B_Bbox_B©21
B,B©21,Bbox,a,a,AA,f,14,0,19,B_Bbox_B©21
B,B©21,Bbox,a,a,AA,f,15,0,19,B_Bbox_B©21
B,B©21,Bbox,a,a,AA,f,16,0,19,B_Bbox_B©21
B,B©21,Bbox,a,a,AA,f,17,0,19,B_Bbox_B©21
B,B©21,Bbox,a,a,AA,f,18,0,19,B_Bbox_B©21
B,B©21,Bbox,a,a,AA,f,19,0,19,B_Bbox_B©21
B,BG30,BG,a,a,AA,f,1,6,19,B_BG_BG30
B,BG30,BG,a,a,AA,f,2,6,19,B_BG_BG30
B,BG30,BG,a,a,AA,f,3,0,19,B_BG_BG30
B,BG30,BG,a,a,AA,f,4,0,19,B_BG_BG30
B,BG30,BG,a,a,AA,f,5,2,19,B_BG_BG30
B,BG30,BG,a,a,AA,f,6,0,19,B_BG_BG30
B,BG30,BG,a,a,AA,f,7,0,19,B_BG_BG30
B,BG30,BG,a,a,AA,f,8,0,19,B_BG_BG30
B,BG30,BG,a,a,AA,f,9,0,19,B_BG_BG30
B,BG30,BG,a,a,AA,f,10,1,19,B_BG_BG30
B,BG30,BG,a,a,AA,f,11,5,19,B_BG_BG30
B,BG30,BG,a,a,AA,f,12,0,19,B_BG_BG30
B,BG30,BG,a,a,AA,f,13,7,19,B_BG_BG30
B,BG30,BG,a,a,AA,f,14,7,19,B_BG_BG30
B,BG30,BG,a,a,AA,f,15,2,19,B_BG_BG30
B,BG30,BG,a,a,AA,f,16,3,19,B_BG_BG30
B,BG30,BG,a,a,AA,f,17,2,19,B_BG_BG30
B,BG30,BG,a,a,AA,f,18,0,19,B_BG_BG30
B,BG30,BG,a,a,AA,f,19,0,19,B_BG_BG30
B,BN25,BN,h,a,HA,f,1,6,19,B_BN_BN25
B,BN25,BN,h,a,HA,f,2,0,19,B_BN_BN25
B,BN25,BN,h,a,HA,f,3,0,19,B_BN_BN25
B,BN25,BN,h,a,HA,f,4,0,19,B_BN_BN25
B,BN25,BN,h,a,HA,f,5,0,19,B_BN_BN25
B,BN25,BN,h,a,HA,f,6,0,19,B_BN_BN25
B,BN25,BN,h,a,HA,f,7,0,19,B_BN_BN25
B,BN25,BN,h,a,HA,f,8,1,19,B_BN_BN25
B,BN25,BN,h,a,HA,f,9,0,19,B_BN_BN25
B,BN25,BN,h,a,HA,f,10,0,19,B_BN_BN25
B,BN25,BN,h,a,HA,f,11,0,19,B_BN_BN25
B,BN25,BN,h,a,HA,f,12,0,19,B_BN_BN25
B,BN25,BN,h,a,HA,f,13,0,19,B_BN_BN25
B,BN25,BN,h,a,HA,f,14,0,19,B_BN_BN25
B,BN25,BN,h,a,HA,f,15,0,19,B_BN_BN25
B,BN25,BN,h,a,HA,f,16,0,19,B_BN_BN25
B,BN25,BN,h,a,HA,f,17,0,19,B_BN_BN25
B,BN25,BN,h,a,HA,f,18,0,19,B_BN_BN25
B,BN25,BN,h,a,HA,f,19,0,19,B_BN_BN25
B,BV8,BV,h,a,HA,f,1,18,19,B_BV_BV8
B,BV8,BV,h,a,HA,f,2,13,19,B_BV_BV8
B,BV8,BV,h,a,HA,f,3,16,19,B_BV_BV8
B,BV8,BV,h,a,HA,f,4,12,19,B_BV_BV8
B,BV8,BV,h,a,HA,f,5,8,19,B_BV_BV8
B,BV8,BV,h,a,HA,f,6,7,19,B_BV_BV8
B,BV8,BV,h,a,HA,f,7,3,19,B_BV_BV8
B,BV8,BV,h,a,HA,f,8,0,19,B_BV_BV8
B,BV8,BV,h,a,HA,f,9,0,19,B_BV_BV8
B,BV8,BV,h,a,HA,f,10,1,19,B_BV_BV8
B,BV8,BV,h,a,HA,f,11,0,19,B_BV_BV8
B,BV8,BV,h,a,HA,f,12,0,19,B_BV_BV8
B,BV8,BV,h,a,HA,f,13,0,19,B_BV_BV8
B,BV8,BV,h,a,HA,f,14,0,19,B_BV_BV8
B,BV8,BV,h,a,HA,f,15,0,19,B_BV_BV8
B,BV8,BV,h,a,HA,f,16,0,19,B_BV_BV8
B,BV8,BV,h,a,HA,f,17,0,19,B_BV_BV8
B,BV8,BV,h,a,HA,f,18,0,19,B_BV_BV8
C,CA30,CA,a,a,AA,f,1,19,19,C_CA_CA30
C,CA30,CA,a,a,AA,f,2,9,19,C_CA_CA30
C,CA30,CA,a,a,AA,f,3,6,19,C_CA_CA30
C,CA30,CA,a,a,AA,f,4,0,19,C_CA_CA30
C,CA30,CA,a,a,AA,f,5,0,19,C_CA_CA30
C,CA30,CA,a,a,AA,f,6,0,19,C_CA_CA30
C,CA30,CA,a,a,AA,f,7,0,19,C_CA_CA30
C,CA30,CA,a,a,AA,f,8,0,19,C_CA_CA30
C,CA30,CA,a,a,AA,f,9,0,19,C_CA_CA30
C,CA30,CA,a,a,AA,f,10,21,19,C_CA_CA30
C,CA30,CA,a,a,AA,f,11,11,19,C_CA_CA30
C,CA30,CA,a,a,AA,f,12,6,19,C_CA_CA30
C,CA30,CA,a,a,AA,f,13,7,19,C_CA_CA30
C,CA30,CA,a,a,AA,f,14,4,19,C_CA_CA30
C,CA30,CA,a,a,AA,f,15,2,19,C_CA_CA30
C,CA30,CA,a,a,AA,f,16,1,19,C_CA_CA30
C,CA30,CA,a,a,AA,f,17,0,19,C_CA_CA30
C,CA30,CA,a,a,AA,f,18,0,19,C_CA_CA30
C,CG5,CG,h,a,HA,f,1,0,19,C_CG_CG5
C,CG5,CG,h,a,HA,f,2,0,19,C_CG_CG5
C,CG5,CG,h,a,HA,f,3,0,19,C_CG_CG5
C,CG5,CG,h,a,HA,f,4,0,19,C_CG_CG5
C,CG5,CG,h,a,HA,f,5,0,19,C_CG_CG5
C,CG5,CG,h,a,HA,f,6,0,19,C_CG_CG5
C,CG5,CG,h,a,HA,f,7,0,19,C_CG_CG5
C,CG5,CG,h,a,HA,f,8,0,19,C_CG_CG5
C,CG5,CG,h,a,HA,f,9,0,19,C_CG_CG5
C,CG5,CG,h,a,HA,f,10,0,19,C_CG_CG5
C,CG5,CG,h,a,HA,f,11,0,19,C_CG_CG5
C,CG5,CG,h,a,HA,f,12,0,19,C_CG_CG5
C,CG5,CG,h,a,HA,f,13,0,19,C_CG_CG5
C,CG5,CG,h,a,HA,f,14,0,19,C_CG_CG5
C,CG5,CG,h,a,HA,f,15,0,19,C_CG_CG5
C,CG5,CG,h,a,HA,f,16,0,19,C_CG_CG5
C,CG5,CG,h,a,HA,f,17,0,19,C_CG_CG5
C,CG5,CG,h,a,HA,f,18,0,19,C_CG_CG5
C,CG5,CG,h,a,HA,f,19,0,19,C_CG_CG5
C,CY8,CY,h,a,HA,f,1,0,19,C_CY_CY8
C,CY8,CY,h,a,HA,f,2,0,19,C_CY_CY8
C,CY8,CY,h,a,HA,f,3,0,19,C_CY_CY8
C,CY8,CY,h,a,HA,f,4,0,19,C_CY_CY8
C,CY8,CY,h,a,HA,f,5,0,19,C_CY_CY8
C,CY8,CY,h,a,HA,f,6,0,19,C_CY_CY8
C,CY8,CY,h,a,HA,f,7,0,19,C_CY_CY8
C,CY8,CY,h,a,HA,f,8,0,19,C_CY_CY8
C,CY8,CY,h,a,HA,f,9,0,19,C_CY_CY8
C,CY8,CY,h,a,HA,f,10,0,19,C_CY_CY8
C,CY8,CY,h,a,HA,f,11,0,19,C_CY_CY8
C,CY8,CY,h,a,HA,f,12,0,19,C_CY_CY8
C,CY8,CY,h,a,HA,f,13,0,19,C_CY_CY8
C,CY8,CY,h,a,HA,f,14,0,19,C_CY_CY8
C,CY8,CY,h,a,HA,f,15,0,19,C_CY_CY8
C,CY8,CY,h,a,HA,f,16,0,19,C_CY_CY8
C,CY8,CY,h,a,HA,f,17,0,19,C_CY_CY8
C,CY8,CY,h,a,HA,f,18,0,19,C_CY_CY8
C,CY8,CY,h,a,HA,f,19,0,19,C_CY_CY8
A,AI1,AI,a,a,AA,f,1,0,20,A_AI_AI1
A,AI1,AI,a,a,AA,f,2,0,20,A_AI_AI1
A,AI1,AI,a,a,AA,f,3,0,20,A_AI_AI1
A,AI1,AI,a,a,AA,f,4,0,20,A_AI_AI1
A,AI1,AI,a,a,AA,f,5,0,20,A_AI_AI1
A,AI1,AI,a,a,AA,f,6,0,20,A_AI_AI1
A,AI1,AI,a,a,AA,f,7,0,20,A_AI_AI1
A,AI1,AI,a,a,AA,f,8,0,20,A_AI_AI1
A,AI1,AI,a,a,AA,f,9,0,20,A_AI_AI1
A,AI1,AI,a,a,AA,f,10,0,20,A_AI_AI1
A,AI1,AI,a,a,AA,f,11,0,20,A_AI_AI1
A,AI1,AI,a,a,AA,f,12,0,20,A_AI_AI1
A,AI1,AI,a,a,AA,f,13,0,20,A_AI_AI1
A,AI1,AI,a,a,AA,f,14,0,20,A_AI_AI1
A,AI1,AI,a,a,AA,f,15,0,20,A_AI_AI1
A,AI1,AI,a,a,AA,f,16,0,20,A_AI_AI1
A,AI1,AI,a,a,AA,f,17,0,20,A_AI_AI1
A,AI1,AI,a,a,AA,f,18,1,20,A_AI_AI1
A,AI1,AI,a,a,AA,f,19,0,20,A_AI_AI1
A,AI1,AI,a,a,AA,f,20,0,20,A_AI_AI1
A,AR16,AR,h,a,HA,f,1,0,20,A_AR_AR16
A,AR16,AR,h,a,HA,f,2,0,20,A_AR_AR16
A,AR16,AR,h,a,HA,f,3,0,20,A_AR_AR16
A,AR16,AR,h,a,HA,f,4,0,20,A_AR_AR16
A,AR16,AR,h,a,HA,f,5,0,20,A_AR_AR16
A,AR16,AR,h,a,HA,f,6,0,20,A_AR_AR16
A,AR16,AR,h,a,HA,f,7,0,20,A_AR_AR16
A,AR16,AR,h,a,HA,f,8,0,20,A_AR_AR16
A,AR16,AR,h,a,HA,f,9,0,20,A_AR_AR16
A,AR16,AR,h,a,HA,f,10,0,20,A_AR_AR16
A,AR16,AR,h,a,HA,f,11,0,20,A_AR_AR16
A,AR16,AR,h,a,HA,f,12,0,20,A_AR_AR16
A,AR16,AR,h,a,HA,f,13,0,20,A_AR_AR16
A,AR16,AR,h,a,HA,f,14,0,20,A_AR_AR16
A,AR16,AR,h,a,HA,f,15,0,20,A_AR_AR16
A,AR16,AR,h,a,HA,f,16,0,20,A_AR_AR16
A,AR16,AR,h,a,HA,f,17,0,20,A_AR_AR16
A,AR16,AR,h,a,HA,f,18,0,20,A_AR_AR16
A,AR16,AR,h,a,HA,f,19,0,20,A_AR_AR16
B,BV27,BV,a,a,AA,f,1,13,20,B_BV_BV27
B,BV27,BV,a,a,AA,f,2,9,20,B_BV_BV27
B,BV27,BV,a,a,AA,f,3,3,20,B_BV_BV27
B,BV27,BV,a,a,AA,f,4,5,20,B_BV_BV27
B,BV27,BV,a,a,AA,f,5,7,20,B_BV_BV27
B,BV27,BV,a,a,AA,f,6,6,20,B_BV_BV27
B,BV27,BV,a,a,AA,f,7,13,20,B_BV_BV27
B,BV27,BV,a,a,AA,f,8,8,20,B_BV_BV27
B,BV27,BV,a,a,AA,f,9,6,20,B_BV_BV27
B,BV27,BV,a,a,AA,f,10,5,20,B_BV_BV27
B,BV27,BV,a,a,AA,f,11,2,20,B_BV_BV27
B,BV27,BV,a,a,AA,f,12,2,20,B_BV_BV27
B,BV27,BV,a,a,AA,f,13,2,20,B_BV_BV27
B,BV27,BV,a,a,AA,f,14,1,20,B_BV_BV27
B,BV27,BV,a,a,AA,f,15,0,20,B_BV_BV27
B,BV27,BV,a,a,AA,f,16,0,20,B_BV_BV27
B,BV27,BV,a,a,AA,f,17,1,20,B_BV_BV27
B,BV27,BV,a,a,AA,f,18,0,20,B_BV_BV27
B,BV27,BV,a,a,AA,f,19,0,20,B_BV_BV27
A,AB3,AB,h,a,HA,f,1,0,21,A_AB_AB3
A,AB3,AB,h,a,HA,f,2,0,21,A_AB_AB3
A,AB3,AB,h,a,HA,f,3,0,21,A_AB_AB3
A,AB3,AB,h,a,HA,f,4,0,21,A_AB_AB3
A,AB3,AB,h,a,HA,f,5,0,21,A_AB_AB3
A,AB3,AB,h,a,HA,f,6,0,21,A_AB_AB3
A,AB3,AB,h,a,HA,f,7,0,21,A_AB_AB3
A,AB3,AB,h,a,HA,f,8,0,21,A_AB_AB3
A,AB3,AB,h,a,HA,f,9,0,21,A_AB_AB3
A,AB3,AB,h,a,HA,f,10,0,21,A_AB_AB3
A,AB3,AB,h,a,HA,f,11,0,21,A_AB_AB3
A,AB3,AB,h,a,HA,f,12,0,21,A_AB_AB3
A,AB3,AB,h,a,HA,f,13,0,21,A_AB_AB3
A,AB3,AB,h,a,HA,f,14,1,21,A_AB_AB3
A,AB3,AB,h,a,HA,f,15,0,21,A_AB_AB3
A,AB3,AB,h,a,HA,f,16,0,21,A_AB_AB3
A,AB3,AB,h,a,HA,f,17,0,21,A_AB_AB3
A,AB3,AB,h,a,HA,f,18,0,21,A_AB_AB3
A,AB3,AB,h,a,HA,f,19,0,21,A_AB_AB3
A,AB3,AB,h,a,HA,f,20,0,21,A_AB_AB3
A,AB3,AB,h,a,HA,f,21,0,21,A_AB_AB3
A,AG4,AG,h,a,HA,f,1,0,21,A_AG_AG4
A,AG4,AG,h,a,HA,f,2,0,21,A_AG_AG4
A,AG4,AG,h,a,HA,f,3,0,21,A_AG_AG4
A,AG4,AG,h,a,HA,f,4,0,21,A_AG_AG4
A,AG4,AG,h,a,HA,f,5,0,21,A_AG_AG4
A,AG4,AG,h,a,HA,f,6,0,21,A_AG_AG4
A,AG4,AG,h,a,HA,f,7,0,21,A_AG_AG4
A,AG4,AG,h,a,HA,f,8,0,21,A_AG_AG4
A,AG4,AG,h,a,HA,f,9,0,21,A_AG_AG4
A,AG4,AG,h,a,HA,f,10,0,21,A_AG_AG4
A,AG4,AG,h,a,HA,f,11,0,21,A_AG_AG4
A,AG4,AG,h,a,HA,f,12,0,21,A_AG_AG4
A,AG4,AG,h,a,HA,f,13,0,21,A_AG_AG4
A,AG4,AG,h,a,HA,f,14,0,21,A_AG_AG4
A,AG4,AG,h,a,HA,f,15,0,21,A_AG_AG4
A,AG4,AG,h,a,HA,f,16,0,21,A_AG_AG4
A,AG4,AG,h,a,HA,f,17,0,21,A_AG_AG4
A,AG4,AG,h,a,HA,f,18,0,21,A_AG_AG4
A,AG4,AG,h,a,HA,f,19,0,21,A_AG_AG4
A,AG4,AG,h,a,HA,f,20,0,21,A_AG_AG4
A,AG4,AG,h,a,HA,f,21,0,21,A_AG_AG4
A,AW20,AW,h,a,HA,f,1,0,21,A_AW_AW20
A,AW20,AW,h,a,HA,f,2,0,21,A_AW_AW20
A,AW20,AW,h,a,HA,f,3,0,21,A_AW_AW20
A,AW20,AW,h,a,HA,f,4,0,21,A_AW_AW20
A,AW20,AW,h,a,HA,f,5,0,21,A_AW_AW20
A,AW20,AW,h,a,HA,f,6,0,21,A_AW_AW20
A,AW20,AW,h,a,HA,f,7,0,21,A_AW_AW20
A,AW20,AW,h,a,HA,f,8,0,21,A_AW_AW20
A,AW20,AW,h,a,HA,f,9,0,21,A_AW_AW20
A,AW20,AW,h,a,HA,f,10,0,21,A_AW_AW20
A,AW20,AW,h,a,HA,f,11,0,21,A_AW_AW20
A,AW20,AW,h,a,HA,f,12,0,21,A_AW_AW20
A,AW20,AW,h,a,HA,f,13,0,21,A_AW_AW20
A,AW20,AW,h,a,HA,f,14,0,21,A_AW_AW20
A,AW20,AW,h,a,HA,f,15,0,21,A_AW_AW20
A,AW20,AW,h,a,HA,f,16,0,21,A_AW_AW20
A,AW20,AW,h,a,HA,f,17,0,21,A_AW_AW20
A,AW20,AW,h,a,HA,f,18,0,21,A_AW_AW20
A,AW20,AW,h,a,HA,f,19,0,21,A_AW_AW20
A,AW20,AW,h,a,HA,f,20,1,21,A_AW_AW20
A,AW20,AW,h,a,HA,f,21,0,21,A_AW_AW20
B,BB15,BB,a,a,AA,f,1,0,21,B_BB_BB15
B,BB15,BB,a,a,AA,f,2,0,21,B_BB_BB15
B,BB15,BB,a,a,AA,f,3,0,21,B_BB_BB15
B,BB15,BB,a,a,AA,f,4,0,21,B_BB_BB15
B,BB15,BB,a,a,AA,f,5,0,21,B_BB_BB15
B,BB15,BB,a,a,AA,f,6,0,21,B_BB_BB15
B,BB15,BB,a,a,AA,f,7,0,21,B_BB_BB15
B,BB15,BB,a,a,AA,f,8,0,21,B_BB_BB15
B,BB15,BB,a,a,AA,f,9,0,21,B_BB_BB15
B,BB15,BB,a,a,AA,f,10,0,21,B_BB_BB15
B,BB15,BB,a,a,AA,f,11,0,21,B_BB_BB15
B,BB15,BB,a,a,AA,f,12,0,21,B_BB_BB15
B,BB15,BB,a,a,AA,f,13,0,21,B_BB_BB15
B,BB15,BB,a,a,AA,f,14,2,21,B_BB_BB15
B,BB15,BB,a,a,AA,f,15,0,21,B_BB_BB15
B,BB15,BB,a,a,AA,f,16,0,21,B_BB_BB15
B,BB15,BB,a,a,AA,f,17,0,21,B_BB_BB15
B,BB15,BB,a,a,AA,f,18,0,21,B_BB_BB15
B,BB15,BB,a,a,AA,f,19,0,21,B_BB_BB15
B,BB15,BB,a,a,AA,f,20,0,21,B_BB_BB15
B,BB15,BB,a,a,AA,f,21,1,21,B_BB_BB15
B,BG28,BG,h,a,HA,f,1,5,21,B_BG_BG28
B,BG28,BG,h,a,HA,f,2,4,21,B_BG_BG28
B,BG28,BG,h,a,HA,f,3,1,21,B_BG_BG28
B,BG28,BG,h,a,HA,f,4,0,21,B_BG_BG28
B,BG28,BG,h,a,HA,f,5,0,21,B_BG_BG28
B,BG28,BG,h,a,HA,f,6,1,21,B_BG_BG28
B,BG28,BG,h,a,HA,f,7,0,21,B_BG_BG28
B,BG28,BG,h,a,HA,f,8,0,21,B_BG_BG28
B,BG28,BG,h,a,HA,f,9,4,21,B_BG_BG28
B,BG28,BG,h,a,HA,f,10,4,21,B_BG_BG28
B,BG28,BG,h,a,HA,f,11,0,21,B_BG_BG28
B,BG28,BG,h,a,HA,f,12,0,21,B_BG_BG28
B,BG28,BG,h,a,HA,f,13,0,21,B_BG_BG28
B,BG28,BG,h,a,HA,f,14,0,21,B_BG_BG28
B,BG28,BG,h,a,HA,f,15,0,21,B_BG_BG28
B,BG28,BG,h,a,HA,f,16,2,21,B_BG_BG28
B,BG28,BG,h,a,HA,f,17,0,21,B_BG_BG28
B,BG28,BG,h,a,HA,f,18,0,21,B_BG_BG28
B,BG28,BG,h,a,HA,f,19,0,21,B_BG_BG28
B,BG28,BG,h,a,HA,f,20,0,21,B_BG_BG28
B,BG28,BG,h,a,HA,f,21,0,21,B_BG_BG28
C,CO7,CO,h,a,HA,f,1,0,21,C_CO_CO7
C,CO7,CO,h,a,HA,f,2,0,21,C_CO_CO7
C,CO7,CO,h,a,HA,f,3,0,21,C_CO_CO7
C,CO7,CO,h,a,HA,f,4,0,21,C_CO_CO7
C,CO7,CO,h,a,HA,f,5,0,21,C_CO_CO7
C,CO7,CO,h,a,HA,f,6,0,21,C_CO_CO7
C,CO7,CO,h,a,HA,f,7,0,21,C_CO_CO7
C,CO7,CO,h,a,HA,f,8,0,21,C_CO_CO7
C,CO7,CO,h,a,HA,f,9,0,21,C_CO_CO7
C,CO7,CO,h,a,HA,f,10,0,21,C_CO_CO7
C,CO7,CO,h,a,HA,f,11,0,21,C_CO_CO7
C,CO7,CO,h,a,HA,f,12,0,21,C_CO_CO7
C,CO7,CO,h,a,HA,f,13,0,21,C_CO_CO7
C,CO7,CO,h,a,HA,f,14,0,21,C_CO_CO7
C,CO7,CO,h,a,HA,f,15,0,21,C_CO_CO7
C,CO7,CO,h,a,HA,f,16,0,21,C_CO_CO7
C,CO7,CO,h,a,HA,f,17,0,21,C_CO_CO7
C,CO7,CO,h,a,HA,f,18,0,21,C_CO_CO7
C,CO7,CO,h,a,HA,f,19,0,21,C_CO_CO7
C,CO7,CO,h,a,HA,f,20,0,21,C_CO_CO7
C,CO7,CO,h,a,HA,f,21,0,21,C_CO_CO7
B,BG17,BG,a,a,AA,f,1,19,22,B_BG_BG17
B,BG17,BG,a,a,AA,f,2,8,22,B_BG_BG17
B,BG17,BG,a,a,AA,f,3,1,22,B_BG_BG17
B,BG17,BG,a,a,AA,f,4,0,22,B_BG_BG17
B,BG17,BG,a,a,AA,f,5,0,22,B_BG_BG17
B,BG17,BG,a,a,AA,f,6,0,22,B_BG_BG17
B,BG17,BG,a,a,AA,f,7,0,22,B_BG_BG17
B,BG17,BG,a,a,AA,f,8,3,22,B_BG_BG17
B,BG17,BG,a,a,AA,f,9,4,22,B_BG_BG17
B,BG17,BG,a,a,AA,f,10,10,22,B_BG_BG17
B,BG17,BG,a,a,AA,f,11,6,22,B_BG_BG17
B,BG17,BG,a,a,AA,f,12,5,22,B_BG_BG17
B,BG17,BG,a,a,AA,f,13,2,22,B_BG_BG17
B,BG17,BG,a,a,AA,f,14,3,22,B_BG_BG17
B,BG17,BG,a,a,AA,f,15,1,22,B_BG_BG17
B,BG17,BG,a,a,AA,f,16,1,22,B_BG_BG17
B,BG17,BG,a,a,AA,f,17,1,22,B_BG_BG17
B,BG17,BG,a,a,AA,f,18,0,22,B_BG_BG17
B,BG17,BG,a,a,AA,f,19,0,22,B_BG_BG17
B,BG17,BG,a,a,AA,f,20,0,22,B_BG_BG17
B,BG17,BG,a,a,AA,f,21,0,22,B_BG_BG17
B,BG17,BG,a,a,AA,f,22,0,22,B_BG_BG17
B,BT22,BT,h,a,HA,f,1,0,22,B_BT_BT22
B,BT22,BT,h,a,HA,f,2,0,22,B_BT_BT22
B,BT22,BT,h,a,HA,f,3,0,22,B_BT_BT22
B,BT22,BT,h,a,HA,f,4,0,22,B_BT_BT22
B,BT22,BT,h,a,HA,f,5,0,22,B_BT_BT22
B,BT22,BT,h,a,HA,f,6,0,22,B_BT_BT22
B,BT22,BT,h,a,HA,f,7,0,22,B_BT_BT22
B,BT22,BT,h,a,HA,f,8,0,22,B_BT_BT22
B,BT22,BT,h,a,HA,f,9,0,22,B_BT_BT22
B,BT22,BT,h,a,HA,f,10,0,22,B_BT_BT22
B,BT22,BT,h,a,HA,f,11,0,22,B_BT_BT22
B,BT22,BT,h,a,HA,f,12,0,22,B_BT_BT22
B,BT22,BT,h,a,HA,f,13,0,22,B_BT_BT22
B,BT22,BT,h,a,HA,f,14,0,22,B_BT_BT22
B,BT22,BT,h,a,HA,f,15,0,22,B_BT_BT22
B,BT22,BT,h,a,HA,f,16,0,22,B_BT_BT22
B,BT22,BT,h,a,HA,f,17,0,22,B_BT_BT22
B,BT22,BT,h,a,HA,f,18,1,22,B_BT_BT22
B,BT22,BT,h,a,HA,f,19,1,22,B_BT_BT22
B,BT22,BT,h,a,HA,f,20,3,22,B_BT_BT22
B,BT22,BT,h,a,HA,f,21,0,22,B_BT_BT22
B,BT22,BT,h,a,HA,f,22,0,22,B_BT_BT22
B,BT26,BT,h,a,HA,f,1,13,22,B_BT_BT26
B,BT26,BT,h,a,HA,f,2,12,22,B_BT_BT26
B,BT26,BT,h,a,HA,f,3,3,22,B_BT_BT26
B,BT26,BT,h,a,HA,f,4,0,22,B_BT_BT26
B,BT26,BT,h,a,HA,f,5,0,22,B_BT_BT26
B,BT26,BT,h,a,HA,f,6,0,22,B_BT_BT26
B,BT26,BT,h,a,HA,f,7,1,22,B_BT_BT26
B,BT26,BT,h,a,HA,f,8,0,22,B_BT_BT26
B,BT26,BT,h,a,HA,f,9,0,22,B_BT_BT26
B,BT26,BT,h,a,HA,f,10,0,22,B_BT_BT26
B,BT26,BT,h,a,HA,f,11,0,22,B_BT_BT26
B,BT26,BT,h,a,HA,f,12,0,22,B_BT_BT26
B,BT26,BT,h,a,HA,f,13,0,22,B_BT_BT26
B,BT26,BT,h,a,HA,f,14,0,22,B_BT_BT26
B,BT26,BT,h,a,HA,f,15,0,22,B_BT_BT26
B,BT26,BT,h,a,HA,f,16,0,22,B_BT_BT26
B,BT26,BT,h,a,HA,f,17,0,22,B_BT_BT26
B,BT26,BT,h,a,HA,f,18,0,22,B_BT_BT26
B,BT26,BT,h,a,HA,f,19,0,22,B_BT_BT26
B,BT26,BT,h,a,HA,f,20,0,22,B_BT_BT26
B,BT26,BT,h,a,HA,f,21,0,22,B_BT_BT26
B,BT26,BT,h,a,HA,f,22,0,22,B_BT_BT26
B,BY25,BY,h,a,HA,f,1,2,22,B_BY_BY25
B,BY25,BY,h,a,HA,f,2,0,22,B_BY_BY25
B,BY25,BY,h,a,HA,f,3,0,22,B_BY_BY25
B,BY25,BY,h,a,HA,f,4,0,22,B_BY_BY25
B,BY25,BY,h,a,HA,f,5,0,22,B_BY_BY25
B,BY25,BY,h,a,HA,f,6,0,22,B_BY_BY25
B,BY25,BY,h,a,HA,f,7,0,22,B_BY_BY25
B,BY25,BY,h,a,HA,f,8,0,22,B_BY_BY25
B,BY25,BY,h,a,HA,f,9,0,22,B_BY_BY25
B,BY25,BY,h,a,HA,f,10,1,22,B_BY_BY25
B,BY25,BY,h,a,HA,f,11,0,22,B_BY_BY25
B,BY25,BY,h,a,HA,f,12,0,22,B_BY_BY25
B,BY25,BY,h,a,HA,f,13,0,22,B_BY_BY25
B,BY25,BY,h,a,HA,f,14,0,22,B_BY_BY25
B,BY25,BY,h,a,HA,f,15,0,22,B_BY_BY25
B,BY25,BY,h,a,HA,f,16,0,22,B_BY_BY25
B,BY25,BY,h,a,HA,f,17,0,22,B_BY_BY25
B,BY25,BY,h,a,HA,f,18,0,22,B_BY_BY25
B,BY25,BY,h,a,HA,f,19,0,22,B_BY_BY25
B,BY25,BY,h,a,HA,f,20,1,22,B_BY_BY25
B,BY25,BY,h,a,HA,f,21,0,22,B_BY_BY25
B,BY25,BY,h,a,HA,f,22,0,22,B_BY_BY25
B,B?15,Bom,a,a,AA,f,1,12,22,B_Bom_B?15
B,B?15,Bom,a,a,AA,f,2,5,22,B_Bom_B?15
B,B?15,Bom,a,a,AA,f,3,0,22,B_Bom_B?15
B,B?15,Bom,a,a,AA,f,4,0,22,B_Bom_B?15
B,B?15,Bom,a,a,AA,f,5,0,22,B_Bom_B?15
B,B?15,Bom,a,a,AA,f,6,0,22,B_Bom_B?15
B,B?15,Bom,a,a,AA,f,7,0,22,B_Bom_B?15
B,B?15,Bom,a,a,AA,f,8,0,22,B_Bom_B?15
B,B?15,Bom,a,a,AA,f,9,0,22,B_Bom_B?15
B,B?15,Bom,a,a,AA,f,10,6,22,B_Bom_B?15
B,B?15,Bom,a,a,AA,f,11,0,22,B_Bom_B?15
B,B?15,Bom,a,a,AA,f,12,2,22,B_Bom_B?15
B,B?15,Bom,a,a,AA,f,13,1,22,B_Bom_B?15
B,B?15,Bom,a,a,AA,f,14,9,22,B_Bom_B?15
B,B?15,Bom,a,a,AA,f,15,5,22,B_Bom_B?15
B,B?15,Bom,a,a,AA,f,16,3,22,B_Bom_B?15
B,B?15,Bom,a,a,AA,f,17,0,22,B_Bom_B?15
B,B?15,Bom,a,a,AA,f,18,2,22,B_Bom_B?15
B,B?15,Bom,a,a,AA,f,19,0,22,B_Bom_B?15
B,B?15,Bom,a,a,AA,f,20,0,22,B_Bom_B?15
B,B?15,Bom,a,a,AA,f,21,0,22,B_Bom_B?15
B,B?15,Bom,a,a,AA,f,22,0,22,B_Bom_B?15
C,CE28,CE,h,a,HA,f,1,5,22,C_CE_CE28
C,CE28,CE,h,a,HA,f,2,0,22,C_CE_CE28
C,CE28,CE,h,a,HA,f,3,2,22,C_CE_CE28
C,CE28,CE,h,a,HA,f,4,2,22,C_CE_CE28
C,CE28,CE,h,a,HA,f,5,1,22,C_CE_CE28
C,CE28,CE,h,a,HA,f,6,0,22,C_CE_CE28
C,CE28,CE,h,a,HA,f,7,0,22,C_CE_CE28
C,CE28,CE,h,a,HA,f,8,0,22,C_CE_CE28
C,CE28,CE,h,a,HA,f,9,0,22,C_CE_CE28
C,CE28,CE,h,a,HA,f,10,0,22,C_CE_CE28
C,CE28,CE,h,a,HA,f,11,0,22,C_CE_CE28
C,CE28,CE,h,a,HA,f,12,0,22,C_CE_CE28
C,CE28,CE,h,a,HA,f,13,0,22,C_CE_CE28
C,CE28,CE,h,a,HA,f,14,0,22,C_CE_CE28
C,CE28,CE,h,a,HA,f,15,0,22,C_CE_CE28
C,CE28,CE,h,a,HA,f,16,0,22,C_CE_CE28
C,CE28,CE,h,a,HA,f,17,0,22,C_CE_CE28
C,CE28,CE,h,a,HA,f,18,2,22,C_CE_CE28
C,CE28,CE,h,a,HA,f,19,0,22,C_CE_CE28
C,CE28,CE,h,a,HA,f,20,0,22,C_CE_CE28
C,CE28,CE,h,a,HA,f,21,0,22,C_CE_CE28
C,CE28,CE,h,a,HA,f,22,0,22,C_CE_CE28
C,CK10,CK,h,a,HA,f,1,0,22,C_CK_CK10
C,CK10,CK,h,a,HA,f,2,0,22,C_CK_CK10
C,CK10,CK,h,a,HA,f,3,0,22,C_CK_CK10
C,CK10,CK,h,a,HA,f,4,0,22,C_CK_CK10
C,CK10,CK,h,a,HA,f,5,0,22,C_CK_CK10
C,CK10,CK,h,a,HA,f,6,0,22,C_CK_CK10
C,CK10,CK,h,a,HA,f,7,0,22,C_CK_CK10
C,CK10,CK,h,a,HA,f,8,0,22,C_CK_CK10
C,CK10,CK,h,a,HA,f,9,0,22,C_CK_CK10
C,CK10,CK,h,a,HA,f,10,0,22,C_CK_CK10
C,CK10,CK,h,a,HA,f,11,0,22,C_CK_CK10
C,CK10,CK,h,a,HA,f,12,0,22,C_CK_CK10
C,CK10,CK,h,a,HA,f,13,0,22,C_CK_CK10
C,CK10,CK,h,a,HA,f,14,0,22,C_CK_CK10
C,CK10,CK,h,a,HA,f,15,0,22,C_CK_CK10
C,CK10,CK,h,a,HA,f,16,1,22,C_CK_CK10
C,CK10,CK,h,a,HA,f,17,0,22,C_CK_CK10
C,CK10,CK,h,a,HA,f,18,1,22,C_CK_CK10
C,CK10,CK,h,a,HA,f,19,1,22,C_CK_CK10
C,CK10,CK,h,a,HA,f,20,1,22,C_CK_CK10
C,CK10,CK,h,a,HA,f,21,0,22,C_CK_CK10
A,AD19,AD,h,a,HA,f,1,0,23,A_AD_AD19
A,AD19,AD,h,a,HA,f,2,0,23,A_AD_AD19
A,AD19,AD,h,a,HA,f,3,0,23,A_AD_AD19
A,AD19,AD,h,a,HA,f,4,0,23,A_AD_AD19
A,AD19,AD,h,a,HA,f,5,0,23,A_AD_AD19
A,AD19,AD,h,a,HA,f,6,0,23,A_AD_AD19
A,AD19,AD,h,a,HA,f,7,0,23,A_AD_AD19
A,AD19,AD,h,a,HA,f,8,0,23,A_AD_AD19
A,AD19,AD,h,a,HA,f,9,0,23,A_AD_AD19
A,AD19,AD,h,a,HA,f,10,1,23,A_AD_AD19
A,AD19,AD,h,a,HA,f,11,0,23,A_AD_AD19
A,AD19,AD,h,a,HA,f,12,0,23,A_AD_AD19
A,AD19,AD,h,a,HA,f,13,0,23,A_AD_AD19
A,AD19,AD,h,a,HA,f,14,1,23,A_AD_AD19
A,AD19,AD,h,a,HA,f,15,0,23,A_AD_AD19
A,AD19,AD,h,a,HA,f,16,0,23,A_AD_AD19
A,AD19,AD,h,a,HA,f,17,0,23,A_AD_AD19
A,AD19,AD,h,a,HA,f,18,0,23,A_AD_AD19
A,AD19,AD,h,a,HA,f,19,0,23,A_AD_AD19
A,AD19,AD,h,a,HA,f,20,1,23,A_AD_AD19
A,AD19,AD,h,a,HA,f,21,0,23,A_AD_AD19
A,AD19,AD,h,a,HA,f,22,0,23,A_AD_AD19
A,AE4,AE,h,a,HA,f,1,0,23,A_AE_AE4
A,AE4,AE,h,a,HA,f,2,0,23,A_AE_AE4
A,AE4,AE,h,a,HA,f,3,0,23,A_AE_AE4
A,AE4,AE,h,a,HA,f,4,0,23,A_AE_AE4
A,AE4,AE,h,a,HA,f,5,0,23,A_AE_AE4
A,AE4,AE,h,a,HA,f,6,0,23,A_AE_AE4
A,AE4,AE,h,a,HA,f,7,0,23,A_AE_AE4
A,AE4,AE,h,a,HA,f,8,0,23,A_AE_AE4
A,AE4,AE,h,a,HA,f,9,0,23,A_AE_AE4
A,AE4,AE,h,a,HA,f,10,0,23,A_AE_AE4
A,AE4,AE,h,a,HA,f,11,0,23,A_AE_AE4
A,AE4,AE,h,a,HA,f,12,0,23,A_AE_AE4
A,AE4,AE,h,a,HA,f,13,0,23,A_AE_AE4
A,AE4,AE,h,a,HA,f,14,0,23,A_AE_AE4
A,AE4,AE,h,a,HA,f,15,0,23,A_AE_AE4
A,AE4,AE,h,a,HA,f,16,0,23,A_AE_AE4
A,AE4,AE,h,a,HA,f,17,0,23,A_AE_AE4
A,AE4,AE,h,a,HA,f,18,0,23,A_AE_AE4
A,AE4,AE,h,a,HA,f,19,0,23,A_AE_AE4
A,AE4,AE,h,a,HA,f,20,0,23,A_AE_AE4
A,AE4,AE,h,a,HA,f,21,0,23,A_AE_AE4
A,AE4,AE,h,a,HA,f,22,0,23,A_AE_AE4
A,AN3,AN,h,a,HA,f,1,0,23,A_AN_AN3
A,AN3,AN,h,a,HA,f,2,0,23,A_AN_AN3
A,AN3,AN,h,a,HA,f,3,0,23,A_AN_AN3
A,AN3,AN,h,a,HA,f,4,0,23,A_AN_AN3
A,AN3,AN,h,a,HA,f,5,0,23,A_AN_AN3
A,AN3,AN,h,a,HA,f,6,0,23,A_AN_AN3
A,AN3,AN,h,a,HA,f,7,0,23,A_AN_AN3
A,AN3,AN,h,a,HA,f,8,0,23,A_AN_AN3
A,AN3,AN,h,a,HA,f,9,0,23,A_AN_AN3
A,AN3,AN,h,a,HA,f,10,0,23,A_AN_AN3
A,AN3,AN,h,a,HA,f,11,0,23,A_AN_AN3
A,AN3,AN,h,a,HA,f,12,0,23,A_AN_AN3
A,AN3,AN,h,a,HA,f,13,0,23,A_AN_AN3
A,AN3,AN,h,a,HA,f,14,0,23,A_AN_AN3
A,AN3,AN,h,a,HA,f,15,0,23,A_AN_AN3
A,AN3,AN,h,a,HA,f,16,0,23,A_AN_AN3
A,AN3,AN,h,a,HA,f,17,0,23,A_AN_AN3
A,AN3,AN,h,a,HA,f,18,0,23,A_AN_AN3
A,AN3,AN,h,a,HA,f,19,0,23,A_AN_AN3
A,AN3,AN,h,a,HA,f,20,0,23,A_AN_AN3
A,AN3,AN,h,a,HA,f,21,0,23,A_AN_AN3
A,AN3,AN,h,a,HA,f,22,0,23,A_AN_AN3
A,AX9,AX,h,a,HA,f,1,0,23,A_AX_AX9
A,AX9,AX,h,a,HA,f,2,0,23,A_AX_AX9
A,AX9,AX,h,a,HA,f,3,0,23,A_AX_AX9
A,AX9,AX,h,a,HA,f,4,0,23,A_AX_AX9
A,AX9,AX,h,a,HA,f,5,0,23,A_AX_AX9
A,AX9,AX,h,a,HA,f,6,0,23,A_AX_AX9
A,AX9,AX,h,a,HA,f,7,0,23,A_AX_AX9
A,AX9,AX,h,a,HA,f,8,0,23,A_AX_AX9
A,AX9,AX,h,a,HA,f,9,0,23,A_AX_AX9
A,AX9,AX,h,a,HA,f,10,0,23,A_AX_AX9
A,AX9,AX,h,a,HA,f,11,0,23,A_AX_AX9
A,AX9,AX,h,a,HA,f,12,0,23,A_AX_AX9
A,AX9,AX,h,a,HA,f,13,0,23,A_AX_AX9
A,AX9,AX,h,a,HA,f,14,0,23,A_AX_AX9
A,AX9,AX,h,a,HA,f,15,0,23,A_AX_AX9
A,AX9,AX,h,a,HA,f,16,0,23,A_AX_AX9
A,AX9,AX,h,a,HA,f,17,0,23,A_AX_AX9
A,AX9,AX,h,a,HA,f,18,0,23,A_AX_AX9
A,AX9,AX,h,a,HA,f,19,0,23,A_AX_AX9
A,AX9,AX,h,a,HA,f,20,0,23,A_AX_AX9
A,AX9,AX,h,a,HA,f,21,1,23,A_AX_AX9
A,AX9,AX,h,a,HA,f,22,0,23,A_AX_AX9
B,BR2,BR,h,a,HA,f,1,14,23,B_BR_BR2
B,BR2,BR,h,a,HA,f,2,10,23,B_BR_BR2
B,BR2,BR,h,a,HA,f,3,11,23,B_BR_BR2
B,BR2,BR,h,a,HA,f,4,7,23,B_BR_BR2
B,BR2,BR,h,a,HA,f,5,2,23,B_BR_BR2
B,BR2,BR,h,a,HA,f,6,0,23,B_BR_BR2
B,BR2,BR,h,a,HA,f,7,0,23,B_BR_BR2
B,BR2,BR,h,a,HA,f,8,0,23,B_BR_BR2
B,BR2,BR,h,a,HA,f,9,2,23,B_BR_BR2
B,BR2,BR,h,a,HA,f,10,0,23,B_BR_BR2
B,BR2,BR,h,a,HA,f,11,0,23,B_BR_BR2
B,BR2,BR,h,a,HA,f,12,2,23,B_BR_BR2
B,BR2,BR,h,a,HA,f,13,1,23,B_BR_BR2
B,BR2,BR,h,a,HA,f,14,0,23,B_BR_BR2
B,BR2,BR,h,a,HA,f,15,0,23,B_BR_BR2
B,BR2,BR,h,a,HA,f,16,0,23,B_BR_BR2
B,BR2,BR,h,a,HA,f,17,0,23,B_BR_BR2
B,BR2,BR,h,a,HA,f,18,0,23,B_BR_BR2
B,BR2,BR,h,a,HA,f,19,3,23,B_BR_BR2
B,BR2,BR,h,a,HA,f,20,0,23,B_BR_BR2
B,BR2,BR,h,a,HA,f,21,0,23,B_BR_BR2
B,BR2,BR,h,a,HA,f,22,0,23,B_BR_BR2
B,BR2,BR,h,a,HA,f,23,0,23,B_BR_BR2
C,CH8,CH,h,a,HA,f,1,0,23,C_CH_CH8
C,CH8,CH,h,a,HA,f,2,0,23,C_CH_CH8
C,CH8,CH,h,a,HA,f,3,0,23,C_CH_CH8
C,CH8,CH,h,a,HA,f,4,0,23,C_CH_CH8
C,CH8,CH,h,a,HA,f,5,0,23,C_CH_CH8
C,CH8,CH,h,a,HA,f,6,0,23,C_CH_CH8
C,CH8,CH,h,a,HA,f,7,0,23,C_CH_CH8
C,CH8,CH,h,a,HA,f,8,0,23,C_CH_CH8
C,CH8,CH,h,a,HA,f,9,1,23,C_CH_CH8
C,CH8,CH,h,a,HA,f,10,0,23,C_CH_CH8
C,CH8,CH,h,a,HA,f,11,0,23,C_CH_CH8
C,CH8,CH,h,a,HA,f,12,0,23,C_CH_CH8
C,CH8,CH,h,a,HA,f,13,0,23,C_CH_CH8
C,CH8,CH,h,a,HA,f,14,0,23,C_CH_CH8
C,CH8,CH,h,a,HA,f,15,0,23,C_CH_CH8
C,CH8,CH,h,a,HA,f,16,0,23,C_CH_CH8
C,CH8,CH,h,a,HA,f,17,0,23,C_CH_CH8
C,CH8,CH,h,a,HA,f,18,0,23,C_CH_CH8
C,CH8,CH,h,a,HA,f,19,0,23,C_CH_CH8
C,CH8,CH,h,a,HA,f,20,0,23,C_CH_CH8
C,CH8,CH,h,a,HA,f,21,0,23,C_CH_CH8
C,CH8,CH,h,a,HA,f,22,0,23,C_CH_CH8
C,CH8,CH,h,a,HA,f,23,0,23,C_CH_CH8
C,CB25,CB,h,a,HA,f,1,0,24,C_CB_CB25
C,CB25,CB,h,a,HA,f,2,0,24,C_CB_CB25
C,CB25,CB,h,a,HA,f,3,0,24,C_CB_CB25
C,CB25,CB,h,a,HA,f,4,0,24,C_CB_CB25
C,CB25,CB,h,a,HA,f,5,0,24,C_CB_CB25
C,CB25,CB,h,a,HA,f,6,0,24,C_CB_CB25
C,CB25,CB,h,a,HA,f,7,0,24,C_CB_CB25
C,CB25,CB,h,a,HA,f,8,0,24,C_CB_CB25
C,CB25,CB,h,a,HA,f,9,0,24,C_CB_CB25
C,CB25,CB,h,a,HA,f,10,0,24,C_CB_CB25
C,CB25,CB,h,a,HA,f,11,0,24,C_CB_CB25
C,CB25,CB,h,a,HA,f,12,0,24,C_CB_CB25
C,CB25,CB,h,a,HA,f,13,0,24,C_CB_CB25
C,CB25,CB,h,a,HA,f,14,0,24,C_CB_CB25
C,CB25,CB,h,a,HA,f,15,0,24,C_CB_CB25
C,CB25,CB,h,a,HA,f,16,0,24,C_CB_CB25
C,CB25,CB,h,a,HA,f,17,0,24,C_CB_CB25
C,CB25,CB,h,a,HA,f,18,0,24,C_CB_CB25
C,CB25,CB,h,a,HA,f,19,0,24,C_CB_CB25
C,CB25,CB,h,a,HA,f,20,0,24,C_CB_CB25
C,CB25,CB,h,a,HA,f,21,0,24,C_CB_CB25
C,CB25,CB,h,a,HA,f,22,0,24,C_CB_CB25
C,CB25,CB,h,a,HA,f,23,0,24,C_CB_CB25
C,CB25,CB,h,a,HA,f,24,0,24,C_CB_CB25
C,CU4,CU,h,a,HA,f,1,0,25,C_CU_CU4
C,CU4,CU,h,a,HA,f,2,0,25,C_CU_CU4
C,CU4,CU,h,a,HA,f,3,0,25,C_CU_CU4
C,CU4,CU,h,a,HA,f,4,0,25,C_CU_CU4
C,CU4,CU,h,a,HA,f,5,0,25,C_CU_CU4
C,CU4,CU,h,a,HA,f,6,0,25,C_CU_CU4
C,CU4,CU,h,a,HA,f,7,0,25,C_CU_CU4
C,CU4,CU,h,a,HA,f,8,0,25,C_CU_CU4
C,CU4,CU,h,a,HA,f,9,0,25,C_CU_CU4
C,CU4,CU,h,a,HA,f,10,0,25,C_CU_CU4
C,CU4,CU,h,a,HA,f,11,0,25,C_CU_CU4
C,CU4,CU,h,a,HA,f,12,0,25,C_CU_CU4
C,CU4,CU,h,a,HA,f,13,0,25,C_CU_CU4
C,CU4,CU,h,a,HA,f,14,0,25,C_CU_CU4
C,CU4,CU,h,a,HA,f,15,0,25,C_CU_CU4
C,CU4,CU,h,a,HA,f,16,0,25,C_CU_CU4
C,CU4,CU,h,a,HA,f,17,0,25,C_CU_CU4
C,CU4,CU,h,a,HA,f,18,0,25,C_CU_CU4
C,CU4,CU,h,a,HA,f,19,0,25,C_CU_CU4
C,CU4,CU,h,a,HA,f,20,1,25,C_CU_CU4
C,CU4,CU,h,a,HA,f,21,1,25,C_CU_CU4
C,CU4,CU,h,a,HA,f,22,0,25,C_CU_CU4
C,CU4,CU,h,a,HA,f,23,0,25,C_CU_CU4
C,CU4,CU,h,a,HA,f,24,0,25,C_CU_CU4
C,CU4,CU,h,a,HA,f,25,0,25,C_CU_CU4
B,BU16,BU,h,a,HA,f,1,0,35,B_BU_BU16
B,BU16,BU,h,a,HA,f,2,0,35,B_BU_BU16
B,BU16,BU,h,a,HA,f,3,0,35,B_BU_BU16
B,BU16,BU,h,a,HA,f,4,0,35,B_BU_BU16
B,BU16,BU,h,a,HA,f,5,0,35,B_BU_BU16
B,BU16,BU,h,a,HA,f,6,0,35,B_BU_BU16
B,BU16,BU,h,a,HA,f,7,0,35,B_BU_BU16
B,BU16,BU,h,a,HA,f,8,0,35,B_BU_BU16
B,BU16,BU,h,a,HA,f,9,0,35,B_BU_BU16
B,BU16,BU,h,a,HA,f,10,0,35,B_BU_BU16
B,BU16,BU,h,a,HA,f,11,0,35,B_BU_BU16
B,BU16,BU,h,a,HA,f,12,0,35,B_BU_BU16
B,BU16,BU,h,a,HA,f,13,0,35,B_BU_BU16
B,BU16,BU,h,a,HA,f,14,0,35,B_BU_BU16
B,BU16,BU,h,a,HA,f,15,0,35,B_BU_BU16
B,BU16,BU,h,a,HA,f,16,0,35,B_BU_BU16
B,BU16,BU,h,a,HA,f,17,0,35,B_BU_BU16
B,BU16,BU,h,a,HA,f,18,0,35,B_BU_BU16
B,BU16,BU,h,a,HA,f,19,0,35,B_BU_BU16
B,BU16,BU,h,a,HA,f,20,0,35,B_BU_BU16
B,BU16,BU,h,a,HA,f,21,1,35,B_BU_BU16
B,BU16,BU,h,a,HA,f,22,0,35,B_BU_BU16
B,BU16,BU,h,a,HA,f,23,0,35,B_BU_BU16
B,BU16,BU,h,a,HA,f,24,0,35,B_BU_BU16
B,BU16,BU,h,a,HA,f,25,0,35,B_BU_BU16
B,BU16,BU,h,a,HA,f,26,0,35,B_BU_BU16
B,BU16,BU,h,a,HA,f,27,0,35,B_BU_BU16
B,BU16,BU,h,a,HA,f,28,1,35,B_BU_BU16
B,BU16,BU,h,a,HA,f,29,0,35,B_BU_BU16
B,BU16,BU,h,a,HA,f,30,0,35,B_BU_BU16
B,BU16,BU,h,a,HA,f,31,1,35,B_BU_BU16
B,BU16,BU,h,a,HA,f,32,0,35,B_BU_BU16
B,BU16,BU,h,a,HA,f,33,0,35,B_BU_BU16
B,BU16,BU,h,a,HA,f,34,0,35,B_BU_BU16
B,BU16,BU,h,a,HA,f,35,0,35,B_BU_BU16
