NestID,Year,Female ID,Reproductive Age,Clutch Number,Julian Oviposition Date,Clutch size,Depredated?,Number Alive Hatchlings,Plastron Length (mm),Avg Egg Mass (g),Total Clutch Mass (g),Avg Hatchling Mass (g),Nest distance to water (meter),Nest canopy cover (S + W)
1997002,1997,622,1,1,159,7,NO,5,146,6.62,46.33,3.89,70,103
1997008,1997,624,1,1,161,12,YES,0,167,7.61,91.27,,26,25
1997010,1997,617,1,1,161,11,NO,11,166,8.07,88.82,5.49,32,115
1997015,1997,619,1,1,161,7,YES,0,152,6.16,43.1,,33,126
1997020,1997,417,1,1,162,9,NO,9,154,7.25,65.29,4.79,76,163
1997025,1997,618,1,1,162,10,NO,10,156,7.06,70.61,4.92,19,26
1997026,1997,234,1,1,162,8,NO,8,150,6,48.03,3.99,16,59
1997031,1997,156,1,1,163,10,NO,2,153,6.08,60.82,4.79,44,17
1997032,1997,402,1,1,163,14,NO,14,UNK,7.69,107.6,5.11,10,23
1997033,1997,620,1,1,163,12,YES,0,157,7.11,85.37,,5,2
1997034,1997,625,1,1,163,13,NO,13,157,6.15,80.01,4.4,46,111
1997035,1997,631,1,1,163,9,NO,6,144,6.39,57.49,3.77,50,68
1997038,1997,488,1,1,163,10,NO,7,145,5.59,55.91,3.83,20,34
1997039,1997,633,1,1,163,11,YES,0,153,4.7,51.75,,6,3
1997041,1997,635,1,1,163,11,NO,9,153,5.55,61.07,3.68,20,81
1997042,1997,637,1,1,164,9,NO,8,143,5.87,52.83,3.68,33,58
1997043,1997,626,1,1,164,12,NO,9,150,6.57,78.81,4.56,44,32
1997044,1997,629,1,1,164,11,NO,8,156,6.51,71.56,4.24,44,56
1997051,1997,630,1,1,164,8,NO,7,139,5.98,47.81,3.9,21,98
1997055,1997,201,1,1,164,15,NO,7,158,5.88,88.25,4.49,12,51
1997061,1997,57,1,1,166,10,NO,10,154,7.13,71.31,5.01,38,138
1997065,1997,646,1,1,167,11,NO,10,169,8.01,88.12,5.24,39,167
1997066,1997,248,1,1,167,11,NO,9,156,6.81,74.96,4.59,52,151
1997068,1997,648,1,1,167,10,NO,2,148,5.91,59.06,2.92,68,114
1997069,1997,148,1,1,167,12,NO,10,153,6.38,76.56,4.29,29,52
1997071,1997,649,1,1,167,10,NO,9,139,7.03,70.32,4.72,63,83
1997074,1997,650,1,1,167,8,NO,4,145,5.75,46.03,3.54,32,155
1997077,1997,643,1,1,169,11,NO,9,154,6.6,72.6,4.73,68,85
1997079,1997,644,1,1,169,8,NO,8,145,6.61,52.9,4.29,10,87
1997085,1997,642,1,1,170,7,NO,7,139,5.85,40.92,3.6,13,40
1997089,1997,111,1,1,170,12,YES,0,156,7.1,85.21,,8,53
1997090,1997,645,1,1,170,8,NO,7,152,6.83,54.6,4.52,11,35
1997091,1997,689,1,1,171,9,NO,4,148,5.34,48.06,2.56,3,37
1997095,1997,235,1,1,171,14,NO,14,165,6.26,87.64,4.24,9,110
1997096,1997,698,1,1,172,13,YES,0,146,5.25,68.22,,45,60
1997099,1997,704,1,1,173,13,YES,0,155,5.57,72.37,,39,135
1997101,1997,234,1,2,173,10,NO,5,150,5.55,55.47,3.69,54,47
1997103,1997,624,1,2,174,16,NO,15,167,6.86,109.69,4.4,12,53
1997107,1997,87,1,1,174,10,NO,9,153,6.22,62.22,3.92,5,74
1997112,1997,705,1,1,174,9,NO,7,157,4.53,40.77,3.15,7,98
1997114,1997,637,1,2,175,12,NO,9,144,5.06,60.66,3.39,10,115
1997118,1997,631,1,2,175,9,NO,9,145,6.46,58.18,4.21,25,63
1997119,1997,706,1,1,175,9,NO,9,146,5.98,53.81,3.94,9,89
1997145,1997,696,1,1,175,8,NO,4,148,5.36,42.88,3.67,15,30
1997149,1997,199,1,1,175,9,NO,5,150,6.03,54.3,4.3,6,64
1997157,1997,629,1,2,176,16,YES,0,156,5.87,93.99,,27,90
1997159,1997,626,1,2,176,8,NO,1,151,6.22,49.74,3.25,35,16
1997161,1997,648,1,2,176,10,YES,0,148,5.73,57.31,,25,117
1997166,1997,646,1,2,177,9,YES,UNK,169,7.46,67.13,4.87,41,63
1997170,1997,57,1,2,177,7,NO,7,155,6.79,47.5,3.8,59,43
1997171,1997,24,1,1,178,15,NO,14,173,7.58,113.77,4.5,47,50
1997178,1997,697,1,1,180,10,NO,0,165,5.34,53.36,,1,62
1997187,1997,709,1,1,181,10,YES,0,158,6.2,62,,25,115
1997195,1997,111,1,2,182,9,YES,0,156,6.69,60.22,,4,31
1997196,1997,713,1,1,182,11,NO,9,161,5.75,63.27,3.18,17,54
1998008,1998,585,1,1,147,11,YES,0,171,7.57,83.3,,5,27
1998009,1998,714,1,1,147,UNK,YES,0,148,UNK,UNK,,8,143
1998012,1998,502,1,1,147,5,NO,3,155,7.36,36.82,3.7,13,163
1998015,1998,299,1,1,147,12,NO,11,175,7.31,87.7,3.63,UNK,113
1998018,1998,623,1,1,148,12,NO,11,153,5.77,69.24,4.71,35,79
1998021,1998,715,1,1,148,15,NO,13,160,5.87,88.09,3.44,9,28
1998025,1998,716,1,1,148,12,NO,3,153,5.94,71.24,3.65,51,115
1998031,1998,487,1,1,148,13,YES,0,161,5.9,76.71,,35,87
1998045,1998,710,1,1,150,8,NO,8,143,7.09,56.74,4.21,19,88
1998047,1998,711,1,1,150,9,YES,0,152,6.52,58.69,,9,85
1998048,1998,725,1,1,151,7,YES,0,148,5.78,40.43,,4,129
1998049,1998,712,1,1,151,14,NO,10,169,6.82,95.5,4.66,UNK,129
1998050,1998,718,1,1,152,11,NO,11,136,3.84,42.24,2.65,UNK,104
1998053,1998,515,1,1,153,15,NO,10,176,6.8,102.02,4.2,33,79
1998054,1998,576,1,1,153,13,NO,0,151,5.97,77.62,,79,96
1998082,1998,726,1,1,161,8,NO,8,151,6.69,53.48,4.21,14,28
1998087,1998,727,1,1,161,9,YES,0,140,5.02,45.22,,5,57
1998089,1998,16,1,1,161,12,NO,9,152,7.56,90.68,5.34,12,97
1998100,1998,728,1,1,165,14,NO,11,159,5.2,72.82,3.69,32,121
1998110,1998,729,1,1,167,12,NO,11,157,5.99,71.88,3.57,23,146
1998119,1998,723,1,1,167,12,NO,1,146,6,72.01,3.47,UNK,94
1998121,1998,724,1,1,167,15,NO,0,157,5.58,83.71,,10,61
1998126,1998,715,1,2,168,15,NO,13,161,4.94,74.16,3.2,26,117
1998133,1998,623,1,2,169,UNK,YES,0,153,UNK,UNK,,UNK,UNK
1998136,1998,255,1,1,169,10,NO,10,158,6.84,68.35,4.25,UNK,77
1998145,1998,258,1,1,171,12,NO,12,160,5.48,65.7,3.54,11,64
1998148,1998,259,1,1,172,12,NO,12,149,5.48,65.71,3.43,45,67
1998149,1998,299,1,2,172,17,YES,0,175,6.25,106.22,,14,80
1998157,1998,261,1,1,174,7,NO,5,136,2.42,16.97,2.63,UNK,111
1998159,1998,262,1,1,175,12,YES,0,158,6.33,75.97,,8,36
1998161,1998,256,1,1,175,10,NO,3,167,6.77,67.71,UNK,71,23
1998168,1998,16,1,2,176,12,NO,12,152,7.43,89.17,4.93,10,69
1998169,1998,257,1,1,177,12,YES,0,165,5.82,69.79,,8,90
1998172,1998,576,1,2,178,7,NO,3,153,6.42,44.94,3.39,74,153
1998175,1998,20,1,1,178,9,NO,9,154,5.73,51.56,3.75,10,99
1998180,1998,723,1,2,179,9,YES,0,146,6.05,54.45,,20,72
1998181,1998,260,1,1,179,7,YES,0,144,6.4,44.83,,12,38
1998183,1998,127,1,1,179,9,YES,0,149,6.08,54.69,,5,90
1998190,1998,472,1,1,180,11,YES,0,155,5.88,64.67,,1,6
1998194,1998,623,1,3,181,10,NO,9,153,5.45,54.47,UNK,62,102
1999011,1999,885,1,1,148,11,NO,11,155,6.77,74.44,4.59,12,47
1999017,1999,708,1,1,149,12,YES,0,167,7.04,84.44,,12,42
1999024,1999,263,1,1,150,10,YES,0,156,6.47,64.74,,61,118
1999025,1999,267,1,1,150,12,YES,0,161,5.97,71.62,,7,100
1999031,1999,268,1,1,151,11,YES,0,158,7.6,83.61,,56,147
1999047,1999,269,1,1,151,11,YES,0,153,7.01,77.09,,12,123
1999052,1999,555,1,1,151,13,YES,0,179,7.81,101.5,,0,4
1999053,1999,270,1,1,151,11,NO,1,166,6.99,76.87,3.95,4,110
1999054,1999,264,1,1,151,9,YES,0,164,7.75,69.79,,11,102
1999055,1999,265,1,1,151,7,NO,5,144,6.35,44.44,3.77,14,70
1999065,1999,563,1,1,151,UNK,YES,0,154,UNK,UNK,,74,159
1999067,1999,266,1,1,152,11,YES,0,154,7.22,79.38,,31,154
1999073,1999,303,1,1,153,11,NO,9,158,6.72,73.94,4.19,24,39
1999076,1999,304,1,1,153,10,YES,0,144,5.81,58.05,,53,85
1999084,1999,305,1,1,156,12,YES,0,165,6.47,77.61,,64,68
1999092,1999,306,1,1,157,10,YES,0,148,6.72,67.18,,41,48
1999097,1999,478,1,1,160,8,YES,0,171,8.08,64.67,,78,93
1999102,1999,300,1,1,161,12,NO,7,174,8.24,98.83,5.59,31,114
1999103,1999,301,1,1,161,11,NO,8,151,5.02,55.25,3.28,33,39
1999109,1999,302,1,1,162,14,YES,0,152,6.25,87.53,,29,161
1999112,1999,145,1,1,162,8,YES,0,141,5.57,44.54,,10,73
1999132,1999,267,1,2,168,11,YES,0,UNK,6.28,69.06,,27,36
1999136,1999,139,1,1,171,13,YES,0,167,6.03,78.34,,8,187
1999137,1999,563,1,2,171,5,YES,0,154,7.66,38.3,,60,119
1999147,1999,34,1,1,172,13,YES,0,168,7.02,91.3,,50,81
1999149,1999,140,1,1,172,8,NO,4,141,5.91,47.26,3.48,31,50
1999152,1999,303,1,2,172,12,YES,0,UNK,5.99,71.87,,2,143
1999154,1999,141,1,1,173,10,YES,0,145,5.76,57.56,,0,33
1999163,1999,304,1,2,174,12,YES,0,UNK,5.7,68.42,,28,114
1999166,1999,153,1,1,174,13,YES,0,144,3.06,39.81,,31,98
1999167,1999,154,1,1,174,8,YES,0,UNK,4.75,37.96,,1,17
1999175,1999,155,1,1,176,9,YES,0,147,4.66,41.94,,9,65
1999186,1999,306,1,2,178,8,YES,0,UNK,6.39,51.14,,0,53
1999194,1999,151,1,1,179,11,YES,0,152,4.11,45.25,,13,67
1999202,1999,226,1,1,179,13,YES,0,176,6.55,85.09,,2,12
1999204,1999,157,1,1,180,13,YES,0,166,6,78.03,,4,6
1999207,1999,158,1,1,181,12,NO,12,168,5.06,60.68,3.32,6,33
2000005,2000,26,1,1,144,13,NO,13,UNK,5.64,73.28,3.75,35,124
2000022,2000,165,1,1,151,10,NO,10,UNK,6.67,66.7,3.57,UNK,12
2000025,2000,173,1,1,151,11,NO,4,140,3.99,43.89,1.75,10,56
2000036,2000,174,1,1,153,12,NO,0,140,4.05,48.54,,58,90
2000055,2000,176,1,1,160,10,YES,0,UNK,3.99,39.86,,59,72
2000056,2000,177,1,1,160,10,NO,1,164,6.04,60.41,4.03,10,78
2000066,2000,178,1,1,161,14,NO,2,165,4.11,57.59,2.56,4,53
2000067,2000,184,1,1,161,11,NO,0,148,4.65,51.13,,11,53
2000070,2000,181,1,1,162,9,YES,0,141,5.45,49.04,,6,0
2000083,2000,182,1,1,163,11,NO,4,144,3.91,42.97,2.02,17,77
2000084,2000,183,1,1,163,7,NO,3,135,4.72,33.01,1.97,14,25
2000091,2000,168,1,1,167,7,YES,0,135,3.99,27.91,,3,166
2000097,2000,169,1,1,168,8,YES,0,147,4.55,36.38,,45,121
2000100,2000,192,1,1,170,UNK,YES,0,146,UNK,UNK,,3,82
2000103,2000,193,1,1,170,UNK,YES,0,137,UNK,UNK,,9,129
2000119,2000,194,1,1,171,10,NO,3,154,5.03,51.31,2.24,53,65
2000122,2000,190,1,1,172,6,NO,1,145,6.16,36.96,3.52,28,90
2000141,2000,178,1,2,175,9,YES,0,165,5.44,48.99,,11,67
2000149,2000,174,1,2,177,8,YES,0,140,4.48,35.84,,68,46
2000153,2000,206,1,1,177,8,YES,0,156,5.04,40.29,,82,103
2000158,2000,203,1,1,178,13,YES,0,163,6.76,87.84,,17,31
2000163,2000,204,1,1,178,11,YES,0,149,4.35,47.87,,36,60
2000169,2000,212,1,1,181,10,YES,0,145,4.17,41.67,,13,11
2001001,2001,384,1,1,158,10,YES,0,158,7.14,71.4,,25,119
2001009,2001,2,1,1,159,11,YES,0,150,6.02,66.24,,38,71
2001015,2001,209,1,1,159,15,YES,0,174,7.81,117.13,,38,75
2001017,2001,211,1,1,160,11,YES,0,159,6.5,71.51,,37,88
2001019,2001,215,1,1,160,11,YES,0,UNK,5.31,58.42,,29,69
2001025,2001,216,1,1,160,12,YES,0,148,4.6,55.24,,24,145
2001027,2001,214,1,1,160,9,NO,6,162,7.19,64.67,4.05,35,49
2001028,2001,211,1,1,160,11,YES,0,163,4.57,50.24,,32,75
2001038,2001,166,1,1,160,10,YES,0,166,7.79,77.89,,72,82
2001052,2001,164,1,1,161,11,YES,0,148,4.34,47.78,,9,80
2001062,2001,220,1,1,161,13,NO,3,139,6.35,82.58,2.5,13,84
2001063,2001,215,1,1,161,9,YES,0,135,4.79,43.15,,13,98
2001067,2001,647,1,1,161,11,YES,0,172,8.31,91.4,,72,141
2001068,2001,218,1,1,161,11,YES,0,152,5.64,62.03,,71,158
2001072,2001,219,1,1,161,12,YES,0,143,5.04,60.42,,54,38
2001081,2001,196,1,1,162,15,YES,0,159,5.91,88.72,,74,35
2001082,2001,198,1,1,162,9,YES,0,152,5.16,46.43,,56,60
2001086,2001,189,1,1,162,11,YES,0,151,5.39,59.3,,16,34
2001088,2001,46,1,1,163,14,YES,0,163,7.28,101.91,,65,8
2001089,2001,227,1,1,163,11,YES,0,143,4.78,52.61,,14,6
2001090,2001,229,1,1,163,11,YES,0,137,4.54,49.89,,45,38
2001091,2001,223,1,1,163,11,NO,1,162,7.62,83.77,4.47,12,47
2001092,2001,222,1,1,163,13,YES,0,143,4.1,53.32,,7,23
2001093,2001,228,1,1,163,11,YES,0,152,6.44,70.87,,8,96
2001094,2001,144,1,1,163,10,YES,0,150,4.81,48.14,,10,45
2001096,2001,482,1,1,164,9,YES,0,143,5.74,51.63,,41,110
2001097,2001,55,1,1,164,11,YES,0,159,6.96,76.56,,68,162
2001100,2001,224,1,1,164,11,YES,0,151,7.89,86.74,,41,58
2001101,2001,225,1,1,164,15,YES,0,142,4.22,63.27,,UNK,31
2001102,2001,239,1,1,164,13,YES,0,153,5.19,67.52,,38,32
2001103,2001,240,1,1,164,9,YES,0,140,4.9,44.14,,68,43
2001109,2001,483,1,1,165,8,YES,0,141,5.14,41.14,,10,109
2001110,2001,56,1,1,166,UNK,YES,0,165,UNK,UNK,,UNK,UNK
2001112,2001,241,1,1,167,11,YES,0,152,4.64,51.08,,20,96
2001114,2001,60,1,1,167,15,YES,0,171,6.89,103.4,,73,58
2001116,2001,64,1,1,168,10,YES,0,145,4.28,42.81,,14,47
2001117,2001,71,1,1,169,8,YES,0,139,5.13,41.01,,66,26
2001134,2001,209,1,2,172,11,YES,0,UNK,8.11,89.19,,8,32
2001141,2001,49,1,1,173,8,YES,0,173,7.65,61.22,,11,35
2001142,2001,48,1,1,173,13,YES,0,163,4.81,62.53,,8,82
2001143,2001,25,1,1,173,10,NO,9,167,8.18,81.82,5.37,5,94
2001152,2001,51,1,1,174,13,YES,0,150,4.14,53.76,,7,24
2001153,2001,236,1,1,174,8,YES,0,140,5.75,45.96,,9,131
2001160,2001,237,1,1,175,8,YES,0,151,5.98,47.85,,1,85
2001175,2001,214,1,2,176,7,YES,0,UNK,6.25,43.74,,6,166
2001181,2001,166,1,2,176,9,YES,0,UNK,7.69,69.22,,7,102
2001186,2001,215,1,2,176,8,YES,0,UNK,5.03,40.23,,12,110
2001191,2001,647,1,2,176,12,YES,0,UNK,7.89,94.73,,64,35
2001193,2001,238,1,1,176,8,YES,0,157,7.86,62.85,,0,64
2001195,2001,246,1,1,177,10,YES,0,152,7.21,72.05,,5,37
2001197,2001,196,1,2,177,12,YES,0,UNK,5.8,69.54,,38,98
2001198,2001,164,1,2,177,11,YES,0,UNK,4.47,49.18,,29,49
2001204,2001,223,1,2,177,9,YES,0,UNK,6.58,59.19,,2,41
2001211,2001,247,1,1,177,8,YES,0,137,4.34,34.7,,7,157
2001214,2001,189,1,2,177,8,YES,0,UNK,5.99,47.94,,27,60
2001215,2001,217,1,1,177,13,YES,0,169,6.79,88.24,,80,124
2001217,2001,245,1,1,178,8,YES,0,141,5.63,45.07,,5,67
2001219,2001,252,1,1,178,10,NO,8,153,7.49,74.89,4.73,70,147
2001220,2001,244,1,1,178,7,YES,0,149,5.7,39.89,,40,72
2001224,2001,249,1,1,178,9,NO,2,132,4.16,37.42,2.64,56,91
2001229,2001,250,1,1,179,9,YES,0,150,7.65,68.89,,11,59
2001230,2001,218,1,2,179,7,YES,0,UNK,6.55,45.85,,2,103
2001233,2001,251,1,1,179,12,YES,0,166,5.47,65.66,,2,48
2002003,2002,58,1,1,149,7,NO,4,148,6.55,45.87,4.19,3,9
2002016,2002,65,1,1,151,12,NO,10,151,5.51,66.16,3.71,35,74
2002034,2002,69,1,1,152,11,NO,11,168,7.25,79.75,4.8,21,105
2002043,2002,52,1,1,154,14,NO,7,145,5.34,74.76,2.91,24,50
2002044,2002,42,1,1,154,13,NO,12,148,5.19,67.53,3.44,8,91
2002048,2002,72,1,1,157,11,NO,4,153,5.75,63.27,3.4,17,64
2002050,2002,73,1,1,157,10,NO,7,139,5.66,56.62,3.76,17,49
2002060,2002,18,1,1,159,12,YES,0,160,7.33,87.98,,UNK,94
2002063,2002,84,1,1,159,12,NO,8,UNK,5.05,60.65,3.41,14,29
2002067,2002,68,1,1,160,7,YES,0,141,5.26,36.81,,17,1
2002069,2002,205,1,1,160,11,YES,0,156,5.53,60.84,,84,112
2002071,2002,44,1,1,160,11,NO,5,141,4.71,51.76,2.79,43,65
2002073,2002,43,1,1,160,9,NO,7,138,5.94,53.49,3.98,8,170
2002076,2002,53,1,1,160,11,NO,7,155,5.42,59.63,3.5,1,91
2002085,2002,59,1,1,160,9,NO,0,138,4.4,39.56,,21,68
2002088,2002,54,1,1,160,9,YES,0,142,5.43,48.87,,47,42
2002090,2002,85,1,1,160,9,NO,4,UNK,8.63,77.71,5.24,43,123
2002096,2002,86,1,1,161,8,NO,6,138,5.32,42.56,3.5,23,50
2002098,2002,81,1,1,161,12,NO,7,151,6.35,76.16,4.12,20,89
2002100,2002,82,1,1,161,10,YES,0,UNK,6.11,61.07,,31,91
2002102,2002,83,1,1,161,8,NO,6,141,5.07,35.51,3.07,4,144
2002105,2002,91,1,1,161,9,NO,4,136,5.05,45.41,3.34,39,80
2002106,2002,92,1,1,161,12,YES,0,164,5.99,71.86,,7,32
2002109,2002,88,1,1,161,9,YES,0,146,5.95,53.56,,56,64
2002114,2002,208,1,1,161,9,YES,0,144,5.92,53.24,,4,71
2002115,2002,66,1,1,161,11,NO,9,153,6.83,75.15,4.25,27,108
2002117,2002,89,1,1,161,9,YES,0,135,5.43,48.84,,9,95
2002119,2002,95,1,1,161,12,NO,11,166,7.63,91.52,5.33,9,113
2002124,2002,90,1,1,161,11,NO,8,150,4.97,54.62,3.44,8,82
2002129,2002,97,1,1,161,11,YES,0,161,6.79,74.69,,13,25
2002130,2002,94,1,1,161,8,NO,6,145,5.17,41.34,3.65,45,109
2002133,2002,96,1,1,162,8,NO,8,142,6.49,51.95,3.91,28,109
2002137,2002,99,1,1,162,10,NO,5,148,5.2,51.96,3.38,9,82
2002138,2002,100,1,1,162,6,YES,0,138,5.63,33.75,,20,41
2002139,2002,101,1,1,162,10,NO,7,138,5.14,51.38,3.36,24,161
2002141,2002,76,1,1,162,9,YES,0,135,4.5,40.47,,9,108
2002142,2002,77,1,1,162,10,NO,5,141,5.04,50.35,3.48,11,140
2002144,2002,79,1,1,162,8,YES,0,152,5.58,44.62,,29,98
2002148,2002,106,1,1,162,11,NO,7,146,5.56,61.19,3.24,14,10
2002149,2002,105,1,1,162,13,NO,9,142,4.71,61.27,2.98,4,89
2002150,2002,107,1,1,162,10,YES,0,152,5,49.95,,9,45
2002151,2002,116,1,1,162,11,NO,7,141,3.83,42.14,2.44,25,148
2002152,2002,117,1,1,162,10,YES,0,145,5.12,51.17,,4,39
2002153,2002,108,1,1,162,10,YES,0,150,4.53,45.26,,6,62
2002155,2002,118,1,1,162,10,NO,3,135,4.72,47.17,3.31,12,76
2002163,2002,121,1,1,163,9,YES,0,142,6.31,56.81,,15,102
2002164,2002,122,1,1,164,7,YES,0,UNK,5.31,37.15,,13,4
2002170,2002,119,1,1,166,8,YES,0,134,5.16,41.27,,77,79
2002171,2002,126,1,1,167,13,YES,0,149,4.95,64.32,,12,44
2002176,2002,123,1,1,168,6,YES,0,141,3.87,23.22,,26,47
2002178,2002,124,1,1,168,10,YES,0,135,3.52,35.21,,11,46
2002179,2002,125,1,1,168,12,YES,0,159,7.1,85.14,,0,63
2002180,2002,128,1,1,168,12,YES,0,150,5.43,65.14,,2,90
2002182,2002,129,1,1,169,9,YES,0,144,4.2,37.82,,11,5
2002183,2002,130,1,1,169,12,YES,0,143,4.22,50.67,,8,50
2002187,2002,75,1,1,169,8,NO,2,177,8.21,65.68,5.01,56,57
2002188,2002,109,1,1,169,12,YES,0,160,7.35,88.16,,16,70
2002190,2002,110,1,1,170,8,YES,0,142,5.86,46.84,,2,15
2002191,2002,112,1,1,170,13,YES,0,160,6.07,78.87,,14,131
2002194,2002,436,1,1,170,8,YES,0,136,4.9,39.16,,9,61
2002200,2002,102,1,1,171,3,YES,0,145,4.52,13.55,,7,119
2002204,2002,65,1,2,171,11,YES,0,151,5.59,61.52,,6,94
2002206,2002,103,1,1,171,7,YES,0,135,5.21,36.48,,43,55
2002207,2002,160,1,1,171,13,NO,9,155,7.33,95.24,4.92,14,147
2002213,2002,114,1,1,171,11,NO,7,163,8.06,88.62,5.3,14,29
2002215,2002,45,1,1,171,15,YES,0,157,7.02,105.29,,46,116
2002216,2002,136,1,1,172,9,NO,8,142,5.24,47.19,3.36,27,153
2002221,2002,471,1,1,172,14,YES,0,165,6.35,88.87,,9,1
2002222,2002,115,1,1,172,11,NO,7,134,3.89,42.78,2.5,7,115
2002226,2002,72,1,2,172,13,NO,9,154,5.44,70.73,3.79,10,63
2002228,2002,590,1,1,173,9,NO,9,163,7.41,66.73,4.93,59,35
2002230,2002,438,1,1,173,15,YES,0,169,7.05,105.72,,83,148
2002233,2002,439,1,1,173,11,NO,7,145,4.79,52.65,3.28,11,73
2002234,2002,120,1,1,173,14,NO,12,161,5.88,82.25,4.31,22,126
2002244,2002,52,1,2,174,12,NO,9,145,5.6,67.15,3.64,14,74
2002245,2002,457,1,1,174,15,NO,13,180,6.71,100.62,4.66,11,74
2002246,2002,68,1,2,174,10,NO,2,142,4.6,45.99,2.99,1,101
2002247,2002,458,1,1,174,4,YES,0,140,3.62,14.48,,8,53
2002253,2002,466,1,1,174,10,NO,6,141,3.86,38.63,2.59,10,131
2002254,2002,459,1,1,174,9,NO,5,136,4.42,39.82,2.62,6,34
2002257,2002,463,1,1,174,11,NO,11,UNK,5.75,63.23,4.07,31,75
2002260,2002,473,1,1,174,11,YES,0,145,4.83,53.12,,5,71
2002263,2002,474,1,1,174,10,YES,0,167,4.99,49.88,,1,90
2002264,2002,460,1,1,174,8,NO,1,132,4.29,34.28,2.29,23,59
2002265,2002,44,1,2,174,10,NO,1,142,4.01,40.08,2.41,72,148
2002266,2002,475,1,1,174,13,NO,6,158,4.57,50.32,3.24,41,70
2002267,2002,53,1,2,174,11,NO,7,155,4.93,54.25,3.25,6,114
2002268,2002,18,1,2,174,11,NO,3,160,6.36,69.93,4.8,78,72
2002277,2002,59,1,2,175,9,NO,4,138,4.61,41.49,2.42,14,37
2002281,2002,43,1,2,175,11,NO,6,138,5.39,59.3,3.43,7,160
2002283,2002,208,1,2,175,11,YES,0,145,5.45,60,,9,47
2002284,2002,54,1,2,175,7,NO,5,143,5.35,37.43,3.6,32,76
2002301,2002,205,1,2,176,14,YES,0,156,4.82,67.41,,1,167
2002302,2002,95,1,2,176,14,NO,11,167,6.5,91.02,4.41,30,140
2002308,2002,84,1,2,176,9,NO,3,151,5,45.03,3.2,1,60
2002309,2002,468,1,1,176,9,NO,5,150,5.31,47.78,3.1,30,151
2002316,2002,469,1,1,176,11,NO,8,146,5.21,57.27,3.25,9,33
2002322,2002,451,1,1,177,9,NO,3,143,4.3,38.72,2.47,13,41
2002324,2002,90,1,2,177,15,NO,8,151,4.83,72.38,3.39,26,70
2002325,2002,452,1,1,177,12,NO,8,145,4.7,56.36,3.08,14,22
2002326,2002,179,1,1,177,12,YES,0,171,7.05,84.62,,12,158
2002327,2002,454,1,1,177,10,YES,0,143,4.94,49.41,,12,71
2002328,2002,91,1,2,177,10,NO,6,136,5.02,50.18,3.16,13,37
2002330,2002,86,1,2,177,10,YES,0,139,4.83,48.28,,70,148
2002334,2002,484,1,1,177,9,YES,0,153,6.22,55.95,,9,2
2002338,2002,96,1,2,177,9,NO,0,143,6.22,56.01,,3,189
2002339,2002,470,1,1,177,7,YES,0,141,4.7,32.91,,5,76
2002344,2002,88,1,2,178,10,NO,7,148,5.96,59.62,3.89,55,115
2002346,2002,83,1,2,178,8,NO,4,140,5.83,46.66,3.7,5,57
2002349,2002,485,1,1,178,9,YES,0,146,4.94,44.43,,53,122
2002350,2002,479,1,1,178,15,YES,0,164,5.26,78.9,,41,85
2002351,2002,119,1,2,179,7,NO,7,134,4.73,33.1,3.14,35,28
2002353,2002,94,1,2,179,10,NO,8,145,5.17,51.66,3.58,12,78
2002358,2002,578,1,1,180,12,NO,6,171,6.49,77.87,4.11,26,88
2002359,2002,480,1,1,180,10,YES,0,153,4.86,48.63,,13,26
2002360,2002,121,1,2,180,8,YES,0,143,6.46,51.71,,4,36
2002363,2002,595,1,1,181,10,NO,10,162,5.86,58.56,3.68,18,7
2002366,2002,109,1,2,181,11,YES,0,161,6.34,69.73,,0,53
2002369,2002,481,1,1,181,11,YES,0,152,5.32,58.49,,2,19
2002374,2002,490,1,1,181,10,YES,0,164,5.96,59.55,,6,160
2002377,2002,491,1,1,182,9,YES,0,135,4.02,36.18,,11,43
2003016,2003,509,1,1,155,9,NO,2,UNK,8.21,73.91,5.96,33,106
2003026,2003,514,1,1,156,13,NO,3,153,4.33,56.3,3.29,37,33
2003031,2003,511,1,1,157,14,NO,3,167,6.57,91.96,4.13,48,94
2003037,2003,596,1,1,158,13,NO,8,152,4.3,55.95,2.96,16,84
2003039,2003,512,1,1,158,8,NO,2,147,5.41,43.3,3.5,UNK,7
2003047,2003,464,1,1,158,14,YES,0,163,6.4,89.53,,3,30
2003061,2003,513,1,1,159,8,YES,1,141,4.62,36.93,2.62,14,44
2003064,2003,516,1,1,160,12,NO,1,142,4.46,53.46,2.39,21,106
2003084,2003,616,1,1,160,UNK,YES,0,137,UNK,UNK,,1,44
2003085,2003,517,1,1,160,7,NO,5,145,6.92,48.45,4.71,5,84
2003088,2003,518,1,1,160,9,YES,1,147,4.77,42.97,3.07,13,181
2003095,2003,503,1,1,161,UNK,YES,0,157,UNK,UNK,,9,137
2003103,2003,504,1,1,161,17,YES,6,151,5.05,80.82,3.33,25,108
2003107,2003,496,1,1,161,UNK,YES,0,168,UNK,UNK,,11,33
2003109,2003,506,1,1,161,UNK,YES,0,143,UNK,UNK,,24,53
2003110,2003,391,1,1,161,15,NO,7,168,6.9,103.44,4.89,78,187
2003122,2003,389,1,1,163,11,NO,2,144,4.5,49.52,2.92,6,29
2003126,2003,390,1,1,163,UNK,YES,0,157,UNK,UNK,,6,15
2003130,2003,398,1,1,163,9,YES,1,144,4.96,44.66,2.68,13,123
2003134,2003,597,1,1,164,8,YES,0,151,4.9,34.28,,73,100
2003137,2003,476,1,1,164,11,NO,8,152,UNK,UNK,3.58,UNK,49
2003144,2003,397,1,1,166,8,YES,0,152,6.26,50.06,,5,4
2003150,2003,361,1,1,166,10,YES,0,147,6.42,64.15,,8,125
2003151,2003,362,1,1,166,8,YES,2,138,4.99,39.9,3.93,41,72
2003154,2003,399,1,1,166,12,YES,0,138,4.35,52.15,,5,107
2003157,2003,363,1,1,167,10,YES,0,146,4.3,43,,33,52
2003161,2003,364,1,1,167,6,YES,2,136,5.07,30.44,2.77,6,115
2003162,2003,400,1,1,167,12,YES,0,145,5.43,54.27,,77,96
2003164,2003,401,1,1,167,10,YES,2,142,4.84,48.37,3.17,6,60
2003165,2003,360,1,1,167,17,YES,15,159,4.64,78.91,3.45,69,143
2003169,2003,377,1,1,168,12,NO,1,146,4.26,51.14,2.6,12,109
2003170,2003,383,1,1,168,12,YES,0,141,4.09,49.11,,7,190
2003172,2003,379,1,1,168,12,NO,2,139,3.89,46.66,2.29,4,28
2003173,2003,132,1,1,168,11,YES,9,146,4.48,49.26,3.71,4,119
2003174,2003,380,1,1,168,4,NO,0,145,5.2,20.78,,11,56
2003175,2003,381,1,1,168,10,NO,6,145,5.82,58.22,3.65,20,60
2003176,2003,382,1,1,168,5,NO,0,132,4.05,20.23,,81,96
2003184,2003,464,1,2,169,8,NO,8,163,5.96,47.7,4.1,9,102
2003185,2003,604,1,1,169,8,NO,8,136,UNK,UNK,3.6,28,62
2003187,2003,386,1,1,169,7,NO,5,138,UNK,UNK,4.22,28,105
2003191,2003,499,1,1,169,UNK,YES,0,166,UNK,UNK,,5,23
2003196,2003,366,1,1,169,10,NO,10,150,UNK,UNK,4.92,23,103
2003200,2003,367,1,1,169,UNK,YES,0,141,UNK,UNK,,35,152
2003203,2003,409,1,1,169,UNK,YES,0,182,UNK,UNK,,9,20
2003205,2003,410,1,1,169,9,YES,9,162,UNK,UNK,5.78,31,106
2003206,2003,411,1,1,169,UNK,YES,0,125,UNK,UNK,,4,149
2003208,2003,501,1,1,169,10,YES,0,153,4.85,48.47,,8,79
2003210,2003,514,1,2,170,13,NO,3,151,4.88,63.42,3.04,65,49
2003212,2003,412,1,1,170,7,NO,1,151,6.04,42.29,4.58,47,119
2003213,2003,385,1,1,170,10,NO,3,148,4.88,48.82,3.7,50,74
2003217,2003,243,1,1,172,10,NO,1,158,7.86,78.55,5.66,25,87
2003218,2003,406,1,1,172,12,YES,5,159,5.96,71.52,3.53,8,163
2003225,2003,374,1,1,173,UNK,YES,0,138,UNK,UNK,,3,2
2003226,2003,407,1,1,173,UNK,YES,0,177,UNK,UNK,,15,10
2003233,2003,408,1,1,173,UNK,YES,0,138,UNK,UNK,,19,57
2003235,2003,421,1,1,173,UNK,YES,0,167,UNK,UNK,,16,68
2003241,2003,422,1,1,174,UNK,YES,0,141,UNK,UNK,,2,30
2003242,2003,418,1,1,174,UNK,YES,0,163,UNK,UNK,,12,15
2003249,2003,423,1,1,174,UNK,YES,0,149,UNK,UNK,,14,34
2003252,2003,419,1,1,174,UNK,YES,0,166,UNK,UNK,,5,149
2003254,2003,512,1,2,174,9,YES,0,148,5.19,46.69,,8,81
2003256,2003,420,1,1,174,UNK,YES,0,147,UNK,UNK,,5,75
2003266,2003,427,1,1,175,8,NO,6,135,UNK,UNK,2.64,8,79
2003268,2003,392,1,1,175,UNK,YES,0,149,UNK,UNK,,19,127
2003269,2003,428,1,1,175,10,NO,10,156,UNK,UNK,4.98,16,11
2003283,2003,616,1,2,176,UNK,YES,0,137,UNK,UNK,,2,99
2003284,2003,513,1,2,176,8,NO,4,141,5.12,40.93,2.94,5,78
2003285,2003,425,1,1,176,UNK,YES,0,152,UNK,UNK,,UNK,45
2003287,2003,1,1,1,176,8,NO,7,UNK,UNK,UNK,4.86,55,168
2003292,2003,392,1,2,176,9,NO,9,UNK,UNK,UNK,4.73,12,38
2003297,2003,62,1,1,177,10,YES,0,155,6.57,65.7,,25,160
2003298,2003,511,1,2,177,13,NO,5,167,6.45,83.9,4.54,13,59
2003299,2003,426,1,1,177,11,NO,6,146,4.37,48.04,2.78,8,42
2003301,2003,430,1,1,177,6,NO,5,131,5.87,35.22,4.17,5,120
2003320,2003,577,1,1,181,6,NO,4,152,5.64,33.83,3.67,58,70
2003326,2003,361,1,2,181,10,YES,0,146,6.09,60.91,,7,104
2004007,2004,152,1,1,148,UNK,YES,0,149,UNK,UNK,,UNK,UNK
2004010,2004,331,1,1,149,10,NO,4,163,7.66,76.59,4.45,UNK,45
2004011,2004,332,1,1,149,11,NO,4,149,4.22,46.38,2.37,UNK,36
2004024,2004,131,1,1,151,9,NO,9,146,6.27,56.44,3.72,UNK,37
2004038,2004,350,1,1,152,6,YES,0,149,7.97,47.8,,UNK,41
2004062,2004,415,1,1,156,9,YES,0,147,5.07,45.64,,UNK,UNK
2004064,2004,351,1,1,157,11,YES,0,141,4.54,49.92,,UNK,UNK
2004067,2004,495,1,1,157,9,YES,0,146,6.99,62.92,,UNK,32
2004081,2004,349,1,1,158,4,NO,1,UNK,UNK,UNK,3.28,UNK,114
2004085,2004,348,1,1,158,UNK,YES,0,141,UNK,UNK,,UNK,98
2004088,2004,356,1,1,159,12,NO,10,155,5.32,63.8,3.4,UNK,99
2004093,2004,355,1,1,158,8,NO,8,141,UNK,UNK,3.97,UNK,83
2004094,2004,352,1,1,158,UNK,YES,0,143,UNK,UNK,,UNK,58
2004096,2004,357,1,1,159,8,NO,7,142,5.75,46.01,3.98,UNK,79
2004099,2004,149,1,1,158,15,NO,2,162,UNK,UNK,3.5,UNK,131
2004101,2004,353,1,1,158,6,NO,2,139,UNK,UNK,2.19,UNK,161
2004102,2004,354,1,1,158,7,NO,7,139,UNK,UNK,3.27,UNK,47
2004107,2004,358,1,1,159,7,NO,1,140,5.77,46.17,4.4,UNK,182
2004110,2004,333,1,1,159,9,YES,0,164,7.78,70.01,,UNK,100
2004113,2004,311,1,1,159,UNK,YES,0,142,UNK,UNK,,UNK,13
2004114,2004,600,1,1,160,12,YES,0,142,5.13,61.51,,UNK,160
2004115,2004,308,1,1,159,17,NO,12,172,UNK,UNK,3.72,UNK,161
2004117,2004,309,1,1,159,10,NO,0,141,3.96,39.56,,UNK,45
2004122,2004,601,1,1,160,10,YES,0,147,6.32,63.24,,UNK,22
2004133,2004,477,1,1,161,13,YES,0,156,4.63,60.14,,UNK,107
2004134,2004,602,1,1,161,11,NO,10,149,4.36,47.93,3.17,UNK,139
2004135,2004,605,1,1,161,7,NO,4,139,6.18,43.26,3.89,UNK,71
2004139,2004,254,1,1,162,10,YES,0,147,5.82,58.2,,UNK,61
2004140,2004,403,1,1,162,7,NO,0,146,UNK,UNK,,UNK,58
2004145,2004,606,1,1,162,13,NO,0,150,UNK,UNK,,UNK,141
2004153,2004,610,1,1,165,UNK,YES,0,166,UNK,UNK,,UNK,98
2004155,2004,603,1,1,164,7,YES,4,139,4.98,34.85,2.94,UNK,69
2004165,2004,607,1,1,165,9,YES,0,143,5.47,49.23,,UNK,151
2004180,2004,493,1,1,166,10,YES,0,149,4.91,49.09,,UNK,30
2004181,2004,608,1,1,166,9,NO,1,159,6.25,56.29,3.89,UNK,88
2004187,2004,332,1,2,166,13,YES,0,150,4.25,55.22,,UNK,115
2004202,2004,351,1,2,168,12,YES,0,140,4.87,58.46,,UNK,125
2004203,2004,308,1,2,168,19,YES,0,172,5.22,99.13,,UNK,36
2004206,2004,355,1,2,169,8,YES,0,141,5.94,47.5,,UNK,100
2004214,2004,358,1,2,172,8,YES,0,141,5.57,44.58,,UNK,24
2004215,2004,348,1,2,170,10,YES,0,142,5.28,52.78,,UNK,11
2004217,2004,609,1,1,173,11,YES,0,165,7.84,86.21,,UNK,172
2004218,2004,612,1,1,174,10,YES,0,160,5.06,50.57,,UNK,29
2004219,2004,611,1,1,174,8,YES,5,142,4.79,38.34,2.79,UNK,34
2004220,2004,143,1,1,174,9,NO,9,UNK,6.52,58.7,4.44,UNK,58
2004223,2004,613,1,1,175,15,YES,0,169,6.31,94.71,,UNK,37
2004224,2004,598,1,1,175,6,YES,0,136,5.63,33.76,,UNK,23
2004229,2004,350,1,2,177,4,YES,0,150,7.08,28.3,,UNK,23
2004242,2004,334,1,1,181,12,YES,0,157,6.5,77.97,,UNK,48
2004244,2004,477,1,2,181,10,YES,0,156,4.85,48.49,,UNK,146
2004248,2004,731,1,1,181,9,YES,0,132,4.12,32.98,,UNK,82
2004253,2004,606,1,2,182,9,YES,0,150,4.79,43.12,,UNK,26
2004255,2004,735,1,1,182,10,YES,0,158,7.38,73.77,,UNK,116
2004260,2004,605,1,2,182,6,YES,0,139,6.29,37.75,,UNK,140
2004263,2004,736,1,1,183,9,YES,0,148,5.45,49.05,,UNK,UNK
2004265,2004,603,1,2,183,9,YES,0,139,5.15,46.31,,UNK,UNK
2005006,2005,738,1,1,144,12,YES,0,154,5.95,71.45,,14,100
2005012,2005,440,1,1,150,11,YES,0,149,5.22,57.4,,11,52
2005013,2005,447,1,1,150,9,YES,0,150,8.96,80.63,,7,148
2005014,2005,231,1,1,150,13,YES,0,156,5.93,77.14,,6,171
2005025,2005,444,1,1,151,12,YES,0,146,4.93,59.21,,21,31
2005030,2005,191,1,1,152,8,YES,0,150,7.78,62.21,,59,179
2005038,2005,449,1,1,153,8,YES,0,142,5.33,42.64,,36,141
2005050,2005,737,1,1,155,9,YES,0,145,6.68,60.16,,10,41
2005061,2005,274,1,1,155,11,YES,0,144,5.8,63.83,,47,64
2005072,2005,233,1,1,156,10,YES,0,146,6.25,62.49,,7,170
2005076,2005,739,1,1,156,10,YES,0,165,7.18,71.78,,46,146
2005083,2005,443,1,1,156,8,YES,0,137,5.97,47.76,,23,71
2005091,2005,461,1,1,156,9,YES,0,148,4.97,44.69,,UNK,124
2005092,2005,583,1,1,156,11,YES,0,148,5.7,62.74,,4,78
2005106,2005,498,1,1,156,14,YES,0,144,4.65,65.12,,26,76
2005113,2005,465,1,1,157,9,YES,0,134,4.79,43.15,,71,150
2005114,2005,740,1,1,157,7,YES,0,135,6.27,43.9,,13,62
2005118,2005,462,1,1,157,11,YES,0,142,5.07,55.79,,3,70
2005120,2005,373,1,1,157,8,YES,0,132,4.65,37.22,,6,131
2005122,2005,741,1,1,158,10,YES,0,148,5.21,52.09,,46,26
2005123,2005,525,1,1,159,12,YES,0,145,4.15,49.74,,10,127
2005130,2005,734,1,1,159,12,YES,0,148,5.61,67.37,,1,89
2005131,2005,522,1,1,159,13,YES,0,173,8,104,,20,100
2005132,2005,523,1,1,159,10,YES,0,145,5.28,52.81,,8,137
2005133,2005,524,1,1,160,6,YES,0,139,4.9,29.37,,42,155
2005137,2005,27,1,1,160,8,YES,0,158,6.54,45.78,,21,57
2005140,2005,732,1,1,158,9,YES,0,146,5.41,48.65,,6,33
2005144,2005,594,1,1,161,7,YES,0,140,5.99,41.96,,13,65
2005145,2005,520,1,1,161,12,YES,0,158,5.48,65.72,,7,140
2005146,2005,519,1,1,161,9,YES,0,133,4.53,40.77,,3,108
2005150,2005,521,1,1,162,7,YES,0,141,4.92,19.67,,23,46
2005152,2005,532,1,1,162,7,YES,0,146,5.5,38.49,,14,60
2005158,2005,533,1,1,163,12,YES,0,151,5.3,63.61,,28,53
2005162,2005,534,1,1,163,9,YES,0,159,6.73,53.84,,8,122
2005164,2005,441,1,1,163,10,YES,0,147,5.37,53.65,,8,148
2005168,2005,529,1,1,164,5,NO,4,147,5.09,25.46,3.17,22,88
2005169,2005,447,1,2,164,12,YES,0,150,7.44,89.23,,5,50
2005174,2005,530,1,1,165,8,YES,0,140,4.6,36.8,,18,43
2005179,2005,444,1,2,165,12,YES,0,147,4.87,58.45,,23,117
2005188,2005,538,1,1,168,10,YES,0,150,5.88,58.78,,3,82
2005189,2005,531,1,1,168,11,YES,0,144,5.59,61.5,,6,182
2005190,2005,539,1,1,169,11,YES,0,169,7.51,82.63,,8,199
2005191,2005,535,1,1,169,14,YES,0,174,6.86,96.1,,5,62
2005192,2005,536,1,1,169,9,YES,0,142,5.21,46.85,,2,161
2005193,2005,455,1,1,169,9,YES,0,161,7.52,67.71,,11,16
2005201,2005,543,1,1,170,10,YES,0,148,5.03,50.25,,1,128
2005207,2005,274,1,2,170,14,YES,0,144,5.59,78.22,,5,195
2005211,2005,540,1,1,170,14,YES,0,159,5.86,81.99,,7,62
2005212,2005,541,1,1,170,8,NO,5,145,UNK,UNK,3.74,20,57
2005213,2005,739,1,2,170,13,YES,0,166,6.09,48.74,,UNK,47
2005214,2005,307,1,1,170,12,YES,0,161,6.68,86.84,,6,54
2005216,2005,542,1,1,171,9,YES,0,139,UNK,UNK,,8,40
2005228,2005,443,1,2,171,7,YES,0,138,5.04,35.25,,29,49
2005230,2005,319,1,1,171,7,YES,0,145,6.39,44.75,,1,11
2005232,2005,544,1,1,171,16,YES,0,163,6.03,96.5,,21,43
2005239,2005,186,1,1,172,10,YES,0,166,8.25,82.54,,70,14
2005240,2005,583,1,2,172,11,YES,0,149,5.42,59.59,,0,52
2005242,2005,545,1,1,172,9,YES,0,148,5.76,51.84,,2,19
2005246,2005,546,1,1,173,13,YES,0,145,6.34,82.48,,8,38
2005253,2005,498,1,2,174,9,YES,0,144,4.95,44.56,,23,102
2005258,2005,527,1,1,174,14,YES,0,168,7.26,87.09,,22,152
2005260,2005,528,1,1,174,10,YES,0,142,4.81,48.09,,5,61
2005265,2005,526,1,1,174,UNK,YES,0,130,UNK,UNK,,UNK,120
2005269,2005,663,1,1,175,7,YES,0,141,4.67,32.71,,12,60
2005270,2005,524,1,2,175,6,YES,0,140,5.01,30.08,,39,124
2005271,2005,662,1,1,175,9,YES,0,152,6.45,58.05,,10,47
2005274,2005,661,1,1,176,8,YES,0,140,5.02,40.15,,5,187
2005275,2005,660,1,1,176,11,YES,0,141,5.18,56.95,,6,178
2005276,2005,732,1,2,176,6,YES,0,152,5.24,31.44,,13,152
2005277,2005,741,1,2,176,7,NO,7,149,5.38,37.69,3.62,12,16
2005278,2005,664,1,1,176,7,YES,0,159,7.25,50.73,,11,33
2005279,2005,665,1,1,176,13,YES,0,174,5.79,75.25,,5,140
2005286,2005,672,1,1,179,10,YES,0,151,4.49,44.88,,4,UNK
2006004,2006,674,1,1,147,11,YES,0,167,6.41,70.49,,26,108
2006023,2006,675,1,1,149,UNK,YES,0,148,UNK,UNK,,15,120
2006033,2006,434,1,1,150,10,YES,0,180,8.7,86.95,,47,32
2006034,2006,669,1,1,150,UNK,YES,0,174,UNK,UNK,,15,67
2006055,2006,670,1,1,151,10,YES,0,130,4.62,46.2,,16,21
2006057,2006,733,1,1,151,7,YES,0,144,6.64,46.46,,54,82
2006064,2006,679,1,1,152,9,NO,9,146,UNK,UNK,3.17,36,86
2006067,2006,671,1,1,152,UNK,YES,0,137,UNK,UNK,,6,107
2006071,2006,680,1,1,153,UNK,YES,0,143,UNK,UNK,,25,64
2006074,2006,676,1,1,153,UNK,YES,0,145,UNK,UNK,,4,74
2006079,2006,677,1,1,154,8,YES,0,142,6.63,53.04,,55,122
2006080,2006,678,1,1,154,UNK,YES,0,150,UNK,UNK,,9,86
2006081,2006,684,1,1,155,13,YES,0,144,5.26,63.11,,12,150
2006089,2006,681,1,1,156,UNK,YES,0,149,UNK,UNK,,13,95
2006090,2006,682,1,1,156,UNK,YES,0,155,UNK,UNK,,9,70
2006092,2006,683,1,1,156,8,NO,4,136,UNK,UNK,3.3,7,46
2006094,2006,666,1,1,156,9,NO,2,140,UNK,UNK,3.11,10,171
2006095,2006,686,1,1,156,6,NO,5,133,UNK,UNK,3.49,38,157
2006097,2006,685,1,1,156,UNK,YES,0,137,UNK,UNK,,41,105
2006100,2006,687,1,1,156,UNK,YES,0,149,UNK,UNK,,28,131
2006103,2006,667,1,1,156,UNK,YES,0,138,UNK,UNK,,17,56
2006106,2006,277,1,1,157,6,NO,2,150,UNK,UNK,3.17,8,94
2006108,2006,276,1,1,157,UNK,YES,0,149,UNK,UNK,,10,71
2006109,2006,275,1,1,157,9,NO,5,148,UNK,UNK,3.17,14,36
2006110,2006,271,1,1,157,UNK,YES,0,137,UNK,UNK,,6,56
2006115,2006,272,1,1,157,UNK,YES,0,140,UNK,UNK,,16,51
2006116,2006,668,1,1,157,UNK,YES,0,145,UNK,UNK,,12,2
2006118,2006,372,1,1,157,9,NO,6,139,4.56,41.02,2.86,12,39
2006120,2006,273,1,1,157,9,NO,9,138,UNK,UNK,3.81,42,88
2006127,2006,284,1,1,158,5,NO,3,140,UNK,UNK,3.42,9,121
2006131,2006,285,1,1,158,11,NO,11,155,UNK,UNK,3.67,45,105
2006135,2006,286,1,1,159,UNK,YES,0,147,UNK,UNK,,7,43
2006136,2006,282,1,1,159,5,NO,4,129,UNK,UNK,2.88,7,150
2006138,2006,281,1,1,159,UNK,YES,0,160,UNK,UNK,,12,153
2006145,2006,290,1,1,164,10,NO,9,154,UNK,UNK,3.22,59,115
2006149,2006,283,1,1,164,UNK,YES,0,141,UNK,UNK,,19,108
2006151,2006,291,1,1,164,10,NO,10,141,UNK,UNK,3.31,3,86
2006152,2006,674,1,2,164,11,NO,11,164,6.32,69.54,4.29,17,66
2006154,2006,287,1,1,164,3,NO,3,153,UNK,UNK,2.38,17,78
2006157,2006,675,1,2,164,10,YES,0,148,5.13,51.3,,19,82
2006161,2006,295,1,1,165,14,NO,13,162,UNK,UNK,4.53,23,93
2006162,2006,289,1,1,165,9,NO,9,138,UNK,UNK,2.58,27,116
2006163,2006,558,1,1,165,14,NO,8,151,UNK,UNK,3.93,34,142
2006168,2006,448,1,1,165,9,NO,9,149,UNK,UNK,3.73,17,53
2006169,2006,288,1,1,165,11,NO,6,133,UNK,UNK,2.47,30,168
2006176,2006,537,1,1,166,UNK,YES,0,161,UNK,UNK,,39,94
2006179,2006,292,1,1,166,UNK,YES,0,172,UNK,UNK,,17,32
2006182,2006,293,1,1,167,11,NO,11,154,UNK,UNK,4.21,15,15
2006200,2006,434,1,2,168,UNK,YES,0,180,UNK,UNK,,33,131
2006201,2006,297,1,1,169,11,NO,11,150,UNK,UNK,3.5,8,15
2006206,2006,294,1,1,169,6,NO,5,150,UNK,UNK,3.9,15,63
2006216,2006,677,1,2,170,9,NO,9,142,UNK,UNK,4.15,68,51
2006221,2006,684,1,2,170,9,NO,6,144,5.49,49.43,3.36,21,69
2006223,2006,688,1,1,171,6,NO,6,133,6.28,37.69,3.76,27,66
2006228,2006,278,1,1,172,14,NO,11,146,4.91,68.71,3.31,10,37
2006230,2006,298,1,1,172,4,NO,0,138,4.94,19.74,,14,40
2006234,2006,683,1,2,173,7,NO,6,137,5.89,41.2,3.73,36,110
2006237,2006,680,1,2,174,9,NO,8,143,5.27,42.18,2.83,27,89
2006245,2006,279,1,1,176,10,NO,9,142,UNK,UNK,2.78,4,96
2006252,2006,280,1,1,177,8,NO,6,150,6.4,51.22,4.17,27,113
2006256,2006,287,1,2,179,8,NO,7,153,5.34,42.71,3.48,12,35
2006257,2006,286,1,2,179,11,NO,9,148,5.05,55.59,3.34,9,26
2006258,2006,313,1,1,179,14,NO,13,147,5.48,76.74,3.71,7,147
2006266,2006,328,1,1,180,13,NO,12,UNK,6.31,82.05,4.63,10,71
2006268,2006,599,1,1,180,UNK,YES,0,135,UNK,UNK,,9,31
2007057,2007,329,1,1,150,UNK,YES,0,136,UNK,UNK,,8,85
2007087,2007,335,1,1,151,9,YES,8,151,UNK,UNK,4.71,6,111
2007098,2007,336,1,1,153,10,YES,0,147,4.76,47.59,,58,78
2007105,2007,341,1,1,153,10,YES,0,148,6.19,61.94,,33,113
2007114,2007,346,1,1,157,14,YES,0,144,4.47,62.62,,22,53
2007117,2007,345,1,1,157,8,NO,8,136,4.9,39.22,3.11,11,123
2007124,2007,347,1,1,161,11,NO,8,149,4.79,52.73,2.94,10,69
2007130,2007,339,1,1,163,9,YES,0,150,6.32,56.87,,2,108
2007134,2007,338,1,1,163,9,NO,7,143,5.05,45.44,3.09,25,92
2007137,2007,137,1,1,164,10,NO,0,153,5.14,51.38,,25,67
2007151,2007,310,1,1,165,10,NO,0,149,6.77,67.66,,8,81
2007152,2007,315,1,1,166,9,NO,0,146,4.55,40.92,,17,67
2007165,2007,312,1,1,167,7,YES,0,129,4.34,30.41,,8,60
2007183,2007,336,1,2,169,8,YES,0,148,4.81,38.49,,2,122
2007192,2007,322,1,1,169,8,YES,0,144,6.05,48.37,,8,66
2007201,2007,329,1,2,170,7,YES,0,137,4.92,34.43,,6,54
2007229,2007,324,1,1,171,8,YES,0,142,5.05,40.41,,26,56
2007231,2007,548,1,1,171,14,YES,0,156,4.31,60.32,,9,106
2007248,2007,338,1,2,177,8,YES,0,144,5.4,43.16,,19,119
2007254,2007,549,1,1,178,9,NO,4,134,4.26,38.36,2.68,12,123
2007256,2007,137,1,2,178,9,YES,0,153,4.97,44.71,,27,116
2007259,2007,347,1,2,178,10,YES,0,151,4.73,47.32,,53,89
2008015,2008,632,1,1,158,9,NO,0,145,5.01,45.1,,29,86
2008017,2008,721,1,1,159,12,NO,0,138,4.06,48.7,,17,106
2008081,2008,627,1,1,174,11,YES,0,143,5.27,57.98,,20,77
2008087,2008,639,1,1,174,UNK,YES,0,140,UNK,UNK,,29,135
2008089,2008,640,1,1,174,UNK,YES,0,145,UNK,UNK,,35,105
2008114,2008,693,1,1,177,9,YES,0,140,4.78,42.98,,40,103
2008128,2008,690,1,1,178,8,YES,0,132,5.12,40.96,,27,120
2009020,2009,847,1,1,152,6,NO,0,137,6.5,32.48,,12,112
2009024,2009,844,1,1,152,11,YES,0,145,5.06,55.7,,23,151
2009034,2009,839,1,1,154,11,YES,0,152,4.46,49.09,,15,50
2009036,2009,840,1,1,155,9,YES,0,141,4.82,43.39,,71,178
2009038,2009,755,1,1,155,11,YES,0,144,5.28,58.09,,16,19
2009041,2009,752,1,1,156,5,YES,0,142,6.59,32.97,,9,63
2009063,2009,742,1,1,158,9,YES,0,144,4.66,41.98,,5,44
2009066,2009,772,1,1,159,11,YES,0,143,4.98,54.78,,13,92
2009067,2009,762,1,1,158,9,YES,0,142,4.9,44.13,,43,97
2009076,2009,757,1,1,158,8,YES,0,149,7.09,56.69,,7,73
2009094,2009,759,1,1,158,15,YES,0,146,4.58,68.67,,21,57
2009101,2009,781,1,1,159,9,YES,0,136,4.76,42.82,,12,80
2009103,2009,773,1,1,159,7,YES,0,152,6.05,42.38,,40,108
2009105,2009,763,1,1,159,10,YES,0,147,5.44,54.38,,8,66
2009118,2009,790,1,1,161,9,YES,0,134,5,39.99,,43,134
2009119,2009,793,1,1,161,9,YES,0,144,4.73,37.81,,48,72
2009120,2009,792,1,1,161,11,YES,0,141,4.73,47.33,,31,77
2009124,2009,786,1,1,161,10,YES,0,143,4.93,44.38,,12,56
2009128,2009,789,1,1,161,10,YES,0,137,4.57,41.12,,41,120
2009130,2009,794,1,1,162,8,YES,0,142,4.97,34.81,,7,3
2009133,2009,797,1,1,162,8,YES,0,153,7.26,50.81,,51,72
2009134,2009,777,1,1,162,8,YES,0,132,4.75,33.27,,11,76
2009140,2009,800,1,1,163,12,YES,0,145,1.94,21.37,,5,56
2009145,2009,808,1,1,163,8,YES,0,148,4.54,31.78,,3,101
2009146,2009,809,1,1,163,8,NO,4,142,5.94,41.56,3.4,4,123
2009150,2009,805,1,1,164,8,YES,0,151,5.29,37.04,,23,73
2009155,2009,813,1,1,165,9,YES,0,144,5.1,40.82,,5,2
2009158,2009,810,1,1,166,12,NO,3,157,6.11,67.21,3.94,25,108
2009169,2009,847,1,2,168,8,NO,0,137,6.19,43.34,,11,114
2009181,2009,819,1,1,169,9,NO,9,146,4.53,36.24,2.96,35,52
2009182,2009,803,1,1,169,10,YES,0,148,4.71,42.39,,8,31
2009184,2009,844,1,2,169,10,YES,0,146,4.4,39.63,,42,34
2009189,2009,804,1,1,170,7,YES,0,144,4.7,28.2,,12,85
2009195,2009,825,1,1,170,9,NO,6,136,4.89,39.09,2.74,34,61
2009199,2009,752,1,2,170,9,YES,0,142,5.44,43.54,,13,52
2009205,2009,755,1,2,170,11,YES,0,144,4.31,43.05,,23,78
2009218,2009,840,1,2,171,7,YES,0,141,4.91,29.44,,79,92
2009235,2009,759,1,2,172,11,NO,0,146,4.69,46.9,,28,45
2009240,2009,762,1,2,172,9,YES,0,143,4.84,38.69,,11,33
2009261,2009,797,1,2,174,8,YES,0,153,6.96,48.69,,46,86
2009262,2009,763,1,2,174,9,YES,0,148,5.05,40.38,,52,178
2009269,2009,829,1,1,174,7,YES,0,144,4.57,27.43,,57,38
2009273,2009,830,1,1,175,8,YES,0,154,5.45,38.14,,6,93
2009280,2009,773,1,2,175,9,YES,0,153,6.16,49.28,,41,77
2009283,2009,835,1,1,175,9,YES,0,153,4.91,39.29,,41,46
2009289,2009,790,1,2,175,8,YES,0,135,4.84,33.9,,16,73
2009292,2009,777,1,2,176,10,YES,0,133,4.36,39.22,,12,100
2010033,2010,851,1,1,146,8,NO,1,145,5.2,36.39,2.67,12,101
2010057,2010,853,1,1,148,12,YES,0,140,4.75,57.05,,27,11
2010062,2010,856,1,1,148,6,YES,0,156,6,36.02,,11,83
2010065,2010,850,1,1,149,9,YES,0,142,5.12,46.08,,13,81
2010086,2010,851,1,1,150,7,YES,0,153,5.85,40.96,,30,134
2010093,2010,859,1,1,150,13,YES,0,154,5.96,71.48,,13,59
2010094,2010,860,1,1,150,7,YES,0,138,6.79,47.54,,37,112
2010107,2010,876,1,1,150,8,YES,0,UNK,6.48,38.89,,9,68
2010108,2010,875,1,1,150,9,YES,0,119,5.93,53.38,,4,23
2010110,2010,857,1,1,150,7,YES,0,151,7.13,42.78,,0,58
2010126,2010,864,1,1,152,6,YES,0,140,6.66,39.98,,6,32
2010132,2010,865,1,1,153,9,YES,0,148,5.61,50.5,,18,28
2010140,2010,863,1,1,153,7,YES,0,148,6.6,46.23,,51,82
2010152,2010,872,1,1,154,7,YES,0,133,6.29,44.04,,0,25
2010156,2010,870,1,1,155,6,YES,0,141,5.09,30.52,,17,44
2010159,2010,871,1,1,155,12,YES,0,144,5.76,69.16,,68,96
2010165,2010,873,1,1,157,8,YES,0,134,5.45,38.15,,1,34
2010177,2010,855,1,1,160,11,YES,0,156,5.09,55.93,,32,141
2010180,2010,851,1,2,160,5,YES,0,145,5.8,28.98,,40,75
2010194,2010,878,1,1,163,7,YES,0,149,5.35,37.48,,20,116
2010229,2010,850,1,2,168,6,NO,0,144,5.19,31.12,,31,95
2010257,2010,864,1,2,172,7,YES,0,143,5.64,39.45,,57,89
2010271,2010,864,1,3,178,10,YES,0,173,7.91,79.07,,57,172
1998001,1998,626,2,1,146,9,NO,9,153,6.8,54.43,4.4,63,39
1998002,1998,625,2,1,146,8,YES,0,159,6.34,50.71,,9,76
1998003,1998,235,2,1,146,13,NO,9,162,6.76,87.83,4.62,41,154
1998004,1998,417,2,1,146,9,NO,4,154,7.95,71.59,4.65,27,87
1998005,1998,705,2,1,146,13,NO,8,161,5.33,69.23,3.4,40,77
1998007,1998,646,2,1,147,12,NO,9,170,8.1,97.15,4.66,77,154
1998014,1998,645,2,1,147,8,NO,6,154,7,56.02,4.27,UNK,157
1998019,1998,637,2,1,148,12,NO,12,146,5.82,69.78,3.99,40,64
1998023,1998,709,2,1,148,13,NO,12,159,6.12,79.52,3.97,61,108
1998028,1998,488,2,1,148,12,NO,12,148,5.68,68.16,3.82,5,108
1998030,1998,642,2,1,148,7,YES,0,143,6.04,42.29,,31,138
1998041,1998,148,2,1,149,12,YES,0,154,6.84,82.11,,6,107
1998093,1998,234,2,1,163,13,NO,10,153,5.68,73.83,3.91,6,90
1998109,1998,642,2,2,167,9,NO,8,143,5.83,52.45,3.78,14,85
1998122,1998,619,2,1,167,12,NO,12,154,6.24,74.83,4.39,48,148
1998130,1998,417,2,2,169,7,NO,6,155,6.81,47.68,4.38,14,74
1998131,1998,637,2,2,169,13,NO,13,146,5.31,69.03,3.72,33,92
1998134,1998,57,2,1,169,10,NO,4,155,7.23,72.33,4.86,39,148
1998135,1998,644,2,1,169,9,NO,9,147,6.46,58.18,3.93,21,9
1998142,1998,696,2,1,147,UNK,YES,0,UNK,UNK,UNK,,UNK,67
1998146,1998,709,2,2,171,9,NO,8,161,6.9,62.09,4.22,11,39
1998147,1998,201,2,1,172,10,NO,1,161,6.05,60.53,3.73,UNK,20
1998158,1998,617,2,1,175,13,NO,13,168,6.69,87.03,4.85,45,143
1998164,1998,24,2,1,175,13,NO,13,173,7.82,101.72,UNK,53,78
1998171,1998,111,2,1,177,13,YES,0,157,6.75,87.75,,3,140
1998174,1998,622,2,1,178,8,NO,7,151,5.76,46.06,3.51,16,68
1998193,1998,57,2,2,180,7,YES,0,155,6.87,48.09,,31,163
1999012,1999,515,2,1,148,11,NO,6,176,7.78,77.8,5.2,28,161
1999042,1999,256,2,1,151,13,NO,1,169,6.9,89.66,3.57,29,37
1999048,1999,725,2,1,151,10,YES,0,154,6.15,61.49,,7,87
1999057,1999,723,2,1,151,8,NO,4,146,6.67,53.36,3.5,UNK,99
1999058,1999,718,2,1,151,10,NO,6,144,4.66,46.63,2.56,UNK,97
1999085,1999,16,2,1,156,11,YES,0,152,7.86,86.51,,6,85
1999088,1999,259,2,1,157,13,YES,0,152,6.28,81.65,,35,103
1999093,1999,727,2,1,158,10,YES,0,143,5.66,56.61,,7,81
1999104,1999,20,2,1,161,8,YES,0,153,6.98,55.87,,40,46
1999138,1999,256,2,2,171,12,YES,0,UNK,7.19,86.26,,76,71
1999140,1999,723,2,2,171,13,NO,13,UNK,6.48,84.25,4.58,UNK,108
1999156,1999,623,2,1,174,11,NO,11,155,6.59,72.44,4.15,85,142
1999169,1999,729,2,1,175,8,NO,6,161,6.16,49.24,3.55,12,32
1999176,1999,576,2,UNK,178,UNK,YES,0,154,UNK,UNK,,5,97
1999189,1999,576,2,1,178,9,YES,0,UNK,6.71,60.43,,0,178
2000054,2000,303,2,1,160,10,NO,10,161,6.61,66.08,4.2,15,58
2000065,2000,158,2,1,161,12,NO,11,169,6,72.02,3.89,UNK,117
2000072,2000,301,2,1,162,12,NO,6,152,5.22,62.63,2.97,20,36
2000085,2000,145,2,1,163,7,YES,0,142,6.23,43.62,,6,76
2000092,2000,267,2,1,167,11,NO,11,164,6.07,66.79,4.34,63,134
2000096,2000,265,2,1,165,9,YES,0,146,6.48,58.3,,UNK,UNK
2000111,2000,140,2,1,171,UNK,YES,0,142,UNK,UNK,,8,71
2000142,2000,302,2,1,175,12,YES,0,153,6.31,75.72,,5,154
2000144,2000,303,2,2,175,8,YES,0,161,6.64,53.08,,3,45
2000151,2000,155,2,1,177,9,YES,0,UNK,5.56,50.08,,23,94
2001007,2001,173,2,1,159,7,YES,0,144,4.72,33.03,,63,50
2001008,2001,190,2,1,159,7,YES,0,147,6.92,48.42,,30,134
2001036,2001,168,2,1,160,8,YES,0,140,4.94,39.51,,UNK,102
2001050,2001,193,2,1,161,10,YES,0,142,5.47,54.73,,42,41
2001054,2001,169,2,1,161,14,YES,0,151,4.78,66.9,,43,62
2001058,2001,192,2,1,161,10,YES,0,149,5.02,50.2,,14,9
2001061,2001,204,2,1,161,13,YES,0,149,5.02,65.25,,18,124
2001073,2001,182,2,1,161,10,YES,0,147,4.82,43.36,,33,79
2001104,2001,181,2,1,165,9,YES,0,143,5.73,51.57,,12,46
2001169,2001,168,2,2,175,10,YES,0,UNK,4.37,43.69,,6,89
2001176,2001,192,2,2,176,11,YES,0,UNK,5.19,57.1,,5,113
2001187,2001,182,2,2,176,9,YES,0,UNK,4.53,40.73,,49,62
2001221,2001,193,2,2,178,7,NO,5,UNK,5.37,37.61,3.16,74,88
2001222,2001,184,2,1,178,10,YES,0,150,5.31,53.06,,3,127
2001223,2001,183,2,1,178,8,YES,0,140,5.02,40.18,,3,179
2001231,2001,204,2,2,179,13,YES,0,150,4.42,57.41,,7,167
2001236,2001,206,2,1,179,9,NO,6,161,5.52,49.68,3.79,17,49
2001238,2001,169,2,2,179,10,NO,8,UNK,4.94,49.36,3.4,14,61
2001241,2001,212,2,1,180,13,YES,0,UNK,4.86,63.24,,1,110
2002013,2002,238,2,1,150,10,NO,5,158,8.45,84.48,5.15,9,32
2002018,2002,164,2,1,151,11,YES,0,153,5.38,59.2,,6,44
2002021,2002,48,2,1,151,21,NO,5,167,4.91,98.17,2.8,11,16
2002066,2002,48,2,2,160,11,NO,3,151,5.02,55.22,3.16,10,71
2002068,2002,196,2,1,160,16,NO,8,162,7.06,112.88,4.52,35,72
2002079,2002,222,2,1,160,10,NO,6,146,4.83,48.32,3.08,14,1
2002083,2002,216,2,1,160,11,NO,7,150,5.09,40.73,3.29,10,106
2002103,2002,227,2,1,161,11,NO,7,146,5.24,57.65,3.74,10,59
2002104,2002,198,2,1,161,10,NO,8,156,5.66,56.61,3.82,5,131
2002107,2002,220,2,1,161,14,NO,8,142,4.47,62.54,2.95,13,125
2002112,2002,51,2,1,161,13,NO,7,154,5.06,65.83,3.73,52,41
2002113,2002,219,2,1,161,10,NO,4,145,5.53,49.79,3.37,8,30
2002120,2002,241,2,1,161,14,YES,0,156,5.53,77.46,,12,58
2002122,2002,482,2,1,161,9,NO,9,145,6.47,58.19,4.15,21,129
2002123,2002,236,2,1,161,12,NO,8,144,6.06,72.69,3.97,11,73
2002127,2002,239,2,1,161,12,NO,5,156,5.68,68.15,3.41,38,69
2002134,2002,224,2,1,162,10,YES,0,151,8.5,84.95,,44,30
2002140,2002,225,2,1,162,14,YES,0,146,5.03,70.38,,29,146
2002145,2002,71,2,1,162,7,NO,6,143,6.31,44.15,4.1,45,54
2002156,2002,64,2,1,162,8,NO,6,142,5.89,47.08,3.74,11,69
2002162,2002,228,2,1,163,11,YES,0,153,7.24,79.59,,54,157
2002167,2002,229,2,1,164,12,YES,0,142,5.41,64.89,,0,119
2002169,2002,56,2,1,166,12,NO,12,170,5.99,71.82,3.96,UNK,139
2002227,2002,48,2,3,172,15,NO,14,151,4.41,66.13,3.03,14,125
2002229,2002,245,2,1,173,10,NO,10,145,5.68,56.8,3.44,2,13
2002249,2002,25,2,1,174,11,YES,0,168,7.79,85.65,,15,42
2002255,2002,215,2,1,174,9,NO,4,138,5.03,45.25,3.26,2,75
2002278,2002,236,2,2,175,10,NO,6,145,5.87,58.71,4.04,5,97
2002279,2002,196,2,2,175,13,NO,10,162,5.94,77.25,3.82,59,69
2002288,2002,189,2,1,175,5,NO,3,156,6.83,34.17,4.02,26,111
2002293,2002,227,2,2,175,10,YES,0,UNK,5.16,51.57,,7,0
2002298,2002,647,2,1,176,12,NO,12,172,7.56,90.73,5.05,36,112
2002303,2002,198,2,2,176,10,NO,5,156,5.59,55.94,3.5,5,132
2002305,2002,214,2,1,176,10,YES,0,157,6.29,62.91,,5,76
2002314,2002,51,2,2,176,12,NO,9,153,4.92,59.01,3.27,7,17
2002321,2002,224,2,2,177,10,YES,0,151,7.94,79.36,,47,102
2002332,2002,482,2,2,177,11,YES,0,145,5.69,62.58,,7,121
2002336,2002,64,2,2,177,9,YES,0,143,6.29,56.6,,50,146
2002337,2002,241,2,2,177,13,YES,0,157,5.26,68.43,,28,103
2002341,2002,222,2,2,178,10,NO,5,UNK,4.81,48.06,2.89,15,94
2002348,2002,71,2,2,178,8,NO,7,144,6.36,50.89,3.84,36,39
2002355,2002,164,2,2,180,10,NO,10,155,5.05,50.51,3.55,19,37
2002356,2002,239,2,2,180,9,YES,0,156,5.4,48.6,,30,116
2002373,2002,247,2,1,181,6,NO,4,142,5.54,33.22,3.37,5,118
2002382,2002,222,2,3,182,10,NO,8,143,5.63,56.33,3.8,37,136
2003012,2003,468,2,1,150,10,YES,0,151,6.1,54.74,,14,88
2003018,2003,470,2,1,155,9,YES,0,145,5.59,50.3,,5,21
2003022,2003,208,2,1,156,10,NO,5,147,6.49,64.94,4.08,6,88
2003035,2003,118,2,1,158,11,NO,2,138,5.11,56.25,3.13,8,43
2003036,2003,42,2,1,158,12,NO,4,150,5.88,70.58,3.99,16,64
2003038,2003,97,2,1,158,13,YES,4,162,7.01,84.1,5.1,6,97
2003040,2003,73,2,1,158,10,NO,1,141,5.83,58.27,3.68,3,68
2003042,2003,68,2,1,158,7,NO,1,144,6.02,42.13,3.7,2,29
2003045,2003,590,2,1,158,11,YES,0,162,7.56,83.18,,62,133
2003060,2003,72,2,1,159,13,NO,5,153,5.9,76.74,4.56,37,50
2003065,2003,88,2,1,160,10,NO,3,149,5.61,56.07,3.93,53,69
2003070,2003,43,2,1,160,9,NO,2,140,6.37,57.37,4.02,6,20
2003072,2003,84,2,1,160,11,YES,0,153,5.2,57.17,,7,48
2003080,2003,54,2,1,160,8,NO,4,144,5.69,45.51,4.25,6,124
2003087,2003,94,2,1,160,9,YES,2,146,5.33,47.95,3.89,44,61
2003104,2003,454,2,1,161,UNK,YES,0,144,UNK,UNK,,9,71
2003108,2003,108,2,1,161,10,YES,4,152,5.61,56.09,4.18,24,92
2003112,2003,458,2,1,161,UNK,YES,0,143,UNK,UNK,,6,0
2003123,2003,18,2,1,163,12,YES,4,160,6.71,80.51,5.08,14,42
2003127,2003,129,2,1,164,11,YES,0,147,5.22,57.42,,9,22
2003131,2003,91,2,1,164,9,NO,0,136,5.21,46.91,,11,171
2003132,2003,475,2,1,164,16,YES,0,162,5.26,78.83,,2,144
2003135,2003,76,2,1,164,7,NO,1,139,5.3,37.13,3.59,6,65
2003140,2003,52,2,1,165,13,NO,6,146,5.88,76.43,3.78,5,20
2003142,2003,452,2,1,165,12,NO,11,146,5.34,64.03,3.83,8,37
2003145,2003,205,2,1,166,13,YES,12,158,5.96,77.48,4,82,132
2003148,2003,45,2,1,166,11,NO,11,156,7.39,81.27,5.25,78,110
2003156,2003,128,2,1,167,10,YES,0,149,5.76,57.57,,10,101
2003159,2003,90,2,1,167,11,YES,6,151,5.37,59.06,3.43,10,61
2003166,2003,121,2,1,167,5,YES,3,144,7.28,36.4,4.58,5,26
2003189,2003,484,2,1,169,10,NO,10,153,UNK,UNK,5.14,15,95
2003190,2003,110,2,1,169,UNK,YES,0,UNK,UNK,UNK,,11,25
2003192,2003,58,2,1,169,10,NO,5,149,6.7,67.02,4.68,3,130
2003193,2003,75,2,1,169,6,NO,6,178,UNK,UNK,5.77,24,123
2003219,2003,468,2,2,172,8,NO,0,150,5.98,47.86,,47,149
2003229,2003,18,2,2,173,11,NO,3,169,7.39,81.32,4.96,40,148
2003240,2003,84,2,2,174,9,NO,3,153,4.87,43.84,3.44,7,22
2003246,2003,42,2,2,174,14,YES,7,149,5,69.97,3.52,9,133
2003257,2003,72,2,2,174,12,NO,3,155,5.57,66.89,3.28,14,34
2003264,2003,122,2,1,174,UNK,YES,0,155,UNK,UNK,,2,79
2003274,2003,118,2,2,175,10,NO,2,138,5.42,54.15,3.62,7,56
2003276,2003,54,2,2,175,7,NO,2,144,5.77,34.6,4.7,28,83
2003279,2003,457,2,1,176,13,NO,9,181,7.08,84.91,5.06,5,116
2003288,2003,484,2,2,176,9,NO,7,UNK,UNK,UNK,4.02,53,152
2003294,2003,54,2,1,176,13,YES,7,UNK,UNK,UNK,4.6,16,31
2003302,2003,88,2,2,177,11,NO,3,151,5.32,58.54,3.67,64,54
2003303,2003,45,2,2,178,12,NO,5,152,6.69,80.31,5.14,55,100
2003310,2003,458,2,2,179,9,YES,0,143,4.62,41.6,,7,69
2003311,2003,452,2,2,179,11,YES,0,147,5.13,56.48,,9,102
2003314,2003,129,2,2,179,8,YES,0,147,5.02,40.17,,12,32
2003315,2003,590,2,2,179,10,YES,0,163,7.31,73.11,,53,56
2003316,2003,18,2,3,179,11,YES,2,160,6.54,71.97,4.51,37,52
2003325,2003,123,2,1,181,6,YES,0,UNK,5.27,31.64,,26,54
2004001,2004,512,2,1,146,10,NO,0,150,5.97,59.74,,UNK,111
2004026,2004,361,2,1,151,9,NO,3,148,6.76,67.58,4.45,UNK,129
2004042,2004,464,2,1,153,9,NO,0,153,6.48,51.84,,UNK,145
2004053,2004,364,2,1,155,7,YES,0,132,5.64,39.48,,UNK,UNK
2004056,2004,363,2,1,155,12,NO,6,148,4.59,55.13,2.87,UNK,UNK
2004063,2004,513,2,1,156,8,NO,4,143,5.89,47.13,3.49,UNK,89
2004089,2004,422,2,1,158,UNK,NO,0,143,UNK,UNK,,UNK,UNK
2004091,2004,509,2,1,159,8,NO,3,159,8.49,67.95,5.17,UNK,UNK
2004109,2004,516,2,1,159,10,NO,5,UNK,5.32,47.84,3.28,UNK,51
2004118,2004,426,2,1,159,11,YES,0,148,5.04,55.46,,UNK,34
2004123,2004,366,2,1,160,12,NO,8,151,6.27,75.28,4.38,UNK,68
2004124,2004,597,2,1,160,13,NO,1,155,5.05,65.7,3.88,UNK,148
2004142,2004,374,2,1,162,12,NO,9,139,4.24,50.88,2.94,UNK,103
2004150,2004,514,2,1,163,9,NO,8,159,5.74,51.67,3.58,UNK,40
2004156,2004,361,2,2,163,11,NO,5,149,6.13,67.46,4.41,UNK,126
2004167,2004,430,2,1,165,6,YES,0,131,6.38,38.28,,UNK,83
2004170,2004,616,2,1,165,10,YES,0,137,5.89,58.85,,UNK,155
2004172,2004,367,2,1,166,8,YES,0,141,5.42,43.36,,UNK,56
2004182,2004,512,2,2,166,10,YES,6,150,5.79,57.9,4.26,UNK,138
2004183,2004,363,2,2,166,9,YES,0,148,4.96,44.67,,UNK,96
2004189,2004,464,2,2,167,11,YES,0,163,6.65,73.17,,UNK,126
2004228,2004,513,2,2,175,7,YES,0,144,5.86,40.99,,UNK,37
2004234,2004,385,2,1,179,11,YES,0,149,5.38,59.15,,UNK,44
2004236,2004,390,2,1,180,UNK,YES,0,159,5.85,40.95,,UNK,34
2004240,2004,426,2,2,181,9,NO,9,149,4.82,38.56,3.38,UNK,124
2004243,2004,464,2,3,181,6,NO,1,153,6.98,34.9,4.47,UNK,100
2005046,2005,600,2,1,154,12,YES,0,144,5.1,61.14,,11,70
2005051,2005,309,2,1,155,9,YES,0,144,4.52,40.66,,5,148
2005055,2005,358,2,1,155,7,YES,0,143,6.5,45.53,,23,36
2005060,2005,350,2,1,155,8,YES,0,151,8,63.97,,44,98
2005064,2005,143,2,1,155,13,YES,0,162,7.4,96.15,,1,80
2005067,2005,357,2,1,155,8,YES,0,142,6.48,45.34,,41,132
2005068,2005,354,2,1,155,9,YES,0,143,5.65,50.82,,7,147
2005069,2005,311,2,1,155,11,YES,0,145,5.4,59.44,,5,145
2005097,2005,353,2,1,156,11,YES,0,144,5.76,63.34,,20,23
2005105,2005,415,2,1,156,8,YES,0,150,6.16,49.24,,28,43
2005109,2005,239,2,1,157,10,YES,0,157,7.41,74.14,,UNK,83
2005127,2005,309,2,2,159,6,YES,0,138,5.66,33.95,,27,27
2005129,2005,602,2,1,159,11,YES,0,151,4.89,53.79,,68,77
2005136,2005,355,2,1,160,10,YES,0,145,5.23,52.28,,26,53
2005148,2005,495,2,1,162,7,YES,0,150,6.84,47.85,,2,82
2005155,2005,605,2,1,163,9,YES,0,139,6.51,58.61,,4,112
2005175,2005,600,2,2,165,13,YES,0,144,5.52,66.26,,11,47
2005194,2005,311,2,2,169,10,YES,0,146,5.16,51.58,,13,108
2005224,2005,350,2,2,171,6,YES,0,151,7.58,45.46,,35,63
2005226,2005,332,2,1,171,12,YES,0,152,4.47,53.66,,2,157
2005229,2005,353,2,2,171,8,YES,0,144,5.65,45.19,,2,137
2005231,2005,351,2,1,171,10,YES,0,146,6.01,60.12,,10,111
2005236,2005,358,2,2,172,9,YES,0,143,5.92,53.28,,UNK,28
2005284,2005,598,2,1,177,5,YES,0,138,6.18,30.91,,1,152
2005285,2005,736,2,1,177,8,NO,8,149,5.46,43.64,3.83,33,69
2006012,2006,737,2,1,148,11,NO,8,151,6.53,71.81,3.86,27,133
2006022,2006,27,2,1,149,5,NO,1,163,UNK,UNK,5.15,41,102
2006029,2006,523,2,1,149,UNK,YES,0,148,UNK,UNK,,8,87
2006073,2006,449,2,1,153,UNK,YES,0,145,UNK,UNK,,14,48
2006076,2006,594,2,1,153,UNK,YES,0,143,UNK,UNK,,9,69
2006078,2006,461,2,1,154,10,YES,0,151,5.53,55.33,,8,75
2006088,2006,498,2,1,156,7,YES,0,146,6.07,36.42,,15,127
2006093,2006,661,2,1,156,UNK,YES,0,142,UNK,UNK,,12,134
2006099,2006,583,2,1,156,UNK,YES,0,151,UNK,UNK,,6,76
2006101,2006,660,2,1,156,UNK,YES,0,145,UNK,UNK,,4,87
2006137,2006,734,2,1,159,UNK,NO,0,152,UNK,UNK,,4,104
2006146,2006,447,2,1,164,12,YES,0,151,7.29,87.5,,27,52
2006159,2006,307,2,1,165,8,NO,7,160,UNK,UNK,5.43,19,10
2006180,2006,741,2,1,166,UNK,YES,0,151,UNK,UNK,,32,98
2006188,2006,523,2,2,168,11,NO,11,148,UNK,UNK,3.83,10,24
2006195,2006,535,2,1,168,11,NO,10,175,UNK,UNK,5.19,33,146
2006222,2006,583,2,2,170,12,NO,9,152,UNK,UNK,3.35,31,125
2006251,2006,542,2,1,176,11,NO,10,146,5.21,57.36,3.33,30,105
2007014,2007,293,2,1,145,10,YES,0,156,6.74,67.41,,57,41
2007021,2007,448,2,1,147,8,YES,0,153,6.83,54.6,,28,95
2007023,2007,674,2,1,148,10,YES,0,164,6.79,67.87,,15,32
2007027,2007,670,2,1,148,10,YES,0,137,5.51,55.09,,6,68
2007028,2007,279,2,1,149,13,YES,0,145,5.34,69.39,,8,8
2007029,2007,667,2,1,149,7,YES,0,144,6.4,44.78,,23,65
2007031,2007,295,2,1,149,14,YES,0,162,6.28,87.91,,21,100
2007045,2007,685,2,1,150,11,YES,0,145,6.5,71.46,,57,97
2007073,2007,290,2,1,150,8,YES,0,160,5.77,46.19,,60,95
2007085,2007,677,2,1,151,8,NO,7,145,7.01,56.04,4.59,27,130
2007090,2007,681,2,1,151,11,YES,0,155,6.37,70.07,,25,108
2007093,2007,283,2,1,152,9,YES,0,146,5.28,47.5,,58,36
2007099,2007,666,2,1,153,9,YES,0,148,6.68,60.11,,67,93
2007101,2007,686,2,1,153,5,NO,5,136,7.41,37.05,4.4,53,88
2007104,2007,280,2,1,154,10,NO,9,152,5.8,57.99,4.25,20,128
2007112,2007,271,2,1,155,12,YES,0,140,5.33,63.91,,27,87
2007116,2007,684,2,1,157,11,YES,0,149,5.62,61.81,,40,112
2007120,2007,291,2,1,159,8,YES,0,144,6.02,48.15,,14,74
2007122,2007,680,2,1,158,9,NO,9,148,6.49,58.41,4.32,25,116
2007125,2007,683,2,1,162,8,NO,8,141,6.04,48.33,4.51,57,92
2007126,2007,675,2,1,162,9,NO,9,153,5.6,50.38,3.93,14,56
2007127,2007,287,2,1,161,11,NO,9,157,5.88,64.72,4.11,5,172
2007135,2007,276,2,1,163,8,YES,0,153,6.58,52.63,,14,76
2007153,2007,674,2,2,166,12,YES,0,164,6.66,79.87,,35,114
2007154,2007,285,2,1,166,9,NO,9,159,6.06,54.54,4.3,68,58
2007158,2007,284,2,1,165,6,NO,0,144,5.68,34.09,,23,113
2007159,2007,292,2,1,166,8,NO,7,173,8.74,69.92,6,15,6
2007170,2007,293,2,2,167,10,NO,10,156,6.69,66.87,4.85,41,138
2007179,2007,667,2,2,168,10,NO,10,146,5.9,58.96,6.11,27,91
2007188,2007,328,2,1,169,10,NO,10,162,6.87,68.65,4.55,41,172
2007189,2007,685,2,2,169,8,YES,0,145,6.78,54.2,,42,112
2007190,2007,273,2,1,169,8,NO,4,142,5.39,43.08,3.11,21,139
2007209,2007,283,2,2,169,9,NO,4,146,5.27,47.47,3.07,21,47
2007210,2007,670,2,2,169,5,NO,2,137,5.66,28.32,2.68,35,74
2007214,2007,681,2,2,169,8,NO,6,155,5.74,45.9,3.7,26,158
2007228,2007,680,2,2,170,10,NO,9,149,5.93,59.27,4.21,42,72
2007230,2007,684,2,2,171,9,YES,0,150,5.3,47.66,,11,64
2007232,2007,276,2,2,173,7,NO,2,153,7.13,49.93,4,16,66
2007233,2007,688,2,1,173,7,NO,5,135,6.18,43.24,3.75,13,142
2007245,2007,287,2,2,177,9,NO,0,163,5.71,51.4,,25,77
2007246,2007,683,2,2,177,9,YES,0,140,5.16,46.46,,39,114
2007263,2007,291,2,2,178,10,NO,8,144,5.62,56.22,3.1,11,87
2007267,2007,677,2,2,180,7,YES,0,145,6.19,43.3,,72,50
2008053,2008,341,2,1,161,11,NO,0,152,7.01,77.14,,9,57
2008129,2008,339,2,1,178,9,YES,0,151,6.15,55.37,,12,107
2009037,2009,721,2,1,155,9,YES,0,135,5.16,46.42,,21,66
2009075,2009,690,2,1,158,10,YES,0,136,6.31,63.1,,15,42
2009078,2009,628,2,1,158,10,YES,0,145,5.02,50.18,,27,97
2009142,2009,627,2,1,163,11,YES,0,148,6,59.95,,7,64
2009168,2009,639,2,1,168,7,NO,7,148,6.18,37.05,4.19,UNK,105
2009212,2009,640,2,1,171,10,NO,9,148,5.14,46.22,3.36,12,83
2009234,2009,721,2,2,172,10,NO,4,144,4.83,43.43,3.43,35,68
2009236,2009,628,2,2,172,12,NO,12,146,5.47,49.2,3.11,29,45
2009275,2009,627,2,2,175,9,YES,0,148,5.9,47.18,,15,40
2010020,2010,752,2,1,145,9,YES,0,143,6.41,57.65,,3,63
2010046,2010,772,2,1,146,10,YES,0,145,5.94,59.39,,12,36
2010058,2010,759,2,1,148,13,YES,0,149,5.63,73.17,,34,44
2010076,2010,800,2,1,149,10,YES,0,147,5.36,53.6,,12,36
2010103,2010,840,2,1,150,8,YES,0,142,5.59,44.68,,54,120
2010109,2010,742,2,1,150,8,YES,0,144,7.02,56.12,,40,22
2010121,2010,804,2,1,152,10,YES,0,145,6.78,67.75,,58,131
2010125,2010,794,2,1,152,8,YES,0,145,5.57,44.54,,31,40
2010148,2010,762,2,1,153,11,YES,0,145,5.57,55.71,,24,99
2010154,2010,830,2,1,155,10,YES,0,156,6.1,60.95,,32,44
2010163,2010,773,2,1,157,10,YES,0,153,6.5,65.02,,38,136
2010164,2010,772,2,2,157,10,YES,0,145,5.41,54.13,,12,124
2010175,2010,835,2,1,160,13,YES,0,154,4.95,64.28,,52,70
2010182,2010,829,2,1,161,7,NO,0,146,5.09,35.63,,12,24
2010190,2010,759,2,2,162,11,YES,0,156,5.17,56.85,,4,62
2010213,2010,840,2,2,165,7,YES,0,143,5.36,32.13,,52,42
2010234,2010,805,2,1,169,10,NO,7,160,5.5,55.03,3.05,28,UNK
2010251,2010,830,2,2,171,9,YES,0,156,5.91,53.18,,30,56
2010255,2010,742,2,2,171,8,YES,0,145,6.9,55.22,,71,67
2010265,2010,777,2,1,175,9,YES,0,153,6.67,60.04,,46,131
2010270,2010,789,2,1,177,6,YES,0,145,6.3,37.79,,1,69
1999006,1999,617,3,1,147,11,NO,4,166,8.16,89.74,5.74,5,91
1999009,1999,234,3,1,148,10,YES,0,154,6.46,64.58,,62,130
1999016,1999,619,3,1,149,10,NO,4,157,6.82,68.15,4.59,37,52
1999018,1999,417,3,1,150,9,NO,4,156,7.46,67.13,4.63,15,9
1999023,1999,646,3,1,150,12,YES,0,171,8.21,98.5,,72,165
1999026,1999,624,3,1,150,12,YES,0,169,7.78,93.38,,7,110
1999045,1999,650,3,1,151,9,YES,0,152,7.29,65.59,,54,55
1999050,1999,488,3,1,151,12,YES,0,149,5.57,61.28,,22,105
1999059,1999,705,3,1,151,15,YES,0,165,5.63,84.49,,39,111
1999060,1999,235,3,1,151,15,YES,0,163,6.43,96.47,,33,78
1999068,1999,648,3,1,152,11,YES,0,151,6.18,68,,62,130
1999069,1999,626,3,1,152,12,YES,0,154,7.15,85.77,,33,67
1999070,1999,644,3,1,152,11,YES,0,149,6.26,68.89,,29,146
1999074,1999,57,3,1,153,10,YES,0,156,7.47,74.7,,60,10
1999075,1999,148,3,1,153,13,NO,0,155,6.69,86.99,,44,31
1999087,1999,630,3,1,157,8,YES,0,145,7.58,60.64,,1,166
1999094,1999,709,3,1,158,13,YES,0,162,6.92,90.01,,63,105
1999100,1999,87,3,1,161,12,YES,0,152,6.47,77.68,,64,108
1999111,1999,619,3,2,162,11,YES,0,157,6.8,74.77,,32,92
1999113,1999,624,3,2,162,17,YES,0,169,7.36,125.09,,23,132
1999115,1999,156,3,1,164,11,YES,0,153,6.1,67.11,,31,26
1999135,1999,57,3,2,171,11,YES,0,151,7.37,81.06,,27,170
1999141,1999,626,3,2,172,10,YES,0,UNK,7.25,72.53,,37,36
1999144,1999,201,3,1,172,7,NO,5,162,6.92,48.42,4.71,11,70
1999146,1999,648,3,2,172,9,YES,0,UNK,6.35,57.18,,76,91
1999158,1999,148,3,2,174,10,YES,0,UNK,6.9,68.97,,44,91
1999160,1999,24,3,1,174,14,NO,14,173,7.81,109.34,5.73,35,126
1999162,1999,631,3,1,174,10,YES,0,147,7.16,71.59,,62,143
1999164,1999,644,3,2,174,9,YES,0,UNK,7.38,66.41,,12,135
1999170,1999,643,3,1,175,14,NO,9,155,6.22,87.07,4.17,21,152
1999171,1999,617,3,2,175,11,NO,5,UNK,7.07,77.72,4.72,41,102
1999188,1999,619,3,3,178,9,YES,0,UNK,6.7,60.3,,45,17
1999192,1999,624,3,3,179,11,NO,11,UNK,6.48,71.3,4.1,56,72
1999200,1999,234,3,2,179,9,NO,9,UNK,6.4,57.58,3.55,UNK,89
1999205,1999,709,3,2,180,11,YES,0,UNK,7.08,77.85,,5,91
1999208,1999,87,3,2,181,8,YES,0,158,6.68,53.45,,76,53
1999211,1999,156,3,2,181,10,NO,3,UNK,6.65,66.45,3.8,35,UNK
2000026,2000,723,3,1,151,11,YES,0,146,6.37,70.06,,UNK,151
2000048,2000,715,3,1,158,12,YES,0,163,7.13,85.57,,2,126
2000049,2000,16,3,1,159,UNK,YES,0,154,UNK,UNK,,7,100
2000050,2000,725,3,1,160,8,NO,6,155,6.46,51.68,3.89,8,71
2000052,2000,728,3,1,160,11,NO,5,163,6.31,69.36,4.35,56,70
2000078,2000,727,3,1,162,10,YES,0,145,6.26,62.56,,4,116
2000107,2000,472,3,1,171,10,YES,0,UNK,6.6,66,,59,56
2000124,2000,576,3,1,172,12,YES,0,156,6.74,80.87,,69,170
2000132,2000,258,3,1,173,13,YES,0,UNK,6.46,83.92,,8,13
2000147,2000,515,3,1,175,9,YES,0,UNK,7.25,65.23,,25,64
2000154,2000,16,3,2,177,11,YES,0,154,7.97,87.67,,7,71
2000165,2000,727,3,2,178,8,YES,0,145,6.14,49.13,,8,113
2001035,2001,267,3,1,160,12,YES,0,165,6.57,78.81,,66,14
2001039,2001,303,3,1,160,13,YES,0,162,6.43,83.58,,19,58
2001051,2001,153,3,1,161,9,YES,0,150,4.75,42.76,,36,148
2001056,2001,555,3,1,161,11,YES,0,184,7.49,82.37,,12,29
2001098,2001,145,3,1,164,9,NO,0,143,6.33,56.93,,19,9
2001107,2001,708,3,1,165,9,YES,0,167,7.39,66.5,,38,78
2001113,2001,302,3,1,167,10,YES,0,154,7.29,72.9,,UNK,33
2001138,2001,267,3,2,173,13,NO,7,165,6.77,87.97,4.22,65,96
2001150,2001,153,3,2,174,8,YES,0,UNK,4.7,37.57,,11,39
2001155,2001,303,3,2,175,5,NO,2,163,6.45,32.24,4.58,11,65
2001178,2001,555,3,2,176,13,YES,0,UNK,7.84,101.95,,14,7
2001185,2001,305,3,1,176,6,YES,0,167,5.35,32.09,,11,92
2001240,2001,155,3,1,180,10,NO,10,151,5.66,56.57,4.04,38,44
2002005,2002,173,3,1,150,10,YES,0,148,5.55,55.49,,UNK,44
2002033,2002,183,3,1,152,8,YES,0,142,5.62,44.95,,5,117
2002058,2002,193,3,1,159,8,NO,5,UNK,6.53,52.23,4.22,23,73
2002087,2002,168,3,1,160,10,YES,0,142,5.32,53.15,,3,135
2002132,2002,212,3,1,162,12,NO,10,151,5.62,67.42,3.86,49,38
2002143,2002,169,3,1,162,13,YES,0,154,5.55,72.18,,80,75
2002154,2002,206,3,1,162,10,YES,0,164,6.3,62.95,,31,133
2002161,2002,178,3,1,163,14,YES,0,171,5.36,75.08,,11,37
2002166,2002,173,3,2,164,13,YES,0,148,5.12,66.51,,14,50
2002175,2002,204,3,1,168,10,NO,3,152,5.76,57.57,3.56,20,57
2002184,2002,190,3,1,169,8,YES,0,150,7.27,58.16,,72,34
2002201,2002,183,3,2,171,9,NO,9,142,5.7,45.6,3.69,9,65
2002219,2002,174,3,1,172,10,YES,0,146,5.97,59.72,,79,106
2002250,2002,168,3,2,174,7,YES,0,142,5.22,36.56,,1,142
2002290,2002,206,3,2,175,11,NO,11,165,6.09,67.02,4.44,48,129
2002292,2002,193,3,2,175,12,NO,4,UNK,5.59,67.11,3.65,2,47
2002367,2002,204,3,2,181,12,NO,9,152,5.31,63.77,3.87,20,57
2002372,2002,169,3,2,181,12,YES,9,155,5.2,62.39,3.62,45,85
2003001,2003,164,3,1,148,13,NO,9,156,5.29,68.73,4.05,UNK,47
2003027,2003,227,3,1,156,10,NO,5,149,5.95,59.45,3.74,9,2
2003043,2003,189,3,1,158,9,NO,2,158,7.52,67.67,5.28,53,50
2003046,2003,236,3,1,158,10,NO,6,145,5.94,59.42,4.13,14,41
2003068,2003,482,3,1,160,UNK,YES,0,146,UNK,UNK,,9,55
2003071,2003,222,3,1,160,12,YES,4,147,5.44,65.24,3.36,7,108
2003073,2003,166,3,1,160,10,NO,7,166,7.75,77.48,5.58,39,75
2003074,2003,48,3,1,160,UNK,YES,0,155,UNK,UNK,,79,64
2003077,2003,216,3,1,160,13,NO,0,153,5.79,75.3,,23,73
2003078,2003,240,3,1,160,9,NO,3,147,5.92,53.25,4.19,13,52
2003083,2003,25,3,1,160,UNK,YES,0,168,UNK,UNK,,13,136
2003100,2003,245,3,1,161,10,NO,9,147,UNK,UNK,4.14,27,57
2003105,2003,196,3,1,161,14,NO,6,162,7.02,98.22,4.92,27,137
2003106,2003,225,3,1,161,UNK,YES,0,148,UNK,UNK,,10,64
2003114,2003,215,3,1,161,11,YES,5,139,5.82,64.01,4.06,5,69
2003117,2003,51,3,1,161,UNK,YES,0,154,UNK,UNK,,13,22
2003121,2003,71,3,1,163,UNK,YES,0,145,UNK,UNK,,62,61
2003129,2003,250,3,1,164,9,YES,0,150,7.51,67.6,,4,165
2003136,2003,48,3,2,164,15,YES,0,166,4.99,74.83,,11,145
2003147,2003,647,3,1,166,12,YES,9,171,8.01,88.14,5.82,68,53
2003152,2003,241,3,1,166,16,NO,15,159,6.04,96.6,4.38,36,99
2003153,2003,239,3,1,166,11,NO,5,156,6.08,66.91,4.36,44,135
2003158,2003,56,3,1,167,13,NO,13,172,6.07,78.94,4.64,56,63
2003188,2003,164,3,2,169,13,NO,10,157,UNK,UNK,4.21,59,91
2003194,2003,211,3,1,169,8,NO,1,160,6.99,76.88,5.14,45,58
2003221,2003,209,3,1,172,10,YES,0,146,6.1,60.98,,10,13
2003232,2003,236,3,2,173,UNK,YES,0,146,UNK,UNK,,11,59
2003238,2003,25,3,2,174,10,YES,0,168,7.72,77.18,,3,125
2003265,2003,225,3,2,175,11,NO,11,149,UNK,UNK,3.74,12,38
2003272,2003,166,3,2,175,UNK,YES,0,166,UNK,UNK,,58,106
2003289,2003,196,3,2,176,UNK,YES,0,161,UNK,UNK,,24,50
2003300,2003,216,3,2,177,12,NO,4,153,5.44,65.33,3.77,14,85
2003306,2003,222,3,2,178,11,YES,3,147,5.12,56.29,3.18,15,44
2003309,2003,71,3,2,179,7,YES,0,146,6.51,45.54,,54,56
2003319,2003,164,3,3,181,9,YES,0,157,5.11,46.01,,40,77
2003322,2003,56,3,2,181,14,YES,0,172,5.6,78.39,,32,90
2004009,2004,468,3,1,148,UNK,YES,0,152,UNK,UNK,,UNK,UNK
2004025,2004,59,3,1,151,11,YES,8,UNK,5.81,63.91,3.35,UNK,38
2004028,2004,88,3,1,151,13,NO,5,151,6.09,79.19,3.94,UNK,32
2004029,2004,118,3,1,151,11,NO,2,139,5.52,60.7,3.58,UNK,112
2004040,2004,466,3,1,152,11,YES,0,147,6.03,66.28,,UNK,94
2004041,2004,458,3,1,153,10,YES,3,145,4.86,48.6,2.96,UNK,13
2004044,2004,108,3,1,153,9,YES,3,154,6.43,57.9,3.25,UNK,82
2004061,2004,110,3,1,156,10,YES,0,147,7.13,71.25,,UNK,26
2004065,2004,451,3,1,157,9,NO,0,147,5.91,53.22,,UNK,UNK
2004066,2004,77,3,1,157,10,YES,0,144,6.2,61.96,,UNK,UNK
2004073,2004,115,3,1,158,10,YES,0,140,5.66,56.59,,UNK,60
2004074,2004,485,3,1,157,9,YES,0,154,6.93,62.4,,UNK,167
2004075,2004,454,3,1,157,10,NO,4,144,6.43,64.25,3.95,UNK,19
2004078,2004,43,3,1,157,UNK,YES,0,UNK,UNK,UNK,,UNK,UNK
2004079,2004,83,3,1,157,8,NO,3,141,6.22,49.76,3.93,UNK,UNK
2004083,2004,475,3,1,158,UNK,YES,0,165,UNK,UNK,,UNK,UNK
2004086,2004,68,3,1,158,7,YES,0,144,6.55,45.85,,UNK,81
2004087,2004,90,3,1,158,9,YES,0,151,5.6,50.41,,UNK,73
2004090,2004,42,3,1,158,10,YES,0,150,6.21,62.07,,UNK,UNK
2004097,2004,91,3,1,158,9,NO,1,139,5.67,51.05,3.39,UNK,39
2004098,2004,481,3,1,158,12,NO,12,153,UNK,UNK,4.33,UNK,168
2004106,2004,89,3,1,159,8,NO,0,139,6.26,43.85,,UNK,76
2004120,2004,100,3,1,160,6,NO,5,UNK,6.68,40.05,3.99,UNK,56
2004137,2004,72,3,1,161,10,YES,0,156,6.15,61.45,,UNK,64
2004149,2004,18,3,1,163,11,NO,9,160,6.6,72.64,5.19,UNK,120
2004154,2004,122,3,1,165,10,YES,0,156,5.82,58.21,,UNK,52
2004158,2004,208,3,1,165,10,YES,0,147,5.9,58.98,,UNK,92
2004174,2004,59,3,2,166,9,YES,0,142,5.02,45.19,,UNK,23
2004179,2004,118,3,2,166,9,NO,5,139,5.58,50.2,3.98,UNK,56
2004186,2004,108,3,2,166,10,NO,0,154,5.89,58.87,,UNK,56
2004193,2004,466,3,2,167,11,YES,0,148,5.17,56.83,,UNK,39
2004199,2004,120,3,1,168,13,NO,9,162,6.36,82.64,4.63,UNK,55
2004204,2004,101,3,1,168,8,NO,3,142,5.96,47.65,3.73,UNK,141
2004205,2004,112,3,1,169,9,NO,2,164,7.2,64.79,3.7,UNK,137
2004208,2004,454,3,2,169,9,YES,0,144,5.99,53.92,,UNK,30
2004210,2004,90,3,2,169,13,YES,0,152,5.65,67.85,,UNK,15
2004232,2004,89,3,2,179,7,YES,0,139,6.25,43.73,,UNK,23
2004233,2004,115,3,2,179,9,YES,0,141,4.91,44.21,,UNK,88
2004249,2004,485,3,2,180,9,YES,0,154,6.76,60.88,,UNK,171
2004258,2004,45,3,1,182,9,YES,0,157,6.74,60.69,,UNK,70
2004301,2004,85,3,1,183,11,YES,0,UNK,UNK,UNK,,UNK,UNK
2005003,2005,512,3,1,143,11,NO,3,152,6.49,71.36,4.2,42,150
2005008,2005,410,3,1,146,9,YES,0,163,7.66,76.6,,5,69
2005022,2005,504,3,1,151,17,YES,0,158,6.1,97.65,,73,32
2005028,2005,361,3,1,152,11,YES,0,151,7.24,79.69,,7,84
2005031,2005,363,3,1,152,12,YES,0,149,5.46,65.46,,57,117
2005033,2005,516,3,1,152,10,YES,0,144,6.11,61.12,,25,65
2005047,2005,364,3,1,154,7,YES,0,135,6.15,43.05,,64,117
2005053,2005,408,3,1,155,8,YES,0,142,6.23,49.8,,56,122
2005059,2005,398,3,1,155,9,YES,0,145,5.39,48.48,,32,140
2005088,2005,616,3,1,156,12,YES,0,140,6.38,76.54,,27,57
2005100,2005,509,3,1,156,10,YES,0,160,8.26,82.63,,26,68
2005107,2005,597,3,1,156,16,YES,0,157,5.54,88.58,,47,165
2005112,2005,367,3,1,157,10,YES,0,145,6.12,61.21,,31,165
2005135,2005,512,3,2,160,12,YES,0,153,5.89,70.63,,54,54
2005157,2005,374,3,1,163,11,YES,0,141,5.01,55.1,,2,40
2005161,2005,504,3,2,163,13,YES,0,157,6.2,74.4,,36,106
2005166,2005,363,3,2,164,12,YES,0,150,5.02,60.21,,41,132
2005171,2005,361,3,2,164,12,YES,0,151,6.66,79.86,,23,148
2005173,2005,62,3,1,165,11,YES,0,158,6.42,70.64,,19,50
2005178,2005,516,3,2,165,11,YES,0,144,5.05,55.6,,11,126
2005185,2005,364,3,2,166,7,YES,0,135,5.83,40.82,,72,177
2005233,2005,616,3,2,172,9,YES,0,141,6.97,62.72,,1,119
2005241,2005,421,3,1,172,9,YES,0,167,7.81,70.29,,9,44
2005252,2005,367,3,2,174,9,YES,0,144,5.54,49.85,,21,32
2005263,2005,419,3,1,174,15,YES,0,165,7.42,111.25,,4,121
2005266,2005,426,3,1,174,15,YES,0,150,5.12,76.82,,10,105
2005267,2005,408,3,2,174,8,YES,0,143,5.25,41.96,,12,99
2006020,2006,332,3,1,149,UNK,YES,0,152,UNK,UNK,,54,79
2006044,2006,353,3,1,150,UNK,YES,0,146,UNK,UNK,,38,135
2006053,2006,609,3,1,151,8,YES,0,147,7.98,63.81,,23,39
2006056,2006,495,3,1,151,9,YES,0,151,7.78,70.03,,25,35
2006082,2006,357,3,1,155,8,YES,0,144,6.94,55.48,,6,65
2006083,2006,358,3,1,155,9,NO,9,144,6.33,56.97,4.22,37,134
2006098,2006,355,3,1,156,UNK,YES,0,148,UNK,UNK,,35,134
2006107,2006,613,3,1,157,13,NO,13,171,UNK,UNK,5.1,3,151
2006122,2006,605,3,1,157,UNK,YES,0,141,UNK,UNK,,8,162
2006128,2006,351,3,1,158,UNK,YES,0,149,UNK,UNK,,26,133
2006141,2006,403,3,1,163,12,NO,11,144,5.22,62.69,3.71,14,73
2006191,2006,357,3,2,168,10,NO,10,144,UNK,UNK,3.93,52,102
2006197,2006,609,3,2,168,11,NO,11,148,UNK,UNK,4.38,11,91
2006213,2006,600,3,1,170,7,NO,6,146,UNK,UNK,3.2,27,115
2006214,2006,603,3,1,170,10,NO,10,146,UNK,UNK,4.02,46,126
2006217,2006,350,3,1,170,6,NO,6,152,UNK,UNK,5.08,61,93
2006220,2006,358,3,2,170,10,NO,9,145,UNK,UNK,4.03,60,38
2006226,2006,355,3,2,171,11,NO,11,148,UNK,UNK,3.63,43,120
2006232,2006,602,3,1,172,10,NO,10,153,5.42,54.2,3.69,69,51
2006238,2006,354,3,1,175,10,YES,0,146,5.7,57.01,,7,95
2006247,2006,351,3,2,176,12,NO,12,150,5.87,70.45,3.86,12,112
2007007,2007,664,3,1,144,9,YES,1,158,9.17,82.5,3.58,7,158
2007017,2007,741,3,1,145,10,YES,0,155,6.84,68.38,,26,103
2007053,2007,545,3,1,149,13,NO,4,134,6.24,81.1,4.12,5,168
2007054,2007,461,3,1,150,UNK,YES,0,154,UNK,UNK,,40,70
2007144,2007,741,3,2,164,10,NO,10,155,6.37,63.74,4.82,27,58
2007147,2007,545,3,2,165,10,NO,9,152,6.52,65.21,4.54,21,135
2007172,2007,461,3,2,167,11,NO,7,154,5.48,60.3,3.25,7,158
2007184,2007,583,3,1,168,9,NO,7,155,6.55,58.92,3.94,8,131
2007219,2007,739,3,1,170,14,YES,0,168,7.15,100.16,,27,94
2008025,2008,681,3,1,159,10,NO,0,157,6.91,69.14,,32,117
2008045,2008,680,3,1,161,12,NO,0,151,6.59,79.08,,38,60
2008048,2008,667,3,1,161,9,NO,0,148,6.34,57.02,,29,90
2008060,2008,280,3,1,163,11,NO,0,152,6.72,73.89,,29,93
2008065,2008,271,3,1,163,11,NO,0,131,6.56,72.17,,70,117
2008070,2008,293,3,1,164,11,YES,0,159,7.25,79.79,,39,83
2008113,2008,680,3,2,177,11,YES,0,151,5.91,65.05,,34,87
2008116,2008,313,3,1,177,13,YES,0,152,7.18,93.32,,4,97
2008120,2008,278,3,1,177,14,YES,0,164,6.22,87.11,,17,60
2008124,2008,276,3,2,178,12,YES,0,UNK,6.43,77.15,,71,55
2008125,2008,271,3,2,178,8,YES,0,143,6.41,51.29,,27,90
2008142,2008,685,3,2,179,11,NO,10,158,6.77,74.46,4.04,49,149
2008156,2008,681,3,2,180,10,YES,0,156,6.41,64.09,,27,133
2008157,2008,293,3,2,180,12,YES,0,159,7.19,86.22,,35,107
2009055,2009,341,3,1,157,10,YES,0,UNK,6.96,69.56,,70,106
2009095,2009,338,3,1,159,10,YES,0,146,5.55,55.5,,42,71
2009125,2009,347,3,1,161,11,YES,0,154,6.23,62.28,,14,42
2009201,2009,549,3,1,170,7,NO,5,138,5.06,30.37,3.12,11,128
2009291,2009,338,3,2,176,9,NO,9,148,5.46,43.68,3.46,40,130
2010078,2010,690,3,1,149,8,YES,0,140,6.77,54.16,,42,142
2010123,2010,640,3,1,152,12,YES,0,153,5.85,70.19,,6,61
2010202,2010,278,3,1,163,12,YES,0,173,7.21,86.55,,12,63
2010209,2010,690,3,2,164,9,NO,2,140,6.45,58.04,3.29,50,106
2010223,2010,632,3,1,167,9,YES,0,150,6.01,54.1,,33,31
2010262,2010,639,3,1,173,9,YES,0,152,6.27,56.46,,21,71
2010269,2010,640,3,3,177,8,NO,0,UNK,5.88,47.04,,12,58
2000002,2000,617,4,1,143,12,NO,1,168,8.1,97.21,5.12,78,101
2000007,2000,650,4,1,145,9,NO,7,155,6.97,62.72,4.34,27,185
2000009,2000,624,4,1,145,11,NO,11,169,7.66,84.24,5.18,44,95
2000010,2000,619,4,1,145,11,NO,2,158,6.59,72.48,3.8,72,26
2000012,2000,625,4,1,150,14,YES,0,162,6.73,94.2,,2,162
2000014,2000,631,4,1,151,9,NO,8,148,6.97,62.73,4.66,45,169
2000020,2000,630,4,1,151,8,NO,7,147,7.17,57.33,3.96,12,78
2000023,2000,201,4,1,151,14,NO,0,164,6.59,92.31,,53,68
2000024,2000,637,4,1,151,10,NO,3,150,6.49,64.93,3.64,5,86
2000040,2000,148,4,1,153,9,NO,1,153,6.92,62.28,4.6,36,78
2000042,2000,646,4,1,153,11,NO,9,171,8.31,91.4,5.76,32,155
2000061,2000,57,4,1,161,9,YES,0,157,7.59,68.31,,83,146
2000069,2000,617,4,2,162,9,YES,0,168,8.38,75.38,,3,101
2000075,2000,234,4,1,162,11,YES,0,157,6.64,73.06,,64,121
2000080,2000,624,4,2,163,14,NO,12,169,7.82,109.5,4.58,54,78
2000108,2000,646,4,2,171,12,YES,0,171,7.89,94.65,,52,151
2000112,2000,626,4,1,171,UNK,YES,0,155,UNK,UNK,,38,72
2000113,2000,156,4,1,171,8,NO,5,155,7.19,57.54,5.39,36,70
2000118,2000,148,4,2,171,10,YES,0,153,6.57,65.73,,85,124
2000121,2000,201,4,2,172,10,NO,8,164,6.66,66.63,4.6,47,67
2000137,2000,709,4,1,174,11,YES,0,UNK,6.98,69.77,,67,111
2000140,2000,57,4,2,175,9,NO,5,157,7.14,64.27,4.06,26,65
2000143,2000,24,4,1,175,13,YES,0,173,8.15,105.93,,37,133
2000148,2000,704,4,1,175,12,YES,0,161,6.18,74.15,,18,93
2000155,2000,697,4,1,177,13,YES,0,UNK,6.74,87.43,,7,77
2000156,2000,617,4,3,178,11,YES,0,168,7.01,77.15,,35,86
2001012,2001,127,4,1,159,10,YES,0,151,7.73,77.31,,46,76
2001026,2001,472,4,1,160,12,YES,0,158,7.07,84.83,,58,26
2001060,2001,710,4,1,161,9,YES,0,147,7.08,63.71,,44,88
2001071,2001,259,4,1,161,16,YES,0,152,5.59,89.38,,82,90
2001077,2001,16,4,1,162,9,YES,0,154,8.44,75.97,,46,49
2001108,2001,487,4,1,165,12,YES,0,164,6.21,74.46,,24,36
2001131,2001,585,4,1,172,10,YES,0,172,7.78,77.79,,15,7
2001133,2001,727,4,1,172,9,YES,0,147,6.23,56.05,,UNK,6
2001165,2001,472,4,2,175,9,YES,0,UNK,6.51,58.61,,4,65
2001166,2001,715,4,1,175,13,YES,0,164,6.1,79.26,,3,70
2001170,2001,706,4,1,175,10,NO,7,151,6.91,69.06,4.52,19,154
2001206,2001,260,4,1,177,9,YES,0,146,6.68,60.16,,4,133
2001227,2001,710,4,2,179,5,YES,0,UNK,6.78,33.9,,8,72
2001235,2001,16,4,2,179,12,YES,0,UNK,8.33,99.91,,15,102
2002006,2002,158,4,1,150,12,NO,11,170,7.03,84.39,4.13,4,95
2002009,2002,302,4,1,150,15,NO,14,155,7.06,98.77,4.17,12,108
2002015,2002,140,4,1,151,9,YES,0,145,6.81,61.29,,12,65
2002025,2002,87,4,1,151,13,NO,10,160,6.97,90.55,3.88,26,104
2002030,2002,153,4,1,152,12,YES,0,151,4.84,58.04,,2,4
2002031,2002,267,4,1,152,10,NO,8,168,7.24,72.39,4.52,59,73
2002080,2002,303,4,1,160,11,YES,0,164,7.75,85.25,,14,31
2002121,2002,155,4,1,161,13,YES,0,153,5.58,72.51,,15,37
2002135,2002,301,4,1,162,12,YES,0,156,5.87,70.38,,20,40
2002157,2002,145,4,1,162,8,YES,0,145,6.93,55.4,,6,116
2002186,2002,478,4,1,169,10,NO,7,171,7.96,79.64,5.09,UNK,122
2002197,2002,267,4,2,170,11,YES,9,168,7.7,84.66,5.33,12,93
2002212,2002,140,4,2,171,9,YES,0,145,6.64,53.14,,26,112
2002231,2002,141,4,1,173,9,NO,9,148,6.68,60.09,4.58,12,120
2002238,2002,555,4,1,173,15,YES,0,180,7.23,108.39,,4,40
2002270,2002,259,4,2,175,11,YES,0,154,5.98,65.73,,45,62
2002272,2002,305,4,1,175,15,NO,11,168,6.52,97.79,UNK,59,26
2002282,2002,301,4,2,175,13,NO,12,157,5.41,70.38,3.83,28,116
2002285,2002,303,4,2,175,12,YES,0,164,6.1,73.19,,4,50
2002320,2002,145,4,2,177,10,NO,1,145,6.35,63.52,4.04,6,92
2002370,2002,267,4,3,181,11,NO,8,168,6.7,73.72,4.83,65,29
2002381,2002,708,4,1,182,8,YES,0,168,7.13,57.07,,43,52
2003024,2003,183,4,1,156,8,NO,1,152,5.38,43.07,3.67,7,80
2003049,2003,173,4,1,158,9,YES,0,150,5.25,47.26,,2,39
2003066,2003,190,4,1,160,9,YES,4,152,6.87,54.95,5.07,34,90
2003090,2003,193,4,1,160,9,NO,4,146,6.94,62.48,4.3,25,72
2003125,2003,206,4,1,163,UNK,YES,0,165,UNK,UNK,,UNK,46
2003138,2003,204,4,1,164,12,NO,1,152,5.92,71,3.74,24,105
2003199,2003,192,4,1,169,11,NO,10,154,UNK,UNK,3.84,15,25
2003214,2003,173,4,2,171,13,NO,3,150,5.1,66.27,3.55,33,143
2003222,2003,174,4,1,173,9,NO,9,147,6.3,56.66,4.51,52,137
2003227,2003,184,4,1,173,UNK,YES,0,153,UNK,UNK,,6,118
2003250,2003,183,4,2,174,UNK,YES,0,146,UNK,UNK,,14,46
2003261,2003,168,4,1,174,8,YES,2,144,5.83,46.64,3.81,2,181
2003273,2003,190,4,2,175,UNK,YES,0,152,UNK,UNK,,11,120
2003277,2003,206,4,2,175,11,NO,11,165,UNK,UNK,5.18,45,97
2003293,2003,212,4,1,176,UNK,YES,0,UNK,UNK,UNK,,8,113
2004013,2004,48,4,1,149,12,NO,0,154,5.86,70.32,,UNK,32
2004014,2004,196,4,1,149,11,NO,7,164,7.64,84.07,4.69,UNK,UNK
2004015,2004,25,4,1,149,9,NO,9,168,8.48,76.32,5.82,UNK,75
2004027,2004,236,4,1,151,13,NO,11,146,6.26,81.4,3.85,UNK,74
2004031,2004,482,4,1,151,9,NO,4,146,6.67,60.05,3.79,UNK,81
2004036,2004,198,4,1,152,9,NO,9,159,6.44,57.93,4.47,UNK,93
2004051,2004,189,4,1,154,8,NO,7,159,8.29,66.3,4.97,UNK,95
2004052,2004,452,4,1,155,10,YES,0,148,5.83,58.32,,UNK,UNK
2004069,2004,71,4,1,157,8,YES,0,147,7.4,59.21,,UNK,51
2004070,2004,225,4,1,157,11,NO,0,150,6.58,72.34,,UNK,UNK
2004072,2004,224,4,1,158,10,NO,9,151,8.55,85.46,5.37,UNK,100
2004076,2004,229,4,1,158,9,NO,0,143,6.27,56.46,,UNK,131
2004100,2004,166,4,1,158,UNK,YES,0,166,UNK,UNK,,UNK,157
2004147,2004,196,4,2,165,13,YES,10,165,7.04,91.53,4.85,UNK,130
2004148,2004,236,4,2,164,11,YES,9,147,6.65,73.2,4.22,UNK,193
2004151,2004,25,4,2,164,9,YES,3,171,8.49,76.37,5.37,UNK,26
2004178,2004,64,4,1,166,8,NO,0,145,5.83,46.61,,UNK,165
2004190,2004,198,4,2,167,10,NO,8,158,6.17,61.74,4.47,UNK,87
2004226,2004,71,4,2,175,7,YES,0,148,6.88,48.15,,UNK,68
2004245,2004,166,4,2,180,10,YES,0,166,7.52,67.7,,UNK,59
2004250,2004,196,4,3,180,7,YES,0,154,5.94,41.57,,UNK,UNK
2004257,2004,452,4,2,182,10,YES,0,148,5.79,57.91,,UNK,31
2005005,2005,88,4,1,144,13,NO,9,152,6.6,85.76,4.01,67,80
2005010,2005,84,4,1,147,11,YES,0,158,6.77,74.45,,10,36
2005020,2005,45,4,1,151,10,YES,0,157,7.71,77.05,,58,155
2005024,2005,458,4,1,151,9,YES,0,138,5.85,52.68,,7,80
2005027,2005,124,4,1,152,UNK,YES,0,142,UNK,UNK,,UNK,17
2005029,2005,468,4,1,152,10,YES,0,153,7.28,72.81,,49,179
2005037,2005,436,4,1,153,9,YES,0,137,5.31,47.76,,11,86
2005049,2005,438,4,1,155,13,YES,0,158,5.91,76.78,,38,158
2005058,2005,208,4,1,155,10,YES,0,148,7.09,70.9,,4,97
2005062,2005,91,4,1,155,9,YES,0,139,5.56,50.01,,55,56
2005070,2005,112,4,1,156,13,YES,0,164,8.75,113.76,,48,105
2005073,2005,77,4,1,156,11,YES,0,144,6.34,69.76,,34,86
2005075,2005,106,4,1,156,9,YES,0,151,6.94,62.48,,29,100
2005078,2005,42,4,1,156,11,YES,0,151,6.3,69.28,,32,150
2005079,2005,115,4,1,156,11,YES,0,142,6.26,68.85,,55,62
2005080,2005,116,4,1,156,12,NO,9,149,5.17,62,3.66,15,62
2005084,2005,451,4,1,156,11,YES,0,148,6.29,69.19,,33,32
2005087,2005,439,4,1,156,15,YES,0,153,6.6,98.93,,34,129
2005089,2005,128,4,1,156,10,YES,0,151,6,59.98,,12,120
2005090,2005,460,4,1,156,12,YES,0,133,5.03,60.36,,1,78
2005096,2005,90,4,1,156,11,YES,0,153,6,66.03,,25,129
2005099,2005,75,4,1,156,8,YES,0,177,8.45,67.63,,26,125
2005101,2005,76,4,1,156,8,YES,0,142,6.09,48.69,,5,67
2005102,2005,73,4,1,156,9,YES,0,144,6.46,58.18,,7,11
2005110,2005,458,4,2,157,9,YES,0,138,6.2,55.77,,13,36
2005111,2005,457,4,1,157,9,YES,0,143,6.48,58.29,,8,162
2005115,2005,459,4,1,157,8,YES,0,143,6.04,48.28,,21,35
2005119,2005,86,4,1,157,9,YES,0,150,6.22,55.95,,UNK,162
2005124,2005,121,4,1,159,6,YES,0,143,7.67,45.99,,5,170
2005139,2005,102,4,1,158,6,YES,0,152,5.94,35.63,,3,133
2005142,2005,88,4,2,161,11,YES,0,151,7.02,77.18,,69,92
2005147,2005,72,4,1,161,10,YES,0,157,6.79,67.88,,28,90
2005154,2005,59,4,1,163,4,YES,0,143,6.63,26.51,,12,122
2005156,2005,18,4,1,163,10,YES,0,160,6.88,68.84,,4,41
2005176,2005,76,4,UNK,165,15,YES,0,157,5.23,78.42,,50,70
2005183,2005,118,4,1,166,11,YES,0,142,5.57,61.26,,9,46
2005197,2005,91,4,2,169,6,YES,0,139,6.25,37.52,,9,194
2005198,2005,208,4,2,169,8,YES,0,149,7.37,58.92,,6,157
2005202,2005,68,4,1,170,8,YES,0,146,5.97,47.77,,3,142
2005205,2005,479,4,1,170,16,YES,0,173,6.48,103.74,,5,193
2005219,2005,42,4,2,171,12,YES,0,151,6.34,57.02,,9,66
2005220,2005,112,4,2,171,15,YES,0,165,5.83,64.15,,32,50
2005227,2005,65,4,1,171,10,YES,0,152,6.55,65.52,,10,52
2005234,2005,90,4,2,172,14,YES,0,152,5.91,82.68,,40,44
2005237,2005,76,4,3,172,8,YES,0,141,5.35,42.76,,2,11
2005247,2005,451,4,2,173,9,YES,0,149,5.81,52.25,,30,33
2005248,2005,103,4,1,173,8,YES,0,138,5.9,47.18,,12,31
2005256,2005,83,4,1,174,8,YES,0,144,6.22,49.76,,15,164
2005281,2005,457,4,2,177,8,YES,0,143,6.58,52.6,,4,157
2005283,2005,106,4,2,177,7,YES,0,151,6.45,45.12,,29,44
2006009,2006,616,4,1,147,10,YES,0,142,6.8,67.97,,27,75
2006010,2006,517,4,1,147,10,YES,0,168,8.73,87.3,,14,53
2006035,2006,361,4,1,150,6,YES,0,152,7.34,44.06,,41,112
2006036,2006,504,4,1,150,20,YES,0,161,5.74,114.78,,82,124
2006040,2006,516,4,1,150,UNK,YES,0,146,UNK,UNK,,45,105
2006046,2006,398,4,1,150,9,YES,0,149,5.89,52.98,,44,139
2006075,2006,408,4,1,153,UNK,YES,0,145,UNK,UNK,,79,83
2006087,2006,367,4,1,155,UNK,YES,0,147,UNK,UNK,,46,115
2006096,2006,385,4,1,156,9,NO,8,152,UNK,UNK,5.05,55,154
2006104,2006,426,4,1,156,UNK,YES,0,152,UNK,UNK,,2,98
2006112,2006,363,4,1,157,UNK,YES,0,150,UNK,UNK,,56,108
2006129,2006,374,4,1,158,UNK,YES,0,143,UNK,UNK,,8,160
2006139,2006,616,4,2,159,12,NO,12,142,UNK,UNK,3.61,41,90
2006170,2006,422,4,1,165,9,NO,9,147,UNK,UNK,3.9,6,55
2006175,2006,361,4,2,166,13,NO,8,152,UNK,UNK,5,38,123
2006184,2006,512,4,1,167,13,NO,9,156,6.29,81.8,4.47,57,88
2006187,2006,516,4,2,167,UNK,YES,0,146,UNK,UNK,,34,120
2006190,2006,398,4,2,168,11,NO,5,148,5.37,59.09,3.67,35,175
2006205,2006,509,4,1,169,12,NO,11,161,UNK,UNK,5.85,25,75
2006215,2006,408,4,2,170,11,NO,11,146,UNK,UNK,4.35,43,83
2006229,2006,385,4,2,172,13,YES,0,152,5.81,75.51,,48,112
2006233,2006,363,4,2,172,9,NO,8,151,5.27,47.39,3.25,58,116
2006239,2006,367,4,2,175,9,NO,9,146,5.74,51.7,3.86,13,62
2006248,2006,506,4,1,176,10,NO,8,147,5.9,53.08,3.14,28,90
2007002,2007,403,4,1,140,12,NO,10,154,5.52,66.24,3.92,12,9
2007015,2007,332,4,1,145,UNK,YES,0,156,UNK,UNK,,50,84
2007020,2007,495,4,1,146,8,NO,8,154,7.51,60.09,4.96,23,63
2007043,2007,603,4,1,150,9,NO,9,147,UNK,UNK,4.14,52,163
2007068,2007,358,4,1,150,7,YES,0,147,7.07,49.52,,39,89
2007074,2007,357,4,1,150,9,YES,0,146,6.67,59.99,,22,80
2007076,2007,355,4,1,151,8,NO,7,150,6.63,53.07,4.07,27,190
2007088,2007,600,4,1,151,12,YES,0,147,5.72,68.64,,37,104
2007092,2007,351,4,1,151,11,YES,0,151,6.46,71.05,,29,93
2007106,2007,598,4,1,153,7,YES,0,142,7.41,51.88,,3,79
2007111,2007,602,4,1,155,12,YES,0,156,5.54,66.46,,66,53
2007118,2007,609,4,1,159,18,NO,16,167,7.35,132.21,5.1,29,162
2007136,2007,613,4,1,163,11,NO,8,172,8.21,90.27,5.59,15,131
2007173,2007,354,4,1,168,10,NO,9,148,6.18,61.81,3.78,11,36
2007181,2007,495,4,2,168,8,YES,0,152,7.72,61.79,,6,84
2007185,2007,351,4,2,169,11,NO,11,151,5.89,64.77,4.44,36,UNK
2007193,2007,356,4,1,169,8,YES,0,150,6.78,54.25,,43,155
2007205,2007,603,4,2,170,9,YES,0,147,6.46,58.11,,43,67
2007208,2007,403,4,2,170,11,YES,0,153,5.37,59.08,,56,112
2007220,2007,600,4,2,169,11,NO,5,147,6.22,68.46,4.04,56,117
2007270,2007,357,4,2,168,9,NO,3,146,6.51,58.56,3.88,2,8
2008028,2008,741,4,1,160,12,NO,0,156,6.91,82.88,,29,104
2008031,2008,27,4,1,160,10,NO,0,167,8.29,82.86,,47,84
2008032,2008,440,4,1,160,10,NO,0,149,6.77,67.73,,40,99
2008049,2008,545,4,1,161,8,NO,0,154,7.48,59.87,,11,93
2008137,2008,741,4,2,178,8,NO,0,167,6.71,53.69,,17,56
2008140,2008,461,4,1,179,7,YES,0,160,5.95,41.63,,30,126
2009006,2009,287,4,1,150,10,YES,0,160,6.22,62.23,,14,38
2009014,2009,284,4,1,152,12,YES,0,149,5.95,71.4,,23,88
2009022,2009,679,4,1,152,10,YES,0,155,6.48,64.82,,75,95
2009028,2009,290,4,1,152,11,YES,0,165,6.7,73.72,,62,67
2009039,2009,681,4,1,156,11,YES,0,159,6.93,76.25,,22,112
2009046,2009,667,4,1,156,11,YES,0,150,6.47,71.13,,23,99
2009069,2009,683,4,1,158,10,YES,0,144,6.5,64.95,,44,78
2009073,2009,685,4,1,158,10,YES,0,151,7.53,75.31,,60,97
2009088,2009,680,4,1,158,12,YES,0,152,7.04,84.53,,43,54
2009099,2009,293,4,1,159,11,YES,0,161,7.15,78.64,,4,37
2009113,2009,684,4,1,160,13,YES,0,153,5.77,74.94,,15,60
2009115,2009,291,4,1,160,10,YES,0,147,6.41,64.06,,7,138
2009147,2009,677,4,1,163,9,YES,0,149,7.55,52.87,,57,73
2009148,2009,285,4,1,163,12,YES,0,163,6.19,68.06,,26,121
2009171,2009,675,4,1,168,10,YES,0,157,6.54,58.84,,11,17
2009192,2009,290,4,1,169,13,YES,0,165,6.43,77.17,,47,130
2009194,2009,685,4,2,170,11,YES,0,151,7.49,74.93,,63,87
2009196,2009,686,4,1,170,10,YES,0,143,6.04,54.4,,40,107
2009227,2009,292,4,1,172,13,YES,0,UNK,7.3,80.32,,59,137
2009248,2009,680,4,2,173,10,YES,0,152,6.46,58.14,,41,43
2009260,2009,683,4,2,174,9,YES,0,145,6.78,54.21,,43,106
2009263,2009,677,4,2,174,10,YES,0,148,6.74,60.7,,34,78
2009268,2009,682,4,1,174,UNK,YES,0,167,UNK,UNK,,22,66
2009285,2009,284,4,2,176,8,NO,0,156,6.52,45.61,,31,67
2009293,2009,276,4,1,177,9,NO,0,157,7.16,57.31,,68,UNK
2010044,2010,345,4,1,146,10,YES,0,144,6.3,62.96,,56,154
2010060,2010,338,4,1,148,10,YES,0,148,5.78,57.79,,38,108
2010117,2010,347,4,1,151,9,NO,0,155,6.83,61.44,,55,104
2010221,2010,338,4,2,167,10,YES,0,148,6.29,62.91,,27,UNK
2010227,2010,347,4,2,168,9,YES,0,154,6.6,59.43,,48,110
2001010,2001,705,5,1,159,14,YES,0,168,6.09,85.22,,20,39
2001011,2001,619,5,1,159,11,YES,0,158,6.61,72.74,,37,73
2001016,2001,156,5,1,159,10,YES,0,154,7.3,73.02,,26,29
2001029,2001,697,5,1,160,13,YES,0,175,6.83,88.79,,13,45
2001040,2001,622,5,1,160,8,YES,0,154,6.76,54.05,,43,107
2001042,2001,617,5,1,160,12,YES,0,170,8.13,97.59,,64,137
2001055,2001,626,5,1,161,10,YES,0,155,7.71,77.06,,50,17
2001057,2001,24,5,1,161,10,NO,7,162,6.99,69.91,4.82,36,63
2001074,2001,630,5,1,161,4,YES,0,146,7.98,31.93,,8,48
2001084,2001,704,5,1,162,15,YES,0,162,6.11,91.69,,45,103
2001085,2001,24,5,1,162,13,YES,0,173,7.61,98.89,,17,61
2001095,2001,689,5,1,164,9,YES,0,156,7.11,64.03,,10,31
2001121,2001,624,5,1,170,14,YES,0,169,7.97,111.64,,39,96
2001122,2001,234,5,1,170,11,YES,0,156,7.18,78.96,,13,98
2001126,2001,156,5,2,169,10,YES,0,UNK,7.03,70.31,,47,64
2001135,2001,617,5,2,173,9,YES,0,UNK,8.26,74.36,,41,UNK
2001158,2001,644,5,1,175,10,YES,0,152,7.4,74.02,,16,97
2001161,2001,626,5,2,175,9,YES,0,UNK,7.32,65.91,,38,51
2001168,2001,402,5,1,175,10,YES,0,177,8.17,81.72,,4,82
2001180,2001,642,5,1,176,9,YES,0,147,6.85,61.61,,38,59
2001189,2001,631,5,1,176,9,NO,5,148,6.91,62.23,4.3,81,84
2001194,2001,697,5,2,176,14,YES,0,UNK,7.09,99.32,,2,56
2001203,2001,630,5,1,177,9,YES,0,UNK,7.09,63.79,,2,0
2001207,2001,148,5,1,177,8,YES,0,156,7.24,57.94,,17,60
2001209,2001,689,5,2,177,11,YES,0,UNK,6.51,71.57,,2,31
2001213,2001,643,5,1,177,9,YES,0,156,7.01,63.13,,34,125
2001216,2001,57,5,1,178,10,YES,0,158,7.08,70.83,,10,101
2001218,2001,24,5,2,178,12,YES,0,UNK,8.36,100.37,,15,46
2002012,2002,515,5,1,150,15,YES,0,177,7.58,113.73,,42,147
2002046,2002,20,5,1,154,11,NO,10,160,7.57,83.23,4.19,19,68
2002062,2002,259,5,1,159,12,YES,10,154,6.91,82.94,5.42,UNK,108
2002064,2002,472,5,1,159,12,NO,10,UNK,7.42,89.07,4.99,1,96
2002065,2002,718,5,1,160,13,YES,0,152,5.99,77.88,,11,68
2002077,2002,623,5,1,160,13,YES,0,156,6.7,87.1,,70,37
2002094,2002,725,5,1,161,7,NO,7,157,7.68,53.79,5.28,10,61
2002111,2002,576,5,1,161,9,YES,0,157,7.64,68.8,,60,88
2002131,2002,715,5,1,162,16,YES,0,166,6.83,109.22,,33,130
2002147,2002,710,5,1,162,9,YES,0,149,7.45,67.09,,83,117
2002177,2002,261,5,1,168,11,NO,10,150,5.4,59.42,3.75,UNK,151
2002192,2002,502,5,1,170,10,NO,7,160,7.07,70.71,4.37,7,15
2002210,2002,127,5,1,171,9,NO,8,152,7.49,67.37,4.52,25,30
2002262,2002,725,5,2,174,12,YES,0,159,6.5,77.97,,14,2
2002269,2002,715,5,2,175,16,NO,15,166,5.77,92.37,3.96,38,44
2002291,2002,727,5,1,175,9,YES,0,149,6.74,60.69,,5,73
2002307,2002,576,5,2,176,10,YES,0,158,7.11,71.13,,79,80
2002310,2002,487,5,1,176,14,YES,0,165,5.59,78.27,,56,69
2002335,2002,710,5,2,177,10,YES,0,151,6.85,61.66,,43,76
2003004,2003,267,5,1,148,12,YES,0,169,8.09,97.06,,46,67
2003005,2003,140,5,1,148,9,NO,5,146,7.06,63.5,4.75,60,88
2003020,2003,153,5,1,156,8,NO,3,152,5.29,42.29,3.65,39,129
2003056,2003,305,5,1,159,15,YES,0,167,7.19,107.83,,61,49
2003143,2003,145,5,1,165,8,YES,0,145,7.2,57.62,,39,52
2003171,2003,155,5,1,168,8,YES,0,155,6.19,49.55,,3,31
2003198,2003,157,5,1,169,14,NO,10,167,UNK,UNK,4.38,12,151
2003202,2003,269,5,1,169,4,NO,1,143,UNK,UNK,2.89,10,89
2003209,2003,153,5,2,170,10,NO,2,151,4.98,49.76,3.57,12,72
2003228,2003,141,5,1,173,UNK,YES,0,148,UNK,UNK,,9,85
2003271,2003,305,5,2,175,UNK,YES,0,168,UNK,UNK,,49,88
2003312,2003,145,5,2,179,7,YES,0,145,6.98,48.87,,28,65
2003318,2003,555,5,1,180,16,YES,0,179,7.07,113.18,,4,0
2004030,2004,206,5,1,151,11,NO,8,166,6.65,73.17,4.69,UNK,101
2004047,2004,193,5,1,154,8,YES,5,UNK,UNK,UNK,4.29,UNK,UNK
2004054,2004,194,5,1,155,14,YES,0,167,6.42,89.84,,UNK,UNK
2004111,2004,169,5,1,159,8,YES,0,155,6.61,52.88,,UNK,84
2004121,2004,173,5,1,160,11,NO,8,150,5.6,61.59,3.56,UNK,UNK
2004163,2004,206,5,2,165,9,NO,6,164,6.19,55.69,4.52,UNK,66
2004171,2004,139,5,1,165,13,YES,0,169,7.54,97.99,,UNK,108
2004173,2004,183,5,1,166,9,YES,0,146,6.07,54.59,,UNK,55
2004188,2004,193,5,2,166,9,NO,7,146,5.89,53.01,3.88,UNK,UNK
2004198,2004,203,5,1,168,14,YES,0,166,7.06,98.78,,UNK,17
2004221,2004,173,5,2,174,11,YES,0,151,5.6,61.57,,UNK,166
2004266,2004,206,5,3,183,7,YES,0,166,6.11,42.77,,UNK,UNK
2005004,2005,482,5,1,144,11,NO,4,147,6.85,75.33,3.79,45,66
2005023,2005,25,5,1,151,9,YES,0,168,8.74,78.63,,3,40
2005032,2005,482,5,2,152,11,YES,0,157,8.17,89.85,,53,131
2005035,2005,236,5,1,153,13,YES,0,148,6.74,87.62,,56,169
2005039,2005,245,5,1,153,12,YES,0,148,6.4,76.8,,11,31
2005045,2005,214,5,1,154,10,YES,0,164,7.41,74.12,,8,173
2005048,2005,647,5,1,155,11,YES,0,172,8.64,95.03,,55,36
2005056,2005,166,5,1,155,9,YES,0,166,8.36,75.22,,21,71
2005065,2005,220,5,1,155,9,YES,0,143,5.44,48.93,,16,39
2005074,2005,229,5,1,156,10,YES,0,145,6.29,62.85,,21,195
2005095,2005,219,5,1,156,11,YES,0,147,6.74,74.11,,6,99
2005108,2005,603,5,1,157,9,YES,0,142,6.26,56.33,,UNK,79
2005116,2005,216,5,1,157,10,YES,0,154,6.63,66.28,,29,116
2005153,2005,25,5,2,163,11,YES,0,169,8.67,95.39,,7,115
2005159,2005,211,5,1,163,13,YES,0,160,6.79,88.22,,46,42
2005181,2005,71,5,1,165,9,YES,0,149,6.79,61.14,,55,23
2005182,2005,244,5,1,165,11,YES,0,155,6.77,74.43,,26,95
2005184,2005,236,5,2,166,9,YES,0,148,7.55,67.93,,43,143
2005217,2005,647,5,2,171,11,YES,0,172,4.86,43.74,,69,56
2005218,2005,229,5,2,171,9,YES,0,146,8.4,92.42,,48,35
2005223,2005,241,5,1,171,12,YES,0,163,7.4,88.8,,39,162
2005235,2005,224,5,1,172,10,YES,0,151,8.23,82.3,,38,40
2005249,2005,247,5,1,174,8,YES,0,145,5.88,47.02,,5,38
2005272,2005,25,5,3,175,9,YES,0,169,7.69,69.21,,12,151
2005282,2005,211,5,2,177,6,YES,0,161,6.18,37.1,,15,106
2006002,2006,474,5,1,144,12,YES,0,164,7.09,85.05,,48,52
2006008,2006,88,5,1,147,14,YES,0,155,7.01,98.14,,83,156
2006016,2006,90,5,1,149,9,YES,0,153,6.85,61.66,,12,85
2006017,2006,458,5,1,149,8,NO,0,140,6.84,54.68,,17,65
2006024,2006,112,5,1,149,UNK,YES,0,144,UNK,UNK,,35,94
2006028,2006,115,5,1,149,UNK,YES,0,143,UNK,UNK,,45,111
2006030,2006,77,5,1,149,UNK,YES,0,145,UNK,UNK,,27,174
2006038,2006,101,5,1,150,7,YES,0,144,8.62,60.35,,22,87
2006041,2006,451,5,1,150,UNK,YES,0,150,UNK,UNK,,41,102
2006048,2006,72,5,1,150,10,YES,0,160,7.18,71.83,,66,55
2006050,2006,106,5,1,150,UNK,YES,0,151,UNK,UNK,,38,93
2006060,2006,76,5,1,152,9,YES,0,143,6.14,55.29,,19,19
2006061,2006,18,5,1,152,11,YES,0,161,6.98,76.74,,38,71
2006065,2006,59,5,1,152,9,YES,0,145,7.29,65.58,,14,58
2006069,2006,42,5,1,152,9,YES,0,152,6.93,62.39,,40,99
2006077,2006,436,5,1,153,UNK,YES,0,UNK,UNK,UNK,,2,50
2006102,2006,439,5,1,156,UNK,YES,0,145,UNK,UNK,,8,120
2006114,2006,460,5,1,157,UNK,YES,0,137,UNK,UNK,,13,84
2006119,2006,121,5,1,157,3,YES,0,144,8.16,24.47,,32,147
2006126,2006,110,5,1,158,10,NO,0,149,UNK,UNK,,25,74
2006130,2006,88,5,2,158,6,YES,0,179,8.58,51.46,,44,113
2006142,2006,458,5,2,164,11,NO,9,140,6.29,69.24,4.04,18,45
2006144,2006,118,5,1,164,12,NO,9,143,6.31,75.68,4.18,37,121
2006156,2006,83,5,1,164,11,YES,0,143,6.05,66.52,,5,82
2006167,2006,54,5,1,165,10,NO,4,145,6.68,66.76,4.41,33,133
2006172,2006,88,5,3,165,11,NO,0,156,7.25,79.78,,58,148
2006174,2006,72,5,2,166,9,NO,8,160,UNK,UNK,4.14,70,69
2006177,2006,90,5,2,166,12,YES,0,153,6.36,76.33,,46,90
2006181,2006,2,5,1,167,12,NO,12,155,UNK,UNK,4.78,12,26
2006183,2006,112,5,2,167,UNK,YES,0,167,UNK,UNK,,48,56
2006198,2006,77,5,2,168,11,NO,9,145,UNK,UNK,3.48,35,96
2006203,2006,475,5,1,169,14,NO,6,170,UNK,UNK,4.38,71,96
2006204,2006,101,5,2,169,8,NO,6,144,5.69,45.48,3.65,12,110
2006207,2006,454,5,1,169,11,NO,11,151,UNK,UNK,4.61,UNK,70
2006210,2006,76,5,2,169,8,NO,8,144,UNK,UNK,4.23,50,109
2006211,2006,18,5,2,169,9,YES,0,161,6.92,62.27,,41,83
2006235,2006,460,5,2,174,9,YES,0,137,5.36,48.2,,5,75
2006244,2006,118,5,2,176,10,NO,8,144,5.83,58.33,4.18,51,113
2006246,2006,121,5,2,176,6,NO,6,144,UNK,UNK,5.34,37,119
2006249,2006,459,5,1,176,8,NO,0,145,5.53,44.27,,30,114
2006254,2006,468,5,1,178,10,NO,9,156,6.08,60.84,4.38,54,104
2007024,2007,512,5,1,148,10,YES,0,159,7.03,70.26,,78,71
2007026,2007,516,5,1,148,9,YES,0,148,6.55,58.95,,8,17
2007044,2007,385,5,1,150,UNK,YES,0,155,UNK,UNK,,57,104
2007047,2007,408,5,1,150,UNK,YES,0,147,UNK,UNK,,56,84
2007058,2007,509,5,1,149,8,NO,8,160,UNK,UNK,6.86,43,98
2007059,2007,506,5,1,149,8,YES,0,148,6.69,53.55,,53,69
2007061,2007,616,5,1,149,UNK,YES,0,143,UNK,UNK,,32,88
2007084,2007,597,5,1,151,14,YES,0,165,6.59,92.25,,78,113
2007145,2007,513,5,1,164,9,NO,7,148,6.81,61.33,4.92,23,129
2007174,2007,408,5,2,168,9,NO,0,147,6.16,55.48,,39,137
2007175,2007,398,5,1,167,7,NO,1,149,5.96,41.75,3.94,23,176
2007176,2007,597,5,2,167,10,NO,10,165,7,70.01,4.22,39,112
2007195,2007,385,5,2,169,9,NO,1,155,6.84,61.59,2.47,44,108
2007198,2007,509,5,2,170,8,NO,8,160,8.11,64.88,5.89,31,127
2007255,2007,513,5,2,178,7,NO,5,148,6.82,47.74,4.42,31,153
2008002,2008,403,5,1,154,13,NO,0,156,5.61,72.97,,13,126
2008006,2008,332,5,1,157,13,NO,0,157,6.05,78.68,,81,87
2008018,2008,609,5,1,159,8,NO,0,156,8.15,65.2,,61,97
2008026,2008,351,5,1,159,13,NO,0,UNK,7.35,95.58,,43,128
2008034,2008,355,5,1,160,9,NO,0,150,6.69,60.21,,36,130
2008054,2008,495,5,1,162,7,NO,0,152,8.15,57.02,,18,45
2008092,2008,332,5,2,175,11,YES,0,157,5.55,61.02,,40,73
2008123,2008,355,5,2,177,9,YES,0,150,6.68,60.08,,9,35
2008132,2008,351,5,2,178,11,YES,0,155,6.5,71.5,,16,12
2008161,2008,603,5,1,181,8,YES,0,150,6.81,54.5,,9,67
2009004,2009,465,5,1,146,9,NO,0,150,6.12,48.97,,45,45
2009032,2009,27,5,1,154,10,YES,0,143,7.88,78.76,,52,85
2009033,2009,741,5,1,154,9,YES,0,157,7.63,68.69,,69,80
2009238,2009,741,5,2,172,9,YES,0,157,6.96,55.65,,13,114
2009265,2009,583,5,1,174,9,YES,0,158,6.43,51.47,,8,77
2010034,2010,685,5,1,146,11,YES,0,152,7.87,86.59,,25,116
2010037,2010,284,5,1,146,10,YES,0,150,6.77,67.68,,42,62
2010041,2010,677,5,1,146,8,YES,0,149,7.86,62.9,,56,70
2010045,2010,290,5,1,146,11,YES,0,167,6.74,74.14,,58,66
2010061,2010,684,5,1,148,11,YES,0,158,7.48,82.29,,21,65
2010064,2010,667,5,1,148,6,YES,0,151,6.96,41.75,,44,57
2010075,2010,683,5,1,149,8,YES,0,144,7.83,62.62,,21,UNK
2010119,2010,276,5,1,152,8,YES,0,158,7.28,58.22,,52,120
2010120,2010,681,5,1,152,14,YES,0,164,6.6,92.37,,28,35
2010141,2010,313,5,1,153,15,YES,0,153,7.33,109.88,,5,32
2010171,2010,537,5,1,159,9,YES,0,167,7.85,70.67,,32,54
2010173,2010,677,5,2,159,9,YES,0,151,7.39,66.53,,58,49
2010196,2010,667,5,2,163,10,YES,0,UNK,6.11,61.12,,36,106
2010232,2010,293,5,1,169,11,YES,0,162,6.82,75.01,,38,116
2010260,2010,679,5,1,172,10,YES,0,159,5.77,57.71,,9,100
2002004,2002,617,6,1,150,13,NO,11,168,8.03,104.42,5.56,70,66
2002019,2002,622,6,1,151,7,NO,1,155,8.25,57.77,3.62,UNK,126
2002029,2002,618,6,1,152,10,NO,10,158,7.91,79.05,UNK,45,54
2002032,2002,234,6,1,152,12,NO,8,158,6.7,80.34,4.21,UNK,84
2002038,2002,650,6,1,152,9,NO,8,156,7.97,71.7,4.67,42,98
2002040,2002,648,6,1,153,10,NO,0,154,7.08,70.8,,68,135
2002041,2002,57,6,1,153,9,NO,5,UNK,7.79,70.07,4.13,32,140
2002045,2002,148,6,1,154,10,YES,0,157,7.08,70.75,,65,29
2002051,2002,624,6,1,157,11,NO,8,170,8.57,94.29,5.99,41,45
2002054,2002,644,6,1,158,9,NO,9,152,8,72.03,5.14,31,172
2002056,2002,199,6,1,158,8,YES,0,151,6.01,48.09,,9,47
2002059,2002,630,6,1,159,9,YES,5,148,7.43,66.84,5.21,81,92
2002061,2002,646,6,1,159,13,YES,0,172,8.05,104.61,,68,48
2002101,2002,24,6,1,161,14,NO,11,173,8.03,112.35,5.63,54,108
2002116,2002,697,6,1,161,12,NO,10,176,7.58,90.97,4.6,14,44
2002128,2002,643,6,1,161,12,YES,0,157,7.29,87.49,,54,72
2002159,2002,704,6,1,163,14,YES,0,164,7.21,100.96,,62,113
2002168,2002,618,6,2,165,11,NO,10,162,8.13,89.39,5.81,20,47
2002193,2002,57,6,2,170,11,NO,10,158,6.96,76.52,5.23,45,42
2002198,2002,619,6,1,170,10,YES,0,160,7.24,72.4,,47,116
2002203,2002,650,6,2,171,10,NO,9,155,6.87,68.74,4.29,41,104
2002218,2002,648,6,2,172,10,YES,0,154,7.26,72.59,,67,153
2002220,2002,705,6,1,172,14,YES,0,170,5.99,83.89,,20,169
2002223,2002,626,6,1,172,10,YES,0,157,6.93,69.34,,69,43
2002235,2002,644,6,2,173,11,NO,10,152,7.39,81.29,4.87,27,94
2002237,2002,630,6,2,173,11,NO,5,148,6.81,74.93,4.63,2,51
2002248,2002,148,6,2,174,10,NO,6,157,6.85,68.49,4.23,71,40
2002274,2002,631,6,1,175,8,YES,0,148,7.06,56.51,,56,77
2002276,2002,402,6,1,175,14,YES,0,177,6.94,97.13,,2,38
2002300,2002,697,6,2,176,12,NO,9,176,7.38,88.53,4.68,20,78
2002304,2002,643,6,2,176,13,YES,0,UNK,6.57,85.46,,42,58
2002312,2002,704,6,2,176,12,YES,0,163,7.39,88.64,,1,111
2002313,2002,637,6,1,176,12,YES,0,152,5.98,71.77,,0,130
2002352,2002,24,6,2,179,12,NO,10,174,7.72,92.64,5.54,26,58
2002371,2002,619,6,2,181,9,YES,0,161,6.51,58.62,,81,85
2002376,2002,650,6,3,182,7,YES,0,157,6.23,43.63,,40,98
2002384,2002,624,6,2,182,12,NO,9,170,6.5,78.05,4.34,35,62
2003011,2003,515,6,1,149,14,YES,0,177,7.21,100.95,,12,159
2003051,2003,127,6,1,158,10,NO,7,152,7.29,72.88,4.88,1,40
2003054,2003,20,6,1,159,12,YES,0,160,7.58,83.39,,7,139
2003082,2003,259,6,1,160,11,YES,5,154,7.02,77.24,4.88,27,96
2003102,2003,576,6,1,161,UNK,YES,0,158,UNK,UNK,,53,51
2003118,2003,711,6,1,161,UNK,YES,0,152,UNK,UNK,,12,56
2003133,2003,727,6,1,164,11,NO,7,151,6.8,74.84,5.13,10,20
2003141,2003,585,6,1,165,9,YES,0,173,8.22,73.96,,3,73
2003163,2003,710,6,1,167,8,YES,0,150,7.42,59.35,,3,112
2003183,2003,515,6,2,169,14,NO,1,176,7.28,101.96,4.44,57,117
2003237,2003,502,6,1,173,UNK,YES,0,161,UNK,UNK,,8,42
2003253,2003,623,6,1,174,12,NO,11,156,UNK,UNK,5.39,84,142
2003260,2003,127,6,2,174,9,NO,9,153,UNK,UNK,4.78,15,41
2003262,2003,20,6,2,174,UNK,YES,0,161,UNK,UNK,,2,39
2003313,2003,585,6,2,179,9,YES,0,174,7.19,64.7,,2,21
2003321,2003,576,6,2,181,UNK,YES,0,158,UNK,UNK,,1,128
2003323,2003,727,6,2,181,10,YES,0,150,6.83,68.27,,2,162
2004037,2004,305,6,1,152,16,YES,0,169,7.21,115.35,,UNK,77
2004080,2004,145,6,1,158,7,NO,7,145,UNK,UNK,5.58,UNK,UNK
2004128,2004,267,6,1,160,UNK,YES,0,169,UNK,UNK,,UNK,47
2004143,2004,140,6,1,162,10,NO,6,147,6.43,64.28,4.03,UNK,33
2004176,2004,305,6,2,166,14,YES,0,168,6.62,92.69,,UNK,167
2004209,2004,708,6,1,169,12,YES,0,168,7.32,80.53,,UNK,103
2004222,2004,145,6,2,175,10,YES,0,146,7.34,73.37,,UNK,51
2004235,2004,267,6,2,179,9,YES,0,170,6.66,59.94,,UNK,90
2005011,2005,190,6,1,150,8,YES,0,153,8.32,66.59,,14,40
2005015,2005,206,6,1,150,8,NO,7,167,7.39,59.15,5.09,66,49
2005016,2005,183,6,1,151,10,YES,0,147,6.4,63.99,,14,117
2005104,2005,139,6,1,156,13,YES,0,169,6.59,85.61,,UNK,17
2005143,2005,190,6,2,161,8,YES,0,154,7.48,52.39,,44,61
2005149,2005,173,6,1,162,13,YES,0,152,5.87,76.25,,12,131
2005160,2005,183,6,2,163,11,YES,0,147,5.96,65.59,,11,30
2005163,2005,206,6,2,163,11,YES,0,166,6.81,74.86,,39,143
2005204,2005,168,6,1,170,8,YES,0,145,6.15,49.19,,0,183
2005246,2005,212,6,1,173,11,YES,0,156,4.61,50.67,,5,38
2006006,2006,220,6,1,147,10,YES,0,144,5.68,56.79,,15,152
2006021,2006,48,6,1,149,UNK,YES,0,157,UNK,UNK,,13,60
2006025,2006,236,6,1,149,8,YES,0,150,7,55.96,,68,47
2006026,2006,25,6,1,149,UNK,YES,0,170,UNK,UNK,,7,159
2006037,2006,482,6,1,150,10,YES,0,148,7.36,73.58,,45,125
2006043,2006,166,6,1,150,UNK,YES,0,166,UNK,UNK,,30,85
2006049,2006,217,6,1,150,UNK,YES,0,167,UNK,UNK,,30,88
2006084,2006,452,6,1,155,10,YES,0,149,6.27,62.67,,6,96
2006085,2006,240,6,1,155,10,YES,0,148,6.85,68.47,,6,169
2006123,2006,211,6,1,158,13,NO,13,161,UNK,UNK,4.56,46,93
2006153,2006,25,6,2,164,13,NO,11,169,7.62,99.07,5.33,15,33
2006155,2006,244,6,1,164,11,YES,0,157,6.43,70.68,,42,68
2006166,2006,236,6,2,165,10,NO,0,150,7.87,70.83,,55,102
2006173,2006,220,6,2,166,10,NO,7,144,5.31,53.12,3.83,63,123
2006185,2006,647,6,1,167,3,NO,3,172,UNK,UNK,4.22,67,51
2006192,2006,166,6,2,168,UNK,YES,0,167,UNK,UNK,,58,76
2006212,2006,452,6,2,170,10,NO,0,149,UNK,UNK,,20,82
2006231,2006,224,6,1,172,11,NO,11,151,8.1,89.05,5.08,26,104
2006253,2006,25,6,3,177,8,NO,8,169,8.15,65.16,5.27,10,26
2006261,2006,244,6,2,180,7,NO,7,156,7.26,50.84,5.12,45,110
2007016,2007,479,6,1,144,10,NO,9,175,6.67,66.65,4.05,30,145
2007018,2007,438,6,1,144,10,NO,10,164,6.86,68.64,4.64,39,73
2007025,2007,458,6,1,148,8,YES,0,142,7.33,58.66,,8,84
2007036,2007,468,6,1,149,9,NO,8,156,7.13,64.14,5.02,35,111
2007037,2007,112,6,1,149,14,YES,0,169,8.21,114.99,,57,83
2007050,2007,88,6,1,150,13,YES,0,157,7.33,95.27,,71,118
2007056,2007,59,6,1,150,UNK,YES,0,146,UNK,UNK,,21,71
2007064,2007,436,6,1,149,UNK,YES,0,141,UNK,UNK,,60,125
2007078,2007,68,6,1,152,5,NO,5,149,7.55,37.76,4.72,6,43
2007080,2007,454,6,1,152,5,NO,5,153,UNK,UNK,4.54,21,89
2007089,2007,451,6,1,151,11,YES,0,153,6.68,73.49,,38,65
2007094,2007,121,6,1,152,7,YES,0,145,7.67,53.71,,25,133
2007097,2007,101,6,1,153,8,NO,8,146,7.32,58.53,4.71,26,189
2007103,2007,54,6,1,153,8,YES,0,150,7.47,59.73,,3,56
2007123,2007,88,6,2,158,8,NO,3,179,8.84,70.68,6.63,40,127
2007128,2007,124,6,1,161,10,NO,10,147,5.26,52.57,3.83,25,102
2007138,2007,118,6,1,164,11,YES,0,146,6.4,70.45,,60,76
2007155,2007,90,6,1,165,2,NO,0,155,6.2,12.39,,21,85
2007156,2007,112,6,2,165,13,NO,13,170,8,103.97,5.42,46,138
2007164,2007,68,6,2,167,8,YES,0,150,6.59,52.71,,9,49
2007171,2007,88,6,3,167,13,NO,10,157,7.15,92.97,5,50,113
2007178,2007,475,6,1,167,13,NO,13,172,6.69,86.93,5.14,21,114
2007196,2007,54,6,2,169,8,NO,6,154,7.54,60.34,5.26,11,62
2007197,2007,45,6,1,169,11,NO,7,158,7.51,82.6,4.5,58,151
2007204,2007,121,6,2,170,6,NO,5,145,UNK,UNK,4.62,27,75
2007211,2007,69,6,1,169,10,NO,5,153,6.3,63.01,2.97,6,82
2007222,2007,42,6,1,169,10,NO,8,152,6.43,64.26,4.63,UNK,141
2007227,2007,18,6,1,170,8,NO,7,161,7.18,57.46,5.55,48,118
2007234,2007,124,6,2,173,7,NO,7,153,5.02,35.13,3.32,28,126
2007241,2007,595,6,1,174,11,NO,11,162,6.42,70.61,4.3,10,37
2007242,2007,72,6,1,176,9,YES,0,163,7.16,64.44,,73,51
2007244,2007,83,6,1,177,8,NO,4,145,6.35,50.77,4.55,9,40
2007247,2007,118,6,2,177,11,YES,0,147,5.73,63.01,,80,86
2007266,2007,18,6,2,179,10,NO,8,155,7.27,72.66,3.92,69,127
2007268,2007,68,6,3,180,6,NO,3,150,6.45,38.7,3.78,7,36
2008012,2008,512,6,1,158,10,NO,0,160,7.56,75.59,,71,58
2008024,2008,506,6,1,159,10,NO,0,149,6.57,65.66,,37,49
2008027,2008,367,6,1,160,10,NO,0,151,6.82,68.22,,70,65
2008051,2008,385,6,1,161,11,NO,0,157,7.42,81.61,,64,147
2008083,2008,512,6,2,174,UNK,YES,0,159,UNK,UNK,,20,58
2008117,2008,408,6,1,177,12,YES,0,148,5.94,71.27,,45,92
2009061,2009,602,6,1,158,12,YES,0,158,5.69,68.28,,24,80
2009065,2009,603,6,1,158,10,YES,0,152,6.88,68.84,,16,42
2009079,2009,356,6,1,158,15,YES,0,169,7.3,109.48,,3,31
2009114,2009,355,6,1,160,6,YES,0,UNK,6.68,40.08,,27,97
2009141,2009,613,6,1,163,12,NO,7,178,8.17,89.9,5.23,7,82
2009157,2009,495,6,1,166,8,YES,0,153,7.77,54.4,,3,3
2009220,2009,351,6,1,171,12,YES,0,156,6.9,62.09,,24,132
2009259,2009,608,6,1,174,15,YES,0,176,7.65,107.11,,49,UNK
2010027,2010,440,6,1,145,9,YES,0,151,6.19,55.74,,35,102
2010039,2010,741,6,1,146,9,YES,0,158,7.75,69.73,,55,130
2010206,2010,741,6,2,164,9,NO,0,157,7.64,61.14,,19,55
2010272,2010,527,6,1,180,6,NO,0,UNK,6.44,38.66,,45,96
2003002,2003,618,7,1,148,10,NO,2,162,8.07,80.7,4.96,UNK,3
2003015,2003,234,7,1,152,11,YES,6,160,7.04,77.46,4.99,14,101
2003023,2003,630,7,1,156,11,NO,4,149,7.28,80.1,4.81,5,30
2003028,2003,619,7,1,156,10,NO,5,160,7,70,5.36,51,33
2003030,2003,648,7,1,157,9,NO,4,153,7.68,69.08,5.21,56,104
2003032,2003,624,7,1,157,9,NO,3,170,8.61,77.48,4.75,42,58
2003053,2003,704,7,1,159,14,YES,0,163,6.37,89.18,,29,113
2003069,2003,24,7,1,160,14,YES,0,173,7.56,105.79,,2,89
2003079,2003,626,7,1,160,UNK,YES,0,157,UNK,UNK,,33,61
2003081,2003,697,7,1,160,12,YES,3,178,7.97,95.6,5.27,0,89
2003086,2003,235,7,1,160,UNK,YES,0,164,UNK,UNK,,8,42
2003091,2003,635,7,1,160,UNK,YES,0,162,UNK,UNK,,9,76
2003115,2003,148,7,1,161,12,NO,9,157,6.98,83.74,5.05,59,75
2003120,2003,643,7,1,163,13,NO,7,157,6.96,90.48,5.41,74,45
2003149,2003,111,7,1,166,15,NO,15,159,8.05,120.76,5.46,4,37
2003168,2003,617,7,1,167,11,YES,1,169,7.88,86.63,4.59,13,177
2003204,2003,57,7,1,169,UNK,YES,0,158,UNK,UNK,,26,90
2003216,2003,630,7,2,172,8,NO,1,148,7.14,57.08,4.88,4,25
2003230,2003,648,7,2,173,UNK,YES,0,154,UNK,UNK,,64,136
2003239,2003,624,7,2,174,14,NO,1,169,7.92,110.83,4.96,56,125
2003251,2003,704,7,2,174,UNK,YES,0,163,UNK,UNK,,33,164
2003255,2003,631,7,1,174,UNK,YES,0,149,UNK,UNK,,64,142
2003267,2003,626,7,2,175,7,NO,6,157,UNK,UNK,5.27,40,107
2003270,2003,642,7,1,175,9,NO,9,148,UNK,UNK,4.28,37,76
2003304,2003,235,7,2,178,10,YES,0,165,7.33,73.3,,6,174
2003307,2003,644,7,1,179,10,NO,0,153,7.55,75.53,,9,111
2004006,2004,723,7,1,148,10,YES,0,149,7.24,72.37,,UNK,124
2004020,2004,729,7,1,151,12,NO,12,165,7.56,83.11,4.63,UNK,99
2004022,2004,718,7,1,151,UNK,YES,0,156,UNK,UNK,,UNK,65
2004034,2004,299,7,1,152,13,,0,178,UNK,UNK,,UNK,140
2004055,2004,127,7,1,155,9,YES,0,152,7.67,69.01,,UNK,63
2004060,2004,727,7,1,156,9,YES,0,151,7,63,,UNK,UNK
2004092,2004,715,7,1,159,15,NO,5,168,7.04,105.62,4.95,UNK,UNK
2004116,2004,487,7,1,159,8,NO,2,166,6.5,52.02,4.73,UNK,193
2004119,2004,515,7,1,160,13,YES,0,179,7.06,91.78,,UNK,99
2004132,2004,576,7,1,161,12,NO,0,158,7.26,87.13,,UNK,36
2004161,2004,255,7,1,165,UNK,YES,0,166,UNK,UNK,,UNK,UNK
2004175,2004,623,7,1,166,12,NO,11,157,7.19,86.29,4.87,UNK,71
2004200,2004,127,7,2,167,UNK,YES,0,UNK,UNK,UNK,,UNK,29
2004239,2004,728,7,1,181,13,YES,0,167,6.74,87.64,,UNK,UNK
2004247,2004,576,7,2,180,9,YES,0,159,7.04,63.38,,UNK,119
2004252,2004,715,7,2,182,13,YES,0,167,6.2,80.6,,UNK,29
2004269,2004,623,7,2,183,10,YES,0,157,5.67,56.67,,UNK,UNK
2005043,2005,305,7,1,154,15,YES,0,168,7.54,113.11,,60,192
2005044,2005,555,7,1,154,12,YES,0,179,7.83,94.01,,1,152
2005077,2005,141,7,1,156,9,YES,0,148,7.72,69.44,,15,139
2005086,2005,145,7,1,156,8,YES,0,146,7.39,51.75,,35,78
2005126,2005,140,7,1,159,12,YES,0,147,6.47,77.58,,46,98
2005186,2005,305,7,2,166,15,YES,0,169,6.81,102.18,,56,53
2005203,2005,145,7,2,170,12,YES,0,146,7.07,84.83,,8,176
2005210,2005,153,7,1,170,10,YES,0,132,4.82,48.19,,10,182
2005238,2005,306,7,1,172,9,YES,0,157,6.91,55.27,,2,30
2006005,2006,212,7,1,147,12,YES,0,155,6.7,80.39,,55,145
2006031,2006,173,7,1,149,UNK,YES,0,152,UNK,UNK,,6,113
2006052,2006,139,7,1,151,9,YES,0,170,7.86,62.89,,46,51
2006147,2006,173,7,2,164,12,YES,0,152,5.58,66.9,,30,82
2006202,2006,139,7,2,169,13,NO,13,170,UNK,UNK,4.82,49,56
2006241,2006,173,7,3,176,11,NO,11,152,UNK,UNK,4.2,16,90
2007006,2007,25,7,1,144,8,NO,8,169,8.83,70.65,5.79,7,164
2007012,2007,209,7,1,144,13,NO,12,175,7.84,101.93,5.06,10,116
2007041,2007,48,7,1,150,13,NO,12,160,UNK,UNK,4.45,19,83
2007042,2007,222,7,1,150,13,NO,1,150,6.27,81.52,3.52,19,91
2007048,2007,482,7,1,150,11,NO,11,149,7.11,78.17,5,5,129
2007066,2007,240,7,1,150,9,YES,0,149,7.06,63.53,,51,70
2007086,2007,236,7,1,151,11,YES,0,150,6.92,76.12,,22,79
2007139,2007,452,7,1,164,9,NO,8,150,6.54,58.89,4.62,2,123
2007141,2007,48,7,2,163,14,NO,9,160,5.59,78.31,4,21,89
2007150,2007,25,7,2,165,10,NO,8,169,7.83,78.32,5.36,11,86
2007163,2007,236,7,2,167,10,YES,0,151,7.36,73.61,,42,96
2007191,2007,240,7,2,169,8,NO,0,149,7.15,57.22,,28,89
2007207,2007,166,7,2,169,9,NO,9,167,7.9,71.08,6.2,79,111
2007223,2007,247,7,1,169,8,NO,5,147,7.02,56.14,4.45,14,69
2007224,2007,306,7,1,169,7,NO,7,157,8.22,57.53,5.2,3,126
2007225,2007,482,7,2,170,9,NO,7,147,7.94,71.5,5.1,15,59
2007257,2007,48,7,3,178,14,YES,0,160,5.21,73,,8,54
2007262,2007,452,7,2,178,10,NO,10,150,5.96,59.64,4.26,3,82
2008001,2008,124,7,1,154,9,NO,0,150,11.59,104.3,,15,38
2008004,2008,468,7,1,157,9,NO,0,157,7.57,68.16,,60,88
2008013,2008,72,7,1,158,11,NO,0,165,6.93,76.22,,60,89
2008019,2008,118,7,1,159,12,NO,0,148,7.36,88.31,,80,101
2008020,2008,88,7,1,159,13,NO,0,159,7.75,100.78,,62,100
2008021,2008,115,7,1,159,11,NO,0,147,7.11,78.16,,58,68
2008023,2008,18,7,1,159,11,NO,0,162,7.03,77.3,,42,83
2008041,2008,121,7,1,161,6,NO,0,146,9.46,56.75,,57,125
2008044,2008,112,7,1,161,15,NO,0,170,9.43,141.39,,33,86
2008055,2008,59,7,1,162,8,NO,0,148,7.93,63.43,,19,15
2008056,2008,454,7,1,163,9,NO,0,149,7.76,69.84,,18,55
2008057,2008,475,7,1,163,16,NO,0,179,7.13,114.08,,27,97
2008061,2008,90,7,1,163,11,NO,0,162,7.17,78.9,,34,63
2008082,2008,68,7,1,174,UNK,YES,0,150,UNK,UNK,,19,56
2008091,2008,18,7,2,175,9,YES,0,162,6.74,60.68,,28,83
2008095,2008,595,7,1,175,11,YES,0,162,5.99,65.93,,28,92
2008119,2008,88,7,2,177,15,YES,0,159,7.56,113.45,,57,116
2008127,2008,59,7,2,178,10,YES,0,148,6.16,61.64,,17,70
2008139,2008,454,7,2,179,9,YES,0,148,6.97,62.74,,16,62
2008170,2008,451,7,1,181,9,YES,0,154,6.8,61.23,,19,33
2008173,2008,475,7,2,183,13,NO,0,177,7.2,93.58,,40,87
2009015,2009,597,7,1,152,10,YES,0,167,8.27,82.74,,68,91
2009017,2009,512,7,1,152,12,YES,0,162,7.03,84.37,,52,104
2009018,2009,408,7,1,152,11,YES,0,151,6.84,75.23,,26,126
2009021,2009,398,7,1,152,8,YES,0,151,6.58,52.62,,83,138
2009054,2009,367,7,1,157,11,YES,0,151,7.07,77.75,,72,110
2009062,2009,509,7,1,158,7,YES,0,162,9.06,63.4,,35,101
2009132,2009,616,7,1,162,12,YES,0,154,5.14,56.49,,25,112
2009207,2009,512,7,2,170,8,YES,0,161,7.22,50.55,,38,66
2009217,2009,408,7,2,171,11,YES,0,150,6.78,67.77,,84,137
2009256,2009,516,7,1,173,8,YES,0,149,6.53,45.71,,27,87
2009282,2009,616,7,2,175,11,YES,0,155,5.35,53.54,,41,107
2010009,2010,332,7,1,144,9,YES,0,157,6.45,58.08,,56,39
2010016,2010,600,7,1,145,10,YES,0,149,6.86,68.56,,6,10
2010026,2010,355,7,1,145,8,YES,0,153,7.24,57.89,,80,81
2010104,2010,495,7,1,150,6,NO,0,153,8.59,51.56,,1,92
2010155,2010,348,7,1,155,6,YES,0,134,5,29.98,,22,48
2010176,2010,600,7,2,160,11,YES,0,151,6.92,76.06,,84,71
2010197,2010,495,7,2,163,8,YES,0,159,8.38,67.02,,19,77
2010211,2010,602,7,1,164,12,YES,0,163,6.31,75.75,,24,100
2010231,2010,426,7,1,169,12,YES,0,160,6.74,74.09,,29,79
2010263,2010,600,7,3,174,9,YES,0,149,6.92,62.31,,44,87
2004002,2004,617,8,1,148,12,NO,3,168,8.11,97.32,4.63,UNK,49
2004008,2004,234,8,1,148,UNK,YES,0,159,UNK,UNK,,UNK,UNK
2004012,2004,631,8,1,149,8,YES,8,150,7.75,61.98,5.68,UNK,39
2004021,2004,635,8,1,151,12,NO,11,168,6.91,76.01,4.74,UNK,134
2004033,2004,617,8,1,152,10,NO,7,UNK,8,80.04,5.33,UNK,54
2004039,2004,705,8,1,152,13,NO,13,171,6.07,78.85,4.24,UNK,48
2004043,2004,622,8,1,153,11,YES,0,157,6.74,74.15,,UNK,160
2004046,2004,148,8,1,154,13,YES,10,158,6.64,86.34,4.63,UNK,102
2004058,2004,644,8,1,155,11,YES,0,153,7.49,82.38,,UNK,172
2004077,2004,637,8,1,158,11,NO,8,153,6.82,75.01,4.38,UNK,99
2004084,2004,619,8,1,158,UNK,YES,0,160,UNK,UNK,,UNK,UNK
2004126,2004,57,8,1,161,9,NO,6,158,7.89,70.99,5.09,UNK,152
2004136,2004,649,8,1,161,10,YES,0,156,6.98,69.77,,UNK,UNK
2004152,2004,631,8,2,164,10,NO,9,148,7.7,77,5.26,UNK,146
2004157,2004,234,8,2,163,UNK,,0,UNK,UNK,UNK,,UNK,UNK
2004177,2004,648,8,1,166,9,NO,0,154,7.51,67.6,,UNK,36
2004184,2004,644,8,2,166,12,NO,11,153,6.74,80.88,4,UNK,142
2004191,2004,148,8,2,167,9,YES,0,170,6.99,62.87,,UNK,92
2004192,2004,705,8,2,167,12,YES,0,158,6.23,74.8,,UNK,49
2004212,2004,637,8,2,170,12,NO,2,153,6.41,76.86,4.17,UNK,66
2004213,2004,619,8,2,170,10,YES,0,160,6.64,66.38,,UNK,77
2004238,2004,57,8,2,181,8,NO,6,159,6.72,53.77,5.14,UNK,114
2004246,2004,704,8,1,180,10,YES,0,164,7.86,78.56,,UNK,157
2004256,2004,617,8,2,182,11,NO,0,166,6.66,73.31,,UNK,176
2005041,2005,727,8,1,153,11,YES,0,151,6.94,76.31,,6,150
2005057,2005,487,8,1,155,13,YES,0,166,6.43,83.63,,79,167
2005221,2005,487,8,2,171,10,YES,0,166,6.87,102.98,,62,93
2005264,2005,585,8,1,174,12,YES,0,174,7.18,86.19,,3,203
2005273,2005,515,8,1,176,9,YES,0,177,6.73,60.55,,46,180
2006015,2006,140,8,1,149,9,NO,3,147,7.34,66.02,4.43,41,63
2006051,2006,305,8,1,150,UNK,YES,0,170,UNK,UNK,,61,73
2006063,2006,145,8,1,152,UNK,YES,0,147,UNK,UNK,,40,114
2006070,2006,141,8,1,153,10,YES,0,150,7.61,76.14,,25,117
2006150,2006,140,8,2,164,UNK,YES,0,148,UNK,UNK,,41,100
2006189,2006,141,8,2,168,UNK,YES,0,150,UNK,UNK,,4,134
2006218,2006,145,8,2,170,10,NO,10,147,UNK,UNK,5.04,62,72
2006225,2006,305,8,2,171,13,NO,9,169,7.02,91.26,4.34,57,89
2007052,2007,173,8,1,150,7,NO,7,152,UNK,UNK,4.3,14,69
2007077,2007,168,8,1,151,8,NO,2,147,7.11,56.88,4.56,2,89
2007082,2007,183,8,1,152,2,NO,0,148,7.19,14.38,,15,73
2007132,2007,173,8,2,162,11,NO,9,152,5.9,64.89,4.12,22,79
2007133,2007,206,8,1,163,8,YES,0,168,7.25,58.01,,67,51
2007166,2007,183,8,2,167,7,NO,5,147,5.89,41.25,4.36,5,35
2007177,2007,203,8,1,168,12,YES,0,168,7.36,88.31,,61,88
2007203,2007,139,8,1,170,6,NO,2,170,7.5,45.01,4.5,26,128
2007235,2007,173,8,3,173,12,NO,7,153,5.89,70.67,3.86,18,94
2007239,2007,206,8,2,173,7,NO,6,168,7.64,53.51,5.49,44,116
2008005,2008,482,8,1,157,10,NO,0,150,7.67,76.7,,73,104
2008052,2008,48,8,1,161,13,NO,0,162,6.29,81.82,,53,91
2008059,2008,452,8,1,163,9,NO,0,150,6.77,60.97,,29,165
2008110,2008,236,8,2,176,10,YES,2,151,7.41,74.1,4.12,27,91
2009001,2009,124,8,1,146,9,YES,0,152,6.14,55.25,,8,31
2009023,2009,25,8,1,152,10,YES,0,137,5.05,50.5,,15,10
2009045,2009,68,8,1,156,7,YES,0,151,7.44,52.11,,4,73
2009052,2009,101,8,1,157,8,YES,0,147,7.03,56.27,,34,86
2009064,2009,88,8,1,158,13,YES,0,160,7.77,101.04,,82,54
2009068,2009,59,8,1,158,10,NO,0,149,7.18,64.6,,19,69
2009080,2009,454,8,1,158,10,YES,0,150,7.31,73.06,,15,82
2009084,2009,90,8,1,158,10,YES,0,156,7.41,74.06,,14,18
2009087,2009,94,8,1,158,11,YES,0,163,7.96,87.5,,46,49
2009089,2009,475,8,1,158,13,YES,0,173,7.15,92.93,,64,41
2009093,2009,112,8,1,158,14,YES,0,171,9.09,127.29,,26,95
2009097,2009,121,8,1,159,6,YES,0,147,8.69,52.12,,44,63
2009107,2009,115,8,1,159,10,YES,0,150,6.8,67.96,,45,115
2009110,2009,590,8,1,159,10,YES,0,134,4.77,47.74,,9,54
2009149,2009,88,8,2,164,8,YES,0,179,9.04,63.28,,25,79
2009152,2009,451,8,1,165,11,YES,0,155,6.85,68.48,,9,45
2009156,2009,124,8,2,166,8,NO,6,151,5.87,41.11,4,10,92
2009159,2009,110,8,1,166,9,YES,0,154,8.65,69.17,,69,96
2009198,2009,118,8,1,170,11,YES,0,151,7.32,73.16,,59,UNK
2009216,2009,468,8,1,171,11,YES,0,159,7.35,73.54,,56,78
2009237,2009,59,8,2,172,9,YES,0,149,6.69,53.5,,30,47
2009239,2009,454,8,2,172,8,YES,0,149,6.79,47.54,,15,29
2009242,2009,68,8,2,172,8,YES,0,151,7.14,49.95,,10,34
2009246,2009,102,8,1,173,9,NO,0,159,7.04,56.31,,10,120
2009254,2009,90,8,2,173,14,YES,0,156,6.75,87.71,,26,181
2009257,2009,25,8,2,173,7,NO,2,138,4.96,29.76,2.8,14,113
2009276,2009,451,8,2,175,10,YES,0,155,6.4,57.63,,11,46
2009286,2009,121,8,2,176,7,NO,7,147,8.3,49.78,5.51,55,111
2009287,2009,112,8,2,176,9,NO,9,171,8.11,64.86,3.77,31,52
2010024,2010,512,8,1,145,9,YES,0,162,8.01,72.09,,53,91
2010043,2010,408,8,1,146,10,YES,0,153,4.33,43.3,,52,71
2010128,2010,597,8,1,152,14,YES,0,168,7.36,103.05,,72,79
2010131,2010,616,8,1,153,13,YES,0,154,5.6,67.21,,24,23
2010153,2010,72,8,1,155,13,YES,0,172,7.15,92.99,,46,61
2010157,2010,512,8,2,155,10,NO,8,161,7.16,71.61,4.65,35,115
2010192,2010,513,8,1,163,11,YES,0,153,7.25,79.78,,22,79
2010204,2010,367,8,1,163,11,YES,0,153,6.55,72.05,,77,124
2005001,2005,631,9,1,142,4,YES,0,UNK,7.3,29.18,,72,109
2005002,2005,617,9,1,142,12,YES,0,169,7.03,84.4,,6,93
2005019,2005,648,9,1,151,6,YES,0,154,7.74,46.43,,72,119
2005034,2005,624,9,1,152,12,YES,0,170,8.49,101.92,,3,21
2005093,2005,637,9,1,156,13,YES,0,153,7.11,92.39,,38,96
2005103,2005,704,9,1,156,14,YES,0,164,7.3,102.14,,72,14
2005117,2005,705,9,1,157,11,YES,0,171,6.37,70.02,,25,198
2005128,2005,617,9,2,159,12,YES,0,169,7.88,94.52,,45,126
2005138,2005,631,9,2,160,9,YES,0,149,7.52,67.72,,47,118
2005151,2005,24,9,1,162,16,YES,0,173,7.84,117.55,,47,75
2005165,2005,624,9,2,164,16,YES,0,169,8.14,130.27,,66,168
2005167,2005,648,9,2,164,10,YES,0,154,7.23,72.31,,37,121
2005177,2005,630,9,1,165,9,YES,0,148,7.58,68.25,,10,23
2005208,2005,626,9,1,170,10,YES,0,157,7.84,78.4,,68,102
2005268,2005,704,9,2,174,12,YES,0,164,7.1,85.22,,50,106
2006007,2006,727,9,1,147,12,YES,0,152,7.09,85.11,,13,3
2006042,2006,515,9,1,150,UNK,YES,0,177,UNK,UNK,,33,168
2006117,2006,715,9,1,157,UNK,YES,0,171,UNK,UNK,,20,66
2006158,2006,585,9,1,165,13,NO,13,174,UNK,UNK,5.25,11,2
2006194,2006,515,9,2,168,14,NO,13,178,UNK,UNK,5.72,47,94
2006259,2006,585,9,2,179,10,YES,0,174,7.06,70.59,,5,137
2007009,2007,140,9,1,144,UNK,YES,0,148,UNK,UNK,,48,169
2007033,2007,305,9,1,149,13,YES,0,169,7.7,100.16,,57,104
2007035,2007,141,9,1,149,10,NO,10,150,UNK,UNK,5,26,180
2007062,2007,153,9,1,149,14,YES,0,168,7.46,104.43,,23,151
2007095,2007,145,9,1,152,UNK,YES,0,150,UNK,UNK,,65,42
2007169,2007,305,9,2,167,13,NO,12,169,7.08,92,5.19,31,160
2007194,2007,269,9,1,169,8,YES,0,148,5.83,46.6,,70,63
2007217,2007,145,9,2,170,7,NO,7,147,7.88,55.19,5.56,31,UNK
2007251,2007,140,9,2,178,10,NO,10,154,6.61,66.06,4.33,49,91
2008022,2008,183,9,1,159,8,NO,0,148,7.42,59.38,,25,68
2008043,2008,173,9,1,161,9,NO,0,153,7.16,64.42,,52,78
2008086,2008,183,9,2,174,UNK,YES,0,148,UNK,UNK,,41,75
2009042,2009,48,9,1,156,13,YES,0,163,6.36,82.64,,68,154
2009109,2009,240,9,1,159,8,YES,0,151,7.86,62.88,,18,61
2009197,2009,482,9,1,170,11,YES,0,150,7.21,72.12,,43,130
2009202,2009,48,9,2,170,13,YES,0,163,6.23,74.81,,12,65
2009243,2009,166,9,1,173,7,YES,0,168,8.91,53.43,,65,82
2009251,2009,647,9,1,173,8,YES,0,144,5.07,35.52,,8,33
2010018,2010,59,9,1,145,8,YES,0,150,7.76,62.07,,33,55
2010038,2010,475,9,1,146,14,NO,11,173,7.45,104.26,4.66,57,UNK
2010042,2010,468,9,1,146,8,YES,0,158,7.86,62.85,,52,71
2010052,2010,68,9,1,147,7,YES,0,153,8.58,60.03,,12,37
2010063,2010,90,9,1,148,8,YES,0,155,4.48,35.8,,39,59
2010066,2010,101,9,1,149,9,YES,0,147,7.44,59.48,,21,81
2010074,2010,454,9,1,149,7,YES,0,149,7.91,55.38,,12,93
2010081,2010,94,9,1,149,10,YES,0,163,8.08,80.75,,37,66
2010089,2010,590,9,1,150,7,YES,0,137,6.43,45,,3,101
2010090,2010,451,9,1,150,9,YES,0,155,7.26,65.34,,14,112
2010105,2010,115,9,1,150,9,YES,0,150,7.24,57.92,,45,84
2010184,2010,101,9,2,162,8,YES,0,151,5.62,44.92,,21,40
2010200,2010,475,9,2,163,3,NO,0,173,7.16,21.47,,24,129
2010222,2010,90,9,2,167,12,YES,0,156,6.69,80.26,,3,17
2010224,2010,451,9,2,167,10,YES,0,157,7,69.95,,0,45
2010225,2010,59,9,2,159,11,YES,0,149,6.68,73.46,,24,11
2010235,2010,454,9,2,169,6,YES,0,150,7.76,46.55,,27,83
2010252,2010,468,9,2,171,10,YES,0,158,6.03,60.33,,56,69
2010258,2010,88,9,1,172,9,NO,6,173,8.66,77.91,4.8,25,157
2006001,2006,630,10,1,144,11,YES,0,150,7.48,82.26,,83,124
2006003,2006,648,10,1,147,10,NO,7,160,7.51,75.11,4.31,27,85
2006011,2006,631,10,1,147,8,YES,0,150,8.47,67.76,,26,89
2006019,2006,624,10,1,149,11,YES,0,170,8.75,96.25,,29,153
2006045,2006,57,10,1,150,UNK,YES,0,159,UNK,UNK,,27,80
2006105,2006,704,10,1,156,UNK,YES,0,164,UNK,UNK,,54,170
2006121,2006,637,10,1,157,UNK,YES,0,154,UNK,UNK,,38,114
2006124,2006,24,10,1,158,14,YES,0,172,8.15,114.05,,45,87
2006148,2006,630,10,2,164,10,YES,0,150,7.33,73.29,,12,41
2006164,2006,57,10,2,165,11,NO,11,154,UNK,UNK,4.68,40,149
2006178,2006,624,10,2,166,15,YES,0,170,7.99,119.89,,52,39
2006243,2006,631,10,2,176,3,NO,3,150,UNK,UNK,3.93,47,43
2006250,2006,705,10,1,176,12,NO,12,172,UNK,UNK,4.37,46,89
2006255,2006,24,10,2,178,10,NO,7,173,8.31,83.08,5.97,31,81
2006267,2006,704,10,2,180,12,NO,12,165,UNK,UNK,4.84,48,116
2007010,2007,515,10,1,144,12,YES,0,178,7.9,94.75,,34,155
2007055,2007,727,10,1,149,10,NO,9,152,UNK,UNK,4.87,4,151
2007161,2007,585,10,1,167,12,YES,0,174,7.93,95.13,,1,128
2007180,2007,727,10,2,168,10,YES,0,153,7.42,74.17,,6,60
2008008,2008,140,10,1,157,11,NO,0,150,7.47,82.19,,32,104
2008030,2008,305,10,1,160,15,NO,0,170,7.92,118.78,,39,75
2008115,2008,305,10,2,177,14,YES,0,170,6.86,95.99,,58,122
2009008,2009,206,10,1,150,6,YES,0,169,8.23,49.38,,53,85
2009029,2009,173,10,1,152,7,YES,0,153,7.12,49.83,,38,162
2009057,2009,145,10,1,157,9,YES,0,149,7.65,68.87,,23,90
2009206,2009,183,10,1,170,10,YES,0,149,6.9,62.07,,13,48
2009281,2009,173,10,2,175,13,YES,0,154,6.1,73.21,,35,101
2010005,2010,482,10,1,144,9,YES,0,150,8.27,74.44,,25,14
2010077,2010,647,10,1,149,11,YES,0,141,6.35,69.84,,3,15
2010185,2010,482,10,2,162,8,NO,0,152,7.73,61.86,,59,96
2010198,2010,240,10,1,163,9,YES,0,152,7.03,63.29,,35,121
2007011,2007,648,11,1,144,UNK,YES,0,156,UNK,UNK,,37,98
2007019,2007,630,11,1,147,9,NO,7,150,7.81,70.32,5.69,55,59
2007032,2007,624,11,1,148,11,NO,8,170,8.53,93.86,5.41,43,110
2007038,2007,631,11,1,149,8,YES,0,150,8.08,64.62,,51,65
2007069,2007,705,11,1,150,13,NO,0,172,6.24,81.06,,57,115
2007081,2007,24,11,1,152,11,NO,10,173,UNK,UNK,5.37,41,108
2007100,2007,704,11,1,153,10,YES,0,165,8.2,82,,46,54
2007146,2007,630,11,2,164,10,NO,7,151,7.94,79.38,5.89,46,122
2007157,2007,624,11,2,166,13,NO,9,171,8.47,110.17,5.18,22,125
2007162,2007,248,11,1,167,11,YES,0,155,6.47,71.13,,69,42
2007182,2007,648,11,2,167,9,NO,1,157,7.74,69.69,4.22,53,104
2007186,2007,705,11,2,168,11,NO,9,172,6.56,72.15,3.85,20,129
2007200,2007,704,11,2,170,11,NO,11,165,7.27,80.01,4.6,43,156
2007206,2007,57,11,1,170,10,NO,10,159,7.53,75.31,5.97,46,UNK
2007249,2007,630,11,3,177,9,NO,6,151,7.15,64.35,4.63,12,86
2007264,2007,713,11,1,179,9,NO,9,151,7.33,65.96,5.19,11,90
2007265,2007,624,11,3,179,11,NO,3,171,7.03,77.32,3.06,64,47
2008014,2008,515,11,1,158,13,NO,0,177,8.16,106.08,,46,93
2008042,2008,487,11,1,161,14,NO,0,166,7.04,98.59,,77,155
2008171,2008,715,11,1,181,16,YES,0,170,6.1,97.66,,21,78
2009003,2009,305,11,1,146,14,YES,0,170,8.24,115.35,,60,85
2009175,2009,140,11,1,169,11,YES,0,150,7.29,72.9,,58,51
2009215,2009,305,11,2,171,13,YES,0,170,7.66,91.94,,69,UNK
2010002,2010,206,11,1,142,9,YES,0,170,7.61,68.47,,51,56
2010008,2010,173,11,1,144,9,YES,0,153,6.35,57.11,,45,58
2010028,2010,183,11,1,145,7,YES,0,149,7.76,46.56,,12,11
2010068,2010,145,11,1,149,7,YES,0,148,7.67,53.71,,43,73
2010082,2010,212,11,1,149,12,YES,0,158,6.89,82.7,,17,11
2010162,2010,183,11,2,157,10,YES,0,149,6.71,67.06,,33,23
2010219,2010,145,11,2,167,8,YES,0,150,7.2,57.56,,9,30
2010233,2010,206,11,2,169,9,YES,0,170,6.69,60.23,,55,152
2010253,2010,173,11,1,171,8,YES,0,154,6.77,54.14,,39,UNK
2008033,2008,624,12,1,160,11,NO,0,170,8.64,95.01,,29,138
2008036,2008,631,12,1,160,8,NO,0,151,7.53,60.26,,55,74
2008037,2008,704,12,1,160,14,NO,0,UNK,6.89,96.5,,72,161
2008093,2008,631,12,2,175,9,YES,0,151,7.7,69.26,,70,64
2008118,2008,704,12,2,177,13,YES,0,UNK,6.7,87.04,,53,132
2008151,2008,630,12,1,180,9,NO,0,151,7.77,69.97,,23,61
2008152,2008,705,12,1,180,16,NO,0,177,5.77,92.25,,26,83
2009002,2009,515,12,1,146,15,YES,0,178,7.66,114.89,,60,87
2009136,2009,711,12,1,162,11,YES,0,156,7.48,74.76,,13,43
2009161,2009,623,12,1,167,7,YES,0,140,5.48,32.88,,48,123
2009163,2009,472,12,1,168,13,NO,2,178,7.41,88.95,5.33,47,110
2009245,2009,715,12,1,173,15,YES,0,170,6.21,86.98,,23,113
2010017,2010,140,12,1,145,8,YES,0,150,7.88,63.07,,12,82
2010088,2010,305,12,1,150,11,YES,0,170,8.26,90.87,,28,78
2010208,2010,305,12,2,164,12,YES,0,171,7.52,90.27,,55,137
2010215,2010,158,12,1,166,10,YES,0,157,6.91,69.07,,20,117
2009012,2009,648,13,1,151,10,YES,0,156,7.71,77.08,,80,121
2009016,2009,619,13,1,152,10,YES,0,158,7.21,72.14,,53,90
2009025,2009,705,13,1,152,13,YES,0,172,6.22,80.82,,29,172
2009026,2009,630,13,1,152,8,YES,0,152,7.95,63.59,,45,114
2009050,2009,631,13,1,157,8,YES,0,151,8.3,66.41,,48,63
2009096,2009,705,13,2,159,16,YES,0,171,7.68,122.93,,29,179
2009164,2009,619,13,2,168,9,YES,0,157,7.41,59.25,,56,117
2009173,2009,630,13,2,169,9,YES,0,134,7.75,61.96,,2,106
2009208,2009,624,13,1,170,12,YES,0,170,8.69,86.87,,24,130
2009230,2009,642,13,1,172,12,YES,0,153,5.4,59.36,,9,14
2009244,2009,631,13,2,173,9,YES,0,151,7.29,58.29,,69,UNK
2010022,2010,515,13,1,145,11,YES,0,177,7.93,79.34,,28,134
2010071,2010,715,13,1,149,10,NO,0,170,7.89,78.87,,2,103
2010193,2010,515,13,2,163,13,YES,0,178,7.88,102.48,,26,96
2010199,2010,715,13,2,163,17,YES,0,176,7.28,123.68,,19,66
2009153,2009,163,14,1,165,8,YES,0,144,5.8,40.58,,18,79
2009191,2009,230,14,1,169,9,YES,0,154,7.24,57.89,,38,46
2009219,2009,202,14,1,171,9,YES,0,169,6.93,55.42,,84,138
2009255,2009,7,14,1,173,10,YES,0,156,7.58,68.25,,34,168
2009294,2009,163,14,2,177,8,NO,8,144,5.46,38.25,3.73,3,169
2010006,2010,619,14,1,144,11,YES,0,158,7.1,78.09,,57,13
2010019,2010,648,14,1,145,9,YES,0,155,7.89,71,,42,UNK
2010029,2010,704,14,1,145,11,YES,0,167,7.74,85.18,,66,95
2010051,2010,624,14,1,147,9,YES,0,170,9.09,81.81,,50,85
2010079,2010,631,14,1,149,9,YES,0,152,8.6,77.37,,57,18
2010106,2010,642,14,1,150,12,YES,0,154,6.27,75.27,,3,89
2010129,2010,142,14,1,152,7,YES,0,178,6.68,46.75,,53,112
2010145,2010,497,14,1,153,11,YES,0,166,7.35,80.86,,52,72
2010172,2010,648,14,2,159,11,YES,0,161,7.64,83.99,,52,88
2010212,2010,562,14,1,165,9,NO,0,167,7.23,65.04,,32,136
2010230,2010,631,14,2,168,9,YES,0,153,7.45,67.03,,12,61
2010239,2010,704,14,2,170,13,YES,0,167,7.45,89.39,,72,46
2007131,2007,658,15,1,162,9,NO,9,172,8.31,74.78,5.71,46,156
2007250,2007,658,15,2,178,13,NO,13,173,7.86,102.12,5.65,26,86
2010004,2010,653,15,1,143,12,NO,0,178,7.81,93.72,,4,55
2010025,2010,572,15,1,145,10,NO,0,150,8.22,82.2,,54,107
2010040,2010,213,15,1,146,11,YES,0,164,7.87,86.52,,83,138
2010070,2010,230,15,1,149,6,YES,0,153,8.65,51.92,,33,66
2010116,2010,202,15,1,151,4,NO,0,169,8.19,24.57,,56,82
2010142,2010,163,15,1,153,8,YES,0,145,7.08,56.64,,4,131
2010151,2010,653,15,2,154,16,YES,0,177,6.59,105.4,,67,57
2010207,2010,230,15,2,164,10,YES,0,154,7.46,74.57,,46,61
2010261,2010,202,15,2,173,12,YES,0,168,5.46,65.56,,65,100
