individual,track_id,year,age,sex_raw,season,deflection,step_km,move_bearing,goal_bearing,position_date_time,position_lat,position_lon,goal_lat,goal_lon,departure_colony,arrival_wa_1,departure_wa_final,arrival_date_geo,geo,breeding_success,sex
Abel,1,2016,8,m,autumn,7.245286294895891,1146.1718401431983,-147.70292302238084,-140.45763672748495,29/08/2016 18:30,53.55,8.34,19.832642487046634,-16.7726597582038,29/08/2016,05/09/2016,01/04/2017,09/04/2017,Z444,1.0,m
Abel,1,2016,8,m,autumn,10.94177419808392,1174.0198244351243,-133.10715588047793,-144.04893007856185,30/08/2016 03:31,44.55,0.63,19.832642487046634,-16.7726597582038,29/08/2016,05/09/2016,01/04/2017,09/04/2017,Z444,1.0,m
Abel,1,2016,8,m,autumn,4.804978850399294,1179.1825507950807,-151.38456107221995,-156.18953992261925,31/08/2016 04:26,36.9,-9.0,19.832642487046634,-16.7726597582038,29/08/2016,05/09/2016,01/04/2017,09/04/2017,Z444,1.0,m
Abel,1,2016,8,m,autumn,3.5912384786198572,1122.4241600967755,-168.30601993336083,-164.71478145474097,01/09/2016 05:07,27.0,-14.7,19.832642487046634,-16.7726597582038,29/08/2016,05/09/2016,01/04/2017,09/04/2017,Z444,1.0,m
Abel,1,2016,8,m,autumn,9.678443217095435,1751.4043671262118,12.976505885826699,3.298062668731256,04/09/2016 18:55,17.1,-16.94,19.832642487046634,-16.7726597582038,29/08/2016,05/09/2016,01/04/2017,09/04/2017,Z444,1.0,m
Abel,1,2016,8,m,spring,16.708276820384384,821.4973293925331,12.377417929700231,29.085694750084624,01/04/2017 18:40,32.4,-12.78,53.5111,8.1056,29/08/2016,05/09/2016,01/04/2017,09/04/2017,Z444,1.0,m
Abel,1,2016,8,m,spring,37.35041918754399,100.07543398010371,0.0,37.350419187544,03/04/2017 18:50,40.05,-10.89,53.5111,8.1056,29/08/2016,05/09/2016,01/04/2017,09/04/2017,Z444,1.0,m
Abel,2,2017,9,m,autumn,18.07175988680558,279.44258235907535,-121.41333624368646,-139.48509613049202,15/09/2017 03:48,45.9,4.23,19.832642487046634,-16.7726597582038,15/09/2017,21/09/2017,29/03/2018,03/04/2018,BD666,1.0,m
Abel,2,2017,9,m,autumn,10.057481787918903,334.8484883053314,-153.07639898055038,-143.01891719263148,15/09/2017 17:47,44.55,1.22,19.832642487046634,-16.7726597582038,15/09/2017,21/09/2017,29/03/2018,03/04/2018,BD666,1.0,m
Abel,2,2017,9,m,autumn,53.707894144127124,125.06933313719327,-89.49626083323412,-143.20415497736124,16/09/2017 04:14,41.85,-0.61,19.832642487046634,-16.7726597582038,15/09/2017,21/09/2017,29/03/2018,03/04/2018,BD666,1.0,m
Abel,2,2017,9,m,autumn,11.44139176896465,823.2517893207938,-134.6856456207174,-146.12703738968204,16/09/2017 17:57,41.85,-2.12,19.832642487046634,-16.7726597582038,15/09/2017,21/09/2017,29/03/2018,03/04/2018,BD666,1.0,m
Abel,2,2017,9,m,autumn,15.258497331613938,254.4762609559441,-169.3191723802482,-154.06067504863427,18/09/2017 04:53,36.0,-8.66,19.832642487046634,-16.7726597582038,15/09/2017,21/09/2017,29/03/2018,03/04/2018,BD666,1.0,m
Abel,2,2017,9,m,autumn,4.368446027577221,919.5695488634001,-149.3035599772597,-153.67200600483693,20/09/2017 05:03,33.3,-9.85,19.832642487046634,-16.7726597582038,15/09/2017,21/09/2017,29/03/2018,03/04/2018,BD666,1.0,m
Abel,2,2017,9,m,autumn,0.7306147768053961,734.2531308675925,-162.12428977423966,-161.39367499743426,20/09/2017 18:22,26.1,-14.54,19.832642487046634,-16.7726597582038,15/09/2017,21/09/2017,29/03/2018,03/04/2018,BD666,1.0,m
Abel,2,2017,9,m,spring,10.08297767510615,1185.779021960742,13.387070123416194,23.47004779852234,29/03/2018 18:46,19.8,-16.65,53.5111,8.1056,15/09/2017,21/09/2017,29/03/2018,03/04/2018,BD666,1.0,m
Abel,2,2017,9,m,spring,13.94521350920283,515.9324099462341,13.757712851911597,27.70292636111444,31/03/2018 18:51,30.15,-13.53,53.5111,8.1056,15/09/2017,21/09/2017,29/03/2018,03/04/2018,BD666,1.0,m
Abel,2,2017,9,m,spring,4.698069274447278,336.10229130066693,26.230029461873194,30.928098736320464,01/04/2018 04:43,34.65,-12.19,53.5111,8.1056,15/09/2017,21/09/2017,29/03/2018,03/04/2018,BD666,1.0,m
Abel,2,2017,9,m,spring,56.648257699876126,228.93271248323504,89.21426180472413,32.56600410484801,01/04/2018 18:35,37.35,-10.51,53.5111,8.1056,15/09/2017,21/09/2017,29/03/2018,03/04/2018,BD666,1.0,m
Abel,2,2017,9,m,spring,59.067038193897986,471.0762833998458,88.38245443143664,29.31541623753864,02/04/2018 04:43,37.35,-7.92,53.5111,8.1056,15/09/2017,21/09/2017,29/03/2018,03/04/2018,BD666,1.0,m
Abel,3,2018,10,m,autumn,14.714457357454506,159.48813304455254,-159.92278811841152,-145.208330760957,04/09/2018 03:18,54.45,5.42,19.832642487046634,-16.7726597582038,04/09/2018,08/09/2018,,,BL127_18,1.0,m
Abel,3,2018,10,m,autumn,8.90833102061427,1089.8444324345003,-154.30144548020166,-145.3931144595874,04/09/2018 18:02,53.1,4.6,19.832642487046634,-16.7726597582038,04/09/2018,08/09/2018,,,BL127_18,1.0,m
Abel,3,2018,10,m,autumn,0.7256975292930292,592.301490353512,-146.33059167523632,-147.05628920452935,05/09/2018 03:59,44.1,-1.3,19.832642487046634,-16.7726597582038,04/09/2018,08/09/2018,,,BL127_18,1.0,m
Abel,3,2018,10,m,autumn,10.036109445404605,642.3287041697847,-139.74029953674656,-149.77640898215117,05/09/2018 18:18,39.6,-5.13,19.832642487046634,-16.7726597582038,04/09/2018,08/09/2018,,,BL127_18,1.0,m
Abel,3,2018,10,m,autumn,0.8527162981230276,220.26484453083805,-155.03920247666665,-155.89191877478967,06/09/2018 04:43,35.1,-9.69,19.832642487046634,-16.7726597582038,04/09/2018,08/09/2018,,,BL127_18,1.0,m
Abel,3,2018,10,m,autumn,23.964287759863396,150.11315097015486,180.0,-156.0357122401366,07/09/2018 04:54,32.85,-10.74,19.832642487046634,-16.7726597582038,04/09/2018,08/09/2018,,,BL127_18,1.0,m
Adelie,4,2019,6,f,autumn,43.4637680653351,977.1294409322207,-94.54240276426232,-138.0061708295974,26/08/2019 03:23,45.0,5.2,18.6354,-16.845613333333336,26/08/2019,31/08/2019,07/02/2020,22/04/2020,BT693_19,0.0,f
Adelie,4,2019,6,f,autumn,0.9080413326162216,1233.3140663076654,-157.29720817729955,-158.20524950991577,28/08/2019 04:21,42.3,-7.31,18.6354,-16.845613333333336,26/08/2019,31/08/2019,07/02/2020,22/04/2020,BT693_19,0.0,f
Adelie,4,2019,6,f,autumn,8.338942166893219,101.52003089400522,-170.2754212103506,-161.93647904345738,29/08/2019 04:38,31.95,-12.33,18.6354,-16.845613333333336,26/08/2019,31/08/2019,07/02/2020,22/04/2020,BT693_19,0.0,f
Adelie,4,2019,6,f,autumn,10.576443153232304,844.9974742060054,-151.70490105254362,-162.28134420577592,30/08/2019 18:45,30.6,-12.86,18.6354,-16.845613333333336,26/08/2019,31/08/2019,07/02/2020,22/04/2020,BT693_19,0.0,f
Adelie,4,2019,6,f,spring,15.250138452422249,662.20278491162,10.523361534441438,25.773499986863687,18/03/2020 05:47,23.85,-16.72,53.5111,8.1056,26/08/2019,31/08/2019,07/02/2020,22/04/2020,BT693_19,0.0,f
Adelie,4,2019,6,f,spring,29.299651678079897,100.075433980103,0.0,29.29965167807991,19/03/2020 05:42,30.15,-15.31,53.5111,8.1056,26/08/2019,31/08/2019,07/02/2020,22/04/2020,BT693_19,0.0,f
Adelie,4,2019,6,f,spring,28.523278950814415,100.075433980103,0.0,28.523278950814426,26/03/2020 18:50,29.25,-15.31,53.5111,8.1056,26/08/2019,31/08/2019,07/02/2020,22/04/2020,BT693_19,0.0,f
Adelie,4,2019,6,f,spring,150.7003483219201,100.075433980103,180.0,29.29965167807991,27/03/2020 05:18,30.15,-15.31,53.5111,8.1056,26/08/2019,31/08/2019,07/02/2020,22/04/2020,BT693_19,0.0,f
Adelie,4,2019,6,f,spring,28.151229825506732,350.26401893035944,0.0,28.151229825506725,03/04/2020 05:22,28.8,-15.31,53.5111,8.1056,26/08/2019,31/08/2019,07/02/2020,22/04/2020,BT693_19,0.0,f
Adelie,4,2019,6,f,spring,7.431466832597778,548.7089288031403,23.56163884768582,30.993105680283605,03/04/2020 18:55,31.95,-15.31,53.5111,8.1056,26/08/2019,31/08/2019,07/02/2020,22/04/2020,BT693_19,0.0,f
Adelie,4,2019,6,f,spring,19.794593025740397,206.45804761379185,14.021529161614875,33.81612218735528,06/04/2020 18:35,37.35,-11.61,53.5111,8.1056,26/08/2019,31/08/2019,07/02/2020,22/04/2020,BT693_19,0.0,f
Adelie,4,2019,6,f,spring,21.544996718687997,934.2183081742544,14.407075396403021,35.95207211509101,07/04/2020 04:47,39.15,-11.03,53.5111,8.1056,26/08/2019,31/08/2019,07/02/2020,22/04/2020,BT693_19,0.0,f
Adelie,4,2019,6,f,spring,5.587065051589548,798.5477958900891,56.47591212845638,50.888847076866845,17/04/2020 18:56,46.8,-7.96,53.5111,8.1056,26/08/2019,31/08/2019,07/02/2020,22/04/2020,BT693_19,0.0,f
Adelie,4,2019,6,f,spring,64.39856988013193,102.61221399620344,118.69294213070917,54.29437225057724,21/04/2020 02:52,50.85,1.45,53.5111,8.1056,26/08/2019,31/08/2019,07/02/2020,22/04/2020,BT693_19,0.0,f
Adelie,5,2020,7,f,autumn,17.280936816383587,426.67903164905346,-159.04385834919256,-141.76292153280897,29/08/2020 18:22,47.7,4.5,18.6354,-16.845613333333336,29/08/2020,02/09/2020,27/04/2021,03/05/2021,BX259_20,1.0,f
Adelie,5,2020,7,f,autumn,27.289540597845473,1070.205347310852,-113.92616819570874,-141.2157087935542,30/08/2020 03:49,44.1,2.59,18.6354,-16.845613333333336,29/08/2020,02/09/2020,27/04/2021,03/05/2021,BX259_20,1.0,f
Adelie,5,2020,7,f,autumn,4.358330232255753,1179.0156489065305,-157.6007749857137,-161.95910521796947,31/08/2020 04:26,39.6,-9.87,18.6354,-16.845613333333336,29/08/2020,02/09/2020,27/04/2021,03/05/2021,BX259_20,1.0,f
Adelie,5,2020,7,f,autumn,1.0662625187321453,1026.9961319977451,-166.51366890939005,-167.5799314281222,01/09/2020 18:48,28.8,-14.5,18.6354,-16.845613333333336,29/08/2020,02/09/2020,27/04/2021,03/05/2021,BX259_20,1.0,f
Adelie,5,2020,7,f,spring,3.9330932869265496,966.5302895831728,27.498974004211913,23.565880717285367,27/04/2021 04:59,19.8,-16.78,53.5111,8.1056,29/08/2020,02/09/2020,27/04/2021,03/05/2021,BX259_20,1.0,f
Adelie,5,2020,7,f,spring,11.150570570253905,257.18021014825615,13.247118707972499,24.39768927822639,27/04/2021 19:12,27.45,-12.27,53.5111,8.1056,29/08/2020,02/09/2020,27/04/2021,03/05/2021,BX259_20,1.0,f
Adelie,5,2020,7,f,spring,7.209702242539635,316.7466701580595,18.318547758239813,25.52825000077945,28/04/2021 04:35,29.7,-11.66,53.5111,8.1056,29/08/2020,02/09/2020,27/04/2021,03/05/2021,BX259_20,1.0,f
Adelie,5,2020,7,f,spring,24.142810954588555,951.8850614421079,2.6901616496598635,26.832972604248422,28/04/2021 19:08,32.4,-10.6,53.5111,8.1056,29/08/2020,02/09/2020,27/04/2021,03/05/2021,BX259_20,1.0,f
Anita,6,2016,16,f,autumn,1.3175450264972426,1108.8457904901975,-140.673434336945,-139.35588931044776,15/09/2016 17:33,53.55,8.34,21.402391304347827,-16.817608695652176,15/09/2016,20/09/2016,07/04/2017,11/04/2017,Z450,1.0,f
Anita,6,2016,16,f,autumn,25.024573402955866,353.657026182933,-171.84067822538188,-146.816104822426,17/09/2016 04:26,45.45,-1.21,21.402391304347827,-16.817608695652176,15/09/2016,20/09/2016,07/04/2017,11/04/2017,Z450,1.0,f
Anita,6,2016,16,f,autumn,2.134053185428229,985.1772500111626,-142.17083620417074,-144.30488938959897,17/09/2016 17:53,42.3,-1.82,21.402391304347827,-16.817608695652176,15/09/2016,20/09/2016,07/04/2017,11/04/2017,Z450,1.0,f
Anita,6,2016,16,f,autumn,3.226914894626674,669.634190570334,-152.84467232626764,-149.61775743164097,18/09/2016 18:15,35.1,-8.45,21.402391304347827,-16.817608695652176,15/09/2016,20/09/2016,07/04/2017,11/04/2017,Z450,1.0,f
Anita,6,2016,16,f,autumn,123.99405153880713,388.95497371198843,-25.321310347735743,-149.31536188654286,19/09/2016 18:09,29.7,-11.61,21.402391304347827,-16.817608695652176,15/09/2016,20/09/2016,07/04/2017,11/04/2017,Z450,1.0,f
Anita,6,2016,16,f,spring,21.3840346394272,455.92045674641116,8.75752864285495,30.14156328228216,07/04/2017 04:52,32.85,-13.39,53.5111,8.1056,15/09/2016,20/09/2016,07/04/2017,11/04/2017,Z450,1.0,f
Anita,6,2016,16,f,spring,5.147811907359113,520.1111849865849,29.100819705875935,34.248631613235055,07/04/2017 19:09,36.9,-12.61,53.5111,8.1056,15/09/2016,20/09/2016,07/04/2017,11/04/2017,Z450,1.0,f
Anita,6,2016,16,f,spring,31.18448357706592,251.75678062390938,6.286317946966949,37.470801524032865,08/04/2017 04:42,40.95,-9.6,53.5111,8.1056,15/09/2016,20/09/2016,07/04/2017,11/04/2017,Z450,1.0,f
Anita,6,2016,16,f,spring,9.067143997599942,179.58914743743046,32.871348297425136,41.93849229502508,08/04/2017 18:44,43.2,-9.26,53.5111,8.1056,15/09/2016,20/09/2016,07/04/2017,11/04/2017,Z450,1.0,f
Anita,6,2016,16,f,spring,117.91871435141445,105.2942032627972,161.7417633354504,43.82304898403592,09/04/2017 04:16,44.55,-8.03,53.5111,8.1056,15/09/2016,20/09/2016,07/04/2017,11/04/2017,Z450,1.0,f
Anita,6,2016,16,f,spring,50.112178777576815,1059.0029995744999,90.92688076605161,40.8147019884748,09/04/2017 18:49,43.65,-7.62,53.5111,8.1056,15/09/2016,20/09/2016,07/04/2017,11/04/2017,Z450,1.0,f
Anita,7,2017,17,f,autumn,21.46052311105828,1038.9455107814276,-162.85875002585684,-141.39822691479856,23/09/2017 17:08,53.55,6.89,21.402391304347827,-16.817608695652176,23/09/2017,03/10/2017,15/04/2018,22/04/2018,BD670,0.0,f
Anita,7,2017,17,f,autumn,12.96351397710066,338.14097205119185,-151.93704650331264,-138.97353252621198,24/09/2017 17:13,44.55,2.61,21.402391304347827,-16.817608695652176,23/09/2017,03/10/2017,15/04/2018,22/04/2018,BD670,0.0,f
Anita,7,2017,17,f,autumn,4.816502190816919,610.7022374253617,-143.6728017131247,-138.85629952230778,25/09/2017 04:24,41.85,0.69,21.402391304347827,-16.817608695652176,23/09/2017,03/10/2017,15/04/2018,22/04/2018,BD670,0.0,f
Anita,7,2017,17,f,autumn,5.949778014124149,925.0252457165375,-148.46817563823976,-142.5183976241156,26/09/2017 17:43,37.35,-4.38,21.402391304347827,-16.817608695652176,23/09/2017,03/10/2017,15/04/2018,22/04/2018,BD670,0.0,f
Anita,7,2017,17,f,autumn,25.890969629970357,154.10485381806137,-166.84127046138988,-140.95030083141953,27/09/2017 04:59,30.15,-9.4,21.402391304347827,-16.817608695652176,23/09/2017,03/10/2017,15/04/2018,22/04/2018,BD670,0.0,f
Anita,7,2017,17,f,autumn,0.39542681679557745,1087.899969618415,-135.72675342022595,-136.12218023702152,01/10/2017 17:53,28.8,-9.4,21.402391304347827,-16.817608695652176,23/09/2017,03/10/2017,15/04/2018,22/04/2018,BD670,0.0,f
Anita,7,2017,17,f,autumn,19.456742227121737,100.20967199535211,-177.0249189301256,-157.56817670300387,02/10/2017 05:28,21.6,-16.73,21.402391304347827,-16.817608695652176,23/09/2017,03/10/2017,15/04/2018,22/04/2018,BD670,0.0,f
Anita,7,2017,17,f,spring,9.58618708418075,1298.0332200378475,14.758870175298402,24.345057259479155,15/04/2018 19:18,21.15,-16.89,53.5111,8.1056,23/09/2017,03/10/2017,15/04/2018,22/04/2018,BD670,0.0,f
Anita,7,2017,17,f,spring,1.8015746658128649,983.9430035495806,28.57257141834098,30.37414608415384,18/04/2018 18:54,33.3,-13.14,53.5111,8.1056,23/09/2017,03/10/2017,15/04/2018,22/04/2018,BD670,0.0,f
Anita,7,2017,17,f,spring,19.70294976669581,174.229617364532,54.38137628555897,34.678426518863155,20/04/2018 03:50,40.95,-7.55,53.5111,8.1056,23/09/2017,03/10/2017,15/04/2018,22/04/2018,BD670,0.0,f
Anita,7,2017,17,f,spring,12.91363981936749,810.9372553780855,20.919151651078444,33.832791470445926,20/04/2018 18:43,41.85,-5.84,53.5111,8.1056,23/09/2017,03/10/2017,15/04/2018,22/04/2018,BD670,0.0,f
Anita,8,2018,18,f,autumn,7.965619856645191,833.1685970696361,-132.71799509981807,-140.68361495646326,07/10/2018 16:33,54.0,7.66,21.402391304347827,-16.817608695652176,07/10/2018,16/10/2018,,,BL161_18,1.0,f
Anita,8,2018,18,f,autumn,8.236635829972641,1176.138371402121,-140.67917850544015,-148.9158143354128,09/10/2018 17:28,48.6,-0.67,21.402391304347827,-16.817608695652176,07/10/2018,16/10/2018,,,BL161_18,1.0,f
Anita,8,2018,18,f,autumn,2.559817413981307,1174.982231426058,-158.1348835084141,-160.6947009223954,15/10/2018 05:19,40.05,-10.0,21.402391304347827,-16.817608695652176,07/10/2018,16/10/2018,,,BL161_18,1.0,f
Antoine,9,2018,5,m,autumn,5.848144320875576,1128.6289691589757,-149.54681683865303,-143.69867251777745,13/09/2018 17:35,53.55,8.34,15.011973875181422,-16.455616835994196,13/09/2018,20/09/2018,08/04/2019,20/04/2019,BD668_18,0.0,m
Antoine,9,2018,5,m,autumn,12.386800321383873,159.42585845561675,-160.09247350021622,-147.70567317883234,15/09/2018 03:57,43.65,0.66,15.011973875181422,-16.455616835994196,13/09/2018,20/09/2018,08/04/2019,20/04/2019,BD668_18,0.0,m
Antoine,9,2018,5,m,autumn,19.122446095329394,461.8755410252645,-166.7648034279054,-147.642357332576,15/09/2018 18:00,42.3,0.0,15.011973875181422,-16.455616835994196,13/09/2018,20/09/2018,08/04/2019,20/04/2019,BD668_18,0.0,m
Antoine,9,2018,5,m,autumn,12.283483547922089,1378.3113893387742,-133.50105080808828,-145.78453435601037,16/09/2018 04:22,38.25,-1.21,15.011973875181422,-16.455616835994196,13/09/2018,20/09/2018,08/04/2019,20/04/2019,BD668_18,0.0,m
Antoine,9,2018,5,m,autumn,4.547618841850351,1450.5074354177054,-157.52263080759917,-162.07024964944952,19/09/2018 18:20,29.25,-11.76,15.011973875181422,-16.455616835994196,13/09/2018,20/09/2018,08/04/2019,20/04/2019,BD668_18,0.0,m
Antoine,9,2018,5,m,spring,2.9119021419003843,1228.1657478409186,19.696813137098072,22.608715278998464,08/04/2019 19:00,17.55,-16.92,53.5111,8.1056,13/09/2018,20/09/2018,08/04/2019,20/04/2019,BD668_18,0.0,m
Antoine,9,2018,5,m,spring,8.603274032475639,156.68923098136437,16.549490423379407,25.152764455855046,14/04/2019 05:02,27.9,-12.73,53.5111,8.1056,13/09/2018,20/09/2018,08/04/2019,20/04/2019,BD668_18,0.0,m
Antoine,9,2018,5,m,spring,8.101424643546295,1002.8397742985981,17.657799898763667,25.759224542309965,14/04/2019 18:55,29.25,-12.27,53.5111,8.1056,13/09/2018,20/09/2018,08/04/2019,20/04/2019,BD668_18,0.0,m
Antoine,9,2018,5,m,spring,31.136970284158423,250.18858495025714,0.0,31.136970284158416,16/04/2019 04:17,37.8,-8.82,53.5111,8.1056,13/09/2018,20/09/2018,08/04/2019,20/04/2019,BD668_18,0.0,m
Antoine,9,2018,5,m,spring,20.14885431156989,518.419321273387,14.622572523472687,34.77142683504259,16/04/2019 18:46,40.05,-8.82,53.5111,8.1056,13/09/2018,20/09/2018,08/04/2019,20/04/2019,BD668_18,0.0,m
Antoine,9,2018,5,m,spring,32.1538364855397,203.6219270341881,10.425563985435614,42.57940047097532,17/04/2019 04:06,44.55,-7.17,53.5111,8.1056,13/09/2018,20/09/2018,08/04/2019,20/04/2019,BD668_18,0.0,m
Antoine,9,2018,5,m,spring,41.935744122669746,109.75449204042731,89.48263481252873,47.54689068985898,19/04/2019 03:48,46.35,-6.69,53.5111,8.1056,13/09/2018,20/09/2018,08/04/2019,20/04/2019,BD668_18,0.0,m
Antoine,10,2019,6,m,autumn,18.88017081930053,336.96836965347404,-124.81850169847691,-143.69867251777745,09/09/2019 03:10,53.55,8.34,15.011973875181422,-16.455616835994196,09/09/2019,18/09/2019,10/02/2020,23/04/2020,BS731_19,1.0,m
Antoine,10,2019,6,m,autumn,7.756752690712204,974.4479138492288,-155.60042351788783,-147.84367082717563,13/09/2019 03:30,51.75,4.45,15.011973875181422,-16.455616835994196,09/09/2019,18/09/2019,10/02/2020,23/04/2020,BS731_19,1.0,m
Antoine,10,2019,6,m,autumn,16.36919952975495,216.04368661979868,-133.35609517777308,-149.72529470752804,13/09/2019 17:48,43.65,-0.54,15.011973875181422,-16.455616835994196,09/09/2019,18/09/2019,10/02/2020,23/04/2020,BS731_19,1.0,m
Antoine,10,2019,6,m,autumn,12.310591817491712,1199.7737880062496,-139.66267769819248,-151.9732695156842,14/09/2019 04:24,42.3,-2.45,15.011973875181422,-16.455616835994196,09/09/2019,18/09/2019,10/02/2020,23/04/2020,BS731_19,1.0,m
Antoine,10,2019,6,m,autumn,9.257742836773446,327.9883712883279,-155.8784825069267,-165.13622534370015,15/09/2019 18:28,33.3,-11.54,15.011973875181422,-16.455616835994196,09/09/2019,18/09/2019,10/02/2020,23/04/2020,BS731_19,1.0,m
Antoine,10,2019,6,m,autumn,11.849253723190799,764.2878118350177,-155.67940417446283,-167.52865789765363,16/09/2019 05:14,30.6,-12.94,15.011973875181422,-16.455616835994196,09/09/2019,18/09/2019,10/02/2020,23/04/2020,BS731_19,1.0,m
Antoine,10,2019,6,m,autumn,4.916339426823811,1006.4116731909412,-173.73370110960832,-178.65004053643213,17/09/2019 18:33,24.3,-16.23,15.011973875181422,-16.455616835994196,09/09/2019,18/09/2019,10/02/2020,23/04/2020,BS731_19,1.0,m
Antoine,10,2019,6,m,spring,133.77284064734823,109.78544602499554,155.66667461906923,21.893833971720994,10/02/2020 06:14,15.3,-17.25,53.5111,8.1056,09/09/2019,18/09/2019,10/02/2020,23/04/2020,BS731_19,1.0,m
Antoine,10,2019,6,m,spring,148.31417654174692,508.6356365882676,169.56690645307177,21.252729911324845,10/02/2020 18:43,14.4,-16.83,53.5111,8.1056,09/09/2019,18/09/2019,10/02/2020,23/04/2020,BS731_19,1.0,m
Antoine,10,2019,6,m,spring,158.3214684638266,150.2575239690742,177.48319869051028,19.1617302266837,05/03/2020 05:50,9.9,-15.99,53.5111,8.1056,09/09/2019,18/09/2019,10/02/2020,23/04/2020,BS731_19,1.0,m
Antoine,10,2019,6,m,spring,21.24176452114756,100.17180659423863,-2.510411170912908,18.731353350234645,05/03/2020 18:38,8.55,-15.93,53.5111,8.1056,09/09/2019,18/09/2019,10/02/2020,23/04/2020,BS731_19,1.0,m
Antoine,10,2019,6,m,spring,158.4679904090035,100.17180659423863,177.4833312572393,19.015340848235788,06/03/2020 05:54,9.45,-15.97,53.5111,8.1056,09/09/2019,18/09/2019,10/02/2020,23/04/2020,BS731_19,1.0,m
Antoine,10,2019,6,m,spring,27.273626627108342,1214.9513771431034,-8.542273276873683,18.731353350234645,30/03/2020 18:47,8.55,-15.93,53.5111,8.1056,09/09/2019,18/09/2019,10/02/2020,23/04/2020,BS731_19,1.0,m
Antoine,10,2019,6,m,spring,1.6222078381961182,1288.0104832598934,25.58888441368084,23.966676575484723,11/04/2020 19:08,19.35,-17.64,53.5111,8.1056,09/09/2019,18/09/2019,10/02/2020,23/04/2020,BS731_19,1.0,m
Antoine,10,2019,6,m,spring,62.94142391279303,500.2809699360627,88.71610221328294,25.7746783004899,12/04/2020 18:48,29.7,-11.91,53.5111,8.1056,09/09/2019,18/09/2019,10/02/2020,23/04/2020,BS731_19,1.0,m
Antoine,10,2019,6,m,spring,36.87765012925655,1367.275158662074,-16.66450831408552,20.21314181517104,14/04/2020 04:34,29.7,-6.73,53.5111,8.1056,09/09/2019,18/09/2019,10/02/2020,23/04/2020,BS731_19,1.0,m
Antoine,10,2019,6,m,spring,85.82534457802433,1101.2989106466928,126.33809690542141,40.512752327397045,15/04/2020 18:53,41.4,-11.4,53.5111,8.1056,09/09/2019,18/09/2019,10/02/2020,23/04/2020,BS731_19,1.0,m
Antoine,10,2019,6,m,spring,18.518803598626107,1301.255040027032,-1.0800546319725068,17.438748966653616,16/04/2020 04:05,35.1,-1.65,53.5111,8.1056,09/09/2019,18/09/2019,10/02/2020,23/04/2020,BS731_19,1.0,m
Antoine,11,2020,7,m,autumn,7.141644993621242,915.3720030382946,-136.5570275241562,-143.69867251777745,10/09/2020 17:42,53.55,8.34,15.011973875181422,-16.455616835994196,10/09/2020,19/10/2020,,,BX241_20,1.0,m
Antoine,11,2020,7,m,autumn,16.2033711114982,1068.4554362532892,-135.31894799283882,-151.52231910433702,12/09/2020 18:08,47.25,0.0,15.011973875181422,-16.455616835994196,10/09/2020,19/10/2020,,,BX241_20,1.0,m
Antoine,11,2020,7,m,autumn,5.200095472410339,645.0795756512225,-157.72073646308675,-162.9208319354971,18/09/2020 18:08,40.05,-8.82,15.011973875181422,-16.455616835994196,10/09/2020,19/10/2020,,,BX241_20,1.0,m
Antoine,11,2020,7,m,autumn,9.227858263994847,1348.2892698731603,-156.71976615071546,-165.9476244147103,19/09/2020 05:10,34.65,-11.49,15.011973875181422,-16.455616835994196,10/09/2020,19/10/2020,,,BX241_20,1.0,m
Armando,13,2016,16,m,autumn,0.9996348817575722,305.2401964582766,-144.00840919890376,-143.0087743171462,27/08/2016 18:16,53.55,8.34,14.606527093596059,-17.14882594417077,26/08/2016,02/09/2016,28/03/2017,09/04/2017,Z447,1.0,m
Armando,13,2016,16,m,autumn,28.46903980399526,352.4055120941532,-173.46930587023988,-145.00026606624462,28/08/2016 18:17,51.3,5.76,14.606527093596059,-17.14882594417077,26/08/2016,02/09/2016,28/03/2017,09/04/2017,Z447,1.0,m
Armando,13,2016,16,m,autumn,3.5760700498572646,1005.04298783324,-139.9594173422773,-143.53548739213457,29/08/2016 03:18,48.15,5.22,14.606527093596059,-17.14882594417077,26/08/2016,02/09/2016,28/03/2017,09/04/2017,Z447,1.0,m
Armando,13,2016,16,m,autumn,60.65616010209021,193.15649166391816,-89.24623206348913,-149.90239216557933,29/08/2016 18:42,40.95,-2.47,14.606527093596059,-17.14882594417077,26/08/2016,02/09/2016,28/03/2017,09/04/2017,Z447,1.0,m
Armando,13,2016,16,m,autumn,5.925402775090845,1208.6933474014284,-148.2685403194116,-154.19394309450246,30/08/2016 04:08,40.95,-4.77,14.606527093596059,-17.14882594417077,26/08/2016,02/09/2016,28/03/2017,09/04/2017,Z447,1.0,m
Armando,13,2016,16,m,autumn,3.8706823332973386,162.07479192601966,-157.68387539434985,-161.5545577276472,30/08/2016 18:52,31.5,-11.45,14.606527093596059,-17.14882594417077,26/08/2016,02/09/2016,28/03/2017,09/04/2017,Z447,1.0,m
Armando,13,2016,16,m,autumn,7.589204292421215,1074.5093545779935,-157.73636882382706,-165.32557311624828,31/08/2016 18:37,30.15,-13.01,14.606527093596059,-17.14882594417077,26/08/2016,02/09/2016,28/03/2017,09/04/2017,Z447,1.0,m
Armando,13,2016,16,m,autumn,1.9424017891029735,200.1508679602053,180.0,-178.057598210897,01/09/2016 05:18,21.15,-16.92,14.606527093596059,-17.14882594417077,26/08/2016,02/09/2016,28/03/2017,09/04/2017,Z447,1.0,m
Armando,13,2016,16,m,autumn,162.22469644605792,642.5205610740752,20.451118269286294,-177.3241852846558,01/09/2016 18:52,19.35,-16.92,14.606527093596059,-17.14882594417077,26/08/2016,02/09/2016,28/03/2017,09/04/2017,Z447,1.0,m
Armando,13,2016,16,m,spring,10.203733049724804,206.575310009056,14.217988449039893,24.421721498764693,28/03/2017 18:57,24.75,-14.34,53.5111,8.1056,26/08/2016,02/09/2016,28/03/2017,09/04/2017,Z447,1.0,m
Armando,13,2016,16,m,spring,0.042489029871120465,445.67033310924654,25.597130783188295,25.63961981305941,30/03/2017 05:13,27.45,-13.63,53.5111,8.1056,26/08/2016,02/09/2016,28/03/2017,09/04/2017,Z447,1.0,m
Armando,13,2016,16,m,spring,15.38490155909264,510.70159738216495,11.248128898835086,26.633030457927713,30/03/2017 18:47,31.05,-11.61,53.5111,8.1056,26/08/2016,02/09/2016,28/03/2017,09/04/2017,Z447,1.0,m
Armando,13,2016,16,m,spring,27.6379567823154,821.408547728741,58.39113611555462,30.753179333239228,03/04/2017 18:57,36.0,-10.52,53.5111,8.1056,26/08/2016,02/09/2016,28/03/2017,09/04/2017,Z447,1.0,m
Armando,13,2016,16,m,spring,20.00029212431403,350.6634505266917,2.6706048121351786,22.670896936449218,07/04/2017 03:53,39.6,-1.85,53.5111,8.1056,26/08/2016,02/09/2016,28/03/2017,09/04/2017,Z447,1.0,m
Armando,13,2016,16,m,spring,30.28105075169242,496.32315804864754,57.90449939780625,27.62344864611382,07/04/2017 18:37,42.75,-1.65,53.5111,8.1056,26/08/2016,02/09/2016,28/03/2017,09/04/2017,Z447,1.0,m
Armando,14,2017,17,m,autumn,19.156586428617373,1248.9888087083402,-162.16536074576356,-143.0087743171462,31/08/2017 18:05,53.55,8.34,14.606527093596059,-17.14882594417077,31/08/2017,05/09/2017,29/03/2018,13/04/2018,BD276,0.0,m
Armando,14,2017,17,m,autumn,15.195309834857198,1251.2194548068899,-126.05676964248097,-141.25207947733819,01/09/2017 03:21,42.75,3.68,14.606527093596059,-17.14882594417077,31/08/2017,05/09/2017,29/03/2018,13/04/2018,BD276,0.0,m
Armando,14,2017,17,m,autumn,1.4808729700388028,991.4800845936786,-154.07127976852573,-155.55215273856453,02/09/2017 04:16,35.55,-7.69,14.606527093596059,-17.14882594417077,31/08/2017,05/09/2017,29/03/2018,13/04/2018,BD276,0.0,m
Armando,14,2017,17,m,autumn,158.77190810919268,100.075433980103,0.0,-158.77190810919268,02/09/2017 18:34,27.45,-12.07,14.606527093596059,-17.14882594417077,31/08/2017,05/09/2017,29/03/2018,13/04/2018,BD276,0.0,m
Armando,14,2017,17,m,autumn,11.273765812476427,1041.1120820908013,-148.75812931674142,-160.03189512921784,04/09/2017 05:12,28.35,-12.07,14.606527093596059,-17.14882594417077,31/08/2017,05/09/2017,29/03/2018,13/04/2018,BD276,0.0,m
Armando,14,2017,17,m,autumn,176.0355620465847,451.94489068127274,-4.763169917116922,179.20126803629842,04/09/2017 18:50,20.25,-17.23,14.606527093596059,-17.14882594417077,31/08/2017,05/09/2017,29/03/2018,13/04/2018,BD276,0.0,m
Armando,14,2017,17,m,spring,21.261730908970748,452.4679153780949,5.465199835931919,26.726930744902663,29/03/2018 05:33,24.3,-17.6,53.5111,8.1056,31/08/2017,05/09/2017,29/03/2018,13/04/2018,BD276,0.0,m
Armando,14,2017,17,m,spring,81.23357650620233,540.6041498258309,110.53959594171256,29.306019435510215,29/03/2018 18:51,28.35,-17.16,53.5111,8.1056,31/08/2017,05/09/2017,29/03/2018,13/04/2018,BD276,0.0,m
Armando,14,2017,17,m,spring,1.14289019042684,216.25706077478517,22.064037841032338,23.20692803145919,01/04/2018 18:35,26.55,-11.66,53.5111,8.1056,31/08/2017,05/09/2017,29/03/2018,13/04/2018,BD276,0.0,m
Armando,14,2017,17,m,spring,21.064908098872934,651.199537056372,2.594740923926385,23.65964902279931,02/04/2018 05:06,28.35,-10.83,53.5111,8.1056,31/08/2017,05/09/2017,29/03/2018,13/04/2018,BD276,0.0,m
Armando,14,2017,17,m,spring,22.407654252008058,151.00846699794488,6.191269635203866,28.598923887211924,02/04/2018 18:26,34.2,-10.51,53.5111,8.1056,31/08/2017,05/09/2017,29/03/2018,13/04/2018,BD276,0.0,m
Armando,14,2017,17,m,spring,14.355424619404573,1038.9502527138186,14.590493607968302,28.945918227372882,06/04/2018 18:39,35.55,-9.46,53.5111,8.1056,31/08/2017,05/09/2017,29/03/2018,13/04/2018,BD276,0.0,m
Armando,14,2017,17,m,spring,4.302333769647163,1102.2212807116691,36.12001219076379,40.42234596041096,08/04/2018 18:15,44.55,-5.82,53.5111,8.1056,31/08/2017,05/09/2017,29/03/2018,13/04/2018,BD276,0.0,m
Armando,15,2018,18,m,autumn,18.139860316664937,1099.1506450732206,-161.14863463381113,-143.0087743171462,13/09/2018 17:28,53.55,8.34,14.606527093596059,-17.14882594417077,13/09/2018,20/09/2018,,,BL156_18,0.0,m
Armando,15,2018,18,m,autumn,9.40383407367517,1062.8072089402247,-151.54675325365255,-142.14291917997738,15/09/2018 03:40,44.1,3.91,14.606527093596059,-17.14882594417077,13/09/2018,20/09/2018,,,BL156_18,0.0,m
Armando,15,2018,18,m,autumn,6.317068596466214,1132.5490155144978,-136.47696995066303,-142.79403854712925,16/09/2018 04:24,35.55,-1.8,14.606527093596059,-17.14882594417077,13/09/2018,20/09/2018,,,BL156_18,0.0,m
Armando,15,2018,18,m,autumn,27.25322816695183,100.11920592652116,-178.2987269522134,-151.04549878526157,16/09/2018 18:08,27.9,-9.72,14.606527093596059,-17.14882594417077,13/09/2018,20/09/2018,,,BL156_18,0.0,m
Armando,16,2019,19,m,autumn,33.71070352372084,1444.8502835369168,-109.29807079342534,-143.0087743171462,19/09/2019 17:51,53.55,8.34,14.606527093596059,-17.14882594417077,19/09/2019,30/09/2019,14/04/2020,23/04/2020,BS733_19,0.0,m
Armando,16,2019,19,m,autumn,12.492690109614841,650.4903208706685,180.0,-167.50730989038522,20/09/2019 04:24,47.7,-10.04,14.606527093596059,-17.14882594417077,19/09/2019,30/09/2019,14/04/2020,23/04/2020,BS733_19,0.0,m
Armando,16,2019,19,m,autumn,14.813857922059583,450.3394529104639,180.0,-165.18614207794042,20/09/2019 17:58,41.85,-10.04,14.606527093596059,-17.14882594417077,19/09/2019,30/09/2019,14/04/2020,23/04/2020,BS733_19,0.0,m
Armando,16,2019,19,m,autumn,14.652027453577176,1262.6463675745229,-148.73357988791048,-163.38560734148766,26/09/2019 18:17,37.8,-10.25,14.606527093596059,-17.14882594417077,19/09/2019,30/09/2019,14/04/2020,23/04/2020,BS733_19,0.0,m
Armando,16,2019,19,m,autumn,1.0395741493977084,100.07543398010264,180.0,-178.9604258506023,27/09/2019 18:31,27.45,-16.91,14.606527093596059,-17.14882594417077,19/09/2019,30/09/2019,14/04/2020,23/04/2020,BS733_19,0.0,m
Armando,16,2019,19,m,autumn,153.3501794688051,169.5065701110002,27.502629828902172,-179.14719070229273,29/09/2019 18:27,25.65,-16.98,14.606527093596059,-17.14882594417077,19/09/2019,30/09/2019,14/04/2020,23/04/2020,BS733_19,0.0,m
Armando,16,2019,19,m,spring,8.978689122731339,1168.029535924329,18.50783258157057,27.48652170430191,14/04/2020 04:56,27.0,-16.19,53.5111,8.1056,19/09/2019,30/09/2019,14/04/2020,23/04/2020,BS733_19,0.0,m
Armando,16,2019,19,m,spring,15.01879156448419,158.57581988496224,18.627687253999557,33.64647881848374,14/04/2020 18:54,36.9,-12.04,53.5111,8.1056,19/09/2019,30/09/2019,14/04/2020,23/04/2020,BS733_19,0.0,m
Armando,16,2019,19,m,spring,10.00423380556191,893.4665705021888,24.832273940029346,34.836507745591256,19/04/2020 18:58,38.25,-11.32,53.5111,8.1056,19/09/2019,30/09/2019,14/04/2020,23/04/2020,BS733_19,0.0,m
Armando,16,2019,19,m,spring,17.831503566250092,112.00347078111207,26.451354501405753,44.28285806765585,20/04/2020 03:55,45.45,-6.52,53.5111,8.1056,19/09/2019,30/09/2019,14/04/2020,23/04/2020,BS733_19,0.0,m
Armando,16,2019,19,m,spring,11.268416316034916,289.0912199124971,57.53653721589546,46.26812089986054,20/04/2020 18:54,46.35,-5.87,53.5111,8.1056,19/09/2019,30/09/2019,14/04/2020,23/04/2020,BS733_19,0.0,m
Arno,17,2017,4,m,autumn,15.223409201886994,1036.80245062788,-154.16788906842848,-138.94447986654149,23/09/2017 17:09,53.55,8.34,23.481091370558374,-16.06583756345178,23/09/2017,01/10/2017,16/04/2018,20/04/2018,Z434_17,0.0,m
Arno,17,2017,4,m,autumn,10.109473184721509,1088.4813664820042,-148.66891263438922,-138.5594394496677,24/09/2017 04:01,45.0,2.61,23.481091370558374,-16.06583756345178,23/09/2017,01/10/2017,16/04/2018,20/04/2018,Z434_17,0.0,m
Arno,17,2017,4,m,autumn,40.528790070638024,250.38747064904487,-177.68385712789268,-137.15506705725466,25/09/2017 17:49,36.45,-3.7,23.481091370558374,-16.06583756345178,23/09/2017,01/10/2017,16/04/2018,20/04/2018,Z434_17,0.0,m
Arno,17,2017,4,m,autumn,10.249228896888042,551.9832016199373,-121.57702416912193,-131.82625306600997,26/09/2017 04:42,34.2,-3.81,23.481091370558374,-16.06583756345178,23/09/2017,01/10/2017,16/04/2018,20/04/2018,Z434_17,0.0,m
Arno,17,2017,4,m,autumn,36.62667365633823,150.4801409250211,-175.9691956177775,-139.34252196143927,26/09/2017 17:54,31.5,-8.77,23.481091370558374,-16.06583756345178,23/09/2017,01/10/2017,16/04/2018,20/04/2018,Z434_17,0.0,m
Arno,17,2017,4,m,autumn,25.017716071841505,564.3672927914132,-109.42352770967788,-134.44124378151938,30/09/2017 17:54,30.15,-8.88,23.481091370558374,-16.06583756345178,23/09/2017,01/10/2017,16/04/2018,20/04/2018,Z434_17,0.0,m
Arno,17,2017,4,m,spring,18.25756779993816,1318.216417451992,8.675406088436603,26.932973888374775,16/04/2018 19:04,28.35,-14.32,53.5111,8.1056,23/09/2017,01/10/2017,16/04/2018,20/04/2018,Z434_17,0.0,m
Arno,17,2017,4,m,spring,2.715071956562383,1198.4995390888348,41.3114188568148,38.59634690025243,17/04/2018 19:09,40.05,-12.0,53.5111,8.1056,23/09/2017,01/10/2017,16/04/2018,20/04/2018,Z434_17,0.0,m
Autumn,19,2019,6,f,autumn,15.469707752891736,110.36966219342668,-154.78101622007497,-170.2507239729667,07/09/2019 03:16,53.1,6.75,5.036093247588425,-0.557443729903537,07/09/2019,20/09/2019,26/02/2020,18/04/2020,BS738_19,1.0,f
Autumn,19,2019,6,f,autumn,3.2961319678080088,1172.702679269469,-167.74366433823178,-171.0397963060398,07/09/2019 17:44,52.2,6.06,5.036093247588425,-0.557443729903537,07/09/2019,20/09/2019,26/02/2020,18/04/2020,BS738_19,1.0,f
Autumn,19,2019,6,f,autumn,26.192831847547524,985.7695792054787,-147.7897367283602,-173.98256857590772,08/09/2019 03:52,41.85,3.07,5.036093247588425,-0.557443729903537,07/09/2019,20/09/2019,26/02/2020,18/04/2020,BS738_19,1.0,f
Autumn,19,2019,6,f,autumn,4.231193174792878,100.07543398010371,180.0,175.76880682520712,08/09/2019 18:18,34.2,-2.63,5.036093247588425,-0.557443729903537,07/09/2019,20/09/2019,26/02/2020,18/04/2020,BS738_19,1.0,f
Autumn,19,2019,6,f,autumn,78.54879554671766,1223.9285488039338,-105.80504327176601,175.64616118151636,09/09/2019 04:25,33.3,-2.63,5.036093247588425,-0.557443729903537,07/09/2019,20/09/2019,26/02/2020,18/04/2020,BS738_19,1.0,f
Autumn,19,2019,6,f,autumn,31.435867114266586,100.07543398010229,180.0,148.56413288573341,09/09/2019 18:38,29.7,-14.84,5.036093247588425,-0.557443729903537,07/09/2019,20/09/2019,26/02/2020,18/04/2020,BS738_19,1.0,f
Autumn,19,2019,6,f,autumn,68.77486312485541,124.10292770624089,-143.56544728306886,147.6596895920757,10/09/2019 04:55,28.8,-14.84,5.036093247588425,-0.557443729903537,07/09/2019,20/09/2019,26/02/2020,18/04/2020,BS738_19,1.0,f
Autumn,19,2019,6,f,autumn,40.99059594884051,251.6199555959443,-173.82377515651464,145.18562889464485,11/09/2019 05:11,27.9,-15.63,5.036093247588425,-0.557443729903537,07/09/2019,20/09/2019,26/02/2020,18/04/2020,BS738_19,1.0,f
Autumn,19,2019,6,f,autumn,39.248331947206,100.08052840818202,-179.4197784119675,141.33188964082652,12/09/2019 05:26,25.2,-15.91,5.036093247588425,-0.557443729903537,07/09/2019,20/09/2019,26/02/2020,18/04/2020,BS738_19,1.0,f
Autumn,19,2019,6,f,autumn,39.93148033826128,200.150867960206,180.0,140.06851966173872,12/09/2019 18:40,24.3,-15.92,5.036093247588425,-0.557443729903537,07/09/2019,20/09/2019,26/02/2020,18/04/2020,BS738_19,1.0,f
Autumn,19,2019,6,f,autumn,36.71536781847823,201.21597432542526,174.0647190308885,137.34935121241028,13/09/2019 05:36,22.5,-15.92,5.036093247588425,-0.557443729903537,07/09/2019,20/09/2019,26/02/2020,18/04/2020,BS738_19,1.0,f
Autumn,19,2019,6,f,autumn,27.5283204745474,262.5512471831734,162.217394881955,134.6890744074076,13/09/2019 18:38,20.7,-15.72,5.036093247588425,-0.557443729903537,07/09/2019,20/09/2019,26/02/2020,18/04/2020,BS738_19,1.0,f
Autumn,19,2019,6,f,autumn,36.44139292421744,306.4876254702111,168.31092521362328,131.86953228940584,14/09/2019 05:27,18.45,-14.96,5.036093247588425,-0.557443729903537,07/09/2019,20/09/2019,26/02/2020,18/04/2020,BS738_19,1.0,f
Autumn,19,2019,6,f,autumn,5.3142756811559195,1022.9042655827407,121.57587174347168,126.8901474246276,15/09/2019 05:30,15.75,-14.34,5.036093247588425,-0.557443729903537,07/09/2019,20/09/2019,26/02/2020,18/04/2020,BS738_19,1.0,f
Autumn,19,2019,6,f,autumn,28.470400770658017,470.49573489910847,163.06618345590826,134.59578268525024,16/09/2019 17:40,10.8,-6.37,5.036093247588425,-0.557443729903537,07/09/2019,20/09/2019,26/02/2020,18/04/2020,BS738_19,1.0,f
Autumn,19,2019,6,f,autumn,4.4813127719390025,538.789866572348,105.92027287775804,110.40158564969704,17/09/2019 04:40,6.75,-5.13,5.036093247588425,-0.557443729903537,07/09/2019,20/09/2019,26/02/2020,18/04/2020,BS738_19,1.0,f
Autumn,19,2019,6,f,autumn,128.81574526408423,100.07543398010291,180.0,-51.18425473591576,19/09/2019 17:24,4.95,-0.45,5.036093247588425,-0.557443729903537,07/09/2019,20/09/2019,26/02/2020,18/04/2020,BS738_19,1.0,f
Autumn,19,2019,6,f,spring,147.91691728759105,640.6075963927025,-141.28100384071146,6.635913446879573,26/02/2020 04:56,4.05,-0.45,53.5111,8.1056,07/09/2019,20/09/2019,26/02/2020,18/04/2020,BS738_19,1.0,f
Autumn,19,2019,6,f,spring,41.15879569557899,652.3172118457194,-32.44983960021603,8.708956095362964,07/03/2020 17:55,-1.35,-4.05,53.5111,8.1056,07/09/2019,20/09/2019,26/02/2020,18/04/2020,BS738_19,1.0,f
Autumn,19,2019,6,f,spring,76.92332468797017,726.2536212581373,-65.34776227156918,11.575562416400981,08/03/2020 18:10,3.6,-7.2,53.5111,8.1056,07/09/2019,20/09/2019,26/02/2020,18/04/2020,BS738_19,1.0,f
Autumn,19,2019,6,f,spring,49.731902801537956,180.00244548844694,-33.440415129038406,16.291487672499535,09/03/2020 05:32,6.3,-13.17,53.5111,8.1056,07/09/2019,20/09/2019,26/02/2020,18/04/2020,BS738_19,1.0,f
Autumn,19,2019,6,f,spring,19.993483927470237,250.48040695873323,-2.757974900942672,17.235509026527566,13/03/2020 18:35,7.65,-14.07,53.5111,8.1056,07/09/2019,20/09/2019,26/02/2020,18/04/2020,BS738_19,1.0,f
Autumn,19,2019,6,f,spring,33.77186617415575,988.8340837280574,-15.673612979924034,18.09825319423172,14/03/2020 18:45,10.35,-14.25,53.5111,8.1056,07/09/2019,20/09/2019,26/02/2020,18/04/2020,BS738_19,1.0,f
Autumn,19,2019,6,f,spring,23.56588071728538,200.15086796020566,0.0,23.565880717285367,04/04/2020 19:04,19.8,-16.78,53.5111,8.1056,07/09/2019,20/09/2019,26/02/2020,18/04/2020,BS738_19,1.0,f
Autumn,19,2019,6,f,spring,16.315893450996754,556.6245365740263,8.403028493361452,24.71892194435821,06/04/2020 05:17,22.05,-16.73,53.5111,8.1056,07/09/2019,20/09/2019,26/02/2020,18/04/2020,BS738_19,1.0,f
Autumn,19,2019,6,f,spring,19.188307497801418,455.0230135532515,8.070176377006502,27.25848387480793,06/04/2020 18:56,27.0,-15.91,53.5111,8.1056,07/09/2019,20/09/2019,26/02/2020,18/04/2020,BS738_19,1.0,f
Autumn,19,2019,6,f,spring,10.900367555323385,1228.5333727561167,19.16023161965007,30.060599174973465,13/04/2020 05:06,31.05,-15.24,53.5111,8.1056,07/09/2019,20/09/2019,26/02/2020,18/04/2020,BS738_19,1.0,f
Autumn,19,2019,6,f,spring,17.499128221676102,162.06091013487713,21.89286362176154,39.39199184343765,13/04/2020 19:05,41.4,-10.43,53.5111,8.1056,07/09/2019,20/09/2019,26/02/2020,18/04/2020,BS738_19,1.0,f
Autumn,20,2020,7,f,autumn,9.774545759820967,850.6411888308737,180.0,-170.22545424017903,15/09/2020 03:36,53.55,6.82,5.036093247588425,-0.557443729903537,14/09/2020,06/10/2020,07/03/2021,22/04/2021,BX239_20,1.0,f
Autumn,20,2020,7,f,autumn,86.60802931121981,1181.7796827098084,-82.131453890754,-168.73948320197383,16/09/2020 17:40,45.45,6.82,5.036093247588425,-0.557443729903537,14/09/2020,06/10/2020,07/03/2021,22/04/2021,BX239_20,1.0,f
Autumn,20,2020,7,f,autumn,26.935646899795984,825.8570173427605,-164.91855477232366,168.14579832788033,17/09/2020 04:26,45.9,-8.4,5.036093247588425,-0.557443729903537,14/09/2020,06/10/2020,07/03/2021,22/04/2021,BX239_20,1.0,f
Autumn,20,2020,7,f,autumn,18.141411733073966,100.07543398010371,180.0,161.85858826692603,17/09/2020 18:20,38.7,-10.87,5.036093247588425,-0.557443729903537,14/09/2020,06/10/2020,07/03/2021,22/04/2021,BX239_20,1.0,f
Autumn,20,2020,7,f,autumn,46.69733586125017,1284.458493671757,-151.8560800401893,161.44658409856052,19/09/2020 18:30,37.8,-10.87,5.036093247588425,-0.557443729903537,14/09/2020,06/10/2020,07/03/2021,22/04/2021,BX239_20,1.0,f
Autumn,20,2020,7,f,autumn,37.839114156548845,150.11315097015415,180.0,142.16088584345115,20/09/2020 18:30,27.45,-16.98,5.036093247588425,-0.557443729903537,14/09/2020,06/10/2020,07/03/2021,22/04/2021,BX239_20,1.0,f
Autumn,20,2020,7,f,autumn,43.56960389169706,250.58904885224393,-176.73075571682855,139.6996403914744,26/09/2020 18:30,25.65,-17.09,5.036093247588425,-0.557443729903537,14/09/2020,06/10/2020,07/03/2021,22/04/2021,BX239_20,1.0,f
Autumn,20,2020,7,f,autumn,43.999527198832084,250.1907004959811,-179.7624456991695,136.23802710199843,27/09/2020 18:30,23.4,-17.23,5.036093247588425,-0.557443729903537,14/09/2020,06/10/2020,07/03/2021,22/04/2021,BX239_20,1.0,f
Autumn,20,2020,7,f,autumn,47.45807279231519,100.07543398010264,180.0,132.5419272076848,28/09/2020 05:31,21.15,-17.24,5.036093247588425,-0.557443729903537,14/09/2020,06/10/2020,07/03/2021,22/04/2021,BX239_20,1.0,f
Autumn,20,2020,7,f,autumn,49.69573264554435,100.08090234369932,-179.39933861797599,130.9049287364797,29/09/2020 18:30,20.25,-17.25,5.036093247588425,-0.557443729903537,14/09/2020,06/10/2020,07/03/2021,22/04/2021,BX239_20,1.0,f
Autumn,20,2020,7,f,autumn,60.42100344522947,152.22708016627658,-170.40142771517412,129.1775688395964,30/09/2020 05:31,19.35,-17.26,5.036093247588425,-0.557443729903537,14/09/2020,06/10/2020,07/03/2021,22/04/2021,BX239_20,1.0,f
Autumn,20,2020,7,f,autumn,23.07832264034937,1267.578096207777,149.53202727470247,126.45370463435309,02/10/2020 05:22,18.0,-17.25,5.036093247588425,-0.557443729903537,14/09/2020,06/10/2020,07/03/2021,22/04/2021,BX239_20,1.0,f
Autumn,20,2020,7,f,autumn,90.91183918564644,409.80309222606735,12.30050406883128,103.21234325447772,04/10/2020 05:01,7.65,-11.23,5.036093247588425,-0.557443729903537,14/09/2020,06/10/2020,07/03/2021,22/04/2021,BX239_20,1.0,f
Autumn,20,2020,7,f,autumn,59.49485311911437,655.4641518298909,62.17538325001058,121.67023636912495,04/10/2020 17:50,11.25,-10.43,5.036093247588425,-0.557443729903537,14/09/2020,06/10/2020,07/03/2021,22/04/2021,BX239_20,1.0,f
Autumn,20,2020,7,f,autumn,0.1787106082912544,993.8957028261001,154.6091481838044,154.78785879209565,05/10/2020 17:40,13.95,-4.74,5.036093247588425,-0.557443729903537,14/09/2020,06/10/2020,07/03/2021,22/04/2021,BX239_20,1.0,f
Autumn,20,2020,7,f,spring,23.45450478784673,730.2905169311388,-16.28422830570252,7.170276482144207,07/03/2021 17:50,5.85,-0.9,53.5111,8.1056,14/09/2020,06/10/2020,07/03/2021,22/04/2021,BX239_20,1.0,f
Autumn,20,2020,7,f,spring,25.5588960548576,208.22129360211025,-15.945893568597908,9.613002486259685,08/03/2021 05:06,12.15,-2.78,53.5111,8.1056,14/09/2020,06/10/2020,07/03/2021,22/04/2021,BX239_20,1.0,f
Autumn,20,2020,7,f,spring,36.705755088064535,111.66696415094793,-26.281033188331136,10.424721899733408,08/03/2021 17:50,13.95,-3.31,53.5111,8.1056,14/09/2020,06/10/2020,07/03/2021,22/04/2021,BX239_20,1.0,f
Autumn,20,2020,7,f,spring,113.39611785902169,891.3961483734158,-101.98130866271491,11.414809196306777,12/03/2021 18:09,14.85,-4.21,53.5111,8.1056,14/09/2020,06/10/2020,07/03/2021,22/04/2021,BX239_20,1.0,f
Autumn,20,2020,7,f,spring,17.438298822947985,100.07543398010264,0.0,17.438298822947992,14/03/2021 18:30,13.05,-12.21,53.5111,8.1056,14/09/2020,06/10/2020,07/03/2021,22/04/2021,BX239_20,1.0,f
Autumn,20,2020,7,f,spring,83.18860072088415,504.1398685826488,100.90965517168979,17.721054450805656,16/03/2021 05:31,13.95,-12.2,53.5111,8.1056,14/09/2020,06/10/2020,07/03/2021,22/04/2021,BX239_20,1.0,f
Autumn,20,2020,7,f,spring,166.25248579538214,250.18858495025714,180.0,13.74751420461787,17/03/2021 18:04,13.05,-7.5,53.5111,8.1056,14/09/2020,06/10/2020,07/03/2021,22/04/2021,BX239_20,1.0,f
Autumn,20,2020,7,f,spring,13.106808178780966,250.18858495025714,0.0,13.106808178780975,18/03/2021 18:00,10.8,-7.39,53.5111,8.1056,14/09/2020,06/10/2020,07/03/2021,22/04/2021,BX239_20,1.0,f
Autumn,20,2020,7,f,spring,18.170791585024062,150.58265713046038,-4.512856846767534,13.657934738256538,24/03/2021 18:00,13.05,-7.39,53.5111,8.1056,14/09/2020,06/10/2020,07/03/2021,22/04/2021,BX239_20,1.0,f
Autumn,20,2020,7,f,spring,97.75205603907003,1145.705697585118,-83.63919949538446,14.112856543685563,25/03/2021 18:25,14.4,-7.5,53.5111,8.1056,14/09/2020,06/10/2020,07/03/2021,22/04/2021,BX239_20,1.0,f
Autumn,20,2020,7,f,spring,16.132319379225294,251.61170428982217,6.0632158538709335,22.19553523309622,07/04/2021 05:32,14.85,-17.95,53.5111,8.1056,14/09/2020,06/10/2020,07/03/2021,22/04/2021,BX239_20,1.0,f
Autumn,20,2020,7,f,spring,22.96110808106289,300.22630194030864,0.0,22.961108081062875,07/04/2021 19:00,17.1,-17.7,53.5111,8.1056,14/09/2020,06/10/2020,07/03/2021,22/04/2021,BX239_20,1.0,f
Autumn,20,2020,7,f,spring,6.709581631077839,683.5824522252275,17.52460982745678,24.23419145853461,10/04/2021 05:22,19.8,-17.7,53.5111,8.1056,14/09/2020,06/10/2020,07/03/2021,22/04/2021,BX239_20,1.0,f
Autumn,20,2020,7,f,spring,0.31216495958184964,111.83832956298471,26.405193611047473,26.093028651465612,10/04/2021 19:04,25.65,-15.65,53.5111,8.1056,14/09/2020,06/10/2020,07/03/2021,22/04/2021,BX239_20,1.0,f
Autumn,20,2020,7,f,spring,0.4825971498735271,390.4604412868733,25.821686312718203,26.304283462591727,13/04/2021 05:06,26.55,-15.15,53.5111,8.1056,14/09/2020,06/10/2020,07/03/2021,22/04/2021,BX239_20,1.0,f
Autumn,20,2020,7,f,spring,13.287715556198435,671.4694468805752,13.900160921438244,27.187876477636678,13/04/2021 18:45,29.7,-13.39,53.5111,8.1056,14/09/2020,06/10/2020,07/03/2021,22/04/2021,BX239_20,1.0,f
Autumn,20,2020,7,f,spring,27.33509390902944,150.49854138851344,4.066118227577752,31.401212136607192,14/04/2021 18:55,35.55,-11.61,53.5111,8.1056,14/09/2020,06/10/2020,07/03/2021,22/04/2021,BX239_20,1.0,f
Autumn,20,2020,7,f,spring,2.822855877230012,188.51197583207005,36.81760733010127,33.99475145287126,17/04/2021 04:26,37.8,-11.18,53.5111,8.1056,14/09/2020,06/10/2020,07/03/2021,22/04/2021,BX239_20,1.0,f
Autumn,20,2020,7,f,spring,29.42276739444381,251.23453129691225,5.14413298300333,34.56690037744713,17/04/2021 19:00,39.15,-9.87,53.5111,8.1056,14/09/2020,06/10/2020,07/03/2021,22/04/2021,BX239_20,1.0,f
Autumn,20,2020,7,f,spring,30.98533874874738,201.87322491608535,7.383474821007433,38.36881356975482,18/04/2021 04:16,41.4,-9.6,53.5111,8.1056,14/09/2020,06/10/2020,07/03/2021,22/04/2021,BX239_20,1.0,f
Autumn,20,2020,7,f,spring,28.77440668332298,463.47266825162285,13.189744191732947,41.96415087505594,18/04/2021 18:55,43.2,-9.28,53.5111,8.1056,14/09/2020,06/10/2020,07/03/2021,22/04/2021,BX239_20,1.0,f
Autumn,20,2020,7,f,spring,16.328618383133175,271.2964870783451,67.11540246520494,50.78678408207177,21/04/2021 03:36,47.25,-6.63,53.5111,8.1056,14/09/2020,06/10/2020,07/03/2021,22/04/2021,BX239_20,1.0,f
Avelina,21,2020,4,f,autumn,50.73444901635105,602.9367975740229,-116.7624333469895,-167.49688236334055,01/09/2020 02:52,53.55,8.34,8.205662983425414,-0.7019060773480663,01/09/2020,19/09/2020,19/03/2021,18/04/2021,BX271_20,1.0,f
Avelina,21,2020,4,f,autumn,5.112759134854514,403.17636121055835,-172.89781732494046,-178.01057645979498,01/09/2020 18:15,50.85,0.66,8.205662983425414,-0.7019060773480663,01/09/2020,19/09/2020,19/03/2021,18/04/2021,BX271_20,1.0,f
Avelina,21,2020,4,f,autumn,42.780879003805836,1246.065406709363,-136.1163217687524,-178.89720077255825,05/09/2020 04:08,47.25,0.0,8.205662983425414,-0.7019060773480663,01/09/2020,19/09/2020,19/03/2021,18/04/2021,BX271_20,1.0,f
Avelina,21,2020,4,f,autumn,19.921376859683335,200.27572191218886,-177.9521787269513,162.12644441336536,06/09/2020 04:37,38.25,-9.94,8.205662983425414,-0.7019060773480663,01/09/2020,19/09/2020,19/03/2021,18/04/2021,BX271_20,1.0,f
Avelina,21,2020,4,f,autumn,45.0321545697002,1097.383259211814,-154.44455109567227,160.52329433462756,07/09/2020 05:07,36.0,-10.13,8.205662983425414,-0.7019060773480663,01/09/2020,19/09/2020,19/03/2021,18/04/2021,BX271_20,1.0,f
Avelina,21,2020,4,f,autumn,60.962118050455956,487.01076134612947,-157.22160539589674,141.8162765536473,07/09/2020 18:41,27.0,-14.89,8.205662983425414,-0.7019060773480663,01/09/2020,19/09/2020,19/03/2021,18/04/2021,BX271_20,1.0,f
Avelina,21,2020,4,f,autumn,48.768744628268735,100.07543398010264,180.0,131.23125537173127,08/09/2020 05:32,22.95,-16.73,8.205662983425414,-0.7019060773480663,01/09/2020,19/09/2020,19/03/2021,18/04/2021,BX271_20,1.0,f
Avelina,21,2020,4,f,autumn,50.55442777960016,250.18858495025714,180.0,129.44557222039984,08/09/2020 18:46,22.05,-16.73,8.205662983425414,-0.7019060773480663,01/09/2020,19/09/2020,19/03/2021,18/04/2021,BX271_20,1.0,f
Avelina,21,2020,4,f,autumn,12.472863257756046,536.5510838569718,111.14170761986257,123.61457087761862,15/09/2020 05:37,19.35,-16.64,8.205662983425414,-0.7019060773480663,01/09/2020,19/09/2020,19/03/2021,18/04/2021,BX271_20,1.0,f
Avelina,21,2020,4,f,autumn,16.838140088891237,130.9478062681438,112.29447070674676,129.132610795638,15/09/2020 18:16,17.55,-11.92,8.205662983425414,-0.7019060773480663,01/09/2020,19/09/2020,19/03/2021,18/04/2021,BX271_20,1.0,f
Avelina,21,2020,4,f,autumn,6.153080597163125,136.40051370240838,137.0705966596161,130.91751606245296,16/09/2020 05:17,17.1,-10.78,8.205662983425414,-0.7019060773480663,01/09/2020,19/09/2020,19/03/2021,18/04/2021,BX271_20,1.0,f
Avelina,21,2020,4,f,autumn,44.722826673109296,913.1688319256866,85.68907344293991,130.4119001160492,18/09/2020 17:51,15.75,-9.45,8.205662983425414,-0.7019060773480663,01/09/2020,19/09/2020,19/03/2021,18/04/2021,BX271_20,1.0,f
Avelina,21,2020,4,f,spring,115.39033524790196,980.9205294199909,-106.66993176220106,8.7204034857009,19/03/2021 17:41,16.2,-0.92,53.5111,8.1056,01/09/2020,19/09/2020,19/03/2021,18/04/2021,BX271_20,1.0,f
Avelina,21,2020,4,f,spring,59.94201728972257,1140.522707883055,-44.374454730894286,15.567562558828284,20/03/2021 18:20,13.5,-9.61,53.5111,8.1056,01/09/2020,19/09/2020,19/03/2021,18/04/2021,BX271_20,1.0,f
Avelina,21,2020,4,f,spring,24.430520097931833,100.075433980103,0.0,24.430520097931844,26/03/2021 05:44,20.7,-17.33,53.5111,8.1056,01/09/2020,19/09/2020,19/03/2021,18/04/2021,BX271_20,1.0,f
Avelina,21,2020,4,f,spring,4.037946076258152,865.0016172271435,28.954091542123674,24.91614546586552,26/03/2021 18:52,21.6,-17.33,53.5111,8.1056,01/09/2020,19/09/2020,19/03/2021,18/04/2021,BX271_20,1.0,f
Avelina,21,2020,4,f,spring,24.262734239126928,250.28030989710453,1.534318350798998,25.797052589925936,27/03/2021 05:22,28.35,-13.06,53.5111,8.1056,01/09/2020,19/09/2020,19/03/2021,18/04/2021,BX271_20,1.0,f
Avelina,21,2020,4,f,spring,25.44043825335504,200.29450360378786,2.1493789107122803,27.589817164067327,27/03/2021 18:42,30.6,-12.99,53.5111,8.1056,01/09/2020,19/09/2020,19/03/2021,18/04/2021,BX271_20,1.0,f
Avelina,21,2020,4,f,spring,22.32995966261126,100.80951568362663,6.883648009531018,29.213607672142277,29/03/2021 05:07,32.4,-12.91,53.5111,8.1056,01/09/2020,19/09/2020,19/03/2021,18/04/2021,BX271_20,1.0,f
Avelina,21,2020,4,f,spring,0.06625019252072661,1060.9930948485498,30.084092927875158,30.01784273535442,29/03/2021 18:36,33.3,-12.78,53.5111,8.1056,01/09/2020,19/09/2020,19/03/2021,18/04/2021,BX271_20,1.0,f
Avelina,21,2020,4,f,spring,33.8499064937165,300.226301940309,0.0,33.84990649371649,30/03/2021 04:48,41.4,-6.42,53.5111,8.1056,01/09/2020,19/09/2020,19/03/2021,18/04/2021,BX271_20,1.0,f
Avelina,21,2020,4,f,spring,22.860255041733495,157.40582338704806,17.299775378874017,40.16003042060752,31/03/2021 04:44,44.1,-6.42,53.5111,8.1056,01/09/2020,19/09/2020,19/03/2021,18/04/2021,BX271_20,1.0,f
Balin,22,2020,7,m,autumn,38.952774752390724,1381.2388233215754,-101.34477013169295,-140.2975448840837,17/09/2020 17:24,53.55,7.66,20.183291457286433,-17.404547738693466,17/09/2020,29/09/2020,16/04/2021,24/04/2021,BT689_20,1.0,m
Balin,22,2020,7,m,autumn,20.670495552454213,1012.3349752740711,170.58839827809493,-168.74110616945083,18/09/2020 18:11,49.5,-11.49,20.183291457286433,-17.404547738693466,17/09/2020,29/09/2020,16/04/2021,24/04/2021,BT689_20,1.0,m
Balin,22,2020,7,m,autumn,28.786071728776164,151.6235325692089,171.82524968505047,-159.3886785861734,19/09/2020 04:56,40.5,-9.54,20.183291457286433,-17.404547738693466,17/09/2020,29/09/2020,16/04/2021,24/04/2021,BT689_20,1.0,m
Balin,22,2020,7,m,autumn,12.656802753204744,101.74158705301456,-169.55115904970947,-156.89435629650472,24/09/2020 05:08,38.7,-9.26,20.183291457286433,-17.404547738693466,17/09/2020,29/09/2020,16/04/2021,24/04/2021,BT689_20,1.0,m
Balin,22,2020,7,m,autumn,7.4924514929142845,977.3973016181476,-148.94841856133183,-156.44087005424612,24/09/2020 18:09,37.8,-9.47,20.183291457286433,-17.404547738693466,17/09/2020,29/09/2020,16/04/2021,24/04/2021,BT689_20,1.0,m
Balin,22,2020,7,m,autumn,5.516066876053742,1011.9472140485631,-171.12082985821021,-165.60476298215647,25/09/2020 18:11,30.15,-14.7,20.183291457286433,-17.404547738693466,17/09/2020,29/09/2020,16/04/2021,24/04/2021,BT689_20,1.0,m
Balin,22,2020,7,m,autumn,119.9391248765312,152.67836012494922,-10.468104157031396,-130.4072290335626,26/09/2020 05:37,21.15,-16.2,20.183291457286433,-17.404547738693466,17/09/2020,29/09/2020,16/04/2021,24/04/2021,BT689_20,1.0,m
Balin,22,2020,7,m,autumn,20.764632473343,150.1131509701545,180.0,-159.235367526657,26/09/2020 18:26,22.5,-16.47,20.183291457286433,-17.404547738693466,17/09/2020,29/09/2020,16/04/2021,24/04/2021,BT689_20,1.0,m
Balin,22,2020,7,m,autumn,148.26608003765944,1011.3613138575097,8.011633133352769,-140.25444690430666,28/09/2020 18:31,21.15,-16.55,20.183291457286433,-17.404547738693466,17/09/2020,29/09/2020,16/04/2021,24/04/2021,BT689_20,1.0,m
Balin,22,2020,7,m,spring,5.797442949669119,1324.8892882832351,23.31100782428137,29.108450773950494,16/04/2021 19:04,30.15,-15.09,53.5111,8.1056,17/09/2020,29/09/2020,16/04/2021,24/04/2021,BT689_20,1.0,m
Balin,22,2020,7,m,spring,16.864683035871934,905.3871411580612,18.713067458750846,35.57775049462278,19/04/2021 18:41,40.95,-8.18,53.5111,8.1056,17/09/2020,29/09/2020,16/04/2021,24/04/2021,BT689_20,1.0,m
Bea,23,2016,17,f,autumn,18.997456530133718,985.861785792388,-119.18601017189904,-138.18346670203277,31/07/2016 19:19,53.55,8.34,22.036480686695278,-17.34242489270386,31/07/2016,06/08/2016,28/03/2017,18/04/2017,Z452,1.0,f
Bea,23,2016,17,f,autumn,27.60807170469141,850.81738648812,-178.75196175105197,-151.14389004636055,04/08/2016 03:31,48.6,-2.72,22.036480686695278,-17.34242489270386,31/07/2016,06/08/2016,28/03/2017,18/04/2017,Z452,1.0,f
Bea,23,2016,17,f,autumn,22.89279791339405,1171.2418011531315,-120.15147117490855,-143.0442690883026,05/08/2016 03:45,40.95,-3.0,22.036480686695278,-17.34242489270386,31/07/2016,06/08/2016,28/03/2017,18/04/2017,Z452,1.0,f
Bea,23,2016,17,f,autumn,0.3165731237362479,1485.7369900856438,-166.73382300495598,-167.05039612869223,05/08/2016 19:34,35.1,-14.14,22.036480686695278,-17.34242489270386,31/07/2016,06/08/2016,28/03/2017,18/04/2017,Z452,1.0,f
Bea,23,2016,17,f,spring,11.040273379883416,723.7725690710563,14.194227314658391,25.234500694541808,28/03/2017 05:38,22.05,-17.42,53.5111,8.1056,31/07/2016,06/08/2016,28/03/2017,18/04/2017,Z452,1.0,f
Bea,23,2016,17,f,spring,17.067100958370162,142.42230949385245,45.10985054142441,28.042749583054242,28/03/2017 19:06,28.35,-15.61,53.5111,8.1056,31/07/2016,06/08/2016,28/03/2017,18/04/2017,Z452,1.0,f
Bea,23,2016,17,f,spring,10.767232427705949,261.9746967522927,17.050457975793705,27.817690403499668,01/04/2017 05:23,29.25,-14.5,53.5111,8.1056,31/07/2016,06/08/2016,28/03/2017,18/04/2017,Z452,1.0,f
Bea,23,2016,17,f,spring,12.619566083642752,838.1185829158115,16.46188821972083,29.08145430336357,01/04/2017 18:42,31.5,-13.69,53.5111,8.1056,31/07/2016,06/08/2016,28/03/2017,18/04/2017,Z452,1.0,f
Bea,23,2016,17,f,spring,10.330742352085593,785.1754700287323,25.45933360633025,35.790075958415834,08/04/2017 18:47,39.15,-10.89,53.5111,8.1056,31/07/2016,06/08/2016,28/03/2017,18/04/2017,Z452,1.0,f
Bea,23,2016,17,f,spring,53.72094187750986,1028.1678925682513,99.54569368892969,45.824751811419816,16/04/2017 18:57,45.9,-6.57,53.5111,8.1056,31/07/2016,06/08/2016,28/03/2017,18/04/2017,Z452,1.0,f
Bea,24,2017,18,f,autumn,6.080486933157175,908.1211035065546,-132.1029797688756,-138.18346670203277,08/08/2017 02:32,53.55,8.34,22.036480686695278,-17.34242489270386,08/08/2017,12/08/2017,,,BD675,0.0,f
Bea,24,2017,18,f,autumn,13.256616072748102,784.1372519168002,-162.1237584067474,-148.8671423339993,09/08/2017 03:08,47.7,-1.91,22.036480686695278,-17.34242489270386,08/08/2017,12/08/2017,,,BD675,0.0,f
Bea,24,2017,18,f,autumn,3.8722636464904383,310.30713389312893,-143.03252636263863,-146.90479000912907,09/08/2017 19:06,40.95,-4.77,22.036480686695278,-17.34242489270386,08/08/2017,12/08/2017,,,BD675,0.0,f
Bea,24,2017,18,f,autumn,7.500803832155611,1081.851502276161,-156.32848406329558,-148.82768023113996,10/08/2017 03:53,38.7,-6.92,22.036480686695278,-17.34242489270386,08/08/2017,12/08/2017,,,BD675,0.0,f
Beccy,25,2018,15,f,autumn,22.33035465687263,1081.92434951862,-164.78958343350857,-142.45922877663594,23/09/2018 17:02,53.55,8.34,17.767980295566502,-16.23256157635468,23/09/2018,29/09/2018,02/04/2019,11/04/2019,BL141_18,0.0,f
Beccy,25,2018,15,f,autumn,3.843292268542257,792.6331051927637,-143.29004773908636,-139.4467554705441,24/09/2018 03:50,44.1,4.8,17.767980295566502,-16.23256157635468,23/09/2018,29/09/2018,02/04/2019,11/04/2019,BL141_18,0.0,f
Beccy,25,2018,15,f,autumn,23.371558905518157,155.03990288368828,-165.38172429722704,-142.01016539170888,24/09/2018 17:37,38.25,-0.62,17.767980295566502,-16.23256157635468,23/09/2018,29/09/2018,02/04/2019,11/04/2019,BL141_18,0.0,f
Beccy,25,2018,15,f,autumn,5.818026342644089,897.5867075820596,-134.5175384062854,-140.3355647489295,25/09/2018 17:52,36.45,-1.06,17.767980295566502,-16.23256157635468,23/09/2018,29/09/2018,02/04/2019,11/04/2019,BL141_18,0.0,f
Beccy,25,2018,15,f,autumn,4.93715157578211,189.4893870478091,-142.0890080002673,-147.02615957604942,26/09/2018 04:44,30.6,-7.74,17.767980295566502,-16.23256157635468,23/09/2018,29/09/2018,02/04/2019,11/04/2019,BL141_18,0.0,f
Beccy,25,2018,15,f,autumn,34.5787417806082,250.3115273497492,178.18497813402192,-147.23628008536986,27/09/2018 04:55,29.25,-8.66,17.767980295566502,-16.23256157635468,23/09/2018,29/09/2018,02/04/2019,11/04/2019,BL141_18,0.0,f
Beccy,25,2018,15,f,autumn,52.132064503252025,495.344608919318,-88.86445162613056,-140.9965161293826,27/09/2018 17:57,27.0,-8.58,17.767980295566502,-16.23256157635468,23/09/2018,29/09/2018,02/04/2019,11/04/2019,BL141_18,0.0,f
Beccy,25,2018,15,f,autumn,1.4936124487207962,937.3838820717,-163.3817095315872,-164.875321980308,28/09/2018 18:08,27.0,-13.63,17.767980295566502,-16.23256157635468,23/09/2018,29/09/2018,02/04/2019,11/04/2019,BL141_18,0.0,f
Beccy,25,2018,15,f,spring,10.60719104722503,968.458285638132,33.286988756999264,22.67979770977424,02/04/2019 18:47,18.9,-16.17,53.5111,8.1056,23/09/2018,29/09/2018,02/04/2019,11/04/2019,BL141_18,0.0,f
Beccy,25,2018,15,f,spring,17.152003825136916,452.12935241377284,5.00627394149936,22.15827776663628,03/04/2019 18:32,26.1,-10.86,53.5111,8.1056,23/09/2018,29/09/2018,02/04/2019,11/04/2019,BL141_18,0.0,f
Beccy,25,2018,15,f,spring,24.66731033974665,600.4526038806166,0.0,24.66731033974666,04/04/2019 18:37,30.15,-10.45,53.5111,8.1056,23/09/2018,29/09/2018,02/04/2019,11/04/2019,BL141_18,0.0,f
Beccy,25,2018,15,f,spring,17.42682744023608,153.9340883270397,12.681361611876763,30.108189052112834,05/04/2019 18:42,35.55,-10.45,53.5111,8.1056,23/09/2018,29/09/2018,02/04/2019,11/04/2019,BL141_18,0.0,f
Beccy,25,2018,15,f,spring,45.54022070920078,850.1643997544287,76.95700146647292,31.41678075727214,07/04/2019 18:37,36.9,-10.07,53.5111,8.1056,23/09/2018,29/09/2018,02/04/2019,11/04/2019,BL141_18,0.0,f
Beccy,25,2018,15,f,spring,18.5420895825674,950.7166228109766,0.0,18.542089582567403,08/04/2019 04:09,38.25,-0.57,53.5111,8.1056,23/09/2018,29/09/2018,02/04/2019,11/04/2019,BL141_18,0.0,f
Beccy,25,2018,15,f,spring,24.57836036853257,104.47699184103658,60.942926374258114,36.364566005725536,08/04/2019 18:17,46.8,-0.57,53.5111,8.1056,23/09/2018,29/09/2018,02/04/2019,11/04/2019,BL141_18,0.0,f
Beccy,25,2018,15,f,spring,6.5176399621610415,399.98270443956324,27.901888007941245,34.419527970102294,09/04/2019 03:50,47.25,0.64,53.5111,8.1056,23/09/2018,29/09/2018,02/04/2019,11/04/2019,BL141_18,0.0,f
Beccy,25,2018,15,f,spring,47.60243884220213,104.898172939175,89.42980731877786,41.82736847657572,09/04/2019 18:07,50.4,3.28,53.5111,8.1056,23/09/2018,29/09/2018,02/04/2019,11/04/2019,BL141_18,0.0,f
Beccy,26,2019,16,f,autumn,6.990777046289992,1054.871153761783,-135.46845173034595,-142.45922877663594,21/09/2019 17:13,53.55,8.34,17.767980295566502,-16.23256157635468,21/09/2019,03/10/2019,04/04/2020,12/04/2020,BS702_19,1.0,f
Beccy,26,2019,16,f,autumn,6.008104929528514,536.3614681495284,-158.00858873620268,-152.00048380667417,23/09/2019 17:28,46.8,-1.29,17.767980295566502,-16.23256157635468,21/09/2019,03/10/2019,04/04/2020,12/04/2020,BS702_19,1.0,f
Beccy,26,2019,16,f,autumn,23.418361502897028,401.1580759996052,-176.15231673041674,-152.73395522751971,24/09/2019 04:39,42.3,-3.73,17.767980295566502,-16.23256157635468,21/09/2019,03/10/2019,04/04/2020,12/04/2020,BS702_19,1.0,f
Beccy,26,2019,16,f,autumn,18.035627680138248,204.72765555585832,-167.71002900560097,-149.67440132546272,24/09/2019 17:28,38.7,-4.04,17.767980295566502,-16.23256157635468,21/09/2019,03/10/2019,04/04/2020,12/04/2020,BS702_19,1.0,f
Beccy,26,2019,16,f,autumn,32.284799000185956,106.95843650942128,-117.57555267656254,-149.8603516767485,27/09/2019 04:45,36.9,-5.09,17.767980295566502,-16.23256157635468,21/09/2019,03/10/2019,04/04/2020,12/04/2020,BS702_19,1.0,f
Beccy,26,2019,16,f,autumn,5.7078510907224995,913.7761829612308,-157.55790797995746,-151.85005688923496,27/09/2019 17:53,36.45,-6.15,17.767980295566502,-16.23256157635468,21/09/2019,03/10/2019,04/04/2020,12/04/2020,BS702_19,1.0,f
Beccy,26,2019,16,f,autumn,0.4620164558963893,1376.7125717251251,-149.31394801979798,-149.77596447569437,02/10/2019 18:03,28.35,-9.88,17.767980295566502,-16.23256157635468,21/09/2019,03/10/2019,04/04/2020,12/04/2020,BS702_19,1.0,f
Beccy,26,2019,16,f,spring,22.012943197056757,850.6512504409042,0.2718781964861338,22.28482139354288,04/04/2020 05:26,17.55,-16.47,53.5111,8.1056,21/09/2019,03/10/2019,04/04/2020,12/04/2020,BS702_19,1.0,f
Beccy,26,2019,16,f,spring,26.41546592097933,200.15086796020566,0.0,26.415465920979322,04/04/2020 19:04,25.2,-16.43,53.5111,8.1056,21/09/2019,03/10/2019,04/04/2020,12/04/2020,BS702_19,1.0,f
Beccy,26,2019,16,f,spring,61.97707909342395,149.60296930187755,89.65722142185714,27.680142328433195,05/04/2020 05:20,27.0,-16.43,53.5111,8.1056,21/09/2019,03/10/2019,04/04/2020,12/04/2020,BS702_19,1.0,f
Beccy,26,2019,16,f,spring,47.78746782054753,389.02568273612485,74.22104733441847,26.433579513870942,05/04/2020 18:59,27.0,-14.92,53.5111,8.1056,21/09/2019,03/10/2019,04/04/2020,12/04/2020,BS702_19,1.0,f
Beccy,26,2019,16,f,spring,19.57959128445492,1003.4865589189704,4.030729377635548,23.610320662090476,06/04/2020 05:00,27.9,-11.11,53.5111,8.1056,21/09/2019,03/10/2019,04/04/2020,12/04/2020,BS702_19,1.0,f
Beccy,26,2019,16,f,spring,8.593066244211997,1389.178724078505,40.305863791532545,31.71279754732055,10/04/2020 18:44,36.9,-10.32,53.5111,8.1056,21/09/2019,03/10/2019,04/04/2020,12/04/2020,BS702_19,1.0,f
Benita,27,2019,9,f,autumn,4.182977733160158,1096.9796460637626,-136.92444932101097,-141.10742705417113,21/09/2019 17:23,53.55,8.34,18.700323415265203,-16.817115135834413,21/09/2019,05/10/2019,06/04/2020,22/04/2020,BT690_19,1.0,f
Benita,27,2019,9,f,autumn,29.30105720393675,100.075433980103,180.0,-150.69894279606325,29/09/2019 17:28,45.9,-1.91,18.700323415265203,-16.817115135834413,21/09/2019,05/10/2019,06/04/2020,22/04/2020,BT690_19,1.0,f
Benita,27,2019,9,f,autumn,0.6101658704023976,1138.3919057382404,-149.29975972521757,-149.90992559561997,30/09/2019 17:24,45.0,-1.91,18.700323415265203,-16.817115135834413,21/09/2019,05/10/2019,06/04/2020,22/04/2020,BT690_19,1.0,f
Benita,27,2019,9,f,autumn,13.81328853218207,1011.7716451349181,-140.43923203273184,-154.2525205649139,03/10/2019 05:04,36.0,-8.29,18.700323415265203,-16.817115135834413,21/09/2019,05/10/2019,06/04/2020,22/04/2020,BT690_19,1.0,f
Benita,27,2019,9,f,autumn,0.4870356714528157,1159.6338673749299,-172.64387269394612,-173.13090836539894,04/10/2019 05:31,28.8,-15.54,18.700323415265203,-16.817115135834413,21/09/2019,05/10/2019,06/04/2020,22/04/2020,BT690_19,1.0,f
Benita,27,2019,9,f,autumn,155.06550363708425,150.11315097015415,180.0,24.934496362915723,04/10/2019 18:32,18.45,-16.94,18.700323415265203,-16.817115135834413,21/09/2019,05/10/2019,06/04/2020,22/04/2020,BT690_19,1.0,f
Benita,27,2019,9,f,spring,11.763316443358974,1325.792496407647,10.662002817145588,22.425319260504565,06/04/2020 05:26,17.1,-16.94,53.5111,8.1056,21/09/2019,05/10/2019,06/04/2020,22/04/2020,BT690_19,1.0,f
Benita,27,2019,9,f,spring,62.34109316163253,106.21016240769815,89.73743816667731,27.396345005044786,06/04/2020 19:13,28.8,-14.44,53.5111,8.1056,21/09/2019,05/10/2019,06/04/2020,22/04/2020,BT690_19,1.0,f
Benita,27,2019,9,f,spring,116.15254512041837,106.21016240769815,-89.73743816667731,26.41510695374106,09/04/2020 05:15,28.8,-13.35,53.5111,8.1056,21/09/2019,05/10/2019,06/04/2020,22/04/2020,BT690_19,1.0,f
Benita,27,2019,9,f,spring,37.06601781905613,117.19825806396099,64.46236282410092,27.396345005044786,10/04/2020 05:05,28.8,-14.44,53.5111,8.1056,21/09/2019,05/10/2019,06/04/2020,22/04/2020,BT690_19,1.0,f
Benita,27,2019,9,f,spring,2.9633888348415383,660.1516801083395,23.8141288740347,26.77751770887624,10/04/2020 18:44,29.25,-13.35,53.5111,8.1056,21/09/2019,05/10/2019,06/04/2020,22/04/2020,BT690_19,1.0,f
Benita,27,2019,9,f,spring,10.288540797735124,211.62897672400257,18.73882010696223,29.027360904697343,11/04/2020 18:48,34.65,-10.44,53.5111,8.1056,21/09/2019,05/10/2019,06/04/2020,22/04/2020,BT690_19,1.0,f
Benita,27,2019,9,f,spring,22.48247142919942,1013.3994582415452,8.464779450692221,30.947250879891637,15/04/2020 04:20,36.9,-9.68,53.5111,8.1056,21/09/2019,05/10/2019,06/04/2020,22/04/2020,BT690_19,1.0,f
Benita,27,2019,9,f,spring,25.794412111952226,216.0819005695057,21.753999892922316,47.54841200487455,15/04/2020 18:48,45.9,-7.76,53.5111,8.1056,21/09/2019,05/10/2019,06/04/2020,22/04/2020,BT690_19,1.0,f
Benita,27,2019,9,f,spring,2.70180794292736,791.0593473838736,47.63606340377667,50.337871346704034,19/04/2020 03:45,47.25,-6.32,53.5111,8.1056,21/09/2019,05/10/2019,06/04/2020,22/04/2020,BT690_19,1.0,f
Benita,28,2020,10,f,autumn,13.63060213961478,765.0073531907456,-127.47682491455636,-141.10742705417113,18/09/2020 17:18,53.55,8.34,18.700323415265203,-16.817115135834413,18/09/2020,24/09/2020,15/04/2021,24/04/2021,BX234_20,1.0,f
Benita,28,2020,10,f,autumn,9.620990336037607,1179.4421375114835,-140.38014230402567,-150.00113264006328,19/09/2020 17:48,49.05,0.0,18.700323415265203,-16.817115135834413,18/09/2020,24/09/2020,15/04/2021,24/04/2021,BX234_20,1.0,f
Benita,28,2020,10,f,autumn,11.525646724944835,1312.440489626494,-171.8340742751572,-160.30842755021237,23/09/2020 04:54,40.5,-8.88,18.700323415265203,-16.817115135834413,18/09/2020,24/09/2020,15/04/2021,24/04/2021,BX234_20,1.0,f
Benita,28,2020,10,f,autumn,3.8940716569115352,1127.4369208542978,-146.1465299661933,-150.04060162310483,23/09/2020 18:02,28.8,-10.78,18.700323415265203,-16.817115135834413,18/09/2020,24/09/2020,15/04/2021,24/04/2021,BX234_20,1.0,f
Benita,28,2020,10,f,spring,8.540710074933884,1018.8184536665432,32.33344913639324,23.79273906145937,15/04/2021 05:09,20.25,-16.78,53.5111,8.1056,18/09/2020,24/09/2020,15/04/2021,24/04/2021,BX234_20,1.0,f
Benita,28,2020,10,f,spring,17.68562719818442,1208.391293078652,6.012572275868341,23.698199474052775,18/04/2021 18:53,27.9,-11.2,53.5111,8.1056,18/09/2020,24/09/2020,15/04/2021,24/04/2021,BX234_20,1.0,f
Benita,28,2020,10,f,spring,27.06345483413824,956.8131471209117,6.044705594122499,33.10816042826073,19/04/2021 18:53,38.7,-9.29,53.5111,8.1056,18/09/2020,24/09/2020,15/04/2021,24/04/2021,BX234_20,1.0,f
Bibo,29,2016,13,m,autumn,7.076962140402941,1189.4695278260324,-148.9560943861861,-141.87913224578315,30/08/2016 18:08,53.55,7.66,19.360201511335013,-16.636968933669188,30/08/2016,07/09/2016,04/04/2017,15/04/2017,Z594,1.0,m
Bibo,29,2016,13,m,autumn,34.63721820882927,150.11315097015486,180.0,-145.36278179117073,31/08/2016 03:19,44.1,0.0,19.360201511335013,-16.636968933669188,30/08/2016,07/09/2016,04/04/2017,15/04/2017,Z594,1.0,m
Bibo,29,2016,13,m,autumn,3.5014389899225193,294.95968732362394,-147.38321637453308,-143.88177738461056,01/09/2016 03:44,42.75,0.0,19.360201511335013,-16.636968933669188,30/08/2016,07/09/2016,04/04/2017,15/04/2017,Z594,1.0,m
Bibo,29,2016,13,m,autumn,15.912778245048457,738.5485533276317,-160.69410756742195,-144.7813293223735,01/09/2016 18:33,40.5,-1.88,19.360201511335013,-16.636968933669188,30/08/2016,07/09/2016,04/04/2017,15/04/2017,Z594,1.0,m
Bibo,29,2016,13,m,autumn,9.058826974788587,1147.3065104745892,-131.93702703205844,-140.99585400684703,02/09/2016 04:19,34.2,-4.53,19.360201511335013,-16.636968933669188,30/08/2016,07/09/2016,04/04/2017,15/04/2017,Z594,1.0,m
Bibo,29,2016,13,m,autumn,1.4432145698304737,852.3889012638037,-159.3189353943202,-157.87572082448972,03/09/2016 18:42,27.0,-13.37,19.360201511335013,-16.636968933669188,30/08/2016,07/09/2016,04/04/2017,15/04/2017,Z594,1.0,m
Bibo,29,2016,13,m,autumn,39.62764547176849,450.38424050162416,-179.18241548224856,-139.55477001048007,04/09/2016 05:14,19.8,-16.24,19.360201511335013,-16.636968933669188,30/08/2016,07/09/2016,04/04/2017,15/04/2017,Z594,1.0,m
Bibo,29,2016,13,m,autumn,8.201801350005013,200.22104572857126,1.5096378648320676,-6.692163485172948,06/09/2016 05:34,16.65,-16.3,19.360201511335013,-16.636968933669188,30/08/2016,07/09/2016,04/04/2017,15/04/2017,Z594,1.0,m
Bibo,29,2016,13,m,autumn,20.355123543223442,200.21958967611877,-1.4930799028357071,-21.848203446059134,06/09/2016 18:47,18.45,-16.25,19.360201511335013,-16.636968933669188,30/08/2016,07/09/2016,04/04/2017,15/04/2017,Z594,1.0,m
Bibo,29,2016,13,m,spring,6.925103263930879,994.5229774553522,16.510295561574633,23.435398825505512,04/04/2017 19:02,20.25,-16.3,53.5111,8.1056,30/08/2016,07/09/2016,04/04/2017,15/04/2017,Z594,1.0,m
Bibo,29,2016,13,m,spring,16.699666500928316,711.9288357420985,9.915185107777846,26.614851608706168,08/04/2017 04:49,29.7,-12.78,53.5111,8.1056,30/08/2016,07/09/2016,04/04/2017,15/04/2017,Z594,1.0,m
Bibo,29,2016,13,m,spring,6.576037323034825,110.7346083016529,25.189285672944553,31.76532299597937,08/04/2017 18:58,36.0,-11.42,53.5111,8.1056,30/08/2016,07/09/2016,04/04/2017,15/04/2017,Z594,1.0,m
Bibo,29,2016,13,m,spring,5.944437554142411,960.2334655210321,26.002401190707033,31.946838744849433,10/04/2017 04:25,36.9,-10.52,53.5111,8.1056,30/08/2016,07/09/2016,04/04/2017,15/04/2017,Z594,1.0,m
Bibo,29,2016,13,m,spring,33.591430831564765,100.59603523355008,5.785931405297142,39.37736223686189,10/04/2017 18:42,44.55,-5.22,53.5111,8.1056,30/08/2016,07/09/2016,04/04/2017,15/04/2017,Z594,1.0,m
Bibo,30,2017,14,m,autumn,63.28683557409914,268.81853697541555,-77.65661661194675,-140.9434521860459,04/09/2017 17:47,53.55,8.34,19.360201511335013,-16.636968933669188,04/09/2017,21/09/2017,15/04/2018,21/04/2018,BD672,1.0,m
Bibo,30,2017,14,m,autumn,32.5675002335139,100.07543398010229,180.0,-147.43249976648613,08/09/2017 03:53,54.0,3.96,19.360201511335013,-16.636968933669188,04/09/2017,21/09/2017,15/04/2018,21/04/2018,BD672,1.0,m
Bibo,30,2017,14,m,autumn,7.446738685860851,544.4152918493927,-155.5673752213558,-148.12063653549495,09/09/2017 03:43,53.1,3.06,19.360201511335013,-16.636968933669188,04/09/2017,21/09/2017,15/04/2018,21/04/2018,BD672,1.0,m
Bibo,30,2017,14,m,autumn,4.397612119457648,884.1207302595201,-153.1675360084157,-148.76992388895806,17/09/2017 18:07,47.7,0.0,19.360201511335013,-16.636968933669188,04/09/2017,21/09/2017,15/04/2018,21/04/2018,BD672,1.0,m
Bibo,30,2017,14,m,autumn,20.772382838682347,201.68677906586456,-172.83086310809725,-152.0584802694149,18/09/2017 18:13,40.5,-5.33,19.360201511335013,-16.636968933669188,04/09/2017,21/09/2017,15/04/2018,21/04/2018,BD672,1.0,m
Bibo,30,2017,14,m,autumn,5.502672450625823,1244.2999031692625,-156.12784928144694,-150.62517683082112,19/09/2017 05:04,38.7,-5.62,19.360201511335013,-16.636968933669188,04/09/2017,21/09/2017,15/04/2018,21/04/2018,BD672,1.0,m
Bibo,30,2017,14,m,autumn,18.293271212474707,153.18540932838286,-168.43284227503946,-150.13957106256476,20/09/2017 05:19,28.35,-11.25,19.360201511335013,-16.636968933669188,04/09/2017,21/09/2017,15/04/2018,21/04/2018,BD672,1.0,m
Bibo,30,2017,14,m,autumn,1.4205284731576455,1039.7434208094558,-148.96240674551214,-147.5418782723545,20/09/2017 18:37,27.0,-11.56,19.360201511335013,-16.636968933669188,04/09/2017,21/09/2017,15/04/2018,21/04/2018,BD672,1.0,m
Bibo,30,2017,14,m,spring,18.916597519925688,1304.6418622867525,4.109151952126221,23.025749472051917,15/04/2018 05:18,18.9,-16.64,53.5111,8.1056,04/09/2017,21/09/2017,15/04/2018,21/04/2018,BD672,1.0,m
Bibo,30,2017,14,m,spring,16.63779719028821,669.9272437418333,13.37742707372389,30.015224264012105,17/04/2018 04:38,30.6,-15.67,53.5111,8.1056,04/09/2017,21/09/2017,15/04/2018,21/04/2018,BD672,1.0,m
Bibo,30,2017,14,m,spring,3.8408002928201768,293.88823659698033,31.120951826334842,34.961752119155015,17/04/2018 19:06,36.45,-13.94,53.5111,8.1056,04/09/2017,21/09/2017,15/04/2018,21/04/2018,BD672,1.0,m
Bibo,30,2017,14,m,spring,16.530615112971248,168.3509968999349,53.03444414654183,36.50382903357057,19/04/2018 03:24,38.7,-12.19,53.5111,8.1056,04/09/2017,21/09/2017,15/04/2018,21/04/2018,BD672,1.0,m
Bibo,30,2017,14,m,spring,12.725847239022784,1154.0215597059969,48.96401849022087,36.23817125119809,19/04/2018 18:41,39.6,-10.62,53.5111,8.1056,04/09/2017,21/09/2017,15/04/2018,21/04/2018,BD672,1.0,m
Bibo,31,2018,15,m,autumn,12.07927534558874,1153.2520239955395,-153.02272753163464,-140.9434521860459,23/09/2018 17:01,53.55,8.34,19.360201511335013,-16.636968933669188,23/09/2018,03/10/2018,,,BL132_18,1.0,m
Bibo,31,2018,15,m,autumn,7.055525922128936,209.5131497871513,-135.13685907200428,-142.19238499413322,24/09/2018 04:03,44.1,1.81,19.360201511335013,-16.636968933669188,23/09/2018,03/10/2018,,,BL132_18,1.0,m
Bibo,31,2018,15,m,autumn,32.21591276959788,1348.7199422258673,-111.66586461501268,-143.88177738461056,24/09/2018 17:46,42.75,0.0,19.360201511335013,-16.636968933669188,23/09/2018,03/10/2018,,,BL132_18,1.0,m
Bibo,31,2018,15,m,autumn,1.2523985121756311,452.9247710667358,-173.71920109287774,-172.4668025807021,25/09/2018 18:12,36.9,-14.22,19.360201511335013,-16.636968933669188,23/09/2018,03/10/2018,,,BL132_18,1.0,m
Bibo,31,2018,15,m,autumn,4.10185285986617,651.6295259115275,-176.50722430071357,-172.4053714408474,26/09/2018 05:13,32.85,-14.75,19.360201511335013,-16.636968933669188,23/09/2018,03/10/2018,,,BL132_18,1.0,m
Bibo,31,2018,15,m,autumn,79.79977880994022,107.00111100258938,-89.75483936733515,-169.55461817727536,26/09/2018 18:17,27.0,-15.15,19.360201511335013,-16.636968933669188,23/09/2018,03/10/2018,,,BL132_18,1.0,m
Bibo,31,2018,15,m,autumn,2.390057263425774,100.07543398010264,180.0,-177.6099427365742,30/09/2018 05:28,27.0,-16.3,19.360201511335013,-16.636968933669188,23/09/2018,03/10/2018,,,BL132_18,1.0,m
Bibo,31,2018,15,m,autumn,0.8642538244645834,350.4406696883883,-178.15725101444013,-177.29299718997555,30/09/2018 18:27,26.1,-16.3,19.360201511335013,-16.636968933669188,23/09/2018,03/10/2018,,,BL132_18,1.0,m
Bibo,31,2018,15,m,autumn,63.94750504226266,725.5342358417847,-113.23742179209925,-177.18492683436193,02/10/2018 05:33,22.95,-16.45,19.360201511335013,-16.636968933669188,23/09/2018,03/10/2018,,,BL132_18,1.0,m
Bibo,32,2019,16,m,autumn,2.345798125208262,1135.3753982705045,-138.59765406083764,-140.9434521860459,22/09/2019 03:41,53.55,8.34,19.360201511335013,-16.636968933669188,22/09/2019,06/10/2019,15/04/2020,23/04/2020,BS715_19,1.0,m
Bibo,32,2019,16,m,autumn,15.578141868160657,1444.0296710668686,-164.57460710069202,-148.99646523253136,02/10/2019 17:15,45.45,-1.28,19.360201511335013,-16.636968933669188,22/09/2019,06/10/2019,15/04/2020,23/04/2020,BS715_19,1.0,m
Bibo,32,2019,16,m,autumn,15.913516557519358,1137.4427709126319,-156.36099312101314,-140.44747656349378,03/10/2019 17:31,32.85,-5.36,19.360201511335013,-16.636968933669188,22/09/2019,06/10/2019,15/04/2020,23/04/2020,BS715_19,1.0,m
Bibo,32,2019,16,m,autumn,48.36972909541606,735.0315833155007,-72.78259715703463,-121.15232625245068,05/10/2019 17:51,23.4,-9.81,19.360201511335013,-16.636968933669188,22/09/2019,06/10/2019,15/04/2020,23/04/2020,BS715_19,1.0,m
Bibo,32,2019,16,m,spring,23.6634680480189,560.5743168173427,50.36108340070293,26.69761535268402,15/04/2020 05:12,25.2,-16.79,53.5111,8.1056,22/09/2019,06/10/2019,15/04/2020,23/04/2020,BS715_19,1.0,m
Bibo,32,2019,16,m,spring,11.92730433074209,772.6134225744623,13.235218872710917,25.162523203453013,15/04/2020 19:05,28.35,-12.38,53.5111,8.1056,22/09/2019,06/10/2019,15/04/2020,23/04/2020,BS715_19,1.0,m
Bibo,32,2019,16,m,spring,18.408408850912195,1024.9598179836125,11.688312682656848,30.09672153356905,17/04/2020 04:33,35.55,-10.44,53.5111,8.1056,22/09/2019,06/10/2019,15/04/2020,23/04/2020,BS715_19,1.0,m
Bibo,32,2019,16,m,spring,32.51819246945146,101.9874754143462,11.02422514979454,43.54241761924601,17/04/2020 19:05,44.55,-7.83,53.5111,8.1056,22/09/2019,06/10/2019,15/04/2020,23/04/2020,BS715_19,1.0,m
Bibo,32,2019,16,m,spring,30.843428999376016,103.67523487293569,15.017877834805118,45.86130683418114,18/04/2020 18:51,45.45,-7.58,53.5111,8.1056,22/09/2019,06/10/2019,15/04/2020,23/04/2020,BS715_19,1.0,m
Bibo,32,2019,16,m,spring,39.87919537322452,713.064365139008,86.68597597528819,46.806780602063675,21/04/2020 18:50,45.9,-7.23,53.5111,8.1056,22/09/2019,06/10/2019,15/04/2020,23/04/2020,BS715_19,1.0,m
Blake,33,2017,8,m,autumn,22.956942735293637,669.4641945994648,-118.17749696427869,-141.13443969957234,23/08/2017 02:45,53.55,8.34,19.022757847533633,-16.651173393124065,23/08/2017,02/09/2017,14/04/2018,19/04/2018,Z446_17,1.0,m
Blake,33,2017,8,m,autumn,1.3694243700466302,113.44837008102077,-151.61626507019056,-152.9856894402372,26/08/2017 18:44,49.95,-1.38,19.022757847533633,-16.651173393124065,23/08/2017,02/09/2017,14/04/2018,19/04/2018,Z446_17,1.0,m
Blake,33,2017,8,m,autumn,8.404811258972643,889.9077779953254,-145.18206335956035,-153.586874618533,27/08/2017 03:41,49.05,-2.12,19.022757847533633,-16.651173393124065,23/08/2017,02/09/2017,14/04/2018,19/04/2018,Z446_17,1.0,m
Blake,33,2017,8,m,autumn,7.501678367147633,112.10581502238148,-153.00808630837903,-160.50976467552667,27/08/2017 19:04,42.3,-8.29,19.022757847533633,-16.651173393124065,23/08/2017,02/09/2017,14/04/2018,19/04/2018,Z446_17,1.0,m
Blake,33,2017,8,m,autumn,0.1810234761828724,892.4578053736915,-161.4017669980023,-161.22074352181943,28/08/2017 04:35,41.4,-8.9,19.022757847533633,-16.651173393124065,23/08/2017,02/09/2017,14/04/2018,19/04/2018,Z446_17,1.0,m
Blake,33,2017,8,m,autumn,4.608798987732484,305.5147021044712,-169.1619459009979,-164.5531469132654,29/08/2017 04:50,33.3,-12.54,19.022757847533633,-16.651173393124065,23/08/2017,02/09/2017,14/04/2018,19/04/2018,Z446_17,1.0,m
Blake,33,2017,8,m,autumn,2.057116822931505,1049.1523536361635,-161.78107834203138,-163.83819516496288,29/08/2017 18:49,30.6,-13.14,19.022757847533633,-16.651173393124065,23/08/2017,02/09/2017,14/04/2018,19/04/2018,Z446_17,1.0,m
Blake,33,2017,8,m,autumn,1.4821576401436118,356.46038292032523,-169.1948230198931,-170.67698066003672,01/09/2017 18:54,20.7,-16.36,19.022757847533633,-16.651173393124065,23/08/2017,02/09/2017,14/04/2018,19/04/2018,Z446_17,1.0,m
Blake,33,2017,8,m,spring,13.746458077549079,1470.6049244553212,8.912305275223773,22.65876335277286,15/04/2018 05:05,17.55,-16.99,53.5111,8.1056,23/08/2017,02/09/2017,14/04/2018,19/04/2018,Z446_17,1.0,m
Blake,33,2017,8,m,spring,13.238240961221749,729.391891115059,15.588404818336107,28.82664577955786,16/04/2018 05:01,30.6,-14.32,53.5111,8.1056,23/08/2017,02/09/2017,14/04/2018,19/04/2018,Z446_17,1.0,m
Blake,33,2017,8,m,spring,15.369104741941328,317.48103134177893,18.611684170912767,33.98078891285408,17/04/2018 18:48,37.35,-11.76,53.5111,8.1056,23/08/2017,02/09/2017,14/04/2018,19/04/2018,Z446_17,1.0,m
Blake,33,2017,8,m,spring,32.65423315112375,647.8673285613719,69.62818616627568,36.973953015151935,18/04/2018 03:56,40.05,-10.57,53.5111,8.1056,23/08/2017,02/09/2017,14/04/2018,19/04/2018,Z446_17,1.0,m
Blake,34,2018,9,m,autumn,13.837045372311337,1244.8883044519507,-154.97148507188368,-141.13443969957234,24/09/2018 03:52,53.55,8.34,19.022757847533633,-16.651173393124065,24/09/2018,28/09/2018,,,BL145_18,1.0,m
Blake,34,2018,9,m,autumn,52.02914843645681,151.5745836495383,-89.35991826317881,-141.3890666996356,24/09/2018 17:20,43.2,1.87,19.022757847533633,-16.651173393124065,24/09/2018,28/09/2018,,,BL145_18,1.0,m
Blake,34,2018,9,m,autumn,10.146149910049246,555.4603142844264,-134.541375041956,-144.68752495200525,25/09/2018 04:17,43.2,0.0,19.022757847533633,-16.651173393124065,24/09/2018,28/09/2018,,,BL145_18,1.0,m
Blake,34,2018,9,m,autumn,7.744493654158134,989.1662382039547,-142.02966842832373,-149.77416208248187,25/09/2018 17:46,39.6,-4.62,19.022757847533633,-16.651173393124065,24/09/2018,28/09/2018,,,BL145_18,1.0,m
Blake,35,2019,10,m,autumn,44.3000713761794,565.3857323088603,-96.83436832339292,-141.13443969957234,13/08/2019 02:31,53.55,8.34,19.022757847533633,-16.651173393124065,13/08/2019,30/08/2019,05/04/2020,16/04/2020,BS714_19,1.0,m
Blake,35,2019,10,m,autumn,7.320852831388123,898.6971765612777,-159.61748557319663,-152.2966327418085,25/08/2019 18:53,52.2,0.0,19.022757847533633,-16.651173393124065,13/08/2019,30/08/2019,05/04/2020,16/04/2020,BS714_19,1.0,m
Blake,35,2019,10,m,autumn,21.936363418019198,1137.0755899902379,-131.42378219341722,-153.36014561143642,26/08/2019 04:15,44.55,-3.94,19.022757847533633,-16.651173393124065,13/08/2019,30/08/2019,05/04/2020,16/04/2020,BS714_19,1.0,m
Blake,35,2019,10,m,autumn,1.8706636430308663,305.6941981188504,-168.9551153544445,-170.82577899747537,26/08/2019 18:54,37.35,-13.58,19.022757847533633,-16.651173393124065,13/08/2019,30/08/2019,05/04/2020,16/04/2020,BS714_19,1.0,m
Blake,35,2019,10,m,autumn,12.079863067117685,850.5884064721938,-159.43759689419676,-171.51745996131444,27/08/2019 04:50,34.65,-14.22,19.022757847533633,-16.651173393124065,13/08/2019,30/08/2019,05/04/2020,16/04/2020,BS714_19,1.0,m
Blake,35,2019,10,m,autumn,5.416990617002199,202.8449755009532,170.57778358136318,175.99477419836538,29/08/2019 05:25,27.0,-17.24,19.022757847533633,-16.651173393124065,13/08/2019,30/08/2019,05/04/2020,16/04/2020,BS714_19,1.0,m
Blake,35,2019,10,m,autumn,137.64906499463478,663.6299913399696,40.07805536176327,177.72712035639805,29/08/2019 18:58,25.2,-16.91,19.022757847533633,-16.651173393124065,13/08/2019,30/08/2019,05/04/2020,16/04/2020,BS714_19,1.0,m
Blake,35,2019,10,m,spring,15.304620537485846,1018.8026143829978,10.26160220272994,25.566222740215796,07/04/2020 04:56,29.25,-12.07,53.5111,8.1056,13/08/2019,30/08/2019,05/04/2020,16/04/2020,BS714_19,1.0,m
Blake,35,2019,10,m,spring,33.289765717223986,200.1508679602053,0.0,33.289765717224,07/04/2020 18:40,38.25,-10.0,53.5111,8.1056,13/08/2019,30/08/2019,05/04/2020,16/04/2020,BS714_19,1.0,m
Blake,35,2019,10,m,spring,15.839160148659317,861.9647826456247,20.444440990594277,36.283601139253584,10/04/2020 04:32,40.05,-10.0,53.5111,8.1056,13/08/2019,30/08/2019,05/04/2020,16/04/2020,BS714_19,1.0,m
Blake,36,2020,11,m,autumn,2.3449548971829586,453.9718626783786,-138.78948480238938,-141.13443969957234,11/08/2020 02:18,53.55,8.34,19.022757847533633,-16.651173393124065,11/08/2020,26/08/2020,13/04/2021,23/04/2021,BX230_20,1.0,m
Blake,36,2020,11,m,autumn,2.9105045045004942,176.81655112402106,-147.59949571946757,-144.68899121496707,11/08/2020 19:07,50.4,4.12,19.022757847533633,-16.651173393124065,11/08/2020,26/08/2020,13/04/2021,23/04/2021,BX230_20,1.0,m
Blake,36,2020,11,m,autumn,3.438620109365189,252.96682054519235,-141.53624843718205,-144.97486854654724,14/08/2020 03:08,48.15,2.7,19.022757847533633,-16.651173393124065,11/08/2020,26/08/2020,13/04/2021,23/04/2021,BX230_20,1.0,m
Blake,36,2020,11,m,autumn,20.6025763320348,946.4452305749917,-126.10396326935147,-146.70653960138628,14/08/2020 18:57,46.35,0.65,19.022757847533633,-16.651173393124065,11/08/2020,26/08/2020,13/04/2021,23/04/2021,BX230_20,1.0,m
Blake,36,2020,11,m,autumn,15.021383664344455,853.3650449857548,-175.17531035425495,-160.1539266899105,16/08/2020 19:02,40.95,-8.59,19.022757847533633,-16.651173393124065,11/08/2020,26/08/2020,13/04/2021,23/04/2021,BX230_20,1.0,m
Blake,36,2020,11,m,autumn,25.601625579360217,300.2500120733554,-179.26914690967087,-153.66752133031065,17/08/2020 04:33,33.3,-9.36,19.022757847533633,-16.651173393124065,11/08/2020,26/08/2020,13/04/2021,23/04/2021,BX230_20,1.0,m
Blake,36,2020,11,m,autumn,20.4827290311448,781.6483849649471,-128.29261708858823,-148.77534611973303,23/08/2020 18:46,30.6,-9.4,19.022757847533633,-16.651173393124065,11/08/2020,26/08/2020,13/04/2021,23/04/2021,BX230_20,1.0,m
Blake,36,2020,11,m,autumn,0.21838436863438915,808.523498640226,-171.74951311697347,-171.53112874833909,25/08/2020 19:02,26.1,-15.54,19.022757847533633,-16.651173393124065,11/08/2020,26/08/2020,13/04/2021,23/04/2021,BX230_20,1.0,m
Blake,36,2020,11,m,spring,4.264964116903116,1251.2154760771734,27.29071358895504,23.025749472051917,13/04/2021 18:42,18.9,-16.64,53.5111,8.1056,11/08/2020,26/08/2020,13/04/2021,23/04/2021,BX230_20,1.0,m
Blake,36,2020,11,m,spring,21.658396470401215,100.14997996221994,2.2009673810027066,23.85936385140392,15/04/2021 19:12,29.25,-10.36,53.5111,8.1056,11/08/2020,26/08/2020,13/04/2021,23/04/2021,BX230_20,1.0,m
Blake,36,2020,11,m,spring,22.648503041388523,1001.3548051274167,1.8829865302192246,24.531489571607757,16/04/2021 04:29,30.15,-10.32,53.5111,8.1056,11/08/2020,26/08/2020,13/04/2021,23/04/2021,BX230_20,1.0,m
Blake,36,2020,11,m,spring,23.50089753882571,204.10876201113084,11.15239372914269,34.65329126796841,16/04/2021 18:57,39.15,-9.94,53.5111,8.1056,11/08/2020,26/08/2020,13/04/2021,23/04/2021,BX230_20,1.0,m
Blake,36,2020,11,m,spring,11.921523637217092,781.9567622901416,24.929642255591162,36.85116589280824,20/04/2021 04:09,40.95,-9.12,53.5111,8.1056,11/08/2020,26/08/2020,13/04/2021,23/04/2021,BX230_20,1.0,m
Bofur,37,2019,6,m,autumn,6.722527540565068,724.0769235019711,-152.11634605448785,-145.39381851392278,11/09/2019 03:24,53.55,8.34,12.142632241813603,-16.268400503778338,11/09/2019,19/09/2019,02/04/2020,20/04/2020,BS724_19,1.0,m
Bofur,37,2019,6,m,autumn,22.116536534566876,203.0596510408498,-170.12418424659552,-148.00764771202864,11/09/2019 17:47,47.7,3.82,12.142632241813603,-16.268400503778338,11/09/2019,19/09/2019,02/04/2020,20/04/2020,BS724_19,1.0,m
Bofur,37,2019,6,m,autumn,8.748323885735516,434.89349683518634,-156.23245394976516,-147.48413006402964,13/09/2019 03:30,45.9,3.35,12.142632241813603,-16.268400503778338,11/09/2019,19/09/2019,02/04/2020,20/04/2020,BS724_19,1.0,m
Bofur,37,2019,6,m,autumn,16.182544217724796,509.9265609900681,-131.91594598161623,-148.09849019934103,13/09/2019 17:48,42.3,1.22,12.142632241813603,-16.268400503778338,11/09/2019,19/09/2019,02/04/2020,20/04/2020,BS724_19,1.0,m
Bofur,37,2019,6,m,autumn,23.706252757654113,828.4474805894013,-129.48309212431644,-153.18934488197056,14/09/2019 04:15,39.15,-3.18,12.142632241813603,-16.268400503778338,11/09/2019,19/09/2019,02/04/2020,20/04/2020,BS724_19,1.0,m
Bofur,37,2019,6,m,autumn,13.441469399148133,1408.500143052447,-150.90229907998597,-164.3437684791341,16/09/2019 18:22,34.2,-10.14,12.142632241813603,-16.268400503778338,11/09/2019,19/09/2019,02/04/2020,20/04/2020,BS724_19,1.0,m
Bofur,37,2019,6,m,autumn,3.76199965188232,352.46637908934827,173.52033401419976,177.28233366608208,18/09/2019 18:38,22.95,-16.79,12.142632241813603,-16.268400503778338,11/09/2019,19/09/2019,02/04/2020,20/04/2020,BS724_19,1.0,m
Bofur,37,2019,6,m,spring,20.157419403492412,300.68434958907545,3.1347974185181546,23.292216822010563,02/04/2020 05:39,19.8,-16.41,53.5111,8.1056,11/09/2019,19/09/2019,02/04/2020,20/04/2020,BS724_19,1.0,m
Bofur,37,2019,6,m,spring,15.579219362639378,608.322367002397,9.02860919026456,24.60782855290395,03/04/2020 05:24,22.5,-16.25,53.5111,8.1056,11/09/2019,19/09/2019,02/04/2020,20/04/2020,BS724_19,1.0,m
Bofur,37,2019,6,m,spring,4.708431703119686,108.56187343891467,22.703730040564817,27.412161743684504,03/04/2020 18:58,27.9,-15.28,53.5111,8.1056,11/09/2019,19/09/2019,02/04/2020,20/04/2020,BS724_19,1.0,m
Bofur,37,2019,6,m,spring,15.597234406362446,358.5689532587365,12.1579758325248,27.75521023888726,04/04/2020 05:15,28.8,-14.85,53.5111,8.1056,11/09/2019,19/09/2019,02/04/2020,20/04/2020,BS724_19,1.0,m
Bofur,37,2019,6,m,spring,13.737204559123995,417.41526561122913,16.116911742387188,29.85411630151118,04/04/2020 18:48,31.95,-14.05,53.5111,8.1056,11/09/2019,19/09/2019,02/04/2020,20/04/2020,BS724_19,1.0,m
Bofur,37,2019,6,m,spring,28.32775347803488,200.72747335682047,4.294022162788302,32.62177564082319,05/04/2020 05:05,35.55,-12.77,53.5111,8.1056,11/09/2019,19/09/2019,02/04/2020,20/04/2020,BS724_19,1.0,m
Bofur,37,2019,6,m,spring,30.33117350053186,502.0616710881217,4.5465993085036,34.87777280903545,05/04/2020 18:48,37.35,-12.6,53.5111,8.1056,11/09/2019,19/09/2019,02/04/2020,20/04/2020,BS724_19,1.0,m
Bofur,37,2019,6,m,spring,20.264938140169704,489.69530098873,22.30641665946972,42.57135479963941,07/04/2020 04:40,42.3,-11.55,53.5111,8.1056,11/09/2019,19/09/2019,02/04/2020,20/04/2020,BS724_19,1.0,m
Bofur,37,2019,6,m,spring,32.79172266729208,105.29149461545363,17.95444261848155,50.74616528577362,07/04/2020 18:43,46.35,-9.13,53.5111,8.1056,11/09/2019,19/09/2019,02/04/2020,20/04/2020,BS724_19,1.0,m
Bofur,37,2019,6,m,spring,19.936300998282576,1080.1238553009105,34.47338547207707,54.409686470359645,16/04/2020 03:49,47.7,-8.09,53.5111,8.1056,11/09/2019,19/09/2019,02/04/2020,20/04/2020,BS724_19,1.0,m
Bofur,38,2020,7,m,autumn,29.753614672361863,853.2438095668223,-175.14743318628464,-145.39381851392278,13/09/2020 17:51,53.55,8.34,12.142632241813603,-16.268400503778338,13/09/2020,19/09/2020,08/04/2021,23/04/2021,BX247_20,1.0,m
Bofur,38,2020,7,m,autumn,23.578269168580107,685.2431021429363,-118.08995849525456,-141.66822766383467,14/09/2020 03:22,45.9,7.41,12.142632241813603,-16.268400503778338,13/09/2020,19/09/2020,08/04/2021,23/04/2021,BX247_20,1.0,m
Bofur,38,2020,7,m,autumn,4.293291519712739,1288.9365356321196,-146.13133866867253,-150.42463018838527,15/09/2020 04:08,42.75,0.0,12.142632241813603,-16.268400503778338,13/09/2020,19/09/2020,08/04/2021,23/04/2021,BX247_20,1.0,m
Bofur,38,2020,7,m,autumn,22.828725539661264,100.07543398010371,180.0,-157.1712744603387,15/09/2020 18:11,32.85,-7.66,12.142632241813603,-16.268400503778338,13/09/2020,19/09/2020,08/04/2021,23/04/2021,BX247_20,1.0,m
Bofur,38,2020,7,m,autumn,1.7570300834906902,110.73477006439751,-154.52260301684464,-156.27963310033533,16/09/2020 04:38,31.95,-7.66,12.142632241813603,-16.268400503778338,13/09/2020,19/09/2020,08/04/2021,23/04/2021,BX247_20,1.0,m
Bofur,38,2020,7,m,autumn,13.763751621241653,963.2064150274535,-170.386759617349,-156.62300799610736,16/09/2020 18:11,31.05,-8.16,12.142632241813603,-16.268400503778338,13/09/2020,19/09/2020,08/04/2021,23/04/2021,BX247_20,1.0,m
Bofur,38,2020,7,m,autumn,73.56001906996082,594.7120132690491,-74.2839530138254,-147.8439720837862,18/09/2020 18:06,22.5,-9.72,12.142632241813603,-16.268400503778338,13/09/2020,19/09/2020,08/04/2021,23/04/2021,BX247_20,1.0,m
Bofur,38,2020,7,m,spring,17.0603077134852,151.47040942291554,7.634866219435074,24.695173932920273,08/04/2021 05:23,23.85,-15.35,53.5111,8.1056,13/09/2020,19/09/2020,08/04/2021,23/04/2021,BX247_20,1.0,m
Bofur,38,2020,7,m,spring,11.220171107472623,206.52728627051036,14.163937405980606,25.38410851345322,08/04/2021 19:06,25.2,-15.15,53.5111,8.1056,13/09/2020,19/09/2020,08/04/2021,23/04/2021,BX247_20,1.0,m
Bofur,38,2020,7,m,spring,5.070988951658336,706.1226542175243,30.834079739746386,25.76309078808805,12/04/2021 04:53,27.0,-14.14,53.5111,8.1056,13/09/2020,19/09/2020,08/04/2021,23/04/2021,BX247_20,1.0,m
Bofur,38,2020,7,m,spring,25.336523270263513,400.3872318977524,1.1594256792248383,26.49594894948836,12/04/2021 18:46,32.4,-10.29,53.5111,8.1056,13/09/2020,19/09/2020,08/04/2021,23/04/2021,BX247_20,1.0,m
Bofur,38,2020,7,m,spring,31.325732417547925,700.6317397216328,-0.9435304624640363,30.38220195508388,13/04/2021 04:32,36.0,-10.2,53.5111,8.1056,13/09/2020,19/09/2020,08/04/2021,23/04/2021,BX247_20,1.0,m
Bofur,38,2020,7,m,spring,3.1956062629965345,1094.3717182615965,43.24521802429746,40.049611761300916,20/04/2021 03:52,41.85,-10.2,53.5111,8.1056,13/09/2020,19/09/2020,08/04/2021,23/04/2021,BX247_20,1.0,m
Bombur,39,2020,7,m,autumn,171.47794179696132,136.6712182102567,42.541484033385565,-128.93645776357573,17/09/2020 17:21,42.3,7.2,21.098394495412844,-16.84692660550459,17/09/2020,25/09/2020,11/04/2021,23/04/2021,BX268_20,1.0,m
Bombur,39,2020,7,m,autumn,27.304942968258928,1458.7913752893176,-155.77897598875091,-128.474033020492,20/09/2020 03:21,43.2,8.34,21.098394495412844,-16.84692660550459,17/09/2020,25/09/2020,11/04/2021,23/04/2021,BX268_20,1.0,m
Bombur,39,2020,7,m,autumn,12.952848955766285,947.7936859152057,-102.89375637593406,-115.84660533170036,21/09/2020 04:13,31.05,2.1,21.098394495412844,-16.84692660550459,17/09/2020,25/09/2020,11/04/2021,23/04/2021,BX268_20,1.0,m
Bombur,39,2020,7,m,autumn,40.28705656887399,180.26376792321622,-89.5543481193635,-129.8414046882375,21/09/2020 17:55,28.8,-7.39,21.098394495412844,-16.84692660550459,17/09/2020,25/09/2020,11/04/2021,23/04/2021,BX268_20,1.0,m
Bombur,39,2020,7,m,autumn,0.3573949247691246,1147.4176865539996,-136.12377125650644,-136.48116618127557,24/09/2020 18:00,28.8,-9.24,21.098394495412844,-16.84692660550459,17/09/2020,25/09/2020,11/04/2021,23/04/2021,BX268_20,1.0,m
Bombur,39,2020,7,m,spring,9.524769725473163,1089.9607434717925,14.820287534005994,24.345057259479155,11/04/2021 05:12,21.15,-16.89,53.5111,8.1056,17/09/2020,25/09/2020,11/04/2021,23/04/2021,BX268_20,1.0,m
Bombur,39,2020,7,m,spring,3.614374770184071,165.7690108062152,24.91153517682235,28.525909947006415,11/04/2021 19:04,30.6,-13.99,53.5111,8.1056,17/09/2020,25/09/2020,11/04/2021,23/04/2021,BX268_20,1.0,m
Bombur,39,2020,7,m,spring,20.250277148999828,1014.2680206470478,8.847561483008576,29.09783863200841,13/04/2021 04:53,31.95,-13.25,53.5111,8.1056,17/09/2020,25/09/2020,11/04/2021,23/04/2021,BX268_20,1.0,m
Bombur,39,2020,7,m,spring,23.59947113188082,735.6499885159391,16.82380710660391,40.42327823848471,18/04/2021 04:13,41.4,-11.32,53.5111,8.1056,17/09/2020,25/09/2020,11/04/2021,23/04/2021,BX268_20,1.0,m
Bombur,39,2020,7,m,spring,52.05988427439783,250.49772510640025,2.7839002255912844,54.843784499989106,18/04/2021 19:00,47.7,-8.48,53.5111,8.1056,17/09/2020,25/09/2020,11/04/2021,23/04/2021,BX268_20,1.0,m
Bombur,39,2020,7,m,spring,0.8639351260039518,951.2838979269078,63.49440448290567,64.35833960890963,20/04/2021 03:47,49.95,-8.31,53.5111,8.1056,17/09/2020,25/09/2020,11/04/2021,23/04/2021,BX268_20,1.0,m
Boskoop,40,2020,6,m,autumn,1.0833318768941353,696.189739394004,-147.56209610397912,-148.64542798087325,12/09/2020 03:23,53.55,8.34,9.537391304347825,-14.639536231884058,12/09/2020,06/10/2020,28/03/2021,21/04/2021,BX266_20,1.0,m
Boskoop,40,2020,6,m,autumn,18.315244168290604,1138.2164415123564,-134.83153476500283,-153.14677893329343,14/09/2020 17:41,48.15,2.98,9.537391304347825,-14.639536231884058,12/09/2020,06/10/2020,28/03/2021,21/04/2021,BX266_20,1.0,m
Boskoop,40,2020,6,m,autumn,62.54503848913603,222.03485810919918,-102.19706990335433,-164.74210839249037,15/09/2020 04:24,40.5,-6.56,9.537391304347825,-14.639536231884058,12/09/2020,06/10/2020,28/03/2021,21/04/2021,BX266_20,1.0,m
Boskoop,40,2020,6,m,autumn,3.4525056249502484,252.11861724801756,-172.79100926106383,-169.3385036361136,16/09/2020 04:43,40.05,-9.11,9.537391304347825,-14.639536231884058,12/09/2020,06/10/2020,28/03/2021,21/04/2021,BX266_20,1.0,m
Boskoop,40,2020,6,m,autumn,10.682485803102963,150.11315097015344,180.0,-169.31751419689698,16/09/2020 18:12,37.8,-9.47,9.537391304347825,-14.639536231884058,12/09/2020,06/10/2020,28/03/2021,21/04/2021,BX266_20,1.0,m
Boskoop,40,2020,6,m,autumn,9.749267704364826,150.13781908479507,-178.9525984301877,-169.20333072582287,17/09/2020 18:12,36.0,-9.72,9.537391304347825,-14.639536231884058,12/09/2020,06/10/2020,28/03/2021,21/04/2021,BX266_20,1.0,m
Boskoop,40,2020,6,m,autumn,0.8042612632262092,101.76932008795089,-169.4757931121254,-168.67153184889918,20/09/2020 04:58,34.2,-9.8,9.537391304347825,-14.639536231884058,12/09/2020,06/10/2020,28/03/2021,21/04/2021,BX266_20,1.0,m
Boskoop,40,2020,6,m,autumn,6.315902071729084,451.93967366740196,-175.0699948436411,-168.754092771912,20/09/2020 18:07,33.3,-10.0,9.537391304347825,-14.639536231884058,12/09/2020,06/10/2020,28/03/2021,21/04/2021,BX266_20,1.0,m
Boskoop,40,2020,6,m,autumn,19.701197824673585,176.46260827018986,-148.0560861324507,-167.7572839571243,21/09/2020 18:07,29.25,-10.4,9.537391304347825,-14.639536231884058,12/09/2020,06/10/2020,28/03/2021,21/04/2021,BX266_20,1.0,m
Boskoop,40,2020,6,m,autumn,21.754848477085687,1048.7411540332116,-148.03763472353907,-169.79248320062476,22/09/2020 05:14,27.9,-11.35,9.537391304347825,-14.639536231884058,12/09/2020,06/10/2020,28/03/2021,21/04/2021,BX266_20,1.0,m
Boskoop,40,2020,6,m,autumn,16.353378907943693,100.51987787906602,-174.59506297021264,169.05155812184364,22/09/2020 18:26,19.8,-16.64,9.537391304347825,-14.639536231884058,12/09/2020,06/10/2020,28/03/2021,21/04/2021,BX266_20,1.0,m
Boskoop,40,2020,6,m,autumn,45.80754847687888,294.4913461910601,-147.94687262053975,166.24557890258134,05/10/2020 18:22,18.0,-16.73,9.537391304347825,-14.639536231884058,12/09/2020,06/10/2020,28/03/2021,21/04/2021,BX266_20,1.0,m
Boskoop,40,2020,6,m,spring,13.499663155434519,1064.7119913633385,9.011150563815534,22.510813719250066,10/04/2021 05:24,15.75,-17.88,53.5111,8.1056,12/09/2020,06/10/2020,28/03/2021,21/04/2021,BX266_20,1.0,m
Boskoop,40,2020,6,m,spring,12.253129707534328,103.16510756094203,14.004087419972878,26.25721712750721,10/04/2021 19:07,25.2,-16.23,53.5111,8.1056,12/09/2020,06/10/2020,28/03/2021,21/04/2021,BX266_20,1.0,m
Boskoop,40,2020,6,m,spring,16.06694205412927,917.6486665833373,10.603292128776241,26.670234182905503,12/04/2021 05:15,26.1,-15.98,53.5111,8.1056,12/09/2020,06/10/2020,28/03/2021,21/04/2021,BX266_20,1.0,m
Boskoop,40,2020,6,m,spring,26.491908786626567,402.50109809960077,5.856307690471132,32.3482164770977,15/04/2021 04:53,34.65,-13.6,53.5111,8.1056,12/09/2020,06/10/2020,28/03/2021,21/04/2021,BX266_20,1.0,m
Boskoop,40,2020,6,m,spring,16.196165069178107,591.0996504233069,20.575448267043733,36.77161333622183,15/04/2021 18:51,38.25,-13.13,53.5111,8.1056,12/09/2020,06/10/2020,28/03/2021,21/04/2021,BX266_20,1.0,m
Boskoop,40,2020,6,m,spring,24.642667350025278,985.4853018017733,68.17576523921889,43.533097889193606,19/04/2021 18:53,43.2,-10.57,53.5111,8.1056,12/09/2020,06/10/2020,28/03/2021,21/04/2021,BX266_20,1.0,m
Brick,41,2020,4,m,autumn,40.43838112086925,162.61516974294955,-127.20863940534755,-167.6470205262168,12/09/2020 17:45,53.55,8.34,6.061973684210526,-0.8710789473684211,12/09/2020,26/09/2020,04/04/2021,,BT691_20,0.0,m
Brick,41,2020,4,m,autumn,9.941196039696706,500.3771699005143,180.0,-170.05880396030332,13/09/2020 03:36,52.65,6.42,6.061973684210526,-0.8710789473684211,12/09/2020,26/09/2020,04/04/2021,,BT691_20,0.0,m
Brick,41,2020,4,m,autumn,9.161939073490032,250.28152182101795,-178.4050621190068,-169.24312304551677,13/09/2020 17:39,48.15,6.42,6.061973684210526,-0.8710789473684211,12/09/2020,26/09/2020,04/04/2021,,BT691_20,0.0,m
Brick,41,2020,4,m,autumn,36.52971613191954,780.9531299217532,-132.36406952152151,-168.89378565344106,14/09/2020 03:31,45.9,6.33,6.061973684210526,-0.8710789473684211,12/09/2020,26/09/2020,04/04/2021,,BT691_20,0.0,m
Brick,41,2020,4,m,autumn,0.3470355415023505,500.43802760326184,-179.07737758826607,-179.42441312976842,14/09/2020 17:45,40.95,-0.54,6.061973684210526,-0.8710789473684211,12/09/2020,26/09/2020,04/04/2021,,BT691_20,0.0,m
Brick,41,2020,4,m,autumn,61.728545047710725,986.2434219231897,-117.79754858166963,-179.52609362938037,15/09/2020 04:22,36.45,-0.63,6.061973684210526,-0.8710789473684211,12/09/2020,26/09/2020,04/04/2021,,BT691_20,0.0,m
Brick,41,2020,4,m,autumn,47.60389017250765,225.47817010496033,-152.29735091570276,160.0987589117896,16/09/2020 04:52,31.95,-9.88,6.061973684210526,-0.8710789473684211,12/09/2020,26/09/2020,04/04/2021,,BT691_20,0.0,m
Brick,41,2020,4,m,autumn,25.80121030957872,350.5305863778368,-177.73106097464736,156.46772871577392,17/09/2020 18:00,30.15,-10.97,6.061973684210526,-0.8710789473684211,12/09/2020,26/09/2020,04/04/2021,,BT691_20,0.0,m
Brick,41,2020,4,m,autumn,61.073877375043935,956.8218686983821,-145.7100106374822,153.21611198747385,18/09/2020 05:06,27.0,-11.11,6.061973684210526,-0.8710789473684211,12/09/2020,26/09/2020,04/04/2021,,BT691_20,0.0,m
Brick,41,2020,4,m,autumn,50.0369011861502,550.440455170622,-179.43990537945913,130.52319343439063,18/09/2020 18:25,19.8,-16.25,6.061973684210526,-0.8710789473684211,12/09/2020,26/09/2020,04/04/2021,,BT691_20,0.0,m
Brick,41,2020,4,m,autumn,118.56093279407833,550.4148868905662,0.0,118.56093279407833,21/09/2020 18:30,14.85,-16.26,6.061973684210526,-0.8710789473684211,12/09/2020,26/09/2020,04/04/2021,,BT691_20,0.0,m
Brick,41,2020,4,m,autumn,49.496714317548225,600.4526038806173,180.0,130.50328568245178,23/09/2020 05:27,19.8,-16.26,6.061973684210526,-0.8710789473684211,12/09/2020,26/09/2020,04/04/2021,,BT691_20,0.0,m
Brick,41,2020,4,m,autumn,17.622495785190438,841.7386634883618,134.9130296915939,117.29053390640345,23/09/2020 18:15,14.4,-16.26,6.061973684210526,-0.8710789473684211,12/09/2020,26/09/2020,04/04/2021,,BT691_20,0.0,m
Brick,41,2020,4,m,autumn,61.64362962664629,139.8021192933137,44.21634989905763,105.85997952570392,24/09/2020 05:11,9.0,-10.84,6.061973684210526,-0.8710789473684211,12/09/2020,26/09/2020,04/04/2021,,BT691_20,0.0,m
Brick,41,2020,4,m,autumn,78.54590509202764,909.5298014868536,33.891406269963056,112.4373113619907,24/09/2020 17:55,9.9,-9.95,6.061973684210526,-0.8710789473684211,12/09/2020,26/09/2020,04/04/2021,,BT691_20,0.0,m
Cosima,43,2016,6,f,autumn,57.80944400732963,791.5738870738169,-112.06744185555252,-169.87688586288215,25/07/2016 01:50,53.55,8.34,5.855769230769231,0.7843076923076923,25/07/2016,09/08/2016,11/03/2017,01/04/2017,Z443,1.0,f
Cosima,43,2016,6,f,autumn,31.187826565610578,112.22929850496057,-152.81466883738617,175.99750459700326,27/07/2016 02:55,50.4,-2.04,5.855769230769231,0.7843076923076923,25/07/2016,09/08/2016,11/03/2017,01/04/2017,Z443,1.0,f
Cosima,43,2016,6,f,autumn,29.529277281504733,653.0773387203766,-155.5588492207572,174.9118734977381,27/07/2016 19:38,49.5,-2.75,5.855769230769231,0.7843076923076923,25/07/2016,09/08/2016,11/03/2017,01/04/2017,Z443,1.0,f
Cosima,43,2016,6,f,autumn,16.329730554954494,100.34095982503032,-175.79984301641738,167.87042642862812,28/07/2016 19:33,43.65,-6.75,5.855769230769231,0.7843076923076923,25/07/2016,09/08/2016,11/03/2017,01/04/2017,Z443,1.0,f
Cosima,43,2016,6,f,autumn,33.153139551730135,1270.743657150318,-159.36669858440928,167.4801618638606,29/07/2016 03:50,42.75,-6.84,5.855769230769231,0.7843076923076923,25/07/2016,09/08/2016,11/03/2017,01/04/2017,Z443,1.0,f
Cosima,43,2016,6,f,autumn,42.796439118067724,156.3487581116664,-163.64320832757645,153.5603525543558,29/07/2016 19:18,31.95,-11.56,5.855769230769231,0.7843076923076923,25/07/2016,09/08/2016,11/03/2017,01/04/2017,Z443,1.0,f
Cosima,43,2016,6,f,autumn,28.5041914119048,100.07543398010371,180.0,151.4958085880952,30/07/2016 04:20,30.6,-12.02,5.855769230769231,0.7843076923076923,25/07/2016,09/08/2016,11/03/2017,01/04/2017,Z443,1.0,f
Cosima,43,2016,6,f,autumn,53.88600983793958,1091.5624872773599,-155.46820553462035,150.6457846274401,30/07/2016 19:08,29.7,-12.02,5.855769230769231,0.7843076923076923,25/07/2016,09/08/2016,11/03/2017,01/04/2017,Z443,1.0,f
Cosima,43,2016,6,f,autumn,50.6354324007838,300.22630194030864,180.0,129.3645675992162,05/08/2016 05:24,20.7,-16.36,5.855769230769231,0.7843076923076923,25/07/2016,09/08/2016,11/03/2017,01/04/2017,Z443,1.0,f
Cosima,43,2016,6,f,autumn,56.14524920835203,500.3771699005143,180.0,123.85475079164799,05/08/2016 19:02,18.0,-16.36,5.855769230769231,0.7843076923076923,25/07/2016,09/08/2016,11/03/2017,01/04/2017,Z443,1.0,f
Cosima,43,2016,6,f,autumn,9.343058576209728,767.9002420870535,120.79932535588343,111.45626677967371,07/08/2016 05:24,13.05,-16.36,5.855769230769231,0.7843076923076923,25/07/2016,09/08/2016,11/03/2017,01/04/2017,Z443,1.0,f
Cosima,43,2016,6,f,autumn,66.45993732107169,302.0369413029677,173.70082113620168,107.24088381512999,07/08/2016 18:38,9.45,-10.35,5.855769230769231,0.7843076923076923,25/07/2016,09/08/2016,11/03/2017,01/04/2017,Z443,1.0,f
Cosima,43,2016,6,f,autumn,2.3307677542468355,1218.870550659924,96.47195722652027,94.14118947227342,08/08/2016 18:08,6.75,-10.04,5.855769230769231,0.7843076923076923,25/07/2016,09/08/2016,11/03/2017,01/04/2017,Z443,1.0,f
Cosima,43,2016,6,f,spring,26.39482085476513,1124.9709104850479,-20.636378004085376,5.758442850679744,11/03/2017 17:38,5.85,0.9,53.5111,8.1056,25/07/2016,09/08/2016,11/03/2017,01/04/2017,Z443,1.0,f
Cosima,43,2016,6,f,spring,12.688395129711466,100.16694722273228,-2.443975204546185,10.244419925165275,12/03/2017 17:43,15.3,-2.78,53.5111,8.1056,25/07/2016,09/08/2016,11/03/2017,01/04/2017,Z443,1.0,f
Cosima,43,2016,6,f,spring,116.26994219660112,864.6881222299481,-105.78717544607889,10.482766750522227,13/03/2017 17:54,16.2,-2.82,53.5111,8.1056,25/07/2016,09/08/2016,11/03/2017,01/04/2017,Z443,1.0,f
Cosima,43,2016,6,f,spring,171.04857688507485,403.6867619359768,-172.52176726684957,16.42965584807558,15/03/2017 05:20,13.95,-10.53,53.5111,8.1056,25/07/2016,09/08/2016,11/03/2017,01/04/2017,Z443,1.0,f
Cosima,43,2016,6,f,spring,46.05031448493273,464.61111228639476,-30.28842190965275,15.761892575279974,15/03/2017 18:28,10.35,-11.01,53.5111,8.1056,25/07/2016,09/08/2016,11/03/2017,01/04/2017,Z443,1.0,f
Cosima,43,2016,6,f,spring,170.76302543474594,101.381074753587,-170.7769775822514,18.459996983002664,17/03/2017 05:35,13.95,-13.18,53.5111,8.1056,25/07/2016,09/08/2016,11/03/2017,01/04/2017,Z443,1.0,f
Cosima,43,2016,6,f,spring,18.434841499820067,150.11315097015415,0.0,18.434841499820074,18/03/2017 18:39,13.5,-13.35,53.5111,8.1056,25/07/2016,09/08/2016,11/03/2017,01/04/2017,Z443,1.0,f
Cosima,43,2016,6,f,spring,40.79409168865209,1136.5284098250734,-21.76516388682229,19.02892780182978,19/03/2017 18:48,14.85,-13.52,53.5111,8.1056,25/07/2016,09/08/2016,11/03/2017,01/04/2017,Z443,1.0,f
Cosima,43,2016,6,f,spring,15.494294597131017,102.26520366250682,11.833088174784933,27.327382771915953,25/03/2017 19:03,25.2,-17.61,53.5111,8.1056,25/07/2016,09/08/2016,11/03/2017,01/04/2017,Z443,1.0,f
Cosima,43,2016,6,f,spring,26.545381707497484,400.3993686796973,1.2448362682355576,27.790217975733043,26/03/2017 05:25,26.1,-17.4,53.5111,8.1056,25/07/2016,09/08/2016,11/03/2017,01/04/2017,Z443,1.0,f
Cosima,43,2016,6,f,spring,37.615534861846925,277.32312552910463,68.17576899376625,30.56023413191933,26/03/2017 18:43,29.7,-17.31,53.5111,8.1056,25/07/2016,09/08/2016,11/03/2017,01/04/2017,Z443,1.0,f
Cosima,43,2016,6,f,spring,4.9562210358078005,426.16142937449524,34.05276879192399,29.09654775611619,27/03/2017 05:21,30.6,-14.62,53.5111,8.1056,25/07/2016,09/08/2016,11/03/2017,01/04/2017,Z443,1.0,f
Cosima,43,2016,6,f,spring,20.37760221715439,157.3254963074201,50.129480612919814,29.75187839576543,29/03/2017 05:00,33.75,-12.04,53.5111,8.1056,25/07/2016,09/08/2016,11/03/2017,01/04/2017,Z443,1.0,f
Cosima,43,2016,6,f,spring,2.498121773694379,1209.7918009599273,31.84009253053157,29.341970756837195,29/03/2017 18:33,34.65,-10.72,53.5111,8.1056,25/07/2016,09/08/2016,11/03/2017,01/04/2017,Z443,1.0,f
Cosima,44,2017,7,f,autumn,63.11034784955149,707.4257497806078,-106.76653801333065,-169.87688586288215,01/08/2017 02:01,53.55,8.34,5.855769230769231,0.7843076923076923,01/08/2017,19/08/2017,16/03/2018,07/04/2018,BD680_17,0.0,f
Cosima,44,2017,7,f,autumn,24.99223862860015,268.5978858774501,-158.13598444053184,176.87177693086804,04/08/2017 19:19,50.85,-1.44,5.855769230769231,0.7843076923076923,01/08/2017,19/08/2017,16/03/2018,07/04/2018,BD680_17,0.0,f
Cosima,44,2017,7,f,autumn,43.9223362431473,1048.4195103969485,-141.32421109651784,174.75345266033486,05/08/2017 19:24,48.6,-2.8,5.855769230769231,0.7843076923076923,01/08/2017,19/08/2017,16/03/2018,07/04/2018,BD680_17,0.0,f
Cosima,44,2017,7,f,autumn,39.635475608132424,1207.7781992548234,-161.09772366689594,159.26680072497163,07/08/2017 04:16,40.05,-11.25,5.855769230769231,0.7843076923076923,01/08/2017,19/08/2017,16/03/2018,07/04/2018,BD680_17,0.0,f
Cosima,44,2017,7,f,autumn,54.80401737638499,211.76849098224895,-160.76007191777046,144.43591070584458,07/08/2017 19:19,29.7,-15.28,5.855769230769231,0.7843076923076923,01/08/2017,19/08/2017,16/03/2018,07/04/2018,BD680_17,0.0,f
Cosima,44,2017,7,f,autumn,45.245629133989496,956.1434622898631,-173.6769968952743,141.07737397073623,08/08/2017 05:05,27.9,-15.99,5.855769230769231,0.7843076923076923,01/08/2017,19/08/2017,16/03/2018,07/04/2018,BD680_17,0.0,f
Cosima,44,2017,7,f,autumn,66.06505454637261,101.86050625953335,-169.22891507596674,124.70603037766062,10/08/2017 19:14,18.9,-16.99,5.855769230769231,0.7843076923076923,01/08/2017,19/08/2017,16/03/2018,07/04/2018,BD680_17,0.0,f
Cosima,44,2017,7,f,autumn,21.624788819949856,1236.9705695150208,143.14731953908048,121.52253071913061,15/08/2017 05:30,17.55,-17.17,5.855769230769231,0.7843076923076923,01/08/2017,19/08/2017,16/03/2018,07/04/2018,BD680_17,0.0,f
Cosima,44,2017,7,f,autumn,76.52954311000292,100.08148851801695,179.36904577614754,102.8395026661446,15/08/2017 18:34,8.55,-10.45,5.855769230769231,0.7843076923076923,01/08/2017,19/08/2017,16/03/2018,07/04/2018,BD680_17,0.0,f
Cosima,44,2017,7,f,autumn,53.22882634024472,113.22111141200395,152.08497369846967,98.85614735822494,16/08/2017 18:18,7.65,-9.99,5.855769230769231,0.7843076923076923,01/08/2017,19/08/2017,16/03/2018,07/04/2018,BD680_17,0.0,f
Cosima,44,2017,7,f,autumn,50.03707185611023,570.5545284905336,141.98366422163963,91.94659236552938,17/08/2017 18:05,6.3,-9.46,5.855769230769231,0.7843076923076923,01/08/2017,19/08/2017,16/03/2018,07/04/2018,BD680_17,0.0,f
Cosima,44,2017,7,f,autumn,58.189158046410455,291.68149198832924,120.93854770548208,62.74938965907163,18/08/2017 05:00,2.25,-6.3,5.855769230769231,0.7843076923076923,01/08/2017,19/08/2017,16/03/2018,07/04/2018,BD680_17,0.0,f
Cosima,44,2017,7,f,autumn,1.7385998557280118,814.4311820757509,42.384078118292216,44.122677974020235,18/08/2017 17:48,0.9,-4.05,5.855769230769231,0.7843076923076923,01/08/2017,19/08/2017,16/03/2018,07/04/2018,BD680_17,0.0,f
Cosima,44,2017,7,f,spring,25.35737248295382,744.0383893019102,-19.51580422715199,5.841568255801842,16/03/2018 17:39,6.75,0.9,53.5111,8.1056,01/08/2017,19/08/2017,16/03/2018,07/04/2018,BD680_17,0.0,f
Cosima,44,2017,7,f,spring,90.78228824820467,832.0535293936914,-82.20954115829315,8.572747089911514,17/03/2018 17:45,13.05,-1.39,53.5111,8.1056,01/08/2017,19/08/2017,16/03/2018,07/04/2018,BD680_17,0.0,f
Cosima,44,2017,7,f,spring,162.5413930393229,1123.0852675908295,-147.30505701007667,15.236336029246257,19/03/2018 05:30,13.95,-9.03,53.5111,8.1056,01/08/2017,19/08/2017,16/03/2018,07/04/2018,BD680_17,0.0,f
Cosima,44,2017,7,f,spring,40.31717349246085,1147.868945175276,-23.437098245179623,16.880075247281223,21/03/2018 18:44,4.95,-14.51,53.5111,8.1056,01/08/2017,19/08/2017,16/03/2018,07/04/2018,BD680_17,0.0,f
Cosima,44,2017,7,f,spring,7.343901128155551,1351.003414680183,15.098597783412465,22.44249891156801,27/03/2018 18:58,14.4,-18.58,53.5111,8.1056,01/08/2017,19/08/2017,16/03/2018,07/04/2018,BD680_17,0.0,f
Cosima,44,2017,7,f,spring,154.10235524544152,100.075433980103,180.0,25.8976447545585,01/04/2018 18:48,26.1,-15.04,53.5111,8.1056,01/08/2017,19/08/2017,16/03/2018,07/04/2018,BD680_17,0.0,f
Cosima,44,2017,7,f,spring,1.0791633643482328,1186.8897248300602,26.37258212322141,25.293418758873173,03/04/2018 05:07,25.2,-15.04,53.5111,8.1056,01/08/2017,19/08/2017,16/03/2018,07/04/2018,BD680_17,0.0,f
Cosima,44,2017,7,f,spring,27.70451329579032,100.07543398010229,0.0,27.704513295790314,05/04/2018 04:47,34.65,-9.3,53.5111,8.1056,01/08/2017,19/08/2017,16/03/2018,07/04/2018,BD680_17,0.0,f
Cosima,44,2017,7,f,spring,1.802103623014716,1084.9491844301317,26.950820152021066,28.752923775035775,05/04/2018 18:39,35.55,-9.3,53.5111,8.1056,01/08/2017,19/08/2017,16/03/2018,07/04/2018,BD680_17,0.0,f
Cosima,44,2017,7,f,spring,145.8852136898691,100.075433980103,180.0,34.1147863101309,06/04/2018 04:11,44.1,-3.16,53.5111,8.1056,01/08/2017,19/08/2017,16/03/2018,07/04/2018,BD680_17,0.0,f
Cosima,45,2018,8,f,autumn,51.664014574110496,1088.744667467344,-118.21287128877165,-169.87688586288215,05/08/2018 02:31,53.55,8.34,5.855769230769231,0.7843076923076923,05/08/2018,19/08/2018,,,BL158_18,0.0,f
Cosima,45,2018,8,f,autumn,51.565911878435145,1298.4906274331936,-136.60382019243627,171.83026792912855,06/08/2018 19:19,48.15,-4.76,5.855769230769231,0.7843076923076923,05/08/2018,19/08/2018,,,BL158_18,0.0,f
Cosima,45,2018,8,f,autumn,27.39769302013616,100.075433980103,180.0,152.60230697986384,07/08/2018 04:47,39.15,-15.09,5.855769230769231,0.7843076923076923,05/08/2018,19/08/2018,,,BL158_18,0.0,f
Cosima,45,2018,8,f,autumn,41.27698242666622,1332.0828287739084,-166.69944138711767,152.02357618621608,07/08/2018 19:35,38.25,-15.09,5.855769230769231,0.7843076923076923,05/08/2018,19/08/2018,,,BL158_18,0.0,f
Cosima,45,2018,8,f,autumn,35.31491794022003,354.6223779490632,170.88870082876616,135.57378288854613,08/08/2018 05:21,26.55,-18.15,5.855769230769231,0.7843076923076923,05/08/2018,19/08/2018,,,BL158_18,0.0,f
Cosima,45,2018,8,f,autumn,47.65668068553666,200.1508679602053,180.0,132.34331931446334,09/08/2018 19:15,23.4,-17.33,5.855769230769231,0.7843076923076923,05/08/2018,19/08/2018,,,BL158_18,0.0,f
Cosima,45,2018,8,f,autumn,41.25226457328915,101.4416276802308,170.55689299914977,129.3046284258606,10/08/2018 19:20,21.6,-17.33,5.855769230769231,0.7843076923076923,05/08/2018,19/08/2018,,,BL158_18,0.0,f
Cosima,45,2018,8,f,autumn,51.662084481666966,150.11315097015415,180.0,128.33791551833303,14/08/2018 19:10,20.7,-16.94,5.855769230769231,0.7843076923076923,05/08/2018,19/08/2018,,,BL158_18,0.0,f
Cosima,45,2018,8,f,autumn,14.274816727100529,1043.1334800334039,139.23395304585725,124.95913631875672,17/08/2018 05:21,18.9,-16.84,5.855769230769231,0.7843076923076923,05/08/2018,19/08/2018,,,BL158_18,0.0,f
Cosima,45,2018,8,f,autumn,44.755429462127154,834.1283703843899,71.75538012558994,116.51080958771709,18/08/2018 05:16,11.7,-10.59,5.855769230769231,0.7843076923076923,05/08/2018,19/08/2018,,,BL158_18,0.0,f
Cosima,46,2019,9,f,autumn,44.768133969060614,334.80276861901336,-125.10875189382152,-169.87688586288215,09/08/2019 19:08,53.55,8.34,5.855769230769231,0.7843076923076923,09/08/2019,28/08/2019,,,BS708_19,1.0,f
Cosima,46,2019,9,f,autumn,61.67428268290996,550.7345426487312,-114.36679020434103,-176.041072887251,12/08/2019 18:58,50.85,3.6,5.855769230769231,0.7843076923076923,09/08/2019,28/08/2019,,,BS708_19,1.0,f
Cosima,46,2019,9,f,autumn,15.339123971737308,1113.6008288339567,-170.53490179060822,174.12597423765445,14/08/2019 19:02,48.6,-3.23,5.855769230769231,0.7843076923076923,09/08/2019,28/08/2019,,,BS708_19,1.0,f
Cosima,46,2019,9,f,autumn,43.190633103277946,176.5037594755293,-147.93440461204972,168.8749622846723,16/08/2019 04:19,38.7,-5.33,5.855769230769231,0.7843076923076923,09/08/2019,28/08/2019,,,BS708_19,1.0,f
Cosima,46,2019,9,f,autumn,38.509579807634054,929.9052652835512,-154.98527657422352,166.5051436181424,16/08/2019 18:58,37.35,-6.39,5.855769230769231,0.7843076923076923,09/08/2019,28/08/2019,,,BS708_19,1.0,f
Cosima,46,2019,9,f,autumn,77.34613425000725,315.2631943459319,-128.7996020579592,153.85426369203358,17/08/2019 04:34,29.7,-10.45,5.855769230769231,0.7843076923076923,09/08/2019,28/08/2019,,,BS708_19,1.0,f
Cosima,46,2019,9,f,autumn,60.67218482213741,840.3685712590158,-152.4486820645229,146.8791331133397,17/08/2019 18:58,27.9,-12.95,5.855769230769231,0.7843076923076923,09/08/2019,28/08/2019,,,BS708_19,1.0,f
Cosima,46,2019,9,f,autumn,41.86174537219952,252.26367091816468,172.59057316034753,130.728827788148,23/08/2019 18:58,21.6,-16.52,5.855769230769231,0.7843076923076923,09/08/2019,28/08/2019,,,BS708_19,1.0,f
Cosima,46,2019,9,f,autumn,37.40322078766678,830.0720355396898,164.38532707063223,126.98210628296545,24/08/2019 18:53,19.35,-16.21,5.855769230769231,0.7843076923076923,09/08/2019,28/08/2019,,,BS708_19,1.0,f
Cosima,46,2019,9,f,autumn,7.1161642769202444,103.23669587704319,118.90579402421353,111.7896297472933,25/08/2019 05:34,12.15,-14.16,5.855769230769231,0.7843076923076923,09/08/2019,28/08/2019,,,BS708_19,1.0,f
Cosima,46,2019,9,f,autumn,34.50194281926741,704.7350732847018,77.03437203497836,111.53631485424576,26/08/2019 05:20,11.7,-13.33,5.855769230769231,0.7843076923076923,09/08/2019,28/08/2019,,,BS708_19,1.0,f
Cupido,47,2019,5,m,autumn,96.38790429390355,600.7664438079895,-86.33737499395424,177.27472071214223,25/08/2019 18:27,53.55,8.34,-16.372936400541274,11.008457374830853,25/08/2019,21/09/2019,26/03/2020,04/05/2020,BS735_19,1.0,m
Cupido,47,2019,5,m,autumn,77.8755806450807,100.41423168462785,89.388661861559,167.2642425066397,27/08/2019 03:14,53.55,-1.52,-16.372936400541274,11.008457374830853,25/08/2019,21/09/2019,26/03/2020,04/05/2020,BS735_19,1.0,m
Cupido,47,2019,5,m,autumn,38.93599262953319,224.87540636176087,-152.26693834198753,168.79706902847926,28/08/2019 03:39,53.55,0.0,-16.372936400541274,11.008457374830853,25/08/2019,21/09/2019,26/03/2020,04/05/2020,BS735_19,1.0,m
Cupido,47,2019,5,m,autumn,23.81728564816717,457.9774815571011,-169.06474663063707,167.11796772119573,28/08/2019 18:33,51.75,-1.52,-16.372936400541274,11.008457374830853,25/08/2019,21/09/2019,26/03/2020,04/05/2020,BS735_19,1.0,m
Cupido,47,2019,5,m,autumn,44.32715806881265,1067.3680616081028,-150.75541631442417,164.91742561676315,31/08/2019 18:32,47.7,-3.26,-16.372936400541274,11.008457374830853,25/08/2019,21/09/2019,26/03/2020,04/05/2020,BS735_19,1.0,m
Cupido,47,2019,5,m,autumn,36.96706421468281,822.9714112229778,-165.96459763045493,157.06833815486226,01/09/2019 04:29,39.15,-9.29,-16.372936400541274,11.008457374830853,25/08/2019,21/09/2019,26/03/2020,04/05/2020,BS735_19,1.0,m
Cupido,47,2019,5,m,autumn,35.76247091977234,303.4360591104025,-171.5394093736243,152.6981197066034,01/09/2019 18:48,31.95,-11.4,-16.372936400541274,11.008457374830853,25/08/2019,21/09/2019,26/03/2020,04/05/2020,BS735_19,1.0,m
Cupido,47,2019,5,m,autumn,53.76647407880819,1312.4941632691566,-155.0449627744276,151.18856314676418,02/09/2019 18:48,29.25,-11.86,-16.372936400541274,11.008457374830853,25/08/2019,21/09/2019,26/03/2020,04/05/2020,BS735_19,1.0,m
Cupido,47,2019,5,m,autumn,22.517501241078094,626.0648674250309,117.87274956225818,140.39025080333627,13/09/2019 05:24,18.45,-16.56,-16.372936400541274,11.008457374830853,25/08/2019,21/09/2019,26/03/2020,04/05/2020,BS735_19,1.0,m
Cupido,47,2019,5,m,autumn,55.717611210169906,977.0175274555901,88.75844005036845,144.47605126053836,14/09/2019 04:59,15.75,-11.39,-16.372936400541274,11.008457374830853,25/08/2019,21/09/2019,26/03/2020,04/05/2020,BS735_19,1.0,m
Cupido,47,2019,5,m,autumn,14.696580492321345,656.8285277694603,171.93305354992575,157.2364730576044,14/09/2019 17:42,15.75,-2.26,-16.372936400541274,11.008457374830853,25/08/2019,21/09/2019,26/03/2020,04/05/2020,BS735_19,1.0,m
Cupido,47,2019,5,m,autumn,43.69201410101812,275.482011104293,111.10611851812898,154.7981326191471,15/09/2019 17:28,9.9,-1.42,-16.372936400541274,11.008457374830853,25/08/2019,21/09/2019,26/03/2020,04/05/2020,BS735_19,1.0,m
Cupido,47,2019,5,m,autumn,23.486899868908523,211.94916495785733,134.99157329807113,158.47847316697965,16/09/2019 04:19,9.0,0.92,-16.372936400541274,11.008457374830853,25/08/2019,21/09/2019,26/03/2020,04/05/2020,BS735_19,1.0,m
Cupido,47,2019,5,m,autumn,10.677863684037817,984.4643795708682,149.5766122036343,160.25447588767213,16/09/2019 17:07,7.65,2.28,-16.372936400541274,11.008457374830853,25/08/2019,21/09/2019,26/03/2020,04/05/2020,BS735_19,1.0,m
Cupido,47,2019,5,m,autumn,30.808148989548272,212.28223160742496,135.00795289220468,165.81610188175296,17/09/2019 04:10,0.0,6.75,-16.372936400541274,11.008457374830853,25/08/2019,21/09/2019,26/03/2020,04/05/2020,BS735_19,1.0,m
Cupido,47,2019,5,m,autumn,4.439913795490924,553.6638632319839,173.80399628201928,169.36408248652836,17/09/2019 16:57,-1.35,8.1,-16.372936400541274,11.008457374830853,25/08/2019,21/09/2019,26/03/2020,04/05/2020,BS735_19,1.0,m
Cupido,47,2019,5,m,autumn,22.30752000601447,674.5730386171408,144.92591723273938,167.23343723875385,18/09/2019 03:54,-6.3,8.64,-16.372936400541274,11.008457374830853,25/08/2019,21/09/2019,26/03/2020,04/05/2020,BS735_19,1.0,m
Cupido,47,2019,5,m,autumn,12.487483143735176,300.2263019403085,180.0,-167.5125168562648,19/09/2019 03:45,-11.25,12.19,-16.372936400541274,11.008457374830853,25/08/2019,21/09/2019,26/03/2020,04/05/2020,BS735_19,1.0,m
Cupido,47,2019,5,m,autumn,33.309725903950834,1163.6456501773882,171.74335676580185,-154.94691733024735,20/09/2019 16:28,-13.95,12.19,-16.372936400541274,11.008457374830853,25/08/2019,21/09/2019,26/03/2020,04/05/2020,BS735_19,1.0,m
Cupido,47,2019,5,m,spring,21.854015308072405,1373.2520928752463,-25.33091775865704,-3.476902450584624,26/03/2020 04:05,-24.3,13.83,53.5111,8.1056,25/08/2019,21/09/2019,26/03/2020,04/05/2020,BS735_19,1.0,m
Cupido,47,2019,5,m,spring,40.454787611689426,131.77357818054762,-40.671526986925,-0.21673937523557232,27/03/2020 04:09,-13.05,8.44,53.5111,8.1056,25/08/2019,21/09/2019,26/03/2020,04/05/2020,BS735_19,1.0,m
Cupido,47,2019,5,m,spring,0.29735391703871983,800.6034718408227,0.0,0.2973539170387195,27/03/2020 17:13,-12.15,7.65,53.5111,8.1056,25/08/2019,21/09/2019,26/03/2020,04/05/2020,BS735_19,1.0,m
Cupido,47,2019,5,m,spring,170.24078321017907,508.28909409892333,-169.92290232099808,0.31788088918101054,28/03/2020 04:09,-4.95,7.65,53.5111,8.1056,25/08/2019,21/09/2019,26/03/2020,04/05/2020,BS735_19,1.0,m
Cupido,47,2019,5,m,spring,64.68320961682028,449.456735119012,-63.83834984062677,0.8448597761935158,29/03/2020 04:19,-9.45,6.84,53.5111,8.1056,25/08/2019,21/09/2019,26/03/2020,04/05/2020,BS735_19,1.0,m
Cupido,47,2019,5,m,spring,3.71456678513087,350.2710092154872,-0.36305233789137165,3.351514447239511,31/03/2020 17:27,-7.2,3.18,53.5111,8.1056,25/08/2019,21/09/2019,26/03/2020,04/05/2020,BS735_19,1.0,m
Cupido,47,2019,5,m,spring,31.656630149222224,851.0423350661514,-28.17985585935357,3.4767742898686405,01/04/2020 04:44,-4.05,3.16,53.5111,8.1056,25/08/2019,21/09/2019,26/03/2020,04/05/2020,BS735_19,1.0,m
Cupido,47,2019,5,m,spring,30.39858181253129,1481.3516978765756,-23.88947566501102,6.509106147520259,04/04/2020 17:37,2.7,-0.45,53.5111,8.1056,25/08/2019,21/09/2019,26/03/2020,04/05/2020,BS735_19,1.0,m
Cupido,47,2019,5,m,spring,72.61174769750326,1240.979469081927,-59.600102372437895,13.011645325065363,06/04/2020 18:07,14.85,-6.05,53.5111,8.1056,25/08/2019,21/09/2019,26/03/2020,04/05/2020,BS735_19,1.0,m
Cupido,47,2019,5,m,spring,37.44474401886879,103.14201341142883,-13.964414240942604,23.480329777926183,20/04/2020 05:10,20.25,-16.36,53.5111,8.1056,25/08/2019,21/09/2019,26/03/2020,04/05/2020,BS735_19,1.0,m
Cupido,47,2019,5,m,spring,17.15090922339158,252.08539318806066,6.977391070414519,24.128300293806085,24/04/2020 05:09,21.15,-16.6,53.5111,8.1056,25/08/2019,21/09/2019,26/03/2020,04/05/2020,BS735_19,1.0,m
Cupido,47,2019,5,m,spring,5.002119574204613,641.2328858897283,30.176100378192515,25.173980803987895,24/04/2020 19:18,23.4,-16.3,53.5111,8.1056,25/08/2019,21/09/2019,26/03/2020,04/05/2020,BS735_19,1.0,m
Cupido,47,2019,5,m,spring,7.121124698347671,239.18904952949404,32.87203503604543,25.750910337697754,25/04/2020 18:58,28.35,-13.01,53.5111,8.1056,25/08/2019,21/09/2019,26/03/2020,04/05/2020,BS735_19,1.0,m
Cupido,47,2019,5,m,spring,25.901520202197673,200.1508679602053,0.0,25.90152020219766,27/04/2020 04:39,30.15,-11.66,53.5111,8.1056,25/08/2019,21/09/2019,26/03/2020,04/05/2020,BS735_19,1.0,m
Cupido,47,2019,5,m,spring,14.71083563712412,822.3482474719865,12.630749543485384,27.341585180609517,28/04/2020 19:07,31.95,-11.49,53.5111,8.1056,25/08/2019,21/09/2019,26/03/2020,04/05/2020,BS735_19,1.0,m
Cupido,47,2019,5,m,spring,16.05836479269604,633.9976687612349,17.93167900495048,33.990043797646514,29/04/2020 04:19,39.15,-9.41,53.5111,8.1056,25/08/2019,21/09/2019,26/03/2020,04/05/2020,BS735_19,1.0,m
Cupido,47,2019,5,m,spring,2.0953219615104786,945.0258390091694,39.15642073341066,41.25174269492114,01/05/2020 18:58,44.55,-6.32,53.5111,8.1056,25/08/2019,21/09/2019,26/03/2020,04/05/2020,BS735_19,1.0,m
Cupido,48,2020,6,m,autumn,44.33295791349053,1233.8966793662946,-150.83415582180393,164.83288626470554,12/09/2020 18:14,45.45,-3.07,-16.372936400541274,11.008457374830853,11/09/2020,01/10/2020,02/04/2021,04/05/2021,BX231_20,1.0,m
Cupido,48,2020,6,m,autumn,60.933779225570504,1214.1746121912036,-143.54614561135853,155.52007516307097,17/09/2020 18:18,35.1,-9.74,-16.372936400541274,11.008457374830853,11/09/2020,01/10/2020,02/04/2021,04/05/2021,BX231_20,1.0,m
Cupido,48,2020,6,m,autumn,29.27444641709286,100.68099642653661,173.6887588393186,144.41431242222575,21/09/2020 18:34,26.1,-16.84,-16.372936400541274,11.008457374830853,11/09/2020,01/10/2020,02/04/2021,04/05/2021,BX231_20,1.0,m
Cupido,48,2020,6,m,autumn,13.866672540698659,531.1247375755811,130.45271790430874,144.3193904450074,23/09/2020 05:20,25.2,-16.51,-16.372936400541274,11.008457374830853,11/09/2020,01/10/2020,02/04/2021,04/05/2021,BX231_20,1.0,m
Cupido,48,2020,6,m,autumn,10.060727556499785,340.2165796065623,136.93453817658798,146.99526573308776,23/09/2020 18:23,22.05,-12.59,-16.372936400541274,11.008457374830853,11/09/2020,01/10/2020,02/04/2021,04/05/2021,BX231_20,1.0,m
Cupido,48,2020,6,m,autumn,53.65474185617589,517.8633714318273,94.71649750836295,148.37123936453884,25/09/2020 05:01,19.8,-10.37,-16.372936400541274,11.008457374830853,11/09/2020,01/10/2020,02/04/2021,04/05/2021,BX231_20,1.0,m
Cupido,48,2020,6,m,autumn,7.8894855229360985,209.91727421784026,162.35725883717805,154.46777331424195,26/09/2020 04:46,19.35,-5.5,-16.372936400541274,11.008457374830853,11/09/2020,01/10/2020,02/04/2021,04/05/2021,BX231_20,1.0,m
Cupido,48,2020,6,m,autumn,21.729975229247174,585.2346326804918,132.59267470038486,154.32264992963204,26/09/2020 17:34,17.55,-4.9,-16.372936400541274,11.008457374830853,11/09/2020,01/10/2020,02/04/2021,04/05/2021,BX231_20,1.0,m
Cupido,48,2020,6,m,autumn,7.823640853391083,3367.8761135662953,150.57060747035408,158.39424832374516,30/09/2020 17:24,13.95,-0.9,-16.372936400541274,11.008457374830853,11/09/2020,01/10/2020,02/04/2021,04/05/2021,BX231_20,1.0,m
Cupido,48,2020,6,m,spring,86.83339136311955,531.7255481169628,-90.53476139317088,-3.701370030051335,02/04/2021 16:48,-12.6,13.81,53.5111,8.1056,11/09/2020,01/10/2020,02/04/2021,04/05/2021,BX231_20,1.0,m
Cupido,48,2020,6,m,spring,79.66997595495165,285.7173037513694,-80.19312031342751,-0.5231443584758552,03/04/2021 16:59,-12.6,8.91,53.5111,8.1056,11/09/2020,01/10/2020,02/04/2021,04/05/2021,BX231_20,1.0,m
Cupido,48,2020,6,m,spring,24.37852850113174,1411.804699196461,-23.213384746454885,1.1651437546768588,05/04/2021 04:25,-12.15,6.32,53.5111,8.1056,11/09/2020,01/10/2020,02/04/2021,04/05/2021,BX231_20,1.0,m
Cupido,48,2020,6,m,spring,94.94983381931131,150.10852091283436,-90.00530162836034,4.944532190950972,05/04/2021 17:29,-0.45,1.35,53.5111,8.1056,11/09/2020,01/10/2020,02/04/2021,04/05/2021,BX231_20,1.0,m
Cupido,48,2020,6,m,spring,32.48567791477703,111.88750656729498,-26.56540460879501,5.920273305982018,06/04/2021 04:35,-0.45,0.0,53.5111,8.1056,11/09/2020,01/10/2020,02/04/2021,04/05/2021,BX231_20,1.0,m
Cupido,48,2020,6,m,spring,159.75027025700248,111.88750656729498,-153.434595391205,6.315674865797482,07/04/2021 04:35,0.45,-0.45,53.5111,8.1056,11/09/2020,01/10/2020,02/04/2021,04/05/2021,BX231_20,1.0,m
Cupido,48,2020,6,m,spring,41.892617132359135,797.8243360180994,-35.32546862979977,6.567148502559365,07/04/2021 17:43,-0.45,-0.9,53.5111,8.1056,11/09/2020,01/10/2020,02/04/2021,04/05/2021,BX231_20,1.0,m
Cupido,48,2020,6,m,spring,158.58214438860782,942.6294657796386,-148.0213441690462,10.560800219561637,08/04/2021 17:59,5.4,-5.42,53.5111,8.1056,11/09/2020,01/10/2020,02/04/2021,04/05/2021,BX231_20,1.0,m
Cupido,48,2020,6,m,spring,19.741251092147138,403.4159505263532,-7.1262127073636234,12.61503838478351,11/04/2021 18:09,-1.8,-9.9,53.5111,8.1056,11/09/2020,01/10/2020,02/04/2021,04/05/2021,BX231_20,1.0,m
Cupido,48,2020,6,m,spring,50.414360601426125,501.3247877260116,-36.94290609684825,13.47145450457787,12/04/2021 05:21,1.8,-10.35,53.5111,8.1056,11/09/2020,01/10/2020,02/04/2021,04/05/2021,BX231_20,1.0,m
Cupido,48,2020,6,m,spring,48.62416893444407,714.5500310742792,-32.60566383337103,16.018505101073057,13/04/2021 18:29,5.4,-13.07,53.5111,8.1056,11/09/2020,01/10/2020,02/04/2021,04/05/2021,BX231_20,1.0,m
Cupido,48,2020,6,m,spring,23.256090388587154,200.50888386295807,-3.413562286381102,19.84252810220606,14/04/2021 18:49,10.8,-16.59,53.5111,8.1056,11/09/2020,01/10/2020,02/04/2021,04/05/2021,BX231_20,1.0,m
Cupido,48,2020,6,m,spring,20.51205156787603,100.07543398010283,0.0,20.512051567876018,15/04/2021 05:30,12.6,-16.7,53.5111,8.1056,11/09/2020,01/10/2020,02/04/2021,04/05/2021,BX231_20,1.0,m
Cupido,48,2020,6,m,spring,18.266807072858995,450.7990514386142,2.5632122468705125,20.830019319729498,19/04/2021 05:25,13.5,-16.7,53.5111,8.1056,11/09/2020,01/10/2020,02/04/2021,04/05/2021,BX231_20,1.0,m
Cupido,48,2020,6,m,spring,22.31376296104,500.3771699005143,0.0,22.313762961039995,19/04/2021 18:59,17.55,-16.51,53.5111,8.1056,11/09/2020,01/10/2020,02/04/2021,04/05/2021,BX231_20,1.0,m
Cupido,48,2020,6,m,spring,36.38251682390373,421.2217624193484,60.93476758228729,24.55225075838356,22/04/2021 05:10,22.05,-16.51,53.5111,8.1056,11/09/2020,01/10/2020,02/04/2021,04/05/2021,BX231_20,1.0,m
Cupido,48,2020,6,m,spring,2.4588359023017006,387.89659356495696,25.0997217324762,22.640885830174486,22/04/2021 19:08,23.85,-12.89,53.5111,8.1056,11/09/2020,01/10/2020,02/04/2021,04/05/2021,BX231_20,1.0,m
Cupido,48,2020,6,m,spring,18.665075273175944,250.95598667134442,4.435563524317385,23.10063879749333,25/04/2021 04:40,27.0,-11.23,53.5111,8.1056,11/09/2020,01/10/2020,02/04/2021,04/05/2021,BX231_20,1.0,m
Cupido,48,2020,6,m,spring,14.82711590356277,813.2233229520849,9.713118243253458,24.54023414681624,25/04/2021 19:03,29.25,-11.03,53.5111,8.1056,11/09/2020,01/10/2020,02/04/2021,04/05/2021,BX231_20,1.0,m
Cupido,48,2020,6,m,spring,30.727340256945666,100.07543398010229,0.0,30.72734025694566,26/04/2021 19:09,36.9,-9.5,53.5111,8.1056,11/09/2020,01/10/2020,02/04/2021,04/05/2021,BX231_20,1.0,m
Cupido,48,2020,6,m,spring,23.331794895382046,658.0494329502891,8.31695544016347,31.648750335545525,28/04/2021 19:19,38.25,-8.7,53.5111,8.1056,11/09/2020,01/10/2020,02/04/2021,04/05/2021,BX231_20,1.0,m
Cupido,48,2020,6,m,spring,0.9213152610583393,134.39403705364154,41.46455232660837,40.543237065550045,01/05/2021 19:14,45.0,-5.13,53.5111,8.1056,11/09/2020,01/10/2020,02/04/2021,04/05/2021,BX231_20,1.0,m
Cupido,48,2020,6,m,spring,6.858400205829014,183.02229847604607,34.4035334649288,41.261933670757806,02/05/2021 03:30,45.9,-3.98,53.5111,8.1056,11/09/2020,01/10/2020,02/04/2021,04/05/2021,BX231_20,1.0,m
Cupido,48,2020,6,m,spring,2.47114267350085,133.4621544462265,40.98988842442021,43.461031097921065,02/05/2021 19:19,47.25,-2.61,53.5111,8.1056,11/09/2020,01/10/2020,02/04/2021,04/05/2021,BX231_20,1.0,m
Danilo,49,2016,12,m,autumn,30.865690776556136,1205.367593628369,-137.90767209664227,-168.7733628731984,12/09/2016 17:42,53.55,8.34,5.354934687953556,-0.10582002902757619,12/09/2016,28/09/2016,28/03/2017,15/04/2017,Z449,1.0,m
Danilo,49,2016,12,m,autumn,42.30432631314716,1183.3683715230743,-140.54104843158686,177.15462525526596,15/09/2016 04:33,45.0,-1.93,5.354934687953556,-0.10582002902757619,12/09/2016,28/09/2016,28/03/2017,15/04/2017,Z449,1.0,m
Danilo,49,2016,12,m,autumn,19.196850779264338,100.07543398010371,180.0,160.80314922073566,17/09/2016 04:54,36.45,-10.32,5.354934687953556,-0.10582002902757619,12/09/2016,28/09/2016,28/03/2017,15/04/2017,Z449,1.0,m
Danilo,49,2016,12,m,autumn,55.370170427012226,1085.3540211107534,-144.30500319519825,160.3248263777895,17/09/2016 18:26,35.55,-10.32,5.354934687953556,-0.10582002902757619,12/09/2016,28/09/2016,28/03/2017,15/04/2017,Z449,1.0,m
Danilo,49,2016,12,m,autumn,18.827386960706548,1321.5920986596655,160.32924045997677,141.50185349927023,24/09/2016 05:28,27.45,-16.68,5.354934687953556,-0.10582002902757619,12/09/2016,28/09/2016,28/03/2017,15/04/2017,Z449,1.0,m
Danilo,49,2016,12,m,autumn,18.108258350946926,767.2264597376427,112.1656871534244,130.27394550437134,26/09/2016 05:13,16.2,-12.54,5.354934687953556,-0.10582002902757619,12/09/2016,28/09/2016,28/03/2017,15/04/2017,Z449,1.0,m
Danilo,49,2016,12,m,autumn,43.39368325981502,1865.7029900402629,-172.7532703774152,143.8530463627698,27/09/2016 17:37,13.5,-6.02,5.354934687953556,-0.10582002902757619,12/09/2016,28/09/2016,28/03/2017,15/04/2017,Z449,1.0,m
Danilo,49,2016,12,m,spring,84.71024249549346,1043.1909768842668,-73.45081834077135,11.25942415472211,28/03/2017 18:16,-3.15,-8.11,53.5111,8.1056,12/09/2016,28/09/2016,28/03/2017,15/04/2017,Z449,1.0,m
Danilo,49,2016,12,m,spring,107.40352440891053,130.09405150399434,-90.00459469167318,17.398929717237348,29/03/2017 18:37,-0.45,-17.1,53.5111,8.1056,12/09/2016,28/09/2016,28/03/2017,15/04/2017,Z449,1.0,m
Danilo,49,2016,12,m,spring,15.702162363916557,1001.6396757103598,2.400715153166905,18.10287751708346,30/03/2017 18:46,-0.45,-18.27,53.5111,8.1056,12/09/2016,28/09/2016,28/03/2017,15/04/2017,Z449,1.0,m
Danilo,49,2016,12,m,spring,4.0013509103801255,312.44645071636626,16.012590223406622,20.01394113378676,31/03/2017 05:53,8.55,-17.89,53.5111,8.1056,12/09/2016,28/09/2016,28/03/2017,15/04/2017,Z449,1.0,m
Danilo,49,2016,12,m,spring,40.36931393869412,212.9462034469376,-19.891830486199897,20.477483452494234,02/04/2017 05:39,11.7,-17.1,53.5111,8.1056,12/09/2016,28/09/2016,28/03/2017,15/04/2017,Z449,1.0,m
Danilo,49,2016,12,m,spring,21.55904059232907,200.150867960206,0.0,21.55904059232906,02/04/2017 18:52,13.5,-17.77,53.5111,8.1056,12/09/2016,28/09/2016,28/03/2017,15/04/2017,Z449,1.0,m
Danilo,49,2016,12,m,spring,10.512078572377902,357.8739357435422,11.740078774234572,22.25215734661247,03/04/2017 05:38,15.3,-17.77,53.5111,8.1056,12/09/2016,28/09/2016,28/03/2017,15/04/2017,Z449,1.0,m
Danilo,49,2016,12,m,spring,14.287580573957797,506.57875097558997,8.845708100951523,23.13328867490933,03/04/2017 18:57,18.45,-17.08,53.5111,8.1056,12/09/2016,28/09/2016,28/03/2017,15/04/2017,Z449,1.0,m
Danilo,49,2016,12,m,spring,45.54794001109403,153.07141027727266,70.63634966403544,25.088409652941408,04/04/2017 19:11,23.4,-16.19,53.5111,8.1056,12/09/2016,28/09/2016,28/03/2017,15/04/2017,Z449,1.0,m
Danilo,49,2016,12,m,spring,24.217310969455298,400.3067149333061,0.281494147923612,24.498805117378907,09/04/2017 05:08,24.3,-14.77,53.5111,8.1056,12/09/2016,28/09/2016,28/03/2017,15/04/2017,Z449,1.0,m
Danilo,49,2016,12,m,spring,10.939618185214954,942.4231401334796,16.369231209377368,27.30884939459233,10/04/2017 04:59,28.35,-14.75,53.5111,8.1056,12/09/2016,28/09/2016,28/03/2017,15/04/2017,Z449,1.0,m
Danilo,49,2016,12,m,spring,21.686393782557218,1120.863017974283,10.065435409832407,31.751829192389632,11/04/2017 04:44,36.45,-10.88,53.5111,8.1056,12/09/2016,28/09/2016,28/03/2017,15/04/2017,Z449,1.0,m
Danilo,50,2017,13,m,autumn,42.65468029719284,905.1376584453017,-128.32966591330674,-170.98434621049958,22/09/2017 17:24,48.15,6.07,5.354934687953556,-0.10582002902757619,22/09/2017,14/10/2017,31/03/2018,20/04/2018,BD668,1.0,m
Danilo,50,2017,13,m,autumn,15.29897514213576,763.642796984131,-168.83517527776,175.86584958010425,24/09/2017 04:36,42.75,-2.63,5.354934687953556,-0.10582002902757619,22/09/2017,14/10/2017,31/03/2018,20/04/2018,BD668,1.0,m
Danilo,50,2017,13,m,autumn,8.25124348616447,200.1508679602053,180.0,171.74875651383553,25/09/2017 04:41,36.0,-4.35,5.354934687953556,-0.10582002902757619,22/09/2017,14/10/2017,31/03/2018,20/04/2018,BD668,1.0,m
Danilo,50,2017,13,m,autumn,43.29430241168848,1132.0674289949573,-145.4167471638558,171.28895042445575,25/09/2017 17:54,34.2,-4.35,5.354934687953556,-0.10582002902757619,22/09/2017,14/10/2017,31/03/2018,20/04/2018,BD668,1.0,m
Danilo,50,2017,13,m,autumn,61.65174796301744,1355.5700679919883,-146.7731655034653,151.5750865335173,28/09/2017 18:05,25.65,-10.74,5.354934687953556,-0.10582002902757619,22/09/2017,14/10/2017,31/03/2018,20/04/2018,BD668,1.0,m
Danilo,50,2017,13,m,autumn,61.835227245730294,150.1131509701547,180.0,118.1647727542697,29/09/2017 05:26,15.3,-17.63,5.354934687953556,-0.10582002902757619,22/09/2017,14/10/2017,31/03/2018,20/04/2018,BD668,1.0,m
Danilo,50,2017,13,m,autumn,36.276603355865916,1190.7767310907077,151.4550147625592,115.17841140669329,10/10/2017 05:31,13.95,-17.34,5.354934687953556,-0.10582002902757619,22/09/2017,14/10/2017,31/03/2018,20/04/2018,BD668,1.0,m
Danilo,50,2017,13,m,autumn,89.08584887814129,150.1499581955156,178.73002985202578,89.64418097388446,12/10/2017 05:02,5.4,-12.21,5.354934687953556,-0.10582002902757619,22/09/2017,14/10/2017,31/03/2018,20/04/2018,BD668,1.0,m
Danilo,50,2017,13,m,autumn,42.71281337916912,932.1303913354819,126.04984561325956,83.33703223409044,12/10/2017 17:55,4.05,-12.18,5.354934687953556,-0.10582002902757619,22/09/2017,14/10/2017,31/03/2018,20/04/2018,BD668,1.0,m
Danilo,50,2017,13,m,autumn,31.50855724490026,1316.2874975989687,8.69892486896319,40.20748211386346,13/10/2017 17:35,-0.9,-5.41,5.354934687953556,-0.10582002902757619,22/09/2017,14/10/2017,31/03/2018,20/04/2018,BD668,1.0,m
Danilo,50,2017,13,m,spring,131.01661947268502,1050.0041940691563,-120.96468092513877,10.051938547546259,31/03/2018 17:50,10.8,-3.6,53.5111,8.1056,22/09/2017,14/10/2017,31/03/2018,20/04/2018,BD668,1.0,m
Danilo,50,2017,13,m,spring,34.627536473408554,159.2035598909674,-19.42913634267634,15.198400130732228,01/04/2018 18:15,5.85,-11.73,53.5111,8.1056,22/09/2017,14/10/2017,31/03/2018,20/04/2018,BD668,1.0,m
Danilo,50,2017,13,m,spring,165.74541523387495,200.22713578600036,-178.41565499716697,15.838929768958108,02/04/2018 05:31,7.2,-12.21,53.5111,8.1056,22/09/2017,14/10/2017,31/03/2018,20/04/2018,BD668,1.0,m
Danilo,50,2017,13,m,spring,15.46640209610672,250.18858495025725,0.0,15.466402096106734,02/04/2018 18:30,5.4,-12.26,53.5111,8.1056,22/09/2017,14/10/2017,31/03/2018,20/04/2018,BD668,1.0,m
Danilo,50,2017,13,m,spring,38.97590942698764,1309.1346671214687,-22.99446011333175,15.981449313655872,05/04/2018 18:30,7.65,-12.26,53.5111,8.1056,22/09/2017,14/10/2017,31/03/2018,20/04/2018,BD668,1.0,m
Danilo,50,2017,13,m,spring,23.09449026820974,900.6934190906118,0.3161777436424484,23.4106680118522,16/04/2018 05:16,18.9,-17.17,53.5111,8.1056,22/09/2017,14/10/2017,31/03/2018,20/04/2018,BD668,1.0,m
Danilo,50,2017,13,m,spring,44.60051625394476,354.81984460267944,72.82789539418803,28.227379140243283,16/04/2018 19:10,27.0,-17.12,53.5111,8.1056,22/09/2017,14/10/2017,31/03/2018,20/04/2018,BD668,1.0,m
Danilo,50,2017,13,m,spring,26.00954712405718,1100.8297737811313,0.0,26.009547124057185,17/04/2018 04:57,27.9,-13.67,53.5111,8.1056,22/09/2017,14/10/2017,31/03/2018,20/04/2018,BD668,1.0,m
Danilo,50,2017,13,m,spring,24.307648068035178,1290.7936744115848,60.44333331166994,36.135685243634754,18/04/2018 19:00,37.8,-13.18,53.5111,8.1056,22/09/2017,14/10/2017,31/03/2018,20/04/2018,BD668,1.0,m
Danilo,51,2018,14,m,autumn,52.204924532606356,1372.6371420940068,-116.56843834059207,-168.7733628731984,24/09/2018 03:46,53.55,8.34,5.354934687953556,-0.10582002902757619,24/09/2018,05/10/2018,,,BL153_18,0.0,m
Danilo,51,2018,14,m,autumn,31.54330939228771,1315.7591313979965,-160.18962310452298,168.26706750318928,26/09/2018 18:04,46.8,-7.96,5.354934687953556,-0.10582002902757619,24/09/2018,05/10/2018,,,BL153_18,0.0,m
Danilo,51,2018,14,m,autumn,30.85958336275519,151.1103723680472,-173.35909134540617,155.78132529183864,27/09/2018 18:08,35.55,-12.86,5.354934687953556,-0.10582002902757619,24/09/2018,05/10/2018,,,BL153_18,0.0,m
Danilo,51,2018,14,m,autumn,54.987839077661874,965.5669871732533,-150.48161646593138,154.53054445640672,28/09/2018 05:25,34.2,-13.05,5.354934687953556,-0.10582002902757619,24/09/2018,05/10/2018,,,BL153_18,0.0,m
Danilo,51,2018,14,m,autumn,29.801823533076345,1276.0327294446888,168.13782164571262,138.33599811263628,30/09/2018 05:36,26.55,-17.82,5.354934687953556,-0.10582002902757619,24/09/2018,05/10/2018,,,BL153_18,0.0,m
Danilo,51,2018,14,m,autumn,28.964139158369363,1112.5272882465347,93.82193420257417,122.78607336094353,02/10/2018 18:09,15.3,-14.92,5.354934687953556,-0.10582002902757619,24/09/2018,05/10/2018,,,BL153_18,0.0,m
Danilo,51,2018,14,m,autumn,49.2855293965971,201.4471402388527,104.15944010085009,153.44496949744718,04/10/2018 04:41,14.4,-4.61,5.354934687953556,-0.10582002902757619,24/09/2018,05/10/2018,,,BL153_18,0.0,m
Djamila,52,2016,6,f,autumn,4.726593462830635,851.2611727141093,-158.6911706563818,-163.41776411921242,25/07/2016 19:45,49.95,-4.19,12.492600131319763,-14.658562048588314,24/07/2016,01/08/2016,21/03/2017,15/04/2017,Z448,1.0,f
Djamila,52,2016,6,f,autumn,4.174943531651593,1351.1057596122816,-162.9967303618698,-167.1716738935214,26/07/2016 03:12,42.75,-7.97,12.492600131319763,-14.658562048588314,24/07/2016,01/08/2016,21/03/2017,15/04/2017,Z448,1.0,f
Djamila,52,2016,6,f,autumn,2.379207661519132,1758.8231524047535,-174.35313353427463,-171.9739258727555,31/07/2016 19:09,30.6,-12.09,12.492600131319763,-14.658562048588314,24/07/2016,01/08/2016,21/03/2017,15/04/2017,Z448,1.0,f
Djamila,52,2016,6,f,spring,169.168990153643,353.93697774160034,-171.68224503368077,19.14876481267626,21/03/2017 05:36,14.85,-13.68,53.5111,8.1056,24/07/2016,01/08/2016,21/03/2017,15/04/2017,Z448,1.0,f
Djamila,52,2016,6,f,spring,117.53578254308596,307.04562941701937,-99.10056768247159,18.43521486061437,21/03/2017 18:40,11.7,-14.15,53.5111,8.1056,24/07/2016,01/08/2016,21/03/2017,15/04/2017,Z448,1.0,f
Djamila,52,2016,6,f,spring,162.2883535593577,100.17075589884442,-177.49643989669195,20.215206543950327,22/03/2017 05:37,11.25,-16.93,53.5111,8.1056,24/07/2016,01/08/2016,21/03/2017,15/04/2017,Z448,1.0,f
Djamila,52,2016,6,f,spring,19.95541308916262,100.07543398010283,0.0,19.95541308916262,25/03/2017 18:45,10.35,-16.97,53.5111,8.1056,24/07/2016,01/08/2016,21/03/2017,15/04/2017,Z448,1.0,f
Djamila,52,2016,6,f,spring,19.567665420348533,300.257560414238,0.822405903455157,20.390071323803703,03/04/2017 05:37,11.7,-16.97,53.5111,8.1056,24/07/2016,01/08/2016,21/03/2017,15/04/2017,Z448,1.0,f
Djamila,52,2016,6,f,spring,15.013635940830198,1007.1652649495454,6.3084073478182265,21.32204328864843,03/04/2017 18:51,14.4,-16.93,53.5111,8.1056,24/07/2016,01/08/2016,21/03/2017,15/04/2017,Z448,1.0,f
Djamila,52,2016,6,f,spring,9.254283727642132,1043.3156418844533,15.752642478429644,25.006926206071775,09/04/2017 18:50,23.85,-15.74,53.5111,8.1056,24/07/2016,01/08/2016,21/03/2017,15/04/2017,Z448,1.0,f
Djamila,52,2016,6,f,spring,20.0932414492581,152.18509139713308,9.391462460691892,29.48470390994999,10/04/2017 05:03,32.85,-12.72,53.5111,8.1056,24/07/2016,01/08/2016,21/03/2017,15/04/2017,Z448,1.0,f
Djamila,52,2016,6,f,spring,19.16456130553496,1331.8362704877854,11.342753675023049,30.507314980558018,12/04/2017 19:14,34.65,-11.79,53.5111,8.1056,24/07/2016,01/08/2016,21/03/2017,15/04/2017,Z448,1.0,f
Djamila,53,2017,7,f,autumn,32.69074469500322,700.5280378607196,180.0,-147.3092553049968,22/08/2017 02:36,53.55,8.34,12.492600131319763,-14.658562048588314,22/08/2017,19/10/2017,06/04/2018,01/05/2018,BD673_17,1.0,f
Djamila,53,2017,7,f,autumn,36.62757900707044,150.11315097015415,180.0,-143.37242099292956,22/08/2017 18:35,47.25,8.34,12.492600131319763,-14.658562048588314,22/08/2017,19/10/2017,06/04/2018,01/05/2018,BD673_17,1.0,f
Djamila,53,2017,7,f,autumn,5.860101531856486,339.0610934195432,-136.51341658220218,-142.37351811405867,23/08/2017 02:52,45.9,8.34,12.492600131319763,-14.658562048588314,22/08/2017,19/10/2017,06/04/2018,01/05/2018,BD673_17,1.0,f
Djamila,53,2017,7,f,autumn,38.20732718870778,874.8233432775814,-106.63518438058632,-144.84251156929412,24/08/2017 03:16,43.65,5.44,12.492600131319763,-14.658562048588314,22/08/2017,19/10/2017,06/04/2018,01/05/2018,BD673_17,1.0,f
Djamila,53,2017,7,f,autumn,14.557503619705273,1286.7700596156924,-146.5031524698374,-161.06065608954268,26/08/2017 04:21,40.5,-5.33,12.492600131319763,-14.658562048588314,22/08/2017,19/10/2017,06/04/2018,01/05/2018,BD673_17,1.0,f
Djamila,53,2017,7,f,autumn,5.518266103818064,100.08005277732087,-179.44700619892043,-173.92874009510237,26/08/2017 18:59,30.6,-12.72,12.492600131319763,-14.658562048588314,22/08/2017,19/10/2017,06/04/2018,01/05/2018,BD673_17,1.0,f
Djamila,53,2017,7,f,autumn,10.834539651344073,1349.8775619443325,-163.7381161181528,-174.57265576949686,29/08/2017 05:02,29.7,-13.01,12.492600131319763,-14.658562048588314,22/08/2017,19/10/2017,06/04/2018,01/05/2018,BD673_17,1.0,f
Djamila,53,2017,7,f,autumn,162.6390291971255,100.075433980103,0.0,162.6390291971255,01/09/2017 18:59,18.45,-16.56,12.492600131319763,-14.658562048588314,22/08/2017,19/10/2017,06/04/2018,01/05/2018,BD673_17,1.0,f
Djamila,53,2017,7,f,autumn,11.900280126134902,200.2862758665138,177.88148681516319,165.98120668902828,04/10/2017 18:24,19.8,-16.52,12.492600131319763,-14.658562048588314,22/08/2017,19/10/2017,06/04/2018,01/05/2018,BD673_17,1.0,f
Djamila,53,2017,7,f,autumn,164.4289428014608,200.2862758665138,-2.0958361654309816,162.3331066360298,06/10/2017 05:31,18.0,-16.45,12.492600131319763,-14.658562048588314,22/08/2017,19/10/2017,06/04/2018,01/05/2018,BD673_17,1.0,f
Djamila,53,2017,7,f,autumn,12.07172750806646,150.2941388808498,177.17651236415082,165.10478485608436,08/10/2017 05:33,19.35,-16.52,12.492600131319763,-14.658562048588314,22/08/2017,19/10/2017,06/04/2018,01/05/2018,BD673_17,1.0,f
Djamila,53,2017,7,f,autumn,167.43711533016915,452.17778532516246,-5.104008694139331,162.3331066360298,11/10/2017 05:32,18.0,-16.45,12.492600131319763,-14.658562048588314,22/08/2017,19/10/2017,06/04/2018,01/05/2018,BD673_17,1.0,f
Djamila,53,2017,7,f,autumn,172.92246400963288,251.49879662824307,-5.803642260619415,167.11882174901345,14/10/2017 18:14,21.6,-16.78,12.492600131319763,-14.658562048588314,22/08/2017,19/10/2017,06/04/2018,01/05/2018,BD673_17,1.0,f
Djamila,53,2017,7,f,autumn,5.7119888644282355,251.49879662824307,174.0997618545664,168.38777299013816,15/10/2017 05:36,23.85,-17.03,12.492600131319763,-14.658562048588314,22/08/2017,19/10/2017,06/04/2018,01/05/2018,BD673_17,1.0,f
Djamila,53,2017,7,f,autumn,178.01089861938675,203.70444670854522,-10.646738722322008,167.36415989706475,17/10/2017 05:41,22.05,-16.84,12.492600131319763,-14.658562048588314,22/08/2017,19/10/2017,06/04/2018,01/05/2018,BD673_17,1.0,f
Djamila,53,2017,7,f,autumn,1.6787016684684204,203.70444670854522,169.208969807189,167.53026813872057,17/10/2017 18:10,23.85,-17.21,12.492600131319763,-14.658562048588314,22/08/2017,19/10/2017,06/04/2018,01/05/2018,BD673_17,1.0,f
Djamila,53,2017,7,f,autumn,0.30575440052388103,1588.5398247102107,167.05840549654087,167.36415989706475,18/10/2017 18:14,22.05,-16.84,12.492600131319763,-14.658562048588314,22/08/2017,19/10/2017,06/04/2018,01/05/2018,BD673_17,1.0,f
Djamila,53,2017,7,f,spring,34.612529243749066,1209.4019402975405,-17.556863757389188,17.055665486359896,06/04/2018 18:40,8.1,-13.64,53.5111,8.1056,22/08/2017,19/10/2017,06/04/2018,01/05/2018,BD673_17,1.0,f
Djamila,53,2017,7,f,spring,13.475073514604276,1066.9670937235496,9.652888332575008,23.127961847179296,17/04/2018 19:05,18.9,-16.78,53.5111,8.1056,22/08/2017,19/10/2017,06/04/2018,01/05/2018,BD673_17,1.0,f
Djamila,53,2017,7,f,spring,16.88015735241484,203.6952490236668,10.610091866674384,27.49024921908923,18/04/2018 05:10,28.35,-14.96,53.5111,8.1056,22/08/2017,19/10/2017,06/04/2018,01/05/2018,BD673_17,1.0,f
Djamila,53,2017,7,f,spring,11.321846965365808,893.6029889469444,17.038321520524242,28.360168485890046,23/04/2018 04:36,30.6,-13.81,53.5111,8.1056,22/08/2017,19/10/2017,06/04/2018,01/05/2018,BD673_17,1.0,f
Djamila,53,2017,7,f,spring,5.160303430379514,757.0548947226647,29.257646678959272,34.41795010933879,27/04/2018 19:14,39.15,-9.75,53.5111,8.1056,22/08/2017,19/10/2017,06/04/2018,01/05/2018,BD673_17,1.0,f
Djamila,54,2018,8,f,autumn,23.268679267630063,1185.404185547303,-124.04057603736675,-147.3092553049968,30/08/2018 18:11,53.55,8.34,12.492600131319763,-14.658562048588314,30/08/2018,04/09/2018,01/04/2019,23/04/2019,BD679_18,0.0,f
Djamila,54,2018,8,f,autumn,8.09529786845377,1412.203372910323,-154.75842456665356,-162.85372243510733,01/09/2018 04:08,46.8,-4.6,12.492600131319763,-14.658562048588314,30/08/2018,04/09/2018,01/04/2019,23/04/2019,BD679_18,0.0,f
Djamila,54,2018,8,f,autumn,3.1310924632365413,2910.879570081293,-175.04726052803647,-171.91616806479993,03/09/2018 18:41,35.1,-11.46,12.492600131319763,-14.658562048588314,30/08/2018,04/09/2018,01/04/2019,23/04/2019,BD679_18,0.0,f
Djamila,54,2018,8,f,spring,47.891853978708156,699.6743946047982,-30.57815790041591,17.31369607829225,01/04/2019 05:32,9.0,-13.67,53.5111,8.1056,30/08/2018,04/09/2018,01/04/2019,23/04/2019,BD679_18,0.0,f
Djamila,54,2018,8,f,spring,21.71995462485978,750.5657548507714,0.0,21.719954624859795,05/04/2019 18:56,15.3,-17.0,53.5111,8.1056,30/08/2018,04/09/2018,01/04/2019,23/04/2019,BD679_18,0.0,f
Djamila,54,2018,8,f,spring,8.94389518124487,1406.1540011280492,15.240873790668605,24.18476897191347,15/04/2019 05:02,22.05,-16.03,53.5111,8.1056,30/08/2018,04/09/2018,01/04/2019,23/04/2019,BD679_18,0.0,f
Djamila,54,2018,8,f,spring,30.253020735038916,100.075433980103,0.0,30.25302073503892,15/04/2019 19:00,34.2,-12.04,53.5111,8.1056,30/08/2018,04/09/2018,01/04/2019,23/04/2019,BD679_18,0.0,f
Djamila,54,2018,8,f,spring,4.687730225274777,393.84685793897586,26.61957572905077,31.307305954325532,16/04/2019 04:22,35.1,-12.04,53.5111,8.1056,30/08/2018,04/09/2018,01/04/2019,23/04/2019,BD679_18,0.0,f
Djamila,54,2018,8,f,spring,24.817411640175067,912.0394747371276,8.496675162624586,33.314086802799665,16/04/2019 18:51,38.25,-10.02,53.5111,8.1056,30/08/2018,04/09/2018,01/04/2019,23/04/2019,BD679_18,0.0,f
Djamila,54,2018,8,f,spring,8.693897570678985,837.4598152973281,57.840796299857246,49.14689872917825,21/04/2019 19:11,46.35,-7.83,53.5111,8.1056,30/08/2018,04/09/2018,01/04/2019,23/04/2019,BD679_18,0.0,f
Djamila,54,2018,8,f,spring,45.1664828096398,170.9949111103255,89.08519264126524,43.91870983162543,22/04/2019 02:48,49.95,2.1,53.5111,8.1056,30/08/2018,04/09/2018,01/04/2019,23/04/2019,BD679_18,0.0,f
Djamila,55,2019,9,f,autumn,21.526913929407385,1149.6472094349656,-125.78234137558944,-147.3092553049968,23/08/2019 18:25,53.55,8.34,12.492600131319763,-14.658562048588314,23/08/2019,29/10/2019,11/04/2020,29/04/2020,BS728_19,1.0,f
Djamila,55,2019,9,f,autumn,24.46263385163749,1474.5615060144232,-137.3044283122076,-161.76706216384508,24/08/2019 18:34,46.8,-3.94,12.492600131319763,-14.658562048588314,23/08/2019,29/10/2019,11/04/2020,29/04/2020,BS728_19,1.0,f
Djamila,55,2019,9,f,autumn,23.758412119406927,1361.212226845837,155.20431982421948,178.9627319436264,25/08/2019 03:42,36.45,-15.09,12.492600131319763,-14.658562048588314,23/08/2019,29/10/2019,11/04/2020,29/04/2020,BS728_19,1.0,f
Djamila,55,2019,9,f,autumn,36.974632783601066,841.764693133151,-120.92365417526857,-157.89828695886962,26/08/2019 18:45,25.2,-9.45,12.492600131319763,-14.658562048588314,23/08/2019,29/10/2019,11/04/2020,29/04/2020,BS728_19,1.0,f
Djamila,55,2019,9,f,autumn,1.4627439753012084,1075.6794628492166,167.312454533745,168.77519850904622,26/10/2019 05:26,21.15,-16.41,12.492600131319763,-14.658562048588314,23/08/2019,29/10/2019,11/04/2020,29/04/2020,BS728_19,1.0,f
Djamila,55,2019,9,f,autumn,178.58932974612412,160.12945092641743,159.57958820847753,-19.009741537646555,28/10/2019 18:05,11.25,-14.22,12.492600131319763,-14.658562048588314,23/08/2019,29/10/2019,11/04/2020,29/04/2020,BS728_19,1.0,f
Djamila,55,2019,9,f,spring,37.24400772095811,1225.540340991584,-19.65422746967416,17.589780251283955,11/04/2020 18:45,9.9,-13.71,53.5111,8.1056,23/08/2019,29/10/2019,11/04/2020,29/04/2020,BS728_19,1.0,f
Djamila,55,2019,9,f,spring,1.8531709283421378,1411.3267514116221,26.274092274138418,24.42092134579629,18/04/2020 19:00,20.25,-17.64,53.5111,8.1056,23/08/2019,29/10/2019,11/04/2020,29/04/2020,BS728_19,1.0,f
Djamila,55,2019,9,f,spring,18.78771178590361,1213.5127420083593,7.71795986228536,26.50567164818898,23/04/2020 04:37,31.5,-11.09,53.5111,8.1056,23/08/2019,29/10/2019,11/04/2020,29/04/2020,BS728_19,1.0,f
Djamila,55,2019,9,f,spring,39.66547122324974,150.11315097015486,0.0,39.66547122324974,23/04/2020 19:05,42.3,-9.12,53.5111,8.1056,23/08/2019,29/10/2019,11/04/2020,29/04/2020,BS728_19,1.0,f
Djamila,55,2019,9,f,spring,16.66224573134528,731.2789787050885,25.6621230951991,42.32436882654438,26/04/2020 04:01,43.65,-8.7,53.5111,8.1056,23/08/2019,29/10/2019,11/04/2020,29/04/2020,BS728_19,1.0,f
Djamila,55,2019,9,f,spring,41.20405809123105,209.22293835032679,16.60755017551664,57.811608266747704,26/04/2020 19:00,49.5,-4.32,53.5111,8.1056,23/08/2019,29/10/2019,11/04/2020,29/04/2020,BS728_19,1.0,f
Djamila,56,2020,10,f,autumn,21.742296151741783,914.714898650463,-169.0515514567386,-147.3092553049968,29/08/2020 18:16,53.55,8.34,12.492600131319763,-14.658562048588314,29/08/2020,23/09/2020,,,BX240_20,1.0,f
Djamila,56,2020,10,f,autumn,17.55856255833936,1207.789603328475,-127.66394217183566,-145.22250473017502,30/08/2020 03:17,45.45,6.12,12.492600131319763,-14.658562048588314,29/08/2020,23/09/2020,,,BX240_20,1.0,f
Djamila,56,2020,10,f,autumn,21.17405524078356,1233.8417413478353,-137.8545311122689,-159.02858635305245,31/08/2020 04:13,38.25,-5.03,12.492600131319763,-14.658562048588314,29/08/2020,23/09/2020,,,BX240_20,1.0,f
Djamila,56,2020,10,f,autumn,3.416412494627508,100.7561962921088,-173.3067504642519,-176.7231629588794,01/09/2020 04:38,29.25,-13.69,12.492600131319763,-14.658562048588314,29/08/2020,23/09/2020,,,BX240_20,1.0,f
Djamila,56,2020,10,f,autumn,13.608029306311266,1041.1871396338036,-163.36236075313812,-176.9703900594494,02/09/2020 05:12,28.35,-13.81,12.492600131319763,-14.658562048588314,29/08/2020,23/09/2020,,,BX240_20,1.0,f
Eden,57,2020,4,f,autumn,0.9216199657359994,1068.6236794508332,-157.37781558456572,-156.45619561882972,14/09/2020 17:43,53.55,4.55,8.21751592356688,-12.742898089171975,14/09/2020,04/11/2020,10/04/2021,,BX273_20,0.0,f
Eden,57,2020,4,f,autumn,16.283212199192263,1140.5030957507122,-143.90577383936818,-160.18898603856044,15/09/2020 04:24,44.55,-0.62,8.21751592356688,-12.742898089171975,14/09/2020,04/11/2020,10/04/2021,,BX273_20,0.0,f
Eden,57,2020,4,f,autumn,1.049299253191549,303.6885480727217,-171.19508684581297,-170.14578759262142,16/09/2020 04:44,36.0,-8.07,8.21751592356688,-12.742898089171975,14/09/2020,04/11/2020,10/04/2021,,BX273_20,0.0,f
Eden,57,2020,4,f,autumn,8.957915950486836,474.09511191887333,-161.36802587641193,-170.32594182689877,16/09/2020 18:12,33.3,-8.57,8.21751592356688,-12.742898089171975,14/09/2020,04/11/2020,10/04/2021,,BX273_20,0.0,f
Eden,57,2020,4,f,autumn,37.02639210998029,953.2173925206583,-135.79814778677786,-172.82453989675815,19/09/2020 18:23,29.25,-10.13,8.21751592356688,-12.742898089171975,14/09/2020,04/11/2020,10/04/2021,,BX273_20,0.0,f
Eden,57,2020,4,f,autumn,163.09982690672115,100.15864697326917,2.327829049312356,165.4276559560335,04/10/2020 18:27,22.95,-16.56,8.21751592356688,-12.742898089171975,14/09/2020,04/11/2020,10/04/2021,,BX273_20,0.0,f
Eden,57,2020,4,f,autumn,17.879796581725373,401.07437382626364,-176.3982535904237,165.72194982785092,29/10/2020 05:39,22.95,-16.48,8.21751592356688,-12.742898089171975,14/09/2020,04/11/2020,10/04/2021,,BX273_20,0.0,f
Eden,57,2020,4,f,autumn,19.186376760224363,400.314365880229,179.54016854497456,160.3537917847502,29/10/2020 18:08,19.35,-16.72,8.21751592356688,-12.742898089171975,14/09/2020,04/11/2020,10/04/2021,,BX273_20,0.0,f
Eden,57,2020,4,f,autumn,27.5760322956217,150.11315097015415,180.0,152.4239677043783,30/10/2020 05:39,15.75,-16.69,8.21751592356688,-12.742898089171975,14/09/2020,04/11/2020,10/04/2021,,BX273_20,0.0,f
Elvilina,58,2020,9,f,autumn,7.686991762839654,1151.2237604968955,-161.11943178987542,-168.80642355271507,17/09/2020 17:21,53.55,8.34,6.067834394904459,0.0028980891719745223,17/09/2020,12/10/2020,18/03/2021,22/04/2021,BT694_20,1.0,f
Elvilina,58,2020,9,f,autumn,34.4510389248444,1077.7674981148728,-139.48472124191449,-173.93576016675888,18/09/2020 03:53,43.65,3.73,6.067834394904459,0.0028980891719745223,17/09/2020,12/10/2020,18/03/2021,22/04/2021,BT694_20,1.0,f
Elvilina,58,2020,9,f,autumn,35.98951405914352,1173.4593410372736,-152.0315454950876,171.9789404457689,19/09/2020 04:39,36.0,-4.04,6.067834394904459,0.0028980891719745223,17/09/2020,12/10/2020,18/03/2021,22/04/2021,BT694_20,1.0,f
Elvilina,58,2020,9,f,autumn,64.73906620692469,558.2057610947389,-143.0946373746109,152.16629641846438,22/09/2020 05:08,26.1,-10.26,6.067834394904459,0.0028980891719745223,17/09/2020,12/10/2020,18/03/2021,22/04/2021,BT694_20,1.0,f
Elvilina,58,2020,9,f,autumn,70.21525602780542,682.7953446646244,-151.02899826811523,138.75574570407935,22/09/2020 18:17,22.05,-13.51,6.067834394904459,0.0028980891719745223,17/09/2020,12/10/2020,18/03/2021,22/04/2021,BT694_20,1.0,f
Elvilina,58,2020,9,f,autumn,21.833930502702884,1127.5370624595266,98.78442012716818,120.61835062987106,09/10/2020 18:11,16.65,-16.92,6.067834394904459,0.0028980891719745223,17/09/2020,12/10/2020,18/03/2021,22/04/2021,BT694_20,1.0,f
Elvilina,58,2020,9,f,autumn,11.407470024261727,964.5852602077191,131.66896370905152,143.07643373331325,11/10/2020 17:31,14.85,-6.55,6.067834394904459,0.0028980891719745223,17/09/2020,12/10/2020,18/03/2021,22/04/2021,BT694_20,1.0,f
Elvilina,58,2020,9,f,spring,54.25338836855194,746.409587227009,-47.44202554669832,6.8113628218536215,18/03/2021 17:36,9.0,0.0,53.5111,8.1056,17/09/2020,12/10/2020,18/03/2021,22/04/2021,BT694_20,1.0,f
Elvilina,58,2020,9,f,spring,106.10766765408854,587.6113507613894,-94.25959322185705,11.8480744322315,19/03/2021 17:57,13.5,-5.08,53.5111,8.1056,17/09/2020,12/10/2020,18/03/2021,22/04/2021,BT694_20,1.0,f
Elvilina,58,2020,9,f,spring,175.9555695895628,255.80428614050174,-167.91996760431886,16.12446280611833,20/03/2021 05:18,13.05,-10.49,53.5111,8.1056,17/09/2020,12/10/2020,18/03/2021,22/04/2021,BT694_20,1.0,f
Elvilina,58,2020,9,f,spring,52.55675246639609,1069.4522360668163,-36.61504318270233,15.941709283693756,21/03/2021 18:36,10.8,-11.09,53.5111,8.1056,17/09/2020,12/10/2020,18/03/2021,22/04/2021,BT694_20,1.0,f
Elvilina,58,2020,9,f,spring,1.3410264113801418,1306.5672607317954,22.222092261049866,23.563118672429994,03/04/2021 18:56,19.35,-17.08,53.5111,8.1056,17/09/2020,12/10/2020,18/03/2021,22/04/2021,BT694_20,1.0,f
Elvilina,58,2020,9,f,spring,15.93264355464376,1221.0365116777828,9.75855352189328,25.691197076537033,10/04/2021 18:42,30.15,-11.45,53.5111,8.1056,17/09/2020,12/10/2020,18/03/2021,22/04/2021,BT694_20,1.0,f
Elvilina,58,2020,9,f,spring,33.55691832029396,150.34305844191974,3.1361465960768693,36.693064916370844,11/04/2021 04:38,40.95,-9.0,53.5111,8.1056,17/09/2020,12/10/2020,18/03/2021,22/04/2021,BT694_20,1.0,f
Elvilina,58,2020,9,f,spring,24.00969084440095,259.50686259527555,15.107410579315872,39.11710142371681,20/04/2021 03:48,42.75,-7.97,53.5111,8.1056,17/09/2020,12/10/2020,18/03/2021,22/04/2021,BT694_20,1.0,f
Elvilina,58,2020,9,f,spring,21.151009469458046,818.4053641561608,64.9525031349471,43.801493665489055,20/04/2021 18:57,45.0,-7.11,53.5111,8.1056,17/09/2020,12/10/2020,18/03/2021,22/04/2021,BT694_20,1.0,f
Elvira,59,2016,15,f,autumn,58.47647409362327,276.76509503730887,-88.31456794932022,-146.7910420429435,27/08/2016 18:12,53.55,8.34,10.629199683042788,-15.726077654516642,27/08/2016,08/09/2016,10/02/2017,15/04/2017,Z436,1.0,f
Elvira,59,2016,15,f,autumn,21.02518123540483,703.5313192354724,-174.33838115426377,-153.31319991885894,29/08/2016 02:59,53.1,3.16,10.629199683042788,-15.726077654516642,27/08/2016,08/09/2016,10/02/2017,15/04/2017,Z436,1.0,f
Elvira,59,2016,15,f,autumn,1.786976620544607,459.44632831044004,-149.56465693495406,-151.35163355549867,29/08/2016 18:23,46.8,2.25,10.629199683042788,-15.726077654516642,27/08/2016,08/09/2016,10/02/2017,15/04/2017,Z436,1.0,f
Elvira,59,2016,15,f,autumn,24.153549627897434,1108.2596984980648,-129.40710396556818,-153.56065359346562,30/08/2016 03:35,43.2,-0.62,10.629199683042788,-15.726077654516642,27/08/2016,08/09/2016,10/02/2017,15/04/2017,Z436,1.0,f
Elvira,59,2016,15,f,autumn,14.542511706348819,1163.282002403984,-153.10138767421816,-167.64389938056698,31/08/2016 04:25,36.45,-10.19,10.629199683042788,-15.726077654516642,27/08/2016,08/09/2016,10/02/2017,15/04/2017,Z436,1.0,f
Elvira,59,2016,15,f,autumn,22.5545266246844,217.7935513395891,-156.58743588777583,-179.14196251246022,31/08/2016 18:48,27.0,-15.48,10.629199683042788,-15.726077654516642,27/08/2016,08/09/2016,10/02/2017,15/04/2017,Z436,1.0,f
Elvira,59,2016,15,f,autumn,4.660487802304601,100.1216041619058,-178.25369235172238,177.085819845973,01/09/2016 18:53,24.75,-16.45,10.629199683042788,-15.726077654516642,27/08/2016,08/09/2016,10/02/2017,15/04/2017,Z436,1.0,f
Elvira,59,2016,15,f,autumn,3.236876976568226,200.15086796020566,180.0,176.76312302343177,04/09/2016 05:29,23.85,-16.48,10.629199683042788,-15.726077654516642,27/08/2016,08/09/2016,10/02/2017,15/04/2017,Z436,1.0,f
Elvira,59,2016,15,f,autumn,3.9335010234123047,950.7219168514022,-179.80379017615934,176.26270880042833,04/09/2016 18:58,22.05,-16.48,10.629199683042788,-15.726077654516642,27/08/2016,08/09/2016,10/02/2017,15/04/2017,Z436,1.0,f
Elvira,59,2016,15,f,autumn,2.7544080462166107,204.80317726509253,167.71955815968005,164.96515011346344,05/09/2016 05:39,13.5,-16.51,10.629199683042788,-15.726077654516642,27/08/2016,08/09/2016,10/02/2017,15/04/2017,Z436,1.0,f
Elvira,59,2016,15,f,autumn,31.302481485946743,100.07543398010283,180.0,148.69751851405326,06/09/2016 05:34,11.25,-16.11,10.629199683042788,-15.726077654516642,27/08/2016,08/09/2016,10/02/2017,15/04/2017,Z436,1.0,f
Elvira,59,2016,15,f,spring,118.97277031401762,469.8401634958969,137.97084559950267,18.998075285485033,10/02/2017 05:54,10.35,-15.55,53.5111,8.1056,27/08/2016,08/09/2016,10/02/2017,15/04/2017,Z436,1.0,f
Elvira,59,2016,15,f,spring,42.740803729415006,334.834206742429,-26.179724543981834,16.56107918543317,25/02/2017 18:33,7.65,-13.09,53.5111,8.1056,27/08/2016,08/09/2016,10/02/2017,15/04/2017,Z436,1.0,f
Elvira,59,2016,15,f,spring,161.60166991803692,100.075433980103,180.0,18.39833008196311,02/03/2017 18:38,10.35,-14.68,53.5111,8.1056,27/08/2016,08/09/2016,10/02/2017,15/04/2017,Z436,1.0,f
Elvira,59,2016,15,f,spring,15.634333780949845,100.17130417100911,2.5035463928608768,18.137880173810732,03/03/2017 05:45,9.45,-14.68,53.5111,8.1056,27/08/2016,08/09/2016,10/02/2017,15/04/2017,Z436,1.0,f
Elvira,59,2016,15,f,spring,19.196830239485195,400.3253417459024,-0.618225860152128,18.578604379333065,12/03/2017 05:49,10.35,-14.94,53.5111,8.1056,27/08/2016,08/09/2016,10/02/2017,15/04/2017,Z436,1.0,f
Elvira,59,2016,15,f,spring,40.09769584918462,641.4850004846514,-20.317961341030497,19.779734508154117,12/03/2017 18:43,13.95,-14.98,53.5111,8.1056,27/08/2016,08/09/2016,10/02/2017,15/04/2017,Z436,1.0,f
Elvira,59,2016,15,f,spring,21.810330978187096,100.16239288508197,2.3808035108406425,24.19113448902774,17/03/2017 18:52,19.8,-17.64,53.5111,8.1056,27/08/2016,08/09/2016,10/02/2017,15/04/2017,Z436,1.0,f
Elvira,59,2016,15,f,spring,24.62719099752084,100.075433980103,0.0,24.62719099752083,20/03/2017 06:00,20.7,-17.6,53.5111,8.1056,27/08/2016,08/09/2016,10/02/2017,15/04/2017,Z436,1.0,f
Elvira,59,2016,15,f,spring,152.25182868172624,150.2416525291817,177.6190433529147,25.36721467118847,21/03/2017 05:50,22.05,-17.6,53.5111,8.1056,27/08/2016,08/09/2016,10/02/2017,15/04/2017,Z436,1.0,f
Elvira,59,2016,15,f,spring,24.583620962319117,150.1131509701545,0.0,24.583620962319117,21/03/2017 19:03,20.7,-17.54,53.5111,8.1056,27/08/2016,08/09/2016,10/02/2017,15/04/2017,Z436,1.0,f
Elvira,59,2016,15,f,spring,28.836121823731958,100.2650700052148,-3.513063150128723,25.323058673603224,22/03/2017 05:44,22.05,-17.54,53.5111,8.1056,27/08/2016,08/09/2016,10/02/2017,15/04/2017,Z436,1.0,f
Elvira,59,2016,15,f,spring,22.237837799100845,451.2864938146209,3.6533380691769177,25.891175868277756,29/03/2017 05:25,22.95,-17.6,53.5111,8.1056,27/08/2016,08/09/2016,10/02/2017,15/04/2017,Z436,1.0,f
Elvira,59,2016,15,f,spring,12.977895869567163,540.5986150036512,41.35351874577662,28.37562287620946,30/03/2017 05:24,27.0,-17.31,53.5111,8.1056,27/08/2016,08/09/2016,10/02/2017,15/04/2017,Z436,1.0,f
Elvira,59,2016,15,f,spring,11.025622096883978,209.89454646943634,17.35147272037238,28.37709481725637,01/04/2017 05:19,31.05,-13.39,53.5111,8.1056,27/08/2016,08/09/2016,10/02/2017,15/04/2017,Z436,1.0,f
Elvira,59,2016,15,f,spring,9.94094905166304,319.2293275690297,19.54375485828696,29.48470390994999,01/04/2017 18:47,32.85,-12.72,53.5111,8.1056,27/08/2016,08/09/2016,10/02/2017,15/04/2017,Z436,1.0,f
Elvira,59,2016,15,f,spring,21.427727441898014,304.92769184202797,9.897532293641907,31.325259735539934,03/04/2017 05:00,35.55,-11.54,53.5111,8.1056,27/08/2016,08/09/2016,10/02/2017,15/04/2017,Z436,1.0,f
Elvira,59,2016,15,f,spring,26.43108888734696,709.3656877189696,8.622921061118245,35.05400994846519,07/04/2017 04:34,38.7,-10.89,53.5111,8.1056,27/08/2016,08/09/2016,10/02/2017,15/04/2017,Z436,1.0,f
Elvira,60,2017,16,f,autumn,33.27636490596228,174.3348461072348,-124.35511465845947,-157.63147956442174,28/08/2017 03:01,46.8,-1.93,10.629199683042788,-15.726077654516642,28/08/2017,06/09/2017,20/03/2018,18/04/2018,BD664,1.0,f
Elvira,60,2017,16,f,autumn,2.182991052683775,962.7727809029977,-157.87535638010522,-160.058347432789,29/08/2017 03:35,45.45,-3.88,10.629199683042788,-15.726077654516642,28/08/2017,06/09/2017,20/03/2018,18/04/2018,BD664,1.0,f
Elvira,60,2017,16,f,autumn,16.626516956814157,178.8357895921191,-146.74717718476035,-163.3736941415745,29/08/2017 18:39,37.35,-7.97,10.629199683042788,-15.726077654516642,28/08/2017,06/09/2017,20/03/2018,18/04/2018,BD664,1.0,f
Elvira,60,2017,16,f,autumn,6.269917039470073,1225.3970967746045,-158.68880228454634,-164.9587193240164,30/08/2017 04:40,36.0,-9.06,10.629199683042788,-15.726077654516642,28/08/2017,06/09/2017,20/03/2018,18/04/2018,BD664,1.0,f
Elvira,60,2017,16,f,autumn,6.106836798836298,978.0386229584961,-165.98785372773088,-172.09469052656718,31/08/2017 18:44,25.65,-13.63,10.629199683042788,-15.726077654516642,28/08/2017,06/09/2017,20/03/2018,18/04/2018,BD664,1.0,f
Elvira,60,2017,16,f,autumn,5.066288495488152,200.6316091002846,-176.0143292894874,178.91938221502446,01/09/2017 05:15,17.1,-15.85,10.629199683042788,-15.726077654516642,28/08/2017,06/09/2017,20/03/2018,18/04/2018,BD664,1.0,f
Elvira,60,2017,16,f,autumn,4.297542142357372,150.14784703632856,-178.76438823666274,176.9380696209799,01/09/2017 19:04,15.3,-15.98,10.629199683042788,-15.726077654516642,28/08/2017,06/09/2017,20/03/2018,18/04/2018,BD664,1.0,f
Elvira,60,2017,16,f,autumn,167.77109480724198,587.7250352494653,-20.290133591641286,171.93877160111677,05/09/2017 18:39,12.6,-16.01,10.629199683042788,-15.726077654516642,28/08/2017,06/09/2017,20/03/2018,18/04/2018,BD664,1.0,f
Elvira,60,2017,16,f,spring,21.98901764278827,150.17227304792655,1.6014820610665057,23.590499703854785,28/03/2018 18:58,18.0,-18.02,53.5111,8.1056,28/08/2017,06/09/2017,20/03/2018,18/04/2018,BD664,1.0,f
Elvira,60,2017,16,f,spring,0.41895705556405005,110.15487628968977,24.627581018694134,24.208623963130076,29/03/2018 05:40,19.35,-17.98,53.5111,8.1056,28/08/2017,06/09/2017,20/03/2018,18/04/2018,BD664,1.0,f
Elvira,60,2017,16,f,spring,11.719744487989004,513.196079743388,12.628927403085203,24.34867189107422,29/03/2018 18:54,20.25,-17.54,53.5111,8.1056,28/08/2017,06/09/2017,20/03/2018,18/04/2018,BD664,1.0,f
Elvira,60,2017,16,f,spring,25.943886377859826,411.1327858657556,51.77462475461735,25.830738376757537,09/04/2018 05:15,26.1,-14.96,53.5111,8.1056,28/08/2017,06/09/2017,20/03/2018,18/04/2018,BD664,1.0,f
Elvira,60,2017,16,f,spring,16.68713711764201,201.98558846673117,7.660962246390294,24.348099364032308,13/04/2018 04:55,28.35,-11.53,53.5111,8.1056,28/08/2017,06/09/2017,20/03/2018,18/04/2018,BD664,1.0,f
Elvira,60,2017,16,f,spring,21.41964688874134,551.8839900091284,4.069729108034846,25.489375996776175,14/04/2018 04:45,30.15,-11.25,53.5111,8.1056,28/08/2017,06/09/2017,20/03/2018,18/04/2018,BD664,1.0,f
Elvira,60,2017,16,f,spring,4.5370632890634965,166.55947566478267,25.444412968803473,29.981476257866984,14/04/2018 18:59,35.1,-10.82,53.5111,8.1056,28/08/2017,06/09/2017,20/03/2018,18/04/2018,BD664,1.0,f
Elvira,60,2017,16,f,spring,15.33013906152928,1066.835591328689,46.08307521722284,30.752936155693547,16/04/2018 18:54,36.45,-10.02,53.5111,8.1056,28/08/2017,06/09/2017,20/03/2018,18/04/2018,BD664,1.0,f
Elvira,61,2018,17,f,autumn,19.029905435994607,1112.0723850451136,-127.7611366069489,-146.7910420429435,30/08/2018 18:13,53.55,8.34,10.629199683042788,-15.726077654516642,30/08/2018,06/09/2018,21/02/2019,,BL133_18,0.0,f
Elvira,61,2018,17,f,autumn,30.066955847824005,229.91795961509806,-129.93777553286762,-160.00473138069162,01/09/2018 04:14,46.8,-3.46,10.629199683042788,-15.726077654516642,30/08/2018,06/09/2018,21/02/2019,,BL133_18,0.0,f
Elvira,61,2018,17,f,autumn,19.087109354519555,904.0862188465277,-143.96408230314873,-163.05119165766828,01/09/2018 18:37,45.45,-5.72,10.629199683042788,-15.726077654516642,30/08/2018,06/09/2018,21/02/2019,,BL133_18,0.0,f
Elvira,61,2018,17,f,autumn,3.246059132869817,407.8714682075553,-168.67307771378935,-171.91913684665917,02/09/2018 04:30,38.7,-11.84,10.629199683042788,-15.726077654516642,30/08/2018,06/09/2018,21/02/2019,,BL133_18,0.0,f
Elvira,61,2018,17,f,autumn,2.4085035895643614,251.00946147568737,-175.30251078811804,-172.89400719855368,02/09/2018 18:43,35.1,-12.72,10.629199683042788,-15.726077654516642,30/08/2018,06/09/2018,21/02/2019,,BL133_18,0.0,f
Elvira,61,2018,17,f,autumn,17.602470873313877,384.5260686555909,-155.18590794713487,-172.78837882044874,03/09/2018 05:09,32.85,-12.94,10.629199683042788,-15.726077654516642,30/08/2018,06/09/2018,21/02/2019,,BL133_18,0.0,f
Elvira,61,2018,17,f,autumn,9.353263467333932,819.4102896792979,-167.292610585126,-176.64587405245993,03/09/2018 18:48,29.7,-14.61,10.629199683042788,-15.726077654516642,30/08/2018,06/09/2018,21/02/2019,,BL133_18,0.0,f
Elvira,61,2018,17,f,autumn,4.623577782269109,100.9682827068183,172.3501409559643,176.9737187382334,04/09/2018 05:24,22.5,-16.36,10.629199683042788,-15.726077654516642,30/08/2018,06/09/2018,21/02/2019,,BL133_18,0.0,f
Elvira,61,2018,17,f,autumn,7.257491051966383,152.34209373423425,170.14165277956099,177.39914383152737,04/09/2018 18:48,21.6,-16.23,10.629199683042788,-15.726077654516642,30/08/2018,06/09/2018,21/02/2019,,BL133_18,0.0,f
Elvira,62,2019,18,f,autumn,2.894747074432246,961.4577837810527,-149.68578911737575,-146.7910420429435,08/09/2019 17:46,53.55,8.34,10.629199683042788,-15.726077654516642,08/09/2019,20/09/2019,14/01/2020,22/04/2020,BS701_19,1.0,f
Elvira,62,2019,18,f,autumn,7.725699508576554,967.4099971504834,-143.50171011404356,-151.22740962262012,11/09/2019 04:02,45.9,1.97,10.629199683042788,-15.726077654516642,08/09/2019,20/09/2019,14/01/2020,22/04/2020,BS701_19,1.0,f
Elvira,62,2019,18,f,autumn,10.832824527540254,1164.4263841042794,-147.3035793365163,-158.13640386405655,13/09/2019 04:38,38.7,-4.91,10.629199683042788,-15.726077654516642,08/09/2019,20/09/2019,14/01/2020,22/04/2020,BS701_19,1.0,f
Elvira,62,2019,18,f,autumn,16.67831064279102,1079.454930690517,-150.57944623547488,-167.2577568782659,15/09/2019 18:26,29.25,-11.53,10.629199683042788,-15.726077654516642,08/09/2019,20/09/2019,14/01/2020,22/04/2020,BS701_19,1.0,f
Elvira,62,2019,18,f,autumn,9.040163705309737,1595.3045833855306,166.00311058839898,175.04327429370872,19/09/2019 18:41,20.7,-16.61,10.629199683042788,-15.726077654516642,08/09/2019,20/09/2019,14/01/2020,22/04/2020,BS701_19,1.0,f
Elvira,62,2019,18,f,spring,39.078330586257835,869.3585105801584,-22.69455437011676,16.383776216141094,31/01/2020 18:22,6.75,-13.15,53.5111,8.1056,08/09/2019,20/09/2019,14/01/2020,22/04/2020,BS701_19,1.0,f
Elvira,62,2019,18,f,spring,32.5079224794153,357.97779941145944,-11.826902198907714,20.6810202805076,15/02/2020 18:32,13.95,-16.25,53.5111,8.1056,08/09/2019,20/09/2019,14/01/2020,22/04/2020,BS701_19,1.0,f
Elvira,62,2019,18,f,spring,152.69630387375082,1054.458861767058,175.12162313425537,22.425319260504565,09/03/2020 18:46,17.1,-16.94,53.5111,8.1056,08/09/2019,20/09/2019,14/01/2020,22/04/2020,BS701_19,1.0,f
Elvira,62,2019,18,f,spring,18.61701098261969,400.3017359204112,0.0,18.617010982619696,10/03/2020 05:48,7.65,-16.13,53.5111,8.1056,08/09/2019,20/09/2019,14/01/2020,22/04/2020,BS701_19,1.0,f
Elvira,62,2019,18,f,spring,159.7219789749422,400.3257704993177,179.368656093379,19.646677118436795,12/03/2020 05:47,11.25,-16.09,53.5111,8.1056,08/09/2019,20/09/2019,14/01/2020,22/04/2020,BS701_19,1.0,f
Elvira,62,2019,18,f,spring,161.4357063132499,300.22630194030864,180.0,18.5642936867501,12/03/2020 18:46,7.65,-16.05,53.5111,8.1056,08/09/2019,20/09/2019,14/01/2020,22/04/2020,BS701_19,1.0,f
Elvira,62,2019,18,f,spring,19.57080803477885,450.6048495280545,-1.9594428342581733,17.611365200520666,16/03/2020 18:50,4.5,-15.79,53.5111,8.1056,08/09/2019,20/09/2019,14/01/2020,22/04/2020,BS701_19,1.0,f
Elvira,62,2019,18,f,spring,159.29328472401903,450.6048495280545,178.02463807425372,18.731353350234645,17/03/2020 05:47,8.55,-15.93,53.5111,8.1056,08/09/2019,20/09/2019,14/01/2020,22/04/2020,BS701_19,1.0,f
Elvira,62,2019,18,f,spring,20.257215028176006,1102.0329725780591,-2.645849827655337,17.611365200520666,17/03/2020 18:51,4.5,-15.79,53.5111,8.1056,08/09/2019,20/09/2019,14/01/2020,22/04/2020,BS701_19,1.0,f
Elvira,62,2019,18,f,spring,31.144638169919716,1170.8543535405827,-10.290046045377368,20.854592124542354,09/04/2020 18:52,14.4,-16.26,53.5111,8.1056,08/09/2019,20/09/2019,14/01/2020,22/04/2020,BS701_19,1.0,f
Elvira,62,2019,18,f,spring,0.9407384504223728,1362.2860218320172,26.615301970594636,27.556040421017016,14/04/2020 19:15,24.75,-18.32,53.5111,8.1056,08/09/2019,20/09/2019,14/01/2020,22/04/2020,BS701_19,1.0,f
Elvira,62,2019,18,f,spring,18.135032097580194,1395.8636891219012,13.266180039027008,31.401212136607192,16/04/2020 04:44,35.55,-11.61,53.5111,8.1056,08/09/2019,20/09/2019,14/01/2020,22/04/2020,BS701_19,1.0,f
Elvira,62,2019,18,f,spring,15.223541706243907,936.8079262361831,38.31460662104284,53.53814832728674,18/04/2020 03:42,47.7,-7.36,53.5111,8.1056,08/09/2019,20/09/2019,14/01/2020,22/04/2020,BS701_19,1.0,f
Fadila,63,2017,5,f,autumn,119.11352869656469,306.28286144236955,-69.14962155749592,171.73684974593937,05/08/2017 01:52,53.55,8.34,-33.57573529411765,18.26406862745098,05/08/2017,15/09/2017,21/03/2018,16/04/2018,Z440_17,0.0,f
Fadila,63,2017,5,f,autumn,30.689018322434947,157.58901951086315,-161.98338693725532,167.32759474030973,09/08/2017 02:41,54.45,3.0,-33.57573529411765,18.26406862745098,05/08/2017,15/09/2017,21/03/2018,16/04/2018,Z440_17,0.0,f
Fadila,63,2017,5,f,autumn,52.22098937178731,1163.9221640285982,-141.0606160214603,166.71839460675238,09/08/2017 19:04,53.1,2.27,-33.57573529411765,18.26406862745098,05/08/2017,15/09/2017,21/03/2018,16/04/2018,Z440_17,0.0,f
Fadila,63,2017,5,f,autumn,21.035284630204586,150.11315097015344,180.0,158.9647153697954,10/08/2017 19:10,44.55,-6.95,-33.57573529411765,18.26406862745098,05/08/2017,15/09/2017,21/03/2018,16/04/2018,Z440_17,0.0,f
Fadila,63,2017,5,f,autumn,46.255228560880255,1138.5179290562735,-155.70427565381246,158.04049578530731,11/08/2017 19:14,42.75,-7.97,-33.57573529411765,18.26406862745098,05/08/2017,15/09/2017,21/03/2018,16/04/2018,Z440_17,0.0,f
Fadila,63,2017,5,f,autumn,34.06933386488896,352.9542650460502,-172.79753549966946,153.13313063544157,12/08/2017 04:46,33.3,-12.99,-33.57573529411765,18.26406862745098,05/08/2017,15/09/2017,21/03/2018,16/04/2018,Z440_17,0.0,f
Fadila,63,2017,5,f,autumn,44.94540628712605,1096.0537574076295,-162.7550433029312,152.29955040994275,12/08/2017 19:05,30.15,-13.45,-33.57573529411765,18.26406862745098,05/08/2017,15/09/2017,21/03/2018,16/04/2018,Z440_17,0.0,f
Fadila,63,2017,5,f,autumn,23.165257782876267,101.29143705102375,171.08684202885615,147.9215842459799,16/08/2017 19:05,20.7,-16.56,-33.57573529411765,18.26406862745098,05/08/2017,15/09/2017,21/03/2018,16/04/2018,Z440_17,0.0,f
Fadila,63,2017,5,f,autumn,26.896474595136738,1155.574394057037,174.68830889465963,147.7918342995229,17/08/2017 18:55,19.8,-16.41,-33.57573529411765,18.26406862745098,05/08/2017,15/09/2017,21/03/2018,16/04/2018,Z440_17,0.0,f
Fadila,63,2017,5,f,autumn,9.42632833175918,1181.4968123551882,135.633339109962,145.0596674417212,20/08/2017 05:11,9.0,-15.06,-33.57573529411765,18.26406862745098,05/08/2017,15/09/2017,21/03/2018,16/04/2018,Z440_17,0.0,f
Fadila,63,2017,5,f,autumn,92.38939035724468,174.84226710471754,55.06538404362777,147.45477440087245,21/08/2017 05:01,1.35,-7.65,-33.57573529411765,18.26406862745098,05/08/2017,15/09/2017,21/03/2018,16/04/2018,Z440_17,0.0,f
Fadila,63,2017,5,f,autumn,59.21892892564979,105.55373755291922,89.98135116093046,149.20028008658025,21/08/2017 17:55,2.25,-6.36,-33.57573529411765,18.26406862745098,05/08/2017,15/09/2017,21/03/2018,16/04/2018,Z440_17,0.0,f
Fadila,63,2017,5,f,autumn,60.168789864087486,199.99654621663265,89.96466326391898,150.13345312800647,22/08/2017 05:01,2.25,-5.41,-33.57573529411765,18.26406862745098,05/08/2017,15/09/2017,21/03/2018,16/04/2018,Z440_17,0.0,f
Fadila,63,2017,5,f,autumn,118.43928120153305,721.356441160123,33.52717787418689,151.96645907571994,23/08/2017 17:50,2.25,-3.61,-33.57573529411765,18.26406862745098,05/08/2017,15/09/2017,21/03/2018,16/04/2018,Z440_17,0.0,f
Fadila,63,2017,5,f,autumn,3.763256133525431,158.14414407847298,161.63733618809863,157.8740800545732,28/08/2017 04:32,6.75,0.0,-33.57573529411765,18.26406862745098,05/08/2017,15/09/2017,21/03/2018,16/04/2018,Z440_17,0.0,f
Fadila,63,2017,5,f,autumn,33.05438617916428,1220.5282311414455,124.76650676674808,157.82089294591236,28/08/2017 17:25,5.4,0.45,-33.57573529411765,18.26406862745098,05/08/2017,15/09/2017,21/03/2018,16/04/2018,Z440_17,0.0,f
Fadila,63,2017,5,f,autumn,2.2807145498545083,1320.6086907591866,170.20338464802046,167.92267009816595,02/09/2017 16:44,-1.35,10.39,-33.57573529411765,18.26406862745098,05/08/2017,15/09/2017,21/03/2018,16/04/2018,Z440_17,0.0,f
Fadila,63,2017,5,f,autumn,13.431696125090895,150.11315097015432,180.0,166.5683038749091,05/09/2017 16:30,-13.05,12.48,-33.57573529411765,18.26406862745098,05/08/2017,15/09/2017,21/03/2018,16/04/2018,Z440_17,0.0,f
Fadila,63,2017,5,f,autumn,165.70471221384722,150.11315097015432,0.0,165.70471221384722,08/09/2017 16:30,-14.4,12.48,-33.57573529411765,18.26406862745098,05/08/2017,15/09/2017,21/03/2018,16/04/2018,Z440_17,0.0,f
Fadila,63,2017,5,f,autumn,9.922844727471045,852.3002225368302,176.49114860238015,166.5683038749091,11/09/2017 16:35,-13.05,12.48,-33.57573529411765,18.26406862745098,05/08/2017,15/09/2017,21/03/2018,16/04/2018,Z440_17,0.0,f
Fadila,63,2017,5,f,autumn,7.567998628645199,561.7722544175436,168.66670728975217,161.09870866110697,12/09/2017 03:37,-20.7,12.98,-33.57573529411765,18.26406862745098,05/08/2017,15/09/2017,21/03/2018,16/04/2018,Z440_17,0.0,f
Fadila,63,2017,5,f,autumn,1.0420699990185653,1075.9986384756498,159.4136033809479,158.37153338192934,14/09/2017 16:20,-25.65,14.48,-33.57573529411765,18.26406862745098,05/08/2017,15/09/2017,21/03/2018,16/04/2018,Z440_17,0.0,f
Fadila,63,2017,5,f,spring,5.573122377818663,1122.1584209067016,-11.79294389035006,-6.219821512531407,21/03/2018 03:26,-34.65,18.6,53.5111,8.1056,05/08/2017,15/09/2017,21/03/2018,16/04/2018,Z440_17,0.0,f
Fadila,63,2017,5,f,spring,33.326308559603234,283.5512819231952,28.341691403693364,-4.984617155909865,22/03/2018 03:27,-24.75,16.34,53.5111,8.1056,05/08/2017,15/09/2017,21/03/2018,16/04/2018,Z440_17,0.0,f
Fadila,63,2017,5,f,spring,50.04329490683932,695.5476421213692,-55.86434508191293,-5.821050175073604,23/03/2018 03:36,-22.5,17.65,53.5111,8.1056,05/08/2017,15/09/2017,21/03/2018,16/04/2018,Z440_17,0.0,f
Fadila,63,2017,5,f,spring,13.245001993360546,830.7689128127349,-15.784233941499966,-2.5392319481394128,23/03/2018 16:45,-18.9,12.18,53.5111,8.1056,05/08/2017,15/09/2017,21/03/2018,16/04/2018,Z440_17,0.0,f
Fadila,63,2017,5,f,spring,47.35744389165092,1258.7214452485398,-48.15936321311764,-0.8019193214667271,25/03/2018 17:20,-11.7,9.33,53.5111,8.1056,05/08/2017,15/09/2017,21/03/2018,16/04/2018,Z440_17,0.0,f
Fadila,63,2017,5,f,spring,33.11644493618954,1186.9449130353723,-27.751601328069118,5.3648436081204105,26/03/2018 17:30,-4.05,0.45,53.5111,8.1056,05/08/2017,15/09/2017,21/03/2018,16/04/2018,Z440_17,0.0,f
Fadila,63,2017,5,f,spring,52.91390967247838,1173.3919848887194,-43.02733228503077,9.88657738744761,27/03/2018 17:55,5.4,-4.52,53.5111,8.1056,05/08/2017,15/09/2017,21/03/2018,16/04/2018,Z440_17,0.0,f
Fadila,63,2017,5,f,spring,48.38736654409004,882.7646801598255,-31.190416095298218,17.196950448791824,28/03/2018 18:25,13.05,-11.89,53.5111,8.1056,05/08/2017,15/09/2017,21/03/2018,16/04/2018,Z440_17,0.0,f
Fadila,63,2017,5,f,spring,34.13022788444931,254.90543305010843,-10.957219661402947,23.17300822304636,29/03/2018 18:44,19.8,-16.25,53.5111,8.1056,05/08/2017,15/09/2017,21/03/2018,16/04/2018,Z440_17,0.0,f
Fadila,63,2017,5,f,spring,12.044862587609856,205.38546727159675,12.877100721994363,24.92196330960421,05/04/2018 05:26,22.05,-17.0,53.5111,8.1056,05/08/2017,15/09/2017,21/03/2018,16/04/2018,Z440_17,0.0,f
Fadila,63,2017,5,f,spring,8.904070475682971,575.8739739424216,16.73817357209927,25.64224404778224,05/04/2018 19:00,23.85,-16.55,53.5111,8.1056,05/08/2017,15/09/2017,21/03/2018,16/04/2018,Z440_17,0.0,f
Fadila,64,2018,6,f,autumn,84.9635369875781,376.7724491252582,-111.99353816548849,163.04292484693343,29/08/2018 18:30,44.1,-1.89,-33.57573529411765,18.26406862745098,29/08/2018,13/10/2018,,,BL150_18,0.0,f
Fadila,64,2018,6,f,autumn,47.864619417045674,1054.3022194057933,-152.65077654226965,159.48460404068467,30/08/2018 04:07,42.75,-6.17,-33.57573529411765,18.26406862745098,29/08/2018,13/10/2018,,,BL150_18,0.0,f
Fadila,64,2018,6,f,autumn,43.52767801875018,1203.780077007588,-161.9920053769874,154.4803166042624,31/08/2018 04:37,34.2,-11.42,-33.57573529411765,18.26406862745098,29/08/2018,13/10/2018,,,BL150_18,0.0,f
Fadila,64,2018,6,f,autumn,41.400822834722476,153.01205523931412,-168.77158025495856,149.82759691031893,31/08/2018 18:52,23.85,-15.06,-33.57573529411765,18.26406862745098,29/08/2018,13/10/2018,,,BL150_18,0.0,f
Fadila,64,2018,6,f,autumn,80.25145215502562,153.5496482161855,-130.4595738222612,149.28897402271318,01/09/2018 05:14,22.5,-15.35,-33.57573529411765,18.26406862745098,29/08/2018,13/10/2018,,,BL150_18,0.0,f
Fadila,64,2018,6,f,autumn,35.78991078274885,852.628563268508,-175.99638014975224,148.2137090674989,01/09/2018 18:51,21.6,-16.48,-33.57573529411765,18.26406862745098,29/08/2018,13/10/2018,,,BL150_18,0.0,f
Fadila,64,2018,6,f,autumn,34.490127272403015,100.07543398010264,180.0,145.50987272759698,02/09/2018 05:24,13.95,-17.03,-33.57573529411765,18.26406862745098,29/08/2018,13/10/2018,,,BL150_18,0.0,f
Fadila,64,2018,6,f,autumn,3.7183962635686783,1107.9267796583622,148.68340822638547,144.9650119628168,04/09/2018 05:29,12.15,-16.88,-33.57573529411765,18.26406862745098,29/08/2018,13/10/2018,,,BL150_18,0.0,f
Fadila,64,2018,6,f,autumn,14.950717563385552,159.29577859381612,160.43766818907557,145.48695062569,05/09/2018 18:07,3.6,-11.28,-33.57573529411765,18.26406862745098,29/08/2018,13/10/2018,,,BL150_18,0.0,f
Fadila,64,2018,6,f,autumn,13.126062755018069,672.2824757545969,132.021473699663,145.14753645468107,06/09/2018 05:14,2.25,-10.8,-33.57573529411765,18.26406862745098,29/08/2018,13/10/2018,,,BL150_18,0.0,f
Fadila,64,2018,6,f,autumn,89.26125429329049,476.73244633485376,58.37876366756002,147.6400179608505,07/09/2018 04:54,-1.8,-5.45,-33.57573529411765,18.26406862745098,29/08/2018,13/10/2018,,,BL150_18,0.0,f
Fadila,64,2018,6,f,autumn,13.745129358946883,788.3998867228055,139.6605148618364,153.40564422078327,14/09/2018 17:26,0.45,-1.37,-33.57573529411765,18.26406862745098,29/08/2018,13/10/2018,,,BL150_18,0.0,f
Fadila,64,2018,6,f,autumn,130.0577551892363,222.19688824382104,25.772020566835874,155.82977575607217,15/09/2018 04:12,-4.95,3.23,-33.57573529411765,18.26406862745098,29/08/2018,13/10/2018,,,BL150_18,0.0,f
Fadila,64,2018,6,f,autumn,29.167795844046054,1115.324052051239,129.2381653902522,158.40596123429825,16/09/2018 16:55,-2.7,4.12,-33.57573529411765,18.26406862745098,29/08/2018,13/10/2018,,,BL150_18,0.0,f
Fadila,64,2018,6,f,autumn,4.382117302094343,202.16680693747043,171.9235559541164,167.54143865202207,20/09/2018 16:31,-9.0,11.92,-33.57573529411765,18.26406862745098,29/08/2018,13/10/2018,,,BL150_18,0.0,f
Fadila,64,2018,6,f,autumn,27.406634671206604,196.9485512509014,139.77206719540084,167.17870186660744,21/09/2018 03:37,-10.8,12.18,-33.57573529411765,18.26406862745098,29/08/2018,13/10/2018,,,BL150_18,0.0,f
Fadila,64,2018,6,f,autumn,5.692518758616188,703.6732035200839,174.65661962913543,168.96410087051925,21/09/2018 16:26,-12.15,13.35,-33.57573529411765,18.26406862745098,29/08/2018,13/10/2018,,,BL150_18,0.0,f
Fadila,64,2018,6,f,autumn,12.811430722610623,200.1618650203514,179.40265258674802,166.5912218641374,23/09/2018 16:20,-18.45,13.97,-33.57573529411765,18.26406862745098,29/08/2018,13/10/2018,,,BL150_18,0.0,f
Fadila,65,2019,7,f,autumn,53.943076361387625,1260.3379245695812,-134.32007389267304,171.73684974593937,26/08/2019 18:19,53.55,8.34,-33.57573529411765,18.26406862745098,26/08/2019,30/09/2019,20/03/2020,19/04/2020,BS727_19,1.0,f
Fadila,65,2019,7,f,autumn,108.55833314872928,143.52926071699787,-89.34434483122774,162.09732202004298,28/08/2019 03:40,45.45,-3.13,-33.57573529411765,18.26406862745098,26/08/2019,30/09/2019,20/03/2020,19/04/2020,BS727_19,1.0,f
Fadila,65,2019,7,f,autumn,30.076231880342732,406.9342062603224,-169.31892973313848,160.6048383865188,29/08/2019 18:39,45.45,-4.97,-33.57573529411765,18.26406862745098,26/08/2019,30/09/2019,20/03/2020,19/04/2020,BS727_19,1.0,f
Fadila,65,2019,7,f,autumn,51.12916529721656,1085.461947256117,-149.21288315552118,159.65795154726223,30/08/2019 04:31,41.85,-5.88,-33.57573529411765,18.26406862745098,26/08/2019,30/09/2019,20/03/2020,19/04/2020,BS727_19,1.0,f
Fadila,65,2019,7,f,autumn,54.506222776270874,1179.988519188251,-151.5181375801082,153.97563964362092,01/09/2019 18:54,33.3,-11.91,-33.57573529411765,18.26406862745098,26/08/2019,30/09/2019,20/03/2020,19/04/2020,BS727_19,1.0,f
Fadila,65,2019,7,f,autumn,40.40921214528356,252.89788360415838,-171.53482713232393,148.0559607223925,04/09/2019 18:44,23.85,-17.42,-33.57573529411765,18.26406862745098,26/08/2019,30/09/2019,20/03/2020,19/04/2020,BS727_19,1.0,f
Fadila,65,2019,7,f,autumn,7.364209700613429,772.1010972335147,154.6155052093128,147.25129550869937,05/09/2019 05:36,21.6,-17.78,-33.57573529411765,18.26406862745098,26/08/2019,30/09/2019,20/03/2020,19/04/2020,BS727_19,1.0,f
Fadila,65,2019,7,f,autumn,50.15475622857173,871.8944307672758,98.85514208963188,149.0098983182036,07/09/2019 05:15,15.75,-13.25,-33.57573529411765,18.26406862745098,26/08/2019,30/09/2019,20/03/2020,19/04/2020,BS727_19,1.0,f
Fadila,65,2019,7,f,autumn,14.639136640093795,833.8619334305472,140.74935901162564,155.38849565171944,09/09/2019 04:50,14.4,-5.25,-33.57573529411765,18.26406862745098,26/08/2019,30/09/2019,20/03/2020,19/04/2020,BS727_19,1.0,f
Fadila,65,2019,7,f,autumn,1.4387163693430978,1143.0654273303917,156.62834925634925,158.06706562569235,15/09/2019 17:28,8.55,-0.46,-33.57573529411765,18.26406862745098,26/08/2019,30/09/2019,20/03/2020,19/04/2020,BS727_19,1.0,f
Fadila,65,2019,7,f,autumn,19.471575225554204,1394.1834133163813,139.2048385733402,158.6764137988944,17/09/2019 16:53,-0.9,3.6,-33.57573529411765,18.26406862745098,26/08/2019,30/09/2019,20/03/2020,19/04/2020,BS727_19,1.0,f
Fadila,65,2019,7,f,autumn,0.02097558688853951,1492.9951408141733,166.80868705485645,166.829662641745,22/09/2019 16:38,-10.35,11.89,-33.57573529411765,18.26406862745098,26/08/2019,30/09/2019,20/03/2020,19/04/2020,BS727_19,1.0,f
Fadila,65,2019,7,f,autumn,0.5859774516204652,1031.7729769604023,166.47393109049546,165.887953638875,26/09/2019 03:01,-23.4,15.2,-33.57573529411765,18.26406862745098,26/08/2019,30/09/2019,20/03/2020,19/04/2020,BS727_19,1.0,f
Fadila,65,2019,7,f,autumn,13.86965801436105,201.19229701519072,174.22738138924194,160.3577233748809,26/09/2019 16:19,-32.4,17.76,-33.57573529411765,18.26406862745098,26/08/2019,30/09/2019,20/03/2020,19/04/2020,BS727_19,1.0,f
Fadila,65,2019,7,f,spring,20.615151254839702,886.7226526137921,-26.514326973272322,-5.899175718432629,20/03/2020 16:44,-33.75,18.05,53.5111,8.1056,26/08/2019,30/09/2019,20/03/2020,19/04/2020,BS727_19,1.0,f
Fadila,65,2019,7,f,spring,31.177746719461283,1199.687173431938,-34.77866031961956,-3.600913600158283,22/03/2020 16:44,-26.55,14.08,53.5111,8.1056,26/08/2019,30/09/2019,20/03/2020,19/04/2020,BS727_19,1.0,f
Fadila,65,2019,7,f,spring,0.34929995833672933,800.603471840823,0.0,0.3492999583367308,23/03/2020 16:59,-17.55,7.55,53.5111,8.1056,26/08/2019,30/09/2019,20/03/2020,19/04/2020,BS727_19,1.0,f
Fadila,65,2019,7,f,spring,65.20876817272456,1033.8136537970684,-64.84074034484767,0.3680278278768915,24/03/2020 04:21,-10.35,7.55,53.5111,8.1056,26/08/2019,30/09/2019,20/03/2020,19/04/2020,BS727_19,1.0,f
Fadila,65,2019,7,f,spring,17.353572346153157,510.01680783173947,-11.19468781997886,6.1588845261742895,26/03/2020 04:50,-6.3,-0.91,53.5111,8.1056,26/08/2019,30/09/2019,20/03/2020,19/04/2020,BS727_19,1.0,f
Fadila,65,2019,7,f,spring,64.57641564425332,1304.0967181858862,-57.482228129595356,7.0941875146579605,26/03/2020 18:04,-1.8,-1.8,53.5111,8.1056,26/08/2019,30/09/2019,20/03/2020,19/04/2020,BS727_19,1.0,f
Fadila,65,2019,7,f,spring,18.682306519284964,250.738540861548,-3.7886554907047554,14.893651028580196,27/03/2020 05:15,4.5,-11.7,53.5111,8.1056,26/08/2019,30/09/2019,20/03/2020,19/04/2020,BS727_19,1.0,f
Fadila,65,2019,7,f,spring,27.576627173447577,204.71320084920285,-12.0941135359796,15.482513637467974,28/03/2020 05:30,6.75,-11.85,53.5111,8.1056,26/08/2019,30/09/2019,20/03/2020,19/04/2020,BS727_19,1.0,f
Fadila,65,2019,7,f,spring,46.288358857187745,1163.1970197479345,-30.098853003789007,16.189505853398753,28/03/2020 18:44,8.55,-12.24,53.5111,8.1056,26/08/2019,30/09/2019,20/03/2020,19/04/2020,BS727_19,1.0,f
Fadila,65,2019,7,f,spring,18.438690977595257,1104.864257358198,4.73661095529459,23.175301932889845,30/03/2020 05:41,17.55,-17.72,53.5111,8.1056,26/08/2019,30/09/2019,20/03/2020,19/04/2020,BS727_19,1.0,f
Fadila,65,2019,7,f,spring,19.97003800116798,101.15516644815848,8.344084100075642,28.314122101243623,30/03/2020 18:54,27.45,-16.8,53.5111,8.1056,26/08/2019,30/09/2019,20/03/2020,19/04/2020,BS727_19,1.0,f
Fadila,65,2019,7,f,spring,28.89873625377345,200.15086796020566,0.0,28.898736253773446,04/04/2020 05:20,28.35,-16.65,53.5111,8.1056,26/08/2019,30/09/2019,20/03/2020,19/04/2020,BS727_19,1.0,f
Fadila,65,2019,7,f,spring,4.260282998909133,1130.3330237958796,26.16711195910064,30.427394958009764,04/04/2020 19:04,30.15,-16.65,53.5111,8.1056,26/08/2019,30/09/2019,20/03/2020,19/04/2020,BS727_19,1.0,f
Fadila,65,2019,7,f,spring,34.071048372640035,250.305017127317,1.7190275857758015,35.790075958415834,07/04/2020 04:40,39.15,-10.89,53.5111,8.1056,26/08/2019,30/09/2019,20/03/2020,19/04/2020,BS727_19,1.0,f
Fadila,65,2019,7,f,spring,5.347230133748553,745.3967664235983,34.4815894789617,39.82881961271025,07/04/2020 18:43,41.4,-10.8,53.5111,8.1056,26/08/2019,30/09/2019,20/03/2020,19/04/2020,BS727_19,1.0,f
Fadila,66,2020,8,f,autumn,99.96870129969176,280.0668112677833,-88.29444895436886,171.73684974593937,28/08/2020 02:47,53.55,8.34,-33.57573529411765,18.26406862745098,28/08/2020,18/09/2020,17/03/2021,28/04/2021,BX242_20,1.0,f
Fadila,66,2020,8,f,autumn,32.09252159916184,582.8688520159047,-159.67834596319975,168.2291324376384,29/08/2020 02:46,53.55,4.1,-33.57573529411765,18.26406862745098,28/08/2020,18/09/2020,17/03/2021,28/04/2021,BX242_20,1.0,f
Fadila,66,2020,8,f,autumn,14.68290346952648,100.075433980103,180.0,165.31709653047352,30/08/2020 03:06,48.15,0.68,-33.57573529411765,18.26406862745098,28/08/2020,18/09/2020,17/03/2021,28/04/2021,BX242_20,1.0,f
Fadila,66,2020,8,f,autumn,33.86318772797773,474.7392425301112,-160.84859674160558,165.2882155304167,30/08/2020 18:09,47.25,0.68,-33.57573529411765,18.26406862745098,28/08/2020,18/09/2020,17/03/2021,28/04/2021,BX242_20,1.0,f
Fadila,66,2020,8,f,autumn,67.02697232196027,895.548253834315,-129.4452773399519,163.52775033808783,31/08/2020 03:52,43.2,-1.24,-33.57573529411765,18.26406862745098,28/08/2020,18/09/2020,17/03/2021,28/04/2021,BX242_20,1.0,f
Fadila,66,2020,8,f,autumn,38.494222975090224,517.4946442034112,-164.78371531360776,156.72206171130205,01/09/2020 04:27,37.8,-9.11,-33.57573529411765,18.26406862745098,28/08/2020,18/09/2020,17/03/2021,28/04/2021,BX242_20,1.0,f
Fadila,66,2020,8,f,autumn,44.37705124584272,159.00961556200798,-160.5908893320647,155.03205942209257,01/09/2020 18:44,33.3,-10.57,-33.57573529411765,18.26406862745098,28/08/2020,18/09/2020,17/03/2021,28/04/2021,BX242_20,1.0,f
Fadila,66,2020,8,f,autumn,46.845074992250716,321.43697167541916,-158.75756160424126,154.397363403508,02/09/2020 04:46,31.95,-11.13,-33.57573529411765,18.26406862745098,28/08/2020,18/09/2020,17/03/2021,28/04/2021,BX242_20,1.0,f
Fadila,66,2020,8,f,autumn,63.75868552677434,372.25414557769693,-143.2209116888424,153.02040278438324,02/09/2020 18:35,29.25,-12.33,-33.57573529411765,18.26406862745098,28/08/2020,18/09/2020,17/03/2021,28/04/2021,BX242_20,1.0,f
Fadila,66,2020,8,f,autumn,49.07265637781882,1059.4708216009085,-160.14766458537582,150.77967903680533,03/09/2020 05:12,26.55,-14.57,-33.57573529411765,18.26406862745098,28/08/2020,18/09/2020,17/03/2021,28/04/2021,BX242_20,1.0,f
Fadila,66,2020,8,f,autumn,7.5536605300259225,949.4329566897112,153.13554217697438,145.58188164694846,04/09/2020 18:40,17.1,-18.35,-33.57573529411765,18.26406862745098,28/08/2020,18/09/2020,17/03/2021,28/04/2021,BX242_20,1.0,f
Fadila,66,2020,8,f,autumn,9.817344515178263,164.85131443415924,155.5394739502146,145.72212943503635,05/09/2020 05:36,9.45,-14.45,-33.57573529411765,18.26406862745098,28/08/2020,18/09/2020,17/03/2021,28/04/2021,BX242_20,1.0,f
Fadila,66,2020,8,f,autumn,88.40712723068273,1032.0581833301153,57.09463983154355,145.5017670622263,06/09/2020 05:22,8.1,-13.98,-33.57573529411765,18.26406862745098,28/08/2020,18/09/2020,17/03/2021,28/04/2021,BX242_20,1.0,f
Fadila,66,2020,8,f,autumn,0.8031193188239456,944.8395538170165,153.85362063154676,154.6567399503707,07/09/2020 04:56,13.05,-5.57,-33.57573529411765,18.26406862745098,28/08/2020,18/09/2020,17/03/2021,28/04/2021,BX242_20,1.0,f
Fadila,66,2020,8,f,autumn,38.964099301423516,1121.6237546173327,116.22206310508648,155.18616240651,13/09/2020 04:26,4.95,-1.81,-33.57573529411765,18.26406862745098,28/08/2020,18/09/2020,17/03/2021,28/04/2021,BX242_20,1.0,f
Fadila,66,2020,8,f,autumn,0.509253038341626,2965.50477706759,164.64055913916116,164.13130610081953,17/09/2020 16:49,0.45,7.26,-33.57573529411765,18.26406862745098,28/08/2020,18/09/2020,17/03/2021,28/04/2021,BX242_20,1.0,f
Fadila,66,2020,8,f,spring,32.47236113505187,124.29382587134995,-36.52901540374312,-4.056654268691249,17/03/2021 03:41,-25.2,14.81,53.5111,8.1056,28/08/2020,18/09/2020,17/03/2021,28/04/2021,BX242_20,1.0,f
Fadila,66,2020,8,f,spring,10.265172600345124,257.59533427788205,-13.893389283406412,-3.6282166830613005,17/03/2021 16:54,-24.3,14.08,53.5111,8.1056,28/08/2020,18/09/2020,17/03/2021,28/04/2021,BX242_20,1.0,f
Fadila,66,2020,8,f,spring,10.674371260435606,103.1055088466684,-13.969458244283018,-3.295086983847404,18/03/2021 03:46,-22.05,13.48,53.5111,8.1056,28/08/2020,18/09/2020,17/03/2021,28/04/2021,BX242_20,1.0,f
Fadila,66,2020,8,f,spring,3.0938770418432853,300.2263019403083,0.0,-3.093877041843291,19/03/2021 03:42,-21.15,13.13,53.5111,8.1056,28/08/2020,18/09/2020,17/03/2021,28/04/2021,BX242_20,1.0,f
Fadila,66,2020,8,f,spring,2.892924863628906,250.19083643711255,-0.2445981830911274,-3.137523046720039,19/03/2021 16:45,-18.45,13.13,53.5111,8.1056,28/08/2020,18/09/2020,17/03/2021,28/04/2021,BX242_20,1.0,f
Fadila,66,2020,8,f,spring,85.04347527293943,933.4456973410807,-88.13543332483017,-3.0919580518907455,21/03/2021 16:55,-16.2,12.99,53.5111,8.1056,28/08/2020,18/09/2020,17/03/2021,28/04/2021,BX242_20,1.0,f
Fadila,66,2020,8,f,spring,27.815579559391608,1103.2541813623166,-25.38610734702831,2.4294722123632813,23/03/2021 17:14,-16.2,4.27,53.5111,8.1056,28/08/2020,18/09/2020,17/03/2021,28/04/2021,BX242_20,1.0,f
Fadila,66,2020,8,f,spring,166.32566798312268,353.8920635336856,171.82167501060434,5.496007027481695,24/03/2021 04:42,-7.2,0.0,53.5111,8.1056,28/08/2020,18/09/2020,17/03/2021,28/04/2021,BX242_20,1.0,f
Fadila,66,2020,8,f,spring,21.713716697876208,365.4873857822856,-16.671895587179417,5.041821110696785,24/03/2021 17:35,-10.35,0.46,53.5111,8.1056,28/08/2020,18/09/2020,17/03/2021,28/04/2021,BX242_20,1.0,f
Fadila,66,2020,8,f,spring,119.0692057649079,775.1568948748063,-113.24496731701298,5.824238447894922,25/03/2021 04:51,-7.2,-0.49,53.5111,8.1056,28/08/2020,18/09/2020,17/03/2021,28/04/2021,BX242_20,1.0,f
Fadila,66,2020,8,f,spring,100.0362878065609,220.17337633664107,-90.17280594469376,9.86348186186714,25/03/2021 17:55,-9.9,-6.99,53.5111,8.1056,28/08/2020,18/09/2020,17/03/2021,28/04/2021,BX242_20,1.0,f
Fadila,66,2020,8,f,spring,25.696840915129144,258.452313185126,-14.574775680159037,11.122065234970103,26/03/2021 05:07,-9.9,-9.0,53.5111,8.1056,28/08/2020,18/09/2020,17/03/2021,28/04/2021,BX242_20,1.0,f
Fadila,66,2020,8,f,spring,40.10645729894654,1249.0451281137218,-28.39864708375033,11.707810215196199,28/03/2021 05:26,-7.65,-9.59,53.5111,8.1056,28/08/2020,18/09/2020,17/03/2021,28/04/2021,BX242_20,1.0,f
Fadila,66,2020,8,f,spring,60.207802136648326,138.34470012902733,-43.64683529091068,16.56096684573765,29/03/2021 18:34,2.25,-14.91,53.5111,8.1056,28/08/2020,18/09/2020,17/03/2021,28/04/2021,BX242_20,1.0,f
Fadila,66,2020,8,f,spring,17.297874383101174,350.26401893036,0.0,17.297874383101178,30/03/2021 05:41,3.15,-15.77,53.5111,8.1056,28/08/2020,18/09/2020,17/03/2021,28/04/2021,BX242_20,1.0,f
Fadila,66,2020,8,f,spring,161.96970354434688,300.2263019403086,180.0,18.030296455653154,30/03/2021 18:50,6.3,-15.77,53.5111,8.1056,28/08/2020,18/09/2020,17/03/2021,28/04/2021,BX242_20,1.0,f
Fadila,66,2020,8,f,spring,17.951919691379544,900.7219793877769,-0.5559589960119796,17.395960695367577,31/03/2021 18:45,3.6,-15.77,53.5111,8.1056,28/08/2020,18/09/2020,17/03/2021,28/04/2021,BX242_20,1.0,f
Fadila,66,2020,8,f,spring,36.06870621900583,312.782328050328,-16.20131664378345,19.867389575222393,02/04/2021 05:37,11.7,-16.2,53.5111,8.1056,28/08/2020,18/09/2020,17/03/2021,28/04/2021,BX242_20,1.0,f
Fadila,66,2020,8,f,spring,18.395440020623624,1002.3020124985183,3.106068115481415,21.501508136105034,06/04/2021 19:05,14.4,-17.19,53.5111,8.1056,28/08/2020,18/09/2020,17/03/2021,28/04/2021,BX242_20,1.0,f
Fadila,66,2020,8,f,spring,25.7272567523066,150.11315097015415,0.0,25.72725675230659,13/04/2021 05:21,23.85,-16.66,53.5111,8.1056,28/08/2020,18/09/2020,17/03/2021,28/04/2021,BX242_20,1.0,f
Fadila,66,2020,8,f,spring,2.560818390817559,938.3461010790188,24.035309473496365,26.596127864313928,14/04/2021 05:07,25.2,-16.66,53.5111,8.1056,28/08/2020,18/09/2020,17/03/2021,28/04/2021,BX242_20,1.0,f
Fadila,66,2020,8,f,spring,29.344979754246424,100.07543398010229,0.0,29.344979754246438,14/04/2021 19:00,32.85,-12.58,53.5111,8.1056,28/08/2020,18/09/2020,17/03/2021,28/04/2021,BX242_20,1.0,f
Fadila,66,2020,8,f,spring,10.195901738498037,1292.8928164865142,20.109444416834123,30.305346155332163,18/04/2021 04:46,33.75,-12.58,53.5111,8.1056,28/08/2020,18/09/2020,17/03/2021,28/04/2021,BX242_20,1.0,f
Finnegan,67,2016,6,m,autumn,1.221867163183731,1070.1001290773709,-167.974711252985,-169.19657841616873,12/09/2016 17:31,53.55,8.34,5.874630996309963,0.2742619926199262,12/09/2016,30/09/2016,27/03/2017,18/04/2017,Z451,1.0,m
Finnegan,67,2016,6,m,autumn,38.27609035993734,1237.9962049285525,-133.25985059092864,-171.53594095086598,13/09/2016 03:47,44.1,5.56,5.874630996309963,0.2742619926199262,12/09/2016,30/09/2016,27/03/2017,18/04/2017,Z451,1.0,m
Finnegan,67,2016,6,m,autumn,9.307258582221266,150.11315097015415,180.0,170.69274141777873,14/09/2016 17:56,36.0,-4.45,5.874630996309963,0.2742619926199262,12/09/2016,30/09/2016,27/03/2017,18/04/2017,Z451,1.0,m
Finnegan,67,2016,6,m,autumn,50.96405306909617,1035.8316382251705,-138.7328321620048,170.30311476889906,16/09/2016 04:42,34.65,-4.45,5.874630996309963,0.2742619926199262,12/09/2016,30/09/2016,27/03/2017,18/04/2017,Z451,1.0,m
Finnegan,67,2016,6,m,autumn,46.85316171255488,104.68222842710436,-162.8680570865181,150.27878120092706,17/09/2016 04:57,27.45,-11.58,5.874630996309963,0.2742619926199262,12/09/2016,30/09/2016,27/03/2017,18/04/2017,Z451,1.0,m
Finnegan,67,2016,6,m,autumn,64.29781022998259,473.7595315322397,-147.12477615836622,148.57741361165122,17/09/2016 18:17,26.55,-11.89,5.874630996309963,0.2742619926199262,12/09/2016,30/09/2016,27/03/2017,18/04/2017,Z451,1.0,m
Finnegan,67,2016,6,m,autumn,75.43805114890705,358.7635064523624,-146.44911355105398,138.11283530003897,18/09/2016 05:17,22.95,-14.4,5.874630996309963,0.2742619926199262,12/09/2016,30/09/2016,27/03/2017,18/04/2017,Z451,1.0,m
Finnegan,67,2016,6,m,autumn,57.9613881657267,252.29904539103154,-172.5320432667343,129.50656856753903,18/09/2016 18:21,20.25,-16.3,5.874630996309963,0.2742619926199262,12/09/2016,30/09/2016,27/03/2017,18/04/2017,Z451,1.0,m
Finnegan,67,2016,6,m,autumn,55.65096638999404,100.07543398010264,180.0,124.34903361000596,22/09/2016 18:36,18.0,-16.56,5.874630996309963,0.2742619926199262,12/09/2016,30/09/2016,27/03/2017,18/04/2017,Z451,1.0,m
Finnegan,67,2016,6,m,autumn,15.995324983904197,925.6350821837409,138.4513092597154,122.4559842758112,26/09/2016 05:18,17.1,-16.47,5.874630996309963,0.2742619926199262,12/09/2016,30/09/2016,27/03/2017,18/04/2017,Z451,1.0,m
Finnegan,67,2016,6,m,autumn,108.60231009348603,502.24855931414834,4.905169590785601,113.50747968427163,28/09/2016 17:51,10.8,-10.71,5.874630996309963,0.2742619926199262,12/09/2016,30/09/2016,27/03/2017,18/04/2017,Z451,1.0,m
Finnegan,67,2016,6,m,autumn,42.130507119420656,850.4760072371499,88.95218681826992,131.08269393769058,29/09/2016 04:57,15.3,-10.31,5.874630996309963,0.2742619926199262,12/09/2016,30/09/2016,27/03/2017,18/04/2017,Z451,1.0,m
Finnegan,67,2016,6,m,autumn,2.4546013937413704,841.440466099285,161.80858631823136,164.26318771197273,29/09/2016 17:36,15.3,-2.38,5.874630996309963,0.2742619926199262,12/09/2016,30/09/2016,27/03/2017,18/04/2017,Z451,1.0,m
Finnegan,67,2016,6,m,spring,124.52136334259814,846.5277182055784,-117.81433160050724,6.707031742090894,27/03/2017 17:46,8.1,0.0,53.5111,8.1056,12/09/2016,30/09/2016,27/03/2017,18/04/2017,Z451,1.0,m
Finnegan,67,2016,6,m,spring,177.4335170927685,151.91040874111408,-171.17035522709446,11.39612768013701,28/03/2017 04:57,4.5,-6.75,53.5111,8.1056,12/09/2016,30/09/2016,27/03/2017,18/04/2017,Z451,1.0,m
Finnegan,67,2016,6,m,spring,67.69717697560213,818.2108706006283,-56.36381363901825,11.333363336583883,28/03/2017 18:01,3.15,-6.96,53.5111,8.1056,12/09/2016,30/09/2016,27/03/2017,18/04/2017,Z451,1.0,m
Finnegan,67,2016,6,m,spring,174.3168574407715,108.09415595188108,-157.76967714601727,16.54718029475425,29/03/2017 18:21,7.2,-13.23,53.5111,8.1056,12/09/2016,30/09/2016,27/03/2017,18/04/2017,Z451,1.0,m
Finnegan,67,2016,6,m,spring,55.52754446832694,775.4693974483466,-38.943415001411125,16.58412946691582,30/03/2017 18:31,6.3,-13.6,53.5111,8.1056,12/09/2016,30/09/2016,27/03/2017,18/04/2017,Z451,1.0,m
Finnegan,67,2016,6,m,spring,38.63961574228546,314.99302295477327,-17.517550679216416,21.122065063069023,31/03/2017 05:42,11.7,-18.07,53.5111,8.1056,12/09/2016,30/09/2016,27/03/2017,18/04/2017,Z451,1.0,m
Finnegan,67,2016,6,m,spring,22.687715900663505,150.11315097015415,0.0,22.687715900663495,02/04/2017 05:47,14.4,-18.95,53.5111,8.1056,12/09/2016,30/09/2016,27/03/2017,18/04/2017,Z451,1.0,m
Finnegan,67,2016,6,m,spring,11.03136382667472,358.50275789237764,12.203498068743862,23.234861895418582,02/04/2017 19:05,15.75,-18.95,53.5111,8.1056,12/09/2016,30/09/2016,27/03/2017,18/04/2017,Z451,1.0,m
Finnegan,67,2016,6,m,spring,4.904820970949601,317.4894498650647,18.814085943938732,23.71890691488833,03/04/2017 19:01,18.9,-17.6,53.5111,8.1056,12/09/2016,30/09/2016,27/03/2017,18/04/2017,Z451,1.0,m
Finnegan,67,2016,6,m,spring,19.844494130890723,602.417483030252,4.534484160943287,24.378978291834013,04/04/2017 05:33,21.6,-16.61,53.5111,8.1056,12/09/2016,30/09/2016,27/03/2017,18/04/2017,Z451,1.0,m
Finnegan,67,2016,6,m,spring,24.82488286117382,150.27132075151994,2.612968443965952,27.43785130513976,04/04/2017 19:10,27.0,-16.13,53.5111,8.1056,12/09/2016,30/09/2016,27/03/2017,18/04/2017,Z451,1.0,m
Finnegan,67,2016,6,m,spring,4.294679660955495,238.87183056666026,32.75098555096189,28.456305890006398,08/04/2017 05:12,28.8,-15.67,53.5111,8.1056,12/09/2016,30/09/2016,27/03/2017,18/04/2017,Z451,1.0,m
Finnegan,67,2016,6,m,spring,13.147636223364373,834.3973394143253,15.679009556193478,28.82664577955786,08/04/2017 18:56,30.6,-14.32,53.5111,8.1056,12/09/2016,30/09/2016,27/03/2017,18/04/2017,Z451,1.0,m
Finnegan,67,2016,6,m,spring,34.43279244303881,100.07919622050082,0.49370377487085454,34.92649621790965,09/04/2017 19:01,38.25,-11.4,53.5111,8.1056,12/09/2016,30/09/2016,27/03/2017,18/04/2017,Z451,1.0,m
Finnegan,67,2016,6,m,spring,26.510675860517722,764.0451574112827,10.206598418597759,36.71727427911548,13/04/2017 04:32,39.6,-11.03,53.5111,8.1056,12/09/2016,30/09/2016,27/03/2017,18/04/2017,Z451,1.0,m
Finnegan,67,2016,6,m,spring,15.341795693218785,311.05499129982707,35.56352836419526,50.905324057414035,13/04/2017 18:50,46.35,-9.27,53.5111,8.1056,12/09/2016,30/09/2016,27/03/2017,18/04/2017,Z451,1.0,m
Finnegan,67,2016,6,m,spring,69.86603465228237,860.6095988200831,126.54123397519682,56.675199322914445,16/04/2017 04:07,48.6,-6.81,53.5111,8.1056,12/09/2016,30/09/2016,27/03/2017,18/04/2017,Z451,1.0,m
Finnegan,68,2017,7,m,autumn,21.534489672723453,1258.1759820967718,-147.66208874344528,-169.19657841616873,23/09/2017 17:07,53.55,8.34,5.874630996309963,0.2742619926199262,23/09/2017,13/10/2017,23/03/2018,01/05/2018,BD676_17,0.0,m
Finnegan,68,2017,7,m,autumn,90.88368810720141,102.17975976539918,-89.56168106675891,179.55463082603967,24/09/2017 04:03,43.65,0.0,5.874630996309963,0.2742619926199262,23/09/2017,13/10/2017,23/03/2018,01/05/2018,BD676_17,0.0,m
Finnegan,68,2017,7,m,autumn,20.171186425046244,104.94934001673458,-162.3356578066353,177.49315576831842,24/09/2017 17:31,43.65,-1.27,5.874630996309963,0.2742619926199262,23/09/2017,13/10/2017,23/03/2018,01/05/2018,BD676_17,0.0,m
Finnegan,68,2017,7,m,autumn,37.680057081852624,949.2769362880975,-145.55841515650937,176.76152776163798,25/09/2017 17:47,42.3,-1.66,5.874630996309963,0.2742619926199262,23/09/2017,13/10/2017,23/03/2018,01/05/2018,BD676_17,0.0,m
Finnegan,68,2017,7,m,autumn,24.80730429742573,506.4853023607875,-170.85718969296957,164.3355060096047,26/09/2017 04:39,35.1,-7.55,5.874630996309963,0.2742619926199262,23/09/2017,13/10/2017,23/03/2018,01/05/2018,BD676_17,0.0,m
Finnegan,68,2017,7,m,autumn,47.64325705376376,169.19435173766288,-152.3222399213759,160.03450302486033,26/09/2017 17:57,30.6,-8.39,5.874630996309963,0.2742619926199262,23/09/2017,13/10/2017,23/03/2018,01/05/2018,BD676_17,0.0,m
Finnegan,68,2017,7,m,autumn,38.01765584694215,155.61456101137532,-164.61800866823626,157.3643354848216,28/09/2017 05:03,29.25,-9.14,5.874630996309963,0.2742619926199262,23/09/2017,13/10/2017,23/03/2018,01/05/2018,BD676_17,0.0,m
Finnegan,68,2017,7,m,autumn,55.69053360548776,1323.187459806546,-149.0812324474061,155.22823394710616,29/09/2017 17:56,27.9,-9.56,5.874630996309963,0.2742619926199262,23/09/2017,13/10/2017,23/03/2018,01/05/2018,BD676_17,0.0,m
Finnegan,68,2017,7,m,autumn,43.90681144296275,153.2518127789799,168.34143301793816,124.43462157497541,06/10/2017 18:21,17.55,-15.94,5.874630996309963,0.2742619926199262,23/09/2017,13/10/2017,23/03/2018,01/05/2018,BD676_17,0.0,m
Finnegan,68,2017,7,m,autumn,28.908443232111097,743.5598947865635,150.6123319987273,121.70388876661623,07/10/2017 05:28,16.2,-15.65,5.874630996309963,0.2742619926199262,23/09/2017,13/10/2017,23/03/2018,01/05/2018,BD676_17,0.0,m
Finnegan,68,2017,7,m,autumn,104.86938104224645,603.4950571814768,5.69487327865264,110.56425432089908,09/10/2017 05:13,10.8,-12.32,5.874630996309963,0.2742619926199262,23/09/2017,13/10/2017,23/03/2018,01/05/2018,BD676_17,0.0,m
Finnegan,68,2017,7,m,autumn,27.357119384345054,216.92930739959667,157.21221967637817,129.85510029203311,10/10/2017 05:03,16.2,-11.76,5.874630996309963,0.2742619926199262,23/09/2017,13/10/2017,23/03/2018,01/05/2018,BD676_17,0.0,m
Finnegan,68,2017,7,m,autumn,15.492109241420962,677.6746282946785,110.97650656112852,126.46861580254948,10/10/2017 17:51,14.4,-10.98,5.874630996309963,0.2742619926199262,23/09/2017,13/10/2017,23/03/2018,01/05/2018,BD676_17,0.0,m
Finnegan,68,2017,7,m,autumn,67.24296405896654,161.10890777161936,71.75549094705075,138.99845500601728,11/10/2017 04:53,12.15,-5.16,5.874630996309963,0.2742619926199262,23/09/2017,13/10/2017,23/03/2018,01/05/2018,BD676_17,0.0,m
Finnegan,68,2017,7,m,autumn,2.9968678753743347,797.1430704900491,144.3151148205504,147.31198269592474,12/10/2017 04:33,12.15,-3.75,5.874630996309963,0.2742619926199262,23/09/2017,13/10/2017,23/03/2018,01/05/2018,BD676_17,0.0,m
Finnegan,68,2017,7,m,autumn,22.342873823164837,100.07543398010283,180.0,-157.65712617683513,12/10/2017 17:17,6.3,0.45,5.874630996309963,0.2742619926199262,23/09/2017,13/10/2017,23/03/2018,01/05/2018,BD676_17,0.0,m
Finnegan,68,2017,7,m,spring,165.39523048411542,855.3135603027162,-159.3249362750854,6.070294209029996,23/03/2018 17:37,5.4,0.45,53.5111,8.1056,23/09/2017,13/10/2017,23/03/2018,01/05/2018,BD676_17,0.0,m
Finnegan,68,2017,7,m,spring,172.58320557601905,200.15086796020574,180.0,7.4167944239809245,26/03/2018 04:49,-1.8,-2.26,53.5111,8.1056,23/09/2017,13/10/2017,23/03/2018,01/05/2018,BD676_17,0.0,m
Finnegan,68,2017,7,m,spring,63.09011641475527,976.725330942016,-55.8234126712488,7.266703743506475,28/03/2018 17:47,-3.6,-2.26,53.5111,8.1056,23/09/2017,13/10/2017,23/03/2018,01/05/2018,BD676_17,0.0,m
Finnegan,68,2017,7,m,spring,88.22532672184029,198.69769354801255,-75.39162390887712,12.833702812963164,29/03/2018 05:13,1.35,-9.52,53.5111,8.1056,23/09/2017,13/10/2017,23/03/2018,01/05/2018,BD676_17,0.0,m
Finnegan,68,2017,7,m,spring,43.032113971276175,1088.578258091671,-28.95453817228249,14.07757579899369,29/03/2018 18:22,1.8,-11.25,53.5111,8.1056,23/09/2017,13/10/2017,23/03/2018,01/05/2018,BD676_17,0.0,m
Finnegan,68,2017,7,m,spring,23.2682472131371,350.8712179777345,-3.3518023653715177,19.916444847765593,04/04/2018 05:43,10.8,-16.7,53.5111,8.1056,23/09/2017,13/10/2017,23/03/2018,01/05/2018,BD676_17,0.0,m
Finnegan,68,2017,7,m,spring,21.125698784094112,750.5657548507717,0.0,21.125698784094112,04/04/2018 18:47,13.95,-16.89,53.5111,8.1056,23/09/2017,13/10/2017,23/03/2018,01/05/2018,BD676_17,0.0,m
Finnegan,68,2017,7,m,spring,15.762138441420802,253.06820591241637,8.582918818058346,24.345057259479155,21/04/2018 05:03,21.15,-16.89,53.5111,8.1056,23/09/2017,13/10/2017,23/03/2018,01/05/2018,BD676_17,0.0,m
Finnegan,68,2017,7,m,spring,0.9370392375354015,1108.4720171625065,24.407196899981123,25.34423613751653,21/04/2018 19:02,23.4,-16.52,53.5111,8.1056,23/09/2017,13/10/2017,23/03/2018,01/05/2018,BD676_17,0.0,m
Finnegan,68,2017,7,m,spring,2.3333389390768673,841.155287488859,25.641176592046207,27.974515531123075,26/04/2018 19:12,32.85,-11.25,53.5111,8.1056,23/09/2017,13/10/2017,23/03/2018,01/05/2018,BD676_17,0.0,m
Finnegan,68,2017,7,m,spring,2.4708043058987244,120.09441684189454,33.31076405875393,30.83995975285521,27/04/2018 19:16,39.6,-6.6,53.5111,8.1056,23/09/2017,13/10/2017,23/03/2018,01/05/2018,BD676_17,0.0,m
Finnegan,68,2017,7,m,spring,23.438264679446974,707.683507877287,7.742181326112649,31.180446005559617,28/04/2018 03:53,40.5,-5.82,53.5111,8.1056,23/09/2017,13/10/2017,23/03/2018,01/05/2018,BD676_17,0.0,m
Finnegan,68,2017,7,m,spring,22.98749939895046,108.63485924845777,22.69224691174077,45.67974631069123,28/04/2018 19:16,46.8,-4.57,53.5111,8.1056,23/09/2017,13/10/2017,23/03/2018,01/05/2018,BD676_17,0.0,m
Finnegan,69,2018,8,m,autumn,8.833849451287534,150.16582428160004,-178.46475018670262,-169.63090073541508,05/10/2018 03:55,45.0,6.89,5.874630996309963,0.2742619926199262,05/10/2018,28/10/2018,22/03/2019,24/04/2019,BL146_18,1.0,m
Finnegan,69,2018,8,m,autumn,34.11867860865874,1331.3776798602755,-135.28618934091088,-169.40486794956962,06/10/2018 16:43,43.65,6.84,5.874630996309963,0.2742619926199262,05/10/2018,28/10/2018,22/03/2019,24/04/2019,BL146_18,1.0,m
Finnegan,69,2018,8,m,autumn,49.77911700459191,1038.8547885066857,-138.51651823765792,171.70436475775017,07/10/2018 17:29,34.65,-3.76,5.874630996309963,0.2742619926199262,05/10/2018,28/10/2018,22/03/2019,24/04/2019,BL146_18,1.0,m
Finnegan,69,2018,8,m,autumn,3.433611924117173,116.9079190031139,148.73306383420243,152.1666757583196,08/10/2018 05:14,27.45,-10.72,5.874630996309963,0.2742619926199262,05/10/2018,28/10/2018,22/03/2019,24/04/2019,BL146_18,1.0,m
Finnegan,69,2018,8,m,autumn,58.0740851626548,1377.9429555057125,-149.33398559780494,152.5919292395403,10/10/2018 18:07,26.55,-10.11,5.874630996309963,0.2742619926199262,05/10/2018,28/10/2018,22/03/2019,24/04/2019,BL146_18,1.0,m
Finnegan,69,2018,8,m,autumn,61.09076910091656,250.18858495025714,180.0,118.90923089908344,13/10/2018 05:29,15.75,-16.64,5.874630996309963,0.2742619926199262,05/10/2018,28/10/2018,22/03/2019,24/04/2019,BL146_18,1.0,m
Finnegan,69,2018,8,m,autumn,21.9306294848937,128.90441644649846,89.86564366267764,111.79627314757134,21/10/2018 05:25,13.05,-16.57,5.874630996309963,0.2742619926199262,05/10/2018,28/10/2018,22/03/2019,24/04/2019,BL146_18,1.0,m
Finnegan,69,2018,8,m,autumn,54.50678776190307,869.2212170874578,167.98256595300785,113.47577819110477,22/10/2018 05:24,13.05,-15.38,5.874630996309963,0.2742619926199262,05/10/2018,28/10/2018,22/03/2019,24/04/2019,BL146_18,1.0,m
Finnegan,69,2018,8,m,autumn,6.952414903703698,626.5805348280196,94.32213991660574,87.36972501290202,22/10/2018 18:04,5.4,-13.75,5.874630996309963,0.2742619926199262,05/10/2018,28/10/2018,22/03/2019,24/04/2019,BL146_18,1.0,m
Finnegan,69,2018,8,m,autumn,165.97999340479197,401.7963612037508,-82.68606046499147,83.29393293980051,23/10/2018 05:24,4.95,-8.11,5.874630996309963,0.2742619926199262,05/10/2018,28/10/2018,22/03/2019,24/04/2019,BL146_18,1.0,m
Finnegan,69,2018,8,m,autumn,36.042955821876745,883.802839686332,51.09560665645797,87.13856247833472,25/10/2018 05:14,5.4,-11.71,5.874630996309963,0.2742619926199262,05/10/2018,28/10/2018,22/03/2019,24/04/2019,BL146_18,1.0,m
Finnegan,69,2018,8,m,autumn,1.5510437899861529,781.1116826487281,129.41535303130792,127.86430924132176,27/10/2018 17:28,10.35,-5.45,5.874630996309963,0.2742619926199262,05/10/2018,28/10/2018,22/03/2019,24/04/2019,BL146_18,1.0,m
Finnegan,69,2018,8,m,spring,145.73377528933923,922.0180150951404,-139.26744684552912,6.466328443810124,22/03/2019 05:01,5.85,0.0,53.5111,8.1056,05/10/2018,28/10/2018,22/03/2019,24/04/2019,BL146_18,1.0,m
Finnegan,69,2018,8,m,spring,159.634368315848,987.6868564685462,-149.57533974526837,10.05902857057963,23/03/2019 05:10,-0.45,-5.85,53.5111,8.1056,05/10/2018,28/10/2018,22/03/2019,24/04/2019,BL146_18,1.0,m
Finnegan,69,2018,8,m,spring,16.295649051617346,736.4856294501752,28.132532926686913,11.836883875069567,25/03/2019 18:09,-8.1,-9.87,53.5111,8.1056,05/10/2018,28/10/2018,22/03/2019,24/04/2019,BL146_18,1.0,m
Finnegan,69,2018,8,m,spring,169.54104496643515,350.26401893036007,180.0,10.458955033564818,26/03/2019 05:10,-2.25,-6.75,53.5111,8.1056,05/10/2018,28/10/2018,22/03/2019,24/04/2019,BL146_18,1.0,m
Finnegan,69,2018,8,m,spring,169.8834933048306,100.07543398010283,180.0,10.11650669516939,26/03/2019 17:59,-5.4,-6.75,53.5111,8.1056,05/10/2018,28/10/2018,22/03/2019,24/04/2019,BL146_18,1.0,m
Finnegan,69,2018,8,m,spring,20.297347256957806,1389.1670493311997,30.32541106260927,10.028063805651472,27/03/2019 04:50,-6.3,-6.75,53.5111,8.1056,05/10/2018,28/10/2018,22/03/2019,24/04/2019,BL146_18,1.0,m
Finnegan,69,2018,8,m,spring,7.024725214954628,100.07543398010291,0.0,7.024725214954638,29/03/2019 17:29,4.5,-0.9,53.5111,8.1056,05/10/2018,28/10/2018,22/03/2019,24/04/2019,BL146_18,1.0,m
Finnegan,69,2018,8,m,spring,174.0762449803361,1335.0470479566472,-167.00409122378193,7.072153756554185,01/04/2019 04:35,4.95,-0.9,53.5111,8.1056,05/10/2018,28/10/2018,22/03/2019,24/04/2019,BL146_18,1.0,m
Finnegan,69,2018,8,m,spring,9.822878716380131,100.13034572408986,-1.8992970353800247,7.9235816810001065,01/04/2019 17:43,-6.75,-3.6,53.5111,8.1056,05/10/2018,28/10/2018,22/03/2019,24/04/2019,BL146_18,1.0,m
Finnegan,69,2018,8,m,spring,78.3650979986214,1167.5492117054116,-70.35136678224896,8.013731216372427,04/04/2019 17:49,-5.85,-3.63,53.5111,8.1056,05/10/2018,28/10/2018,22/03/2019,24/04/2019,BL146_18,1.0,m
Finnegan,69,2018,8,m,spring,31.943840507505115,1096.079118329672,-16.50546723095109,15.438373276554026,06/04/2019 05:35,-2.25,-14.42,53.5111,8.1056,05/10/2018,28/10/2018,22/03/2019,24/04/2019,BL146_18,1.0,m
Finnegan,69,2018,8,m,spring,8.049438538173291,255.03975701932634,11.161954738946086,19.21139327711938,07/04/2019 05:50,7.2,-17.23,53.5111,8.1056,05/10/2018,28/10/2018,22/03/2019,24/04/2019,BL146_18,1.0,m
Finnegan,69,2018,8,m,spring,19.55543363228921,1100.8297737811317,0.0,19.5554336322892,07/04/2019 18:49,9.45,-16.78,53.5111,8.1056,05/10/2018,28/10/2018,22/03/2019,24/04/2019,BL146_18,1.0,m
Finnegan,69,2018,8,m,spring,14.199095542408202,1218.5719600387695,9.36678517487717,23.565880717285367,14/04/2019 05:21,19.8,-16.78,53.5111,8.1056,05/10/2018,28/10/2018,22/03/2019,24/04/2019,BL146_18,1.0,m
Finnegan,69,2018,8,m,spring,12.864919690668728,1050.4905479115955,16.73558311328656,29.600502803955298,16/04/2019 04:55,31.05,-14.72,53.5111,8.1056,05/10/2018,28/10/2018,22/03/2019,24/04/2019,BL146_18,1.0,m
Finnegan,69,2018,8,m,spring,13.353218897267197,163.87098360937503,23.393452917296916,36.74667181456412,21/04/2019 04:11,40.05,-10.38,53.5111,8.1056,05/10/2018,28/10/2018,22/03/2019,24/04/2019,BL146_18,1.0,m
Finnegan,69,2018,8,m,spring,16.239398706988624,708.3155533464462,22.129414862766208,38.36881356975482,21/04/2019 19:04,41.4,-9.6,53.5111,8.1056,05/10/2018,28/10/2018,22/03/2019,24/04/2019,BL146_18,1.0,m
Finnegan,69,2018,8,m,spring,10.182343510422385,131.01675519888323,39.78125908852248,49.96360259894487,22/04/2019 03:51,47.25,-6.07,53.5111,8.1056,05/10/2018,28/10/2018,22/03/2019,24/04/2019,BL146_18,1.0,m
Finnegan,70,2019,9,m,autumn,50.78307330058223,1397.7299728685246,-118.4135051155865,-169.19657841616873,01/10/2019 16:44,53.55,8.34,5.874630996309963,0.2742619926199262,01/10/2019,16/10/2019,27/03/2020,19/04/2020,BS722_19,1.0,m
Finnegan,70,2019,9,m,autumn,19.87511088139786,906.4930046736124,-173.06107529404576,167.06381382455635,02/10/2019 17:44,46.35,-8.24,5.874630996309963,0.2742619926199262,01/10/2019,16/10/2019,27/03/2020,19/04/2020,BS722_19,1.0,m
Finnegan,70,2019,9,m,autumn,71.13647849301867,488.1420321043104,-126.62897029930062,162.23455120768068,04/10/2019 05:10,38.25,-9.49,5.874630996309963,0.2742619926199262,01/10/2019,16/10/2019,27/03/2020,19/04/2020,BS722_19,1.0,m
Finnegan,70,2019,9,m,autumn,117.53596548770463,200.8372254278085,-89.35457791508222,153.10945659721315,04/10/2019 18:04,35.55,-13.82,5.874630996309963,0.2742619926199262,01/10/2019,16/10/2019,27/03/2020,19/04/2020,BS722_19,1.0,m
Finnegan,70,2019,9,m,autumn,34.78748962081772,1053.2832654166368,-175.84937930433082,149.36313107485145,05/10/2019 05:26,35.55,-16.04,5.874630996309963,0.2742619926199262,01/10/2019,16/10/2019,27/03/2020,19/04/2020,BS722_19,1.0,m
Finnegan,70,2019,9,m,autumn,37.30011376404087,802.9680144818715,175.47952534367562,138.17941157963475,11/10/2019 05:35,26.1,-16.8,5.874630996309963,0.2742619926199262,01/10/2019,16/10/2019,27/03/2020,19/04/2020,BS722_19,1.0,m
Finnegan,70,2019,9,m,autumn,33.81538212142277,317.6919714491967,160.7610040535178,126.94562193209504,11/10/2019 18:19,18.9,-16.2,5.874630996309963,0.2742619926199262,01/10/2019,16/10/2019,27/03/2020,19/04/2020,BS722_19,1.0,m
Finnegan,70,2019,9,m,autumn,32.92001290485001,932.4710647650172,155.39814039237055,122.47812748752052,12/10/2019 17:59,16.2,-15.22,5.874630996309963,0.2742619926199262,01/10/2019,16/10/2019,27/03/2020,19/04/2020,BS722_19,1.0,m
Finnegan,70,2019,9,m,autumn,79.05704874942302,200.17816983293784,-179.051619523053,101.89133172752399,13/10/2019 05:11,8.55,-11.7,5.874630996309963,0.2742619926199262,01/10/2019,16/10/2019,27/03/2020,19/04/2020,BS722_19,1.0,m
Finnegan,70,2019,9,m,autumn,93.51837931727641,100.075433980103,0.0,93.51837931727641,13/10/2019 17:54,6.75,-11.73,5.874630996309963,0.2742619926199262,01/10/2019,16/10/2019,27/03/2020,19/04/2020,BS722_19,1.0,m
Finnegan,70,2019,9,m,autumn,45.112609577255796,1251.1256352363835,142.84316704193586,97.73055746468006,14/10/2019 17:49,7.65,-11.73,5.874630996309963,0.2742619926199262,01/10/2019,16/10/2019,27/03/2020,19/04/2020,BS722_19,1.0,m
Finnegan,70,2019,9,m,autumn,6.874989376879711,885.6799816823913,42.71057244504605,35.83558306816634,15/10/2019 17:34,-1.35,-4.96,5.874630996309963,0.2742619926199262,01/10/2019,16/10/2019,27/03/2020,19/04/2020,BS722_19,1.0,m
Finnegan,70,2019,9,m,spring,95.98899628642502,101.91778636568864,-89.96030742525693,6.028688861168096,28/03/2020 04:45,4.95,0.45,53.5111,8.1056,01/10/2019,16/10/2019,27/03/2020,19/04/2020,BS722_19,1.0,m
Finnegan,70,2019,9,m,spring,75.04483508662366,1394.2497198395367,-68.30409130829595,6.740743778327715,28/03/2020 17:54,4.95,-0.47,53.5111,8.1056,01/10/2019,16/10/2019,27/03/2020,19/04/2020,BS722_19,1.0,m
Finnegan,70,2019,9,m,spring,41.33250623476363,1274.593894952857,-24.889358338333768,16.443147896429874,29/03/2020 18:34,9.45,-12.27,53.5111,8.1056,01/10/2019,16/10/2019,27/03/2020,19/04/2020,BS722_19,1.0,m
Finnegan,70,2019,9,m,spring,24.552596988922858,250.18858495025714,0.0,24.552596988922843,07/04/2020 05:30,21.15,-17.17,53.5111,8.1056,01/10/2019,16/10/2019,27/03/2020,19/04/2020,BS722_19,1.0,m
Finnegan,70,2019,9,m,spring,6.782652941613122,780.427958378784,32.623015454352384,25.84036251273927,07/04/2020 19:08,23.4,-17.17,53.5111,8.1056,01/10/2019,16/10/2019,27/03/2020,19/04/2020,BS722_19,1.0,m
Finnegan,70,2019,9,m,spring,16.68606624337241,101.56093327871478,9.76673457079086,26.452800814163258,10/04/2020 05:01,29.7,-12.61,53.5111,8.1056,01/10/2019,16/10/2019,27/03/2020,19/04/2020,BS722_19,1.0,m
Finnegan,70,2019,9,m,spring,27.049210411057174,100.07543398010229,0.0,27.04921041105716,10/04/2020 18:44,30.6,-12.43,53.5111,8.1056,01/10/2019,16/10/2019,27/03/2020,19/04/2020,BS722_19,1.0,m
Finnegan,70,2019,9,m,spring,19.913570865830792,505.750667833351,8.14188128562207,28.055452151452872,11/04/2020 18:53,31.95,-12.19,53.5111,8.1056,01/10/2019,16/10/2019,27/03/2020,19/04/2020,BS722_19,1.0,m
Finnegan,70,2019,9,m,spring,16.083714211002558,312.90613991969605,16.060132703565802,32.14384691456837,15/04/2020 18:54,36.9,-10.69,53.5111,8.1056,01/10/2019,16/10/2019,27/03/2020,19/04/2020,BS722_19,1.0,m
Finnegan,70,2019,9,m,spring,7.1323577662619755,553.7300412228218,42.22417947210615,35.09182170584418,16/04/2020 04:25,39.6,-9.68,53.5111,8.1056,01/10/2019,16/10/2019,27/03/2020,19/04/2020,BS722_19,1.0,m
Finnegan,71,2020,10,m,autumn,43.02712084128376,1418.3537082206453,-126.16945757488496,-169.19657841616873,16/09/2020 17:31,53.55,8.34,5.874630996309963,0.2742619926199262,16/09/2020,07/10/2020,24/03/2021,26/04/2021,BX233_20,1.0,m
Finnegan,71,2020,10,m,autumn,10.24283179293252,100.07543398010229,180.0,169.75716820706748,17/09/2020 04:07,45.0,-6.26,5.874630996309963,0.2742619926199262,16/09/2020,07/10/2020,24/03/2021,26/04/2021,BX233_20,1.0,m
Finnegan,71,2020,10,m,autumn,24.34080906822186,360.28189286492204,-166.1008751972827,169.55831573449544,18/09/2020 04:57,44.1,-6.26,5.874630996309963,0.2742619926199262,16/09/2020,07/10/2020,24/03/2021,26/04/2021,BX233_20,1.0,m
Finnegan,71,2020,10,m,autumn,25.901683045433117,614.9172064219274,-167.05886211247724,167.03945484208964,18/09/2020 18:11,40.95,-7.29,5.874630996309963,0.2742619926199262,16/09/2020,07/10/2020,24/03/2021,26/04/2021,BX233_20,1.0,m
Finnegan,71,2020,10,m,autumn,22.051307897179186,150.51172676806547,-175.79470555768134,162.1539865451395,19/09/2020 04:48,35.55,-8.81,5.874630996309963,0.2742619926199262,16/09/2020,07/10/2020,24/03/2021,26/04/2021,BX233_20,1.0,m
Finnegan,71,2020,10,m,autumn,18.804381711673955,100.07543398010371,180.0,161.19561828832605,19/09/2020 18:06,34.2,-8.93,5.874630996309963,0.2742619926199262,16/09/2020,07/10/2020,24/03/2021,26/04/2021,BX233_20,1.0,m
Finnegan,71,2020,10,m,autumn,49.10508392901613,1078.7638584910915,-150.46220209140756,160.43271397957628,24/09/2020 18:01,32.85,-8.91,5.874630996309963,0.2742619926199262,16/09/2020,07/10/2020,24/03/2021,26/04/2021,BX233_20,1.0,m
Finnegan,71,2020,10,m,autumn,79.34171954200673,195.5364765514999,-139.89837193272734,140.75990852526593,25/09/2020 05:07,24.3,-14.14,5.874630996309963,0.2742619926199262,16/09/2020,07/10/2020,24/03/2021,26/04/2021,BX233_20,1.0,m
Finnegan,71,2020,10,m,autumn,46.4604415319086,751.312944455052,-177.38726040950147,136.15229805858993,25/09/2020 18:15,22.95,-15.37,5.874630996309963,0.2742619926199262,16/09/2020,07/10/2020,24/03/2021,26/04/2021,BX233_20,1.0,m
Finnegan,71,2020,10,m,autumn,118.7612919230354,100.93439488882477,-119.60546409298621,121.63324398397842,26/09/2020 05:27,16.2,-15.69,5.874630996309963,0.2742619926199262,16/09/2020,07/10/2020,24/03/2021,26/04/2021,BX233_20,1.0,m
Finnegan,71,2020,10,m,autumn,82.4278766104643,161.3101498400116,-158.4538404294689,119.1182829600668,26/09/2020 18:26,15.75,-16.51,5.874630996309963,0.2742619926199262,16/09/2020,07/10/2020,24/03/2021,26/04/2021,BX233_20,1.0,m
Finnegan,71,2020,10,m,autumn,66.4665020513412,250.18858495025714,180.0,113.53349794865882,29/09/2020 05:27,13.95,-17.12,5.874630996309963,0.2742619926199262,16/09/2020,07/10/2020,24/03/2021,26/04/2021,BX233_20,1.0,m
Finnegan,71,2020,10,m,autumn,75.68179799994027,150.30743332292195,-177.07969150314696,107.23851049691277,30/09/2020 05:33,11.7,-17.12,5.874630996309963,0.2742619926199262,16/09/2020,07/10/2020,24/03/2021,26/04/2021,BX233_20,1.0,m
Finnegan,71,2020,10,m,autumn,60.14319374969335,1156.7016053307061,161.9335270272468,101.79033327755346,01/10/2020 05:37,9.9,-17.19,5.874630996309963,0.2742619926199262,16/09/2020,07/10/2020,24/03/2021,26/04/2021,BX233_20,1.0,m
Finnegan,71,2020,10,m,autumn,117.75822564562583,100.46998344201484,-174.92080938411922,67.32096497025493,02/10/2020 05:22,0.0,-13.98,5.874630996309963,0.2742619926199262,16/09/2020,07/10/2020,24/03/2021,26/04/2021,BX233_20,1.0,m
Finnegan,71,2020,10,m,autumn,60.978762787874516,150.21605491111208,2.1212930278999957,63.10005581577451,04/10/2020 18:01,-1.35,-14.07,5.874630996309963,0.2742619926199262,16/09/2020,07/10/2020,24/03/2021,26/04/2021,BX233_20,1.0,m
Finnegan,71,2020,10,m,autumn,10.231165778165234,466.7355479783568,77.60800928190763,67.3768435037424,05/10/2020 05:17,0.0,-14.02,5.874630996309963,0.2742619926199262,16/09/2020,07/10/2020,24/03/2021,26/04/2021,BX233_20,1.0,m
Finnegan,71,2020,10,m,autumn,47.087276199334866,589.8369629551927,109.823147446835,62.73587124750013,06/10/2020 05:02,0.9,-9.49,5.874630996309963,0.2742619926199262,16/09/2020,07/10/2020,24/03/2021,26/04/2021,BX233_20,1.0,m
Finnegan,71,2020,10,m,autumn,78.5840990745568,1244.3700425692143,-43.50866547505266,35.07543359950414,06/10/2020 17:36,-0.9,-4.5,5.874630996309963,0.2742619926199262,16/09/2020,07/10/2020,24/03/2021,26/04/2021,BX233_20,1.0,m
Finnegan,71,2020,10,m,spring,42.69981454822789,1352.3403060767785,-26.83989283016784,15.859921718060054,27/03/2021 18:41,7.2,-12.24,53.5111,8.1056,16/09/2020,07/10/2020,24/03/2021,26/04/2021,BX233_20,1.0,m
Finnegan,71,2020,10,m,spring,5.596086329527054,1267.7495477586742,17.966466380701064,23.562552710228104,09/04/2021 19:06,18.0,-17.98,53.5111,8.1056,16/09/2020,07/10/2020,24/03/2021,26/04/2021,BX233_20,1.0,m
Finnegan,71,2020,10,m,spring,20.389743295499045,100.7503078039758,6.606303924730197,26.99604722022924,10/04/2021 05:19,28.8,-13.99,53.5111,8.1056,16/09/2020,07/10/2020,24/03/2021,26/04/2021,BX233_20,1.0,m
Finnegan,71,2020,10,m,spring,16.081184614133406,1328.742727232972,10.929623944478479,27.0108085586119,12/04/2021 18:47,29.7,-13.2,53.5111,8.1056,16/09/2020,07/10/2020,24/03/2021,26/04/2021,BX233_20,1.0,m
Finnegan,71,2020,10,m,spring,18.93858549884027,643.4370295712108,20.09057630029521,39.02916179913547,18/04/2021 04:13,41.4,-10.13,53.5111,8.1056,16/09/2020,07/10/2020,24/03/2021,26/04/2021,BX233_20,1.0,m
Finnegan,71,2020,10,m,spring,23.972958719867535,736.1920860652108,74.67414218712354,50.701183467256,22/04/2021 19:06,47.25,-6.57,53.5111,8.1056,16/09/2020,07/10/2020,24/03/2021,26/04/2021,BX233_20,1.0,m
Finnegan,71,2020,10,m,spring,146.91753071682933,200.1508679602053,180.0,33.082469283170646,25/04/2021 02:53,49.05,3.11,53.5111,8.1056,16/09/2020,07/10/2020,24/03/2021,26/04/2021,BX233_20,1.0,m
Fuxia,72,2019,3,f,autumn,21.79252098819063,1293.6061184089447,-155.53582467332626,-177.3283456615169,08/09/2019 17:50,53.55,8.34,6.738510638297872,6.377985815602837,08/09/2019,03/10/2019,22/03/2020,24/04/2020,BT686_19,1.0,f
Fuxia,72,2019,3,f,autumn,24.104948013210105,207.4800559881815,-164.50256383600657,171.39248815078335,09/09/2019 17:50,42.75,1.26,6.738510638297872,6.377985815602837,08/09/2019,03/10/2019,22/03/2020,24/04/2020,BT686_19,1.0,f
Fuxia,72,2019,3,f,autumn,60.68844410928443,1391.6067401282476,-129.4528593131296,169.85869657758596,10/09/2019 04:16,40.95,0.6,6.738510638297872,6.377985815602837,08/09/2019,03/10/2019,22/03/2020,24/04/2020,BT686_19,1.0,f
Fuxia,72,2019,3,f,autumn,38.38750481327372,100.18655755781433,-177.287848252731,144.3246469339953,10/09/2019 18:25,32.4,-10.83,6.738510638297872,6.377985815602837,08/09/2019,03/10/2019,22/03/2020,24/04/2020,BT686_19,1.0,f
Fuxia,72,2019,3,f,autumn,67.70901438528949,1088.5650407053881,-149.56094848845242,142.73003712625805,12/09/2019 18:30,31.05,-10.94,6.738510638297872,6.377985815602837,08/09/2019,03/10/2019,22/03/2020,24/04/2020,BT686_19,1.0,f
Fuxia,72,2019,3,f,autumn,59.97730166174705,100.16030513162704,-177.63357987089455,122.38911846735841,18/09/2019 05:26,22.5,-16.25,6.738510638297872,6.377985815602837,08/09/2019,03/10/2019,22/03/2020,24/04/2020,BT686_19,1.0,f
Fuxia,72,2019,3,f,autumn,59.954620758334954,150.17027634980113,-178.4121948935701,121.63318434809493,19/09/2019 18:30,22.05,-16.25,6.738510638297872,6.377985815602837,08/09/2019,03/10/2019,22/03/2020,24/04/2020,BT686_19,1.0,f
Fuxia,72,2019,3,f,autumn,61.85860183941227,376.9641388249676,57.3703689654198,119.22897080483207,20/09/2019 05:27,20.7,-16.29,6.738510638297872,6.377985815602837,08/09/2019,03/10/2019,22/03/2020,24/04/2020,BT686_19,1.0,f
Fuxia,72,2019,3,f,autumn,59.31440262038339,547.0960912029095,67.564400637884,126.8788032582674,21/09/2019 05:26,22.5,-13.2,6.738510638297872,6.377985815602837,08/09/2019,03/10/2019,22/03/2020,24/04/2020,BT686_19,1.0,f
Fuxia,72,2019,3,f,autumn,66.57116600016911,527.7535174147021,72.42617740599516,138.99734340616428,22/09/2019 05:01,24.3,-8.25,6.738510638297872,6.377985815602837,08/09/2019,03/10/2019,22/03/2020,24/04/2020,BT686_19,1.0,f
Fuxia,72,2019,3,f,autumn,37.992398029606704,467.10931023060283,114.48312571029093,152.47552373989762,23/09/2019 04:41,25.65,-3.23,6.738510638297872,6.377985815602837,08/09/2019,03/10/2019,22/03/2020,24/04/2020,BT686_19,1.0,f
Fuxia,72,2019,3,f,autumn,9.337488998972276,404.1254414968222,172.00537712784057,162.6678881288683,24/09/2019 04:26,24.3,0.97,6.738510638297872,6.377985815602837,08/09/2019,03/10/2019,22/03/2020,24/04/2020,BT686_19,1.0,f
Fuxia,72,2019,3,f,autumn,10.90895926547961,288.95319485190936,149.7430014800898,160.6519607455694,24/09/2019 17:10,20.7,1.51,6.738510638297872,6.377985815602837,08/09/2019,03/10/2019,22/03/2020,24/04/2020,BT686_19,1.0,f
Fuxia,72,2019,3,f,autumn,1.6040334224765331,258.97063593021204,164.9400024219727,166.54403584444924,28/09/2019 04:18,18.45,3.58,6.738510638297872,6.377985815602837,08/09/2019,03/10/2019,22/03/2020,24/04/2020,BT686_19,1.0,f
Fuxia,72,2019,3,f,autumn,0.2711343940532913,1064.9452812994848,170.46697303324737,170.19583863919408,01/10/2019 04:11,16.2,4.74,6.738510638297872,6.377985815602837,08/09/2019,03/10/2019,22/03/2020,24/04/2020,BT686_19,1.0,f
Fuxia,72,2019,3,f,autumn,174.43159272611126,100.08154698416337,-179.36620529267188,6.202201981216836,02/10/2019 16:45,6.3,6.33,6.738510638297872,6.377985815602837,08/09/2019,03/10/2019,22/03/2020,24/04/2020,BT686_19,1.0,f
Fuxia,72,2019,3,f,spring,178.21980726896868,600.4526038806172,180.0,1.7801927310313028,25/03/2020 04:26,4.95,5.86,53.5111,8.1056,08/09/2019,03/10/2019,22/03/2020,24/04/2020,BT686_19,1.0,f
Fuxia,72,2019,3,f,spring,46.57467170236376,1062.0285844181385,-44.92410311408109,1.6505685882826573,25/03/2020 17:11,-0.45,5.86,53.5111,8.1056,08/09/2019,03/10/2019,22/03/2020,24/04/2020,BT686_19,1.0,f
Fuxia,72,2019,3,f,spring,37.161906327425356,1335.1016327836178,-29.933027741861427,7.228878585563931,26/03/2020 17:40,6.3,-0.91,53.5111,8.1056,08/09/2019,03/10/2019,22/03/2020,24/04/2020,BT686_19,1.0,f
Fuxia,72,2019,3,f,spring,82.37001939597373,1140.679585556495,-67.90687485407746,14.463144541896265,27/03/2020 18:06,16.65,-7.13,53.5111,8.1056,08/09/2019,03/10/2019,22/03/2020,24/04/2020,BT686_19,1.0,f
Fuxia,72,2019,3,f,spring,20.547065881676048,100.33676192858611,4.123356605785446,24.67042248746149,13/04/2020 19:10,21.15,-17.33,53.5111,8.1056,08/09/2019,03/10/2019,22/03/2020,24/04/2020,BT686_19,1.0,f
Fuxia,72,2019,3,f,spring,26.83654193669429,1369.4638577911874,51.952454946566526,25.115913009872234,14/04/2020 04:56,22.05,-17.26,53.5111,8.1056,08/09/2019,03/10/2019,22/03/2020,24/04/2020,BT686_19,1.0,f
Fuxia,72,2019,3,f,spring,29.819985450695413,815.616191930007,-10.580192420756944,19.23979302993846,15/04/2020 04:37,29.25,-6.16,53.5111,8.1056,08/09/2019,03/10/2019,22/03/2020,24/04/2020,BT686_19,1.0,f
Fuxia,72,2019,3,f,spring,66.28560337412473,452.39289187658994,-38.27806740570038,28.007535968424357,16/04/2020 04:36,36.45,-7.83,53.5111,8.1056,08/09/2019,03/10/2019,22/03/2020,24/04/2020,BT686_19,1.0,f
Fuxia,72,2019,3,f,spring,15.697924422000824,166.2680369837096,52.49575403685054,36.79782961484972,16/04/2020 18:59,39.6,-11.1,53.5111,8.1056,08/09/2019,03/10/2019,22/03/2020,24/04/2020,BT686_19,1.0,f
Fuxia,72,2019,3,f,spring,21.708249133959896,155.39527190418804,14.825196340360252,36.53344547432015,17/04/2020 18:54,40.5,-9.54,53.5111,8.1056,08/09/2019,03/10/2019,22/03/2020,24/04/2020,BT686_19,1.0,f
Fuxia,72,2019,3,f,spring,20.098144851382926,583.2915894479786,18.509233209287373,38.60737806067029,18/04/2020 19:00,41.85,-9.06,53.5111,8.1056,08/09/2019,03/10/2019,22/03/2020,24/04/2020,BT686_19,1.0,f
Fuxia,72,2019,3,f,spring,34.942627348769236,154.92861100440953,14.136546411040834,49.079173759810054,19/04/2020 19:00,46.8,-6.63,53.5111,8.1056,08/09/2019,03/10/2019,22/03/2020,24/04/2020,BT686_19,1.0,f
Fuxia,73,2020,4,f,autumn,72.097524924467,1210.8474469233515,-105.23082073704991,-177.3283456615169,10/08/2020 19:02,53.55,8.34,6.738510638297872,6.377985815602837,10/08/2020,07/09/2020,19/03/2021,29/04/2021,BX236_20,1.0,f
Fuxia,73,2020,4,f,autumn,58.957937519665194,245.97616459320588,100.47484183769623,159.43277935736143,11/08/2020 02:45,49.5,-7.96,6.738510638297872,6.377985815602837,10/08/2020,07/09/2020,19/03/2021,29/04/2021,BX236_20,1.0,f
Fuxia,73,2020,4,f,autumn,37.52358257955922,1273.8188783473531,-158.53546716052182,163.94095025991896,12/08/2020 03:49,49.05,-4.64,6.738510638297872,6.377985815602837,10/08/2020,07/09/2020,19/03/2021,29/04/2021,BX236_20,1.0,f
Fuxia,73,2020,4,f,autumn,35.512750034336364,1156.3081301683628,-174.0902814242311,150.3969685414325,15/08/2020 04:25,37.8,-9.95,6.738510638297872,6.377985815602837,10/08/2020,07/09/2020,19/03/2021,29/04/2021,BX236_20,1.0,f
Fuxia,73,2020,4,f,autumn,71.64626634813828,1135.5790654257348,-150.68845798692448,137.6652756649372,16/08/2020 04:59,27.45,-11.35,6.738510638297872,6.377985815602837,10/08/2020,07/09/2020,19/03/2021,29/04/2021,BX236_20,1.0,f
Fuxia,73,2020,4,f,autumn,70.65781972532591,1155.43619898931,-174.77849655486213,114.56368371981195,23/08/2020 05:25,18.45,-16.69,6.738510638297872,6.377985815602837,10/08/2020,07/09/2020,19/03/2021,29/04/2021,BX236_20,1.0,f
Fuxia,73,2020,4,f,autumn,117.22116529443468,114.24240180921589,-151.12865306308208,91.65018164248323,23/08/2020 18:53,8.1,-17.64,6.738510638297872,6.377985815602837,10/08/2020,07/09/2020,19/03/2021,29/04/2021,BX236_20,1.0,f
Fuxia,73,2020,4,f,autumn,65.93422183179115,878.9081044030769,155.49369085712485,89.5594690253337,24/08/2020 18:53,7.2,-18.14,6.738510638297872,6.377985815602837,10/08/2020,07/09/2020,19/03/2021,29/04/2021,BX236_20,1.0,f
Fuxia,73,2020,4,f,autumn,106.78452205493977,100.10013888209285,178.72707467557836,71.94255262063862,25/08/2020 05:34,0.0,-14.87,6.738510638297872,6.377985815602837,10/08/2020,07/09/2020,19/03/2021,29/04/2021,BX236_20,1.0,f
Fuxia,73,2020,4,f,autumn,10.899030089476497,874.0913787713479,58.962046161673875,69.86107625115038,27/08/2020 18:28,-0.9,-14.85,6.738510638297872,6.377985815602837,10/08/2020,07/09/2020,19/03/2021,29/04/2021,BX236_20,1.0,f
Fuxia,73,2020,4,f,autumn,31.006121851269597,986.6716955545493,44.47820698310875,75.48432883437836,29/08/2020 04:54,3.15,-8.11,6.738510638297872,6.377985815602837,10/08/2020,07/09/2020,19/03/2021,29/04/2021,BX236_20,1.0,f
Fuxia,73,2020,4,f,autumn,49.16880205353263,317.51746201126997,160.93056554268583,111.7617634891532,30/08/2020 17:37,9.9,-1.39,6.738510638297872,6.377985815602837,10/08/2020,07/09/2020,19/03/2021,29/04/2021,BX236_20,1.0,f
Fuxia,73,2020,4,f,autumn,86.52402192233939,300.22630194030864,180.0,93.47597807766061,31/08/2020 04:36,7.2,-0.45,6.738510638297872,6.377985815602837,10/08/2020,07/09/2020,19/03/2021,29/04/2021,BX236_20,1.0,f
Fuxia,73,2020,4,f,autumn,82.02272396125875,111.83167842574503,153.4759645479048,71.45324058664606,31/08/2020 17:37,4.5,-0.45,6.738510638297872,6.377985815602837,10/08/2020,07/09/2020,19/03/2021,29/04/2021,BX236_20,1.0,f
Fuxia,73,2020,4,f,autumn,27.847243912745682,1573.625163882517,26.718138105069084,54.56538201781476,06/09/2020 17:23,2.25,0.0,6.738510638297872,6.377985815602837,10/08/2020,07/09/2020,19/03/2021,29/04/2021,BX236_20,1.0,f
Fuxia,73,2020,4,f,spring,126.44856778385463,688.2914196624793,-124.94941594576235,1.4991518380922768,19/03/2021 17:08,14.85,6.53,53.5111,8.1056,10/08/2020,07/09/2020,19/03/2021,29/04/2021,BX236_20,1.0,f
Fuxia,73,2020,4,f,spring,109.52918821338373,615.3795224275635,-103.60644742213469,5.922740791249037,21/03/2021 17:49,11.25,1.36,53.5111,8.1056,10/08/2020,07/09/2020,19/03/2021,29/04/2021,BX236_20,1.0,f
Fuxia,73,2020,4,f,spring,171.80142329906562,150.21342471905442,-177.90225582350595,10.296320877428398,22/03/2021 17:44,9.9,-4.1,53.5111,8.1056,10/08/2020,07/09/2020,19/03/2021,29/04/2021,BX236_20,1.0,f
Fuxia,73,2020,4,f,spring,169.70073825281344,300.2263019403086,180.0,10.299261747186556,24/03/2021 05:15,8.1,-4.5,53.5111,8.1056,10/08/2020,07/09/2020,19/03/2021,29/04/2021,BX236_20,1.0,f
Fuxia,73,2020,4,f,spring,78.39422485071988,692.9699812549712,-68.52269622377369,9.871528626946192,24/03/2021 17:59,5.4,-4.5,53.5111,8.1056,10/08/2020,07/09/2020,19/03/2021,29/04/2021,BX236_20,1.0,f
Fuxia,73,2020,4,f,spring,119.7317033859349,748.2979036919595,-105.11250527984456,14.619198106090357,25/03/2021 18:24,7.65,-10.35,53.5111,8.1056,10/08/2020,07/09/2020,19/03/2021,29/04/2021,BX236_20,1.0,f
Fuxia,73,2020,4,f,spring,23.533798061381333,1204.6963062537916,-4.468141019724032,19.06565704165731,28/03/2021 18:49,6.75,-17.19,53.5111,8.1056,10/08/2020,07/09/2020,19/03/2021,29/04/2021,BX236_20,1.0,f
Fuxia,73,2020,4,f,spring,23.625390955446278,100.07543398010264,0.0,23.625390955446285,09/04/2021 05:25,18.0,-18.07,53.5111,8.1056,10/08/2020,07/09/2020,19/03/2021,29/04/2021,BX236_20,1.0,f
Fuxia,73,2020,4,f,spring,6.743636150861249,418.9936116655393,16.975270764027087,23.71890691488833,10/04/2021 05:20,18.9,-17.6,53.5111,8.1056,10/08/2020,07/09/2020,19/03/2021,29/04/2021,BX236_20,1.0,f
Fuxia,73,2020,4,f,spring,0.1097207553835915,330.971945018238,24.621002057233664,24.73072281261724,10/04/2021 19:04,22.5,-16.41,53.5111,8.1056,10/08/2020,07/09/2020,19/03/2021,29/04/2021,BX236_20,1.0,f
Fuxia,73,2020,4,f,spring,25.293418758873173,150.1131509701545,0.0,25.293418758873173,11/04/2021 05:15,25.2,-15.04,53.5111,8.1056,10/08/2020,07/09/2020,19/03/2021,29/04/2021,BX236_20,1.0,f
Fuxia,73,2020,4,f,spring,12.175684657007537,1190.4916564715845,14.036396292752654,26.2120809497602,12/04/2021 05:10,26.55,-15.04,53.5111,8.1056,10/08/2020,07/09/2020,19/03/2021,29/04/2021,BX236_20,1.0,f
Fuxia,73,2020,4,f,spring,20.19614629474259,1238.8675850323514,13.06024934206007,33.25639563680265,17/04/2021 04:26,36.9,-11.68,53.5111,8.1056,10/08/2020,07/09/2020,19/03/2021,29/04/2021,BX236_20,1.0,f
Fuxia,73,2020,4,f,spring,45.181634698921386,515.3420378696063,98.71978302620812,53.53814832728674,27/04/2021 19:14,47.7,-7.36,53.5111,8.1056,10/08/2020,07/09/2020,19/03/2021,29/04/2021,BX236_20,1.0,f
Guinea,74,2017,7,f,autumn,11.016658447268014,183.966525906711,-144.14075367520957,-155.15741212247758,24/07/2017 03:14,49.05,-2.68,17.883009708737863,-16.650485436893202,24/07/2017,26/07/2017,30/03/2018,08/04/2018,Z449_17,0.0,f
Guinea,74,2017,7,f,autumn,10.855795039740997,1285.9365097385976,-145.88889583126922,-156.74469087101022,24/07/2017 19:48,47.7,-4.12,17.883009708737863,-16.650485436893202,24/07/2017,26/07/2017,30/03/2018,08/04/2018,Z449_17,0.0,f
Guinea,74,2017,7,f,autumn,0.11203679776531317,2394.8291970881455,-167.86525836557547,-167.97729516334078,25/07/2017 04:14,37.8,-12.3,17.883009708737863,-16.650485436893202,24/07/2017,26/07/2017,30/03/2018,08/04/2018,Z449_17,0.0,f
Guinea,74,2017,7,f,spring,4.390316888471233,1107.3591191757519,17.827601840806583,22.217918729277805,30/03/2018 18:48,16.65,-16.92,53.5111,8.1056,24/07/2017,26/07/2017,30/03/2018,08/04/2018,Z449_17,0.0,f
Guinea,74,2017,7,f,spring,3.977845539165287,1294.0072302779242,20.63506421961676,24.61290975878205,03/04/2018 18:48,26.1,-13.54,53.5111,8.1056,24/07/2017,26/07/2017,30/03/2018,08/04/2018,Z449_17,0.0,f
Guinea,74,2017,7,f,spring,14.16807664912713,860.8536071302384,43.558830243202095,29.390753594074955,05/04/2018 04:44,36.9,-8.44,53.5111,8.1056,24/07/2017,26/07/2017,30/03/2018,08/04/2018,Z449_17,0.0,f
Guinea,75,2018,8,f,autumn,17.98587095654321,268.31474934621707,-122.95150397571243,-140.93737493225564,30/08/2018 03:23,47.25,5.36,17.883009708737863,-16.650485436893202,30/08/2018,04/09/2018,,,BL149_18,0.0,f
Guinea,75,2018,8,f,autumn,12.111454029717919,380.5129434889655,-156.33151093537398,-144.22005690565607,30/08/2018 18:14,45.9,2.45,17.883009708737863,-16.650485436893202,30/08/2018,04/09/2018,,,BL149_18,0.0,f
Guinea,75,2018,8,f,autumn,9.044122366203197,1206.6646891213993,-135.20106614654975,-144.24518851275295,31/08/2018 03:46,42.75,0.58,17.883009708737863,-16.650485436893202,30/08/2018,04/09/2018,,,BL149_18,0.0,f
Guinea,75,2018,8,f,autumn,9.021801934892267,780.3764091196166,-163.5082452226631,-154.48644328777084,02/09/2018 04:48,34.2,-8.7,17.883009708737863,-16.650485436893202,30/08/2018,04/09/2018,,,BL149_18,0.0,f
Guinea,75,2018,8,f,autumn,13.834328132521023,260.27352937342073,-163.83552540299962,-150.0011972704786,02/09/2018 18:34,27.45,-10.94,17.883009708737863,-16.650485436893202,30/08/2018,04/09/2018,,,BL149_18,0.0,f
Guinea,75,2018,8,f,autumn,2.2416391529139332,233.15020357199603,-148.8979582787066,-146.65631912579266,03/09/2018 05:01,25.2,-11.66,17.883009708737863,-16.650485436893202,30/08/2018,04/09/2018,,,BL149_18,0.0,f
Guinea,76,2019,9,f,autumn,5.574840266636301,697.2551499231316,-147.40108223672536,-141.82624197008906,21/08/2019 02:34,53.55,8.34,17.883009708737863,-16.650485436893202,21/08/2019,26/08/2019,30/03/2020,17/04/2020,BS716_19,1.0,f
Guinea,76,2019,9,f,autumn,27.8785423272478,108.36277268022607,-117.02042597044743,-144.89896829769523,22/08/2019 03:02,48.15,3.28,17.883009708737863,-16.650485436893202,21/08/2019,26/08/2019,30/03/2020,17/04/2020,BS716_19,1.0,f
Guinea,76,2019,9,f,autumn,21.343852717877354,1108.448788207168,-125.19807996709321,-146.54193268497056,22/08/2019 18:41,47.7,1.99,17.883009708737863,-16.650485436893202,21/08/2019,26/08/2019,30/03/2020,17/04/2020,BS716_19,1.0,f
Guinea,76,2019,9,f,autumn,0.24536288089572622,1201.207167825064,-162.1267330627769,-161.88137018188118,24/08/2019 04:19,41.4,-8.88,17.883009708737863,-16.650485436893202,21/08/2019,26/08/2019,30/03/2020,17/04/2020,BS716_19,1.0,f
Guinea,76,2019,9,f,autumn,5.496813853328263,107.49369536666966,-158.48442874454457,-163.98124259787284,24/08/2019 18:51,31.05,-12.73,17.883009708737863,-16.650485436893202,21/08/2019,26/08/2019,30/03/2020,17/04/2020,BS716_19,1.0,f
Guinea,76,2019,9,f,autumn,13.178361200407323,100.14997996221994,-177.7792136603893,-164.60085245998198,25/08/2019 04:59,30.15,-13.14,17.883009708737863,-16.650485436893202,21/08/2019,26/08/2019,30/03/2020,17/04/2020,BS716_19,1.0,f
Guinea,76,2019,9,f,autumn,6.611317742537523,1133.5203846122695,-157.02814107917945,-163.63945882171697,25/08/2019 18:46,29.25,-13.18,17.883009708737863,-16.650485436893202,21/08/2019,26/08/2019,30/03/2020,17/04/2020,BS716_19,1.0,f
Guinea,76,2019,9,f,spring,24.01093658272555,150.11315097015378,0.0,24.010936582725535,30/03/2020 05:33,19.8,-17.39,53.5111,8.1056,21/08/2019,26/08/2019,30/03/2020,17/04/2020,BS716_19,1.0,f
Guinea,76,2019,9,f,spring,3.059177753005116,396.881119868702,27.707550533097187,24.64837278009208,31/03/2020 05:33,21.15,-17.3,53.5111,8.1056,21/08/2019,26/08/2019,30/03/2020,17/04/2020,BS716_19,1.0,f
Guinea,76,2019,9,f,spring,5.406045702641649,266.0105449100415,19.671035413477032,25.07708111611867,31/03/2020 18:56,24.3,-15.48,53.5111,8.1056,21/08/2019,26/08/2019,30/03/2020,17/04/2020,BS716_19,1.0,f
Guinea,76,2019,9,f,spring,1.2475669463295844,165.59540098001779,24.810023551746294,26.057590498075893,03/04/2020 05:13,27.0,-14.48,53.5111,8.1056,21/08/2019,26/08/2019,30/03/2020,17/04/2020,BS716_19,1.0,f
Guinea,76,2019,9,f,spring,14.780091471184221,716.3313928209586,11.663389308128126,26.443480779312353,03/04/2020 18:47,28.35,-13.77,53.5111,8.1056,21/08/2019,26/08/2019,30/03/2020,17/04/2020,BS716_19,1.0,f
Guinea,76,2019,9,f,spring,2.6185406887734644,546.8164259078044,33.54663942509394,30.928098736320464,04/04/2020 18:32,34.65,-12.19,53.5111,8.1056,21/08/2019,26/08/2019,30/03/2020,17/04/2020,BS716_19,1.0,f
Guinea,76,2019,9,f,spring,56.802057355866,233.42955366064635,89.15895453432059,32.356897178454574,05/04/2020 04:53,38.7,-8.71,53.5111,8.1056,21/08/2019,26/08/2019,30/03/2020,17/04/2020,BS716_19,1.0,f
Guinea,76,2019,9,f,spring,25.44361356857729,1002.4418775942951,3.093835027681896,28.537448596259196,05/04/2020 18:46,38.7,-6.02,53.5111,8.1056,21/08/2019,26/08/2019,30/03/2020,17/04/2020,BS716_19,1.0,f
Hanno,77,2017,4,m,autumn,4.208310974545867,1034.5112397877067,-147.66605079039635,-143.4577398158505,31/08/2017 03:13,53.55,8.34,13.914110429447852,-17.084041411042946,31/08/2017,07/09/2017,17/04/2018,01/05/2018,Z453_17,0.0,m
Hanno,77,2017,4,m,autumn,53.025433538696035,421.11714759991025,-94.92180151332607,-147.9472350520221,31/08/2017 18:16,45.45,1.26,13.914110429447852,-17.084041411042946,31/08/2017,07/09/2017,17/04/2018,01/05/2018,Z453_17,0.0,m
Hanno,77,2017,4,m,autumn,4.97790954582527,1008.5774742715951,-151.37082774069916,-156.34873728652443,01/09/2017 03:48,45.0,-4.08,13.914110429447852,-17.084041411042946,31/08/2017,07/09/2017,17/04/2018,01/05/2018,Z453_17,0.0,m
Hanno,77,2017,4,m,autumn,10.5644506077941,353.424687826791,-172.1778311206828,-161.6133805128887,01/09/2017 18:36,36.9,-9.5,13.914110429447852,-17.084041411042946,31/08/2017,07/09/2017,17/04/2018,01/05/2018,Z453_17,0.0,m
Hanno,77,2017,4,m,autumn,19.599811333709795,100.07543398010229,180.0,-160.40018866629015,03/09/2017 04:38,33.75,-10.02,13.914110429447852,-17.084041411042946,31/08/2017,07/09/2017,17/04/2018,01/05/2018,Z453_17,0.0,m
Hanno,77,2017,4,m,autumn,7.370633223760223,951.8759605760409,-152.20231031389056,-159.5729435376508,03/09/2017 18:36,32.85,-10.02,13.914110429447852,-17.084041411042946,31/08/2017,07/09/2017,17/04/2018,01/05/2018,Z453_17,0.0,m
Hanno,77,2017,4,m,autumn,57.26061629029675,288.5312096542707,-109.72911798033135,-166.9897342706281,04/09/2017 05:17,25.2,-14.42,13.914110429447852,-17.084041411042946,31/08/2017,07/09/2017,17/04/2018,01/05/2018,Z453_17,0.0,m
Hanno,77,2017,4,m,autumn,0.5929388692536008,1100.8701297243942,-179.49298622254568,179.91407490820072,04/09/2017 18:55,24.3,-17.1,13.914110429447852,-17.084041411042946,31/08/2017,07/09/2017,17/04/2018,01/05/2018,Z453_17,0.0,m
Hanno,77,2017,4,m,autumn,161.78575625251005,1410.130984453764,6.262016405843632,168.0477726583537,06/09/2017 18:46,14.4,-17.19,13.914110429447852,-17.084041411042946,31/08/2017,07/09/2017,17/04/2018,01/05/2018,Z453_17,0.0,m
Hanno,77,2017,4,m,spring,3.7747370598931695,1154.9228673750306,23.269921734496627,27.044658794389793,20/04/2018 19:05,27.0,-15.65,53.5111,8.1056,31/08/2017,07/09/2017,17/04/2018,01/05/2018,Z453_17,0.0,m
Hanno,77,2017,4,m,spring,24.987553334400275,1058.4078090464513,6.409256698903361,31.396810033303645,27/04/2018 04:22,36.45,-10.57,53.5111,8.1056,31/08/2017,07/09/2017,17/04/2018,01/05/2018,Z453_17,0.0,m
Hanno,78,2018,5,m,autumn,7.566248814738884,1060.8292850532214,-151.02398863058937,-143.4577398158505,04/09/2018 18:02,53.55,8.34,13.914110429447852,-17.084041411042946,04/09/2018,09/09/2018,14/04/2019,24/04/2019,BD277_18,0.0,m
Hanno,78,2018,5,m,autumn,22.366288792594958,1283.9016413600853,-124.36420062413448,-146.73048941672945,05/09/2018 03:47,45.0,1.82,13.914110429447852,-17.084041411042946,04/09/2018,09/09/2018,14/04/2019,24/04/2019,BD277_18,0.0,m
Hanno,78,2018,5,m,autumn,9.289331954589471,1411.6031540647618,-155.50993365133075,-164.79926560592023,07/09/2018 18:32,37.35,-10.75,13.914110429447852,-17.084041411042946,04/09/2018,09/09/2018,14/04/2019,24/04/2019,BD277_18,0.0,m
Hanno,78,2018,5,m,autumn,0.6331582358774313,1252.890923363775,-176.67690651475397,-177.3100647506314,08/09/2018 18:46,25.65,-16.52,13.914110429447852,-17.084041411042946,04/09/2018,09/09/2018,14/04/2019,24/04/2019,BD277_18,0.0,m
Hanno,78,2018,5,m,spring,21.50150813610503,950.7166228109769,0.0,21.501508136105034,14/04/2019 05:22,14.4,-17.19,53.5111,8.1056,04/09/2018,09/09/2018,14/04/2019,24/04/2019,BD277_18,0.0,m
Hanno,78,2018,5,m,spring,21.722561213969414,150.45842153519135,3.8625208647846474,25.585082078754073,14/04/2019 19:01,22.95,-17.19,53.5111,8.1056,04/09/2018,09/09/2018,14/04/2019,24/04/2019,BD277_18,0.0,m
Hanno,78,2018,5,m,spring,26.34051179743588,150.11315097015378,0.0,26.34051179743588,16/04/2019 05:18,24.3,-17.09,53.5111,8.1056,04/09/2018,09/09/2018,14/04/2019,24/04/2019,BD277_18,0.0,m
Hanno,78,2018,5,m,spring,8.036283559450453,939.2310669278132,35.58680812085545,27.550524561404988,17/04/2019 05:06,26.1,-17.09,53.5111,8.1056,04/09/2018,09/09/2018,14/04/2019,24/04/2019,BD277_18,0.0,m
Hanno,78,2018,5,m,spring,21.90797140585596,604.0668324374179,6.0665441252671,27.974515531123075,17/04/2019 18:55,32.85,-11.25,53.5111,8.1056,04/09/2018,09/09/2018,14/04/2019,24/04/2019,BD277_18,0.0,m
Hanno,78,2018,5,m,spring,29.911708452950336,300.9889679936477,4.001468021755571,33.91317647470591,18/04/2019 19:00,38.25,-10.52,53.5111,8.1056,04/09/2018,09/09/2018,14/04/2019,24/04/2019,BD277_18,0.0,m
Hanno,79,2019,6,m,autumn,13.156516712257428,1226.7863740071573,-157.4323683305387,-144.27585161828128,06/09/2019 03:19,53.1,7.5,13.914110429447852,-17.084041411042946,06/09/2019,11/09/2019,12/04/2020,29/04/2020,BS717_19,0.0,m
Hanno,79,2019,6,m,autumn,23.53157469105497,1191.9057429259014,-122.22747210701127,-145.75904679806624,07/09/2019 03:49,42.75,1.26,13.914110429447852,-17.084041411042946,06/09/2019,11/09/2019,12/04/2020,29/04/2020,BS717_19,0.0,m
Hanno,79,2019,6,m,autumn,7.758918343783705,1194.7151582376441,-155.7514192990933,-163.510337642877,08/09/2019 04:39,36.45,-10.44,13.914110429447852,-17.084041411042946,06/09/2019,11/09/2019,12/04/2020,29/04/2020,BS717_19,0.0,m
Hanno,79,2019,6,m,autumn,3.230094669188759,400.38319937440866,-178.82692814164852,-175.59683347245976,09/09/2019 05:09,26.55,-16.09,13.914110429447852,-17.084041411042946,06/09/2019,11/09/2019,12/04/2020,29/04/2020,BS717_19,0.0,m
Hanno,79,2019,6,m,autumn,38.5858559011036,138.35674051068958,-136.14944174992678,-174.73529765103038,10/09/2019 05:34,22.95,-16.23,13.914110429447852,-17.084041411042946,06/09/2019,11/09/2019,12/04/2020,29/04/2020,BS717_19,0.0,m
Hanno,79,2019,6,m,autumn,3.67749043629226,501.11546119711244,-176.84347600018558,179.47903356352214,10/09/2019 18:38,22.05,-17.16,13.914110429447852,-17.084041411042946,06/09/2019,11/09/2019,12/04/2020,29/04/2020,BS717_19,0.0,m
Hanno,79,2019,6,m,spring,22.96421746428797,450.3394529104628,0.0,22.964217464287977,12/04/2020 05:34,17.55,-17.42,53.5111,8.1056,06/09/2019,11/09/2019,12/04/2020,29/04/2020,BS717_19,0.0,m
Hanno,79,2019,6,m,spring,9.45703532235649,1145.180173312531,15.340739417300389,24.797774739656887,16/04/2020 05:19,21.6,-17.17,53.5111,8.1056,06/09/2019,11/09/2019,12/04/2020,29/04/2020,BS717_19,0.0,m
Hanno,79,2019,6,m,spring,22.21532984293367,201.74940374367586,7.145996516092907,29.36132635902659,18/04/2020 19:02,31.5,-13.99,53.5111,8.1056,06/09/2019,11/09/2019,12/04/2020,29/04/2020,BS717_19,0.0,m
Hanno,79,2019,6,m,spring,58.547850700689935,174.72020912272893,89.4838862032305,30.936035502540577,20/04/2020 18:58,33.3,-13.72,53.5111,8.1056,06/09/2019,11/09/2019,12/04/2020,29/04/2020,BS717_19,0.0,m
Hanno,79,2019,6,m,spring,125.13733062925789,397.27167844020084,-96.07741049422906,29.059920135028833,22/04/2020 18:53,33.3,-11.84,53.5111,8.1056,06/09/2019,11/09/2019,12/04/2020,29/04/2020,BS717_19,0.0,m
Hanno,79,2019,6,m,spring,10.016700428560313,654.085926908721,22.56123845294355,32.577938881503854,26/04/2020 19:23,32.85,-16.07,53.5111,8.1056,06/09/2019,11/09/2019,12/04/2020,29/04/2020,BS717_19,0.0,m
Hanno,79,2019,6,m,spring,36.56930001008175,350.2681798676548,0.27301275165925093,36.84231276174099,27/04/2020 04:39,38.25,-13.2,53.5111,8.1056,06/09/2019,11/09/2019,12/04/2020,29/04/2020,BS717_19,0.0,m
Hanno ,80,2020,7,m,autumn,16.260020725466745,1120.9801036141569,-127.27700029683452,-143.53702102230127,15/09/2020 17:30,53.55,8.34,13.946658415841584,-17.00957920792079,15/09/2020,22/09/2020,12/04/2021,28/04/2021,BX261_20,1.0,m
Hanno ,80,2020,7,m,autumn,16.473388251753306,322.49891359123177,-139.92307679240727,-156.39646504416058,16/09/2020 03:51,46.8,-3.4,13.946658415841584,-17.00957920792079,15/09/2020,22/09/2020,12/04/2021,28/04/2021,BX261_20,1.0,m
Hanno ,80,2020,7,m,autumn,1.0530667242392724,800.4513645639155,-158.51403761999418,-159.56710434423346,16/09/2020 18:05,44.55,-6.02,13.946658415841584,-17.00957920792079,15/09/2020,22/09/2020,12/04/2021,28/04/2021,BX261_20,1.0,m
Hanno ,80,2020,7,m,autumn,2.670922769452403,1232.322480052686,-166.1908734840236,-163.5199507145712,20/09/2020 04:56,37.35,-10.13,13.946658415841584,-17.00957920792079,15/09/2020,22/09/2020,12/04/2021,28/04/2021,BX261_20,1.0,m
Hanno ,80,2020,7,m,autumn,0.6396992099436716,1416.6374782221121,-161.7067799861865,-162.34647919613016,21/09/2020 18:20,26.1,-13.07,13.946658415841584,-17.00957920792079,15/09/2020,22/09/2020,12/04/2021,28/04/2021,BX261_20,1.0,m
Hanno ,80,2020,7,m,spring,21.367267946999874,1050.7925831947307,-0.05589694486522955,21.311371002134646,12/04/2021 05:27,13.95,-17.16,53.5111,8.1056,15/09/2020,22/09/2020,12/04/2021,28/04/2021,BX261_20,1.0,m
Hanno ,80,2020,7,m,spring,6.217665997686794,1283.4190014828919,19.62269651505247,25.84036251273927,14/04/2021 19:09,23.4,-17.17,53.5111,8.1056,15/09/2020,22/09/2020,12/04/2021,28/04/2021,BX261_20,1.0,m
Hanno ,80,2020,7,m,spring,24.945125945896677,1056.9366693977458,5.793069395467649,30.738195341364314,19/04/2021 19:04,34.2,-12.51,53.5111,8.1056,15/09/2020,22/09/2020,12/04/2021,28/04/2021,BX261_20,1.0,m
Hanno ,80,2020,7,m,spring,27.65985395230041,686.5920540520603,17.66048516430944,45.32033911660986,22/04/2021 19:05,43.65,-11.19,53.5111,8.1056,15/09/2020,22/09/2020,12/04/2021,28/04/2021,BX261_20,1.0,m
Hanno ,80,2020,7,m,spring,4.915643952125407,835.0530668354339,57.343830917728596,62.25947486985401,24/04/2021 03:17,49.5,-8.31,53.5111,8.1056,15/09/2020,22/09/2020,12/04/2021,28/04/2021,BX261_20,1.0,m
Hirundo,81,2018,6,m,autumn,24.138143483502347,1027.4557086008406,-165.6103268979896,-141.47218341448726,24/09/2018 17:08,53.55,8.34,18.573345935727787,-16.60576559546314,24/09/2018,03/10/2018,02/04/2019,18/04/2019,BL152_18,0.0,m
Hirundo,81,2018,6,m,autumn,1.053142925598877,1111.3041823893177,-137.00939386339235,-138.06253678899122,28/09/2018 17:03,44.55,5.13,18.573345935727787,-16.60576559546314,24/09/2018,03/10/2018,02/04/2019,18/04/2019,BL152_18,0.0,m
Hirundo,81,2018,6,m,autumn,3.2942263434535164,1129.4158518762254,-140.78217339470828,-144.0763997381618,29/09/2018 04:49,36.9,-3.38,18.573345935727787,-16.60576559546314,24/09/2018,03/10/2018,02/04/2019,18/04/2019,BL152_18,0.0,m
Hirundo,81,2018,6,m,autumn,10.187343545622952,158.22472427830814,-161.45273486326025,-151.2653913176373,01/10/2018 18:02,28.8,-10.79,18.573345935727787,-16.60576559546314,24/09/2018,03/10/2018,02/04/2019,18/04/2019,BL152_18,0.0,m
Hirundo,81,2018,6,m,autumn,1.980211966335844,1048.1289937750093,-148.11971836878237,-150.09993033511822,02/10/2018 05:15,27.45,-11.3,18.573345935727787,-16.60576559546314,24/09/2018,03/10/2018,02/04/2019,18/04/2019,BL152_18,0.0,m
Hirundo,81,2018,6,m,autumn,5.387232025572075,250.3690627712047,177.80996693678222,-176.80280103764568,02/10/2018 18:23,19.35,-16.56,18.573345935727787,-16.60576559546314,24/09/2018,03/10/2018,02/04/2019,18/04/2019,BL152_18,0.0,m
Hirundo,81,2018,6,m,spring,23.073301732654812,1101.0032742339915,-0.9845503050150033,22.08875142763981,02/04/2019 05:35,17.1,-16.47,53.5111,8.1056,24/09/2018,03/10/2018,02/04/2019,18/04/2019,BL152_18,0.0,m
Hirundo,81,2018,6,m,spring,114.75162514216487,684.8249059142156,142.61573058065372,27.864105438488867,03/04/2019 05:30,27.0,-16.66,53.5111,8.1056,24/09/2018,03/10/2018,02/04/2019,18/04/2019,BL152_18,0.0,m
Hirundo,81,2018,6,m,spring,10.82074305299443,1070.617621474081,10.6107507801346,21.431493833129018,06/04/2019 18:43,22.05,-12.63,53.5111,8.1056,24/09/2018,03/10/2018,02/04/2019,18/04/2019,BL152_18,0.0,m
Hirundo,81,2018,6,m,spring,32.02335719772074,805.536105755979,-6.076224363737112,25.947132833983627,15/04/2019 04:35,31.5,-10.56,53.5111,8.1056,24/09/2018,03/10/2018,02/04/2019,18/04/2019,BL152_18,0.0,m
Hirundo,81,2018,6,m,spring,30.20243915209744,833.3683206567939,65.99563373245819,35.79319458036076,15/04/2019 18:58,38.7,-11.54,53.5111,8.1056,24/09/2018,03/10/2018,02/04/2019,18/04/2019,BL152_18,0.0,m
Hirundo,81,2018,6,m,spring,2.947921479179712,1054.64655016784,23.665090200673266,26.613011679852974,16/04/2019 18:48,41.4,-2.4,53.5111,8.1056,24/09/2018,03/10/2018,02/04/2019,18/04/2019,BL152_18,0.0,m
Hirundo,82,2019,7,f,autumn,19.82206860913223,1246.3143059001015,-127.61786540493887,-147.4399340140711,01/10/2019 16:43,54.9,4.7,18.573345935727787,-16.60576559546314,01/10/2019,09/10/2019,04/04/2020,20/04/2020,BL126_19,1.0,f
Hirundo,82,2019,7,f,autumn,14.01163181389802,750.9491752523173,-178.05978012389264,-164.04814830999462,02/10/2019 04:55,47.25,-8.41,18.573345935727787,-16.60576559546314,01/10/2019,09/10/2019,04/04/2020,20/04/2020,BL126_19,1.0,f
Hirundo,82,2019,7,f,autumn,10.045433265448168,152.14203358301896,-170.5387010998851,-160.49326783443692,02/10/2019 17:44,40.5,-8.71,18.573345935727787,-16.60576559546314,01/10/2019,09/10/2019,04/04/2020,20/04/2020,BL126_19,1.0,f
Hirundo,82,2019,7,f,autumn,8.096267144186669,254.14408973331763,-169.71843330812382,-161.62216616393715,03/10/2019 17:44,39.15,-9.62,18.573345935727787,-16.60576559546314,01/10/2019,09/10/2019,04/04/2020,20/04/2020,BL126_19,1.0,f
Hirundo,82,2019,7,f,autumn,10.411387218133228,151.77875839200044,-171.42937287627257,-161.01798565813934,04/10/2019 17:59,36.9,-10.13,18.573345935727787,-16.60576559546314,01/10/2019,09/10/2019,04/04/2020,20/04/2020,BL126_19,1.0,f
Hirundo,82,2019,7,f,autumn,18.94935052526597,1060.6309107952095,-141.4532104621863,-160.40256098745226,05/10/2019 05:10,35.55,-10.38,18.573345935727787,-16.60576559546314,01/10/2019,09/10/2019,04/04/2020,20/04/2020,BL126_19,1.0,f
Hirundo,82,2019,7,f,autumn,8.82011562384588,102.2152597514256,168.2076242140583,177.0277398379042,06/10/2019 05:30,27.45,-17.09,18.573345935727787,-16.60576559546314,01/10/2019,09/10/2019,04/04/2020,20/04/2020,BL126_19,1.0,f
Hirundo,82,2019,7,f,autumn,2.5296949959088977,250.91498156566018,175.59765486495056,178.12734986085945,06/10/2019 18:24,26.55,-16.88,18.573345935727787,-16.60576559546314,01/10/2019,09/10/2019,04/04/2020,20/04/2020,BL126_19,1.0,f
Hirundo,82,2019,7,f,autumn,0.8681731152082932,500.3771699005143,180.0,179.1318268847917,07/10/2019 18:17,23.85,-16.69,18.573345935727787,-16.60576559546314,01/10/2019,09/10/2019,04/04/2020,20/04/2020,BL126_19,1.0,f
Hirundo,82,2019,7,f,spring,0.3882262227044748,1097.4032521387574,23.4139756947564,23.025749472051917,04/04/2020 05:29,18.9,-16.64,53.5111,8.1056,01/10/2019,09/10/2019,04/04/2020,20/04/2020,BL126_19,1.0,f
Hirundo,82,2019,7,f,spring,24.57080585793321,100.07543398010264,0.0,24.570805857933216,06/04/2020 18:47,28.35,-11.76,53.5111,8.1056,01/10/2019,09/10/2019,04/04/2020,20/04/2020,BL126_19,1.0,f
Hirundo,82,2019,7,f,spring,15.972961870339589,1015.5076696014511,9.291366149015522,25.26432801935511,07/04/2020 04:54,29.25,-11.76,53.5111,8.1056,01/10/2019,09/10/2019,04/04/2020,20/04/2020,BL126_19,1.0,f
Hirundo,82,2019,7,f,spring,2.004900508300892,767.7493803161848,30.54228810468567,32.547188612986574,12/04/2020 18:33,38.25,-9.4,53.5111,8.1056,01/10/2019,09/10/2019,04/04/2020,20/04/2020,BL126_19,1.0,f
Hirundo,82,2019,7,f,spring,1.0949928724155882,660.4126109465378,38.74014918880794,37.64515631639235,18/04/2020 19:02,44.55,-4.29,53.5111,8.1056,01/10/2019,09/10/2019,04/04/2020,20/04/2020,BL126_19,1.0,f
Hirundo,83,2020,8,m,autumn,29.512732725961712,900.0443863167453,-115.60294991607178,-145.1156826420335,11/10/2020 16:30,52.65,5.25,18.573345935727787,-16.60576559546314,11/10/2020,19/10/2020,09/04/2021,24/04/2021,BX227_20,1.0,m
Hirundo,83,2020,8,m,autumn,1.8315244309639809,482.27627301258167,-158.18602481163174,-160.01754924259572,13/10/2020 17:30,48.6,-5.82,18.573345935727787,-16.60576559546314,11/10/2020,19/10/2020,09/04/2021,24/04/2021,BX227_20,1.0,m
Hirundo,83,2020,8,m,autumn,26.94816647780908,550.9802180954939,-134.9791923436663,-161.9273588214754,14/10/2020 05:22,44.55,-8.08,18.573345935727787,-16.60576559546314,11/10/2020,19/10/2020,09/04/2021,24/04/2021,BX227_20,1.0,m
Hirundo,83,2020,8,m,autumn,4.43037386220891,1079.189276332674,-165.95641889461783,-170.38679275682674,14/10/2020 17:35,40.95,-12.72,18.573345935727787,-16.60576559546314,11/10/2020,19/10/2020,09/04/2021,24/04/2021,BX227_20,1.0,m
Hirundo,83,2020,8,m,autumn,0.17344489142070074,400.6023980663896,-177.73984437502963,-177.91328926645033,16/10/2020 05:41,31.05,-16.13,18.573345935727787,-16.60576559546314,11/10/2020,19/10/2020,09/04/2021,24/04/2021,BX227_20,1.0,m
Hirundo,83,2020,8,m,autumn,1.85409811657334,700.5287697228321,-179.91500940947853,-178.0609112929052,16/10/2020 18:10,27.45,-16.29,18.573345935727787,-16.60576559546314,11/10/2020,19/10/2020,09/04/2021,24/04/2021,BX227_20,1.0,m
Hirundo,83,2020,8,m,autumn,2.8417083215261414,100.26984290275621,-176.42084686691555,-173.5791385453894,17/10/2020 05:37,21.15,-16.3,18.573345935727787,-16.60576559546314,11/10/2020,19/10/2020,09/04/2021,24/04/2021,BX227_20,1.0,m
Hirundo,83,2020,8,m,spring,6.729795200217467,889.5950437352736,16.54855909994034,23.27835430015782,09/04/2021 05:16,19.35,-16.69,53.5111,8.1056,11/10/2020,19/10/2020,09/04/2021,24/04/2021,BX227_20,1.0,m
Hirundo,83,2020,8,m,spring,4.350683036226968,348.56460548957153,30.11377382431503,25.76309078808805,09/04/2021 19:00,27.0,-14.14,53.5111,8.1056,11/10/2020,19/10/2020,09/04/2021,24/04/2021,BX227_20,1.0,m
Hirundo,83,2020,8,m,spring,28.685754073909578,175.54355263432154,54.86940382575854,26.18364975184897,10/04/2021 04:57,29.7,-12.33,53.5111,8.1056,11/10/2020,19/10/2020,09/04/2021,24/04/2021,BX227_20,1.0,m
Hirundo,83,2020,8,m,spring,20.016989907584957,904.5017261208918,5.025420710707662,25.042410618292624,11/04/2021 04:46,30.6,-10.45,53.5111,8.1056,11/10/2020,19/10/2020,09/04/2021,24/04/2021,BX227_20,1.0,m
Hirundo,83,2020,8,m,spring,29.20833832344755,150.5284085779917,4.215995861608751,33.424334185056296,11/04/2021 18:39,38.7,-9.54,53.5111,8.1056,11/10/2020,19/10/2020,09/04/2021,24/04/2021,BX227_20,1.0,m
Hirundo,83,2020,8,m,spring,2.913957309676789,932.1322599431725,38.747282976439635,35.83332566676283,19/04/2021 18:44,40.5,-9.0,53.5111,8.1056,11/10/2020,19/10/2020,09/04/2021,24/04/2021,BX227_20,1.0,m
Humboldt,84,2019,5,m,autumn,4.77010742043953,1272.3164333266118,-139.11284192605422,-134.3427345056147,01/10/2019 16:44,40.5,7.7,13.792318059299191,-16.751563342318057,27/09/2019,05/10/2019,19/03/2020,01/05/2020,BT688_19,1.0,m
Humboldt,84,2019,5,m,autumn,0.14919659976726507,1249.8030161479057,-137.51004793497702,-137.36085133520976,02/10/2019 17:19,31.5,-1.06,13.792318059299191,-16.751563342318057,27/09/2019,05/10/2019,19/03/2020,01/05/2020,BT688_19,1.0,m
Humboldt,84,2019,5,m,autumn,38.132925974160855,809.3105646986487,-102.86494964854953,-140.99787562271038,04/10/2019 17:44,22.95,-9.28,13.792318059299191,-16.751563342318057,27/09/2019,05/10/2019,19/03/2020,01/05/2020,BT688_19,1.0,m
Humboldt,84,2019,5,m,spring,30.594093111779898,151.01892937278603,-6.249035852300759,24.345057259479155,23/03/2020 05:41,21.15,-16.89,53.5111,8.1056,27/09/2019,05/10/2019,19/03/2020,01/05/2020,BT688_19,1.0,m
Humboldt,84,2019,5,m,spring,148.4751517874862,151.01892937278603,173.69147631766936,25.216324530183133,26/03/2020 05:40,22.5,-17.05,53.5111,8.1056,27/09/2019,05/10/2019,19/03/2020,01/05/2020,BT688_19,1.0,m
Humboldt,84,2019,5,m,spring,30.594093111779898,151.01892937278603,-6.249035852300759,24.345057259479155,27/03/2020 05:31,21.15,-16.89,53.5111,8.1056,27/09/2019,05/10/2019,19/03/2020,01/05/2020,BT688_19,1.0,m
Humboldt,84,2019,5,m,spring,148.4751517874862,151.01892937278603,173.69147631766936,25.216324530183133,28/03/2020 05:41,22.5,-17.05,53.5111,8.1056,27/09/2019,05/10/2019,19/03/2020,01/05/2020,BT688_19,1.0,m
Humboldt,84,2019,5,m,spring,30.594093111779898,151.01892937278603,-6.249035852300759,24.345057259479155,11/04/2020 05:30,21.15,-16.89,53.5111,8.1056,27/09/2019,05/10/2019,19/03/2020,01/05/2020,BT688_19,1.0,m
Humboldt,84,2019,5,m,spring,129.6880558088027,605.6562132739147,154.90438033898585,25.216324530183133,24/04/2020 19:13,22.5,-17.05,53.5111,8.1056,27/09/2019,05/10/2019,19/03/2020,01/05/2020,BT688_19,1.0,m
Humboldt,84,2019,5,m,spring,26.69415246402818,1257.8395018940382,-5.772335044490571,20.9218174195376,25/04/2020 05:04,17.55,-14.63,53.5111,8.1056,27/09/2019,05/10/2019,19/03/2020,01/05/2020,BT688_19,1.0,m
Humboldt,84,2019,5,m,spring,3.154282398288501,1236.5215757928822,25.511386412756643,28.66566881104516,26/04/2020 19:08,28.8,-15.92,53.5111,8.1056,27/09/2019,05/10/2019,19/03/2020,01/05/2020,BT688_19,1.0,m
Humboldt,84,2019,5,m,spring,2.5801867080049874,1142.634486117146,31.180503249466263,33.760689957471264,30/04/2020 02:49,38.7,-9.81,53.5111,8.1056,27/09/2019,05/10/2019,19/03/2020,01/05/2020,BT688_19,1.0,m
Humboldt,85,2020,6,m,autumn,17.60375165102829,988.714059246025,-162.542449095679,-144.9386974446507,10/09/2020 17:41,53.55,7.58,13.792318059299191,-16.751563342318057,10/09/2020,19/09/2020,14/04/2021,01/05/2021,BX251_20,1.0,m
Humboldt,85,2020,6,m,autumn,10.195832750722616,1033.0230047922832,-133.6588157706176,-143.8546485213402,12/09/2020 17:51,44.55,3.85,13.792318059299191,-16.751563342318057,10/09/2020,19/09/2020,14/04/2021,01/05/2021,BX251_20,1.0,m
Humboldt,85,2020,6,m,autumn,48.107272518703496,368.2802393973569,-104.54309653181615,-152.65036905051966,14/09/2020 04:22,37.8,-4.65,13.792318059299191,-16.751563342318057,10/09/2020,19/09/2020,14/04/2021,01/05/2021,BX251_20,1.0,m
Humboldt,85,2020,6,m,autumn,17.24290068558767,1101.5730878248496,-177.77251364083352,-160.52961295524585,14/09/2020 18:20,36.9,-8.66,13.792318059299191,-16.751563342318057,10/09/2020,19/09/2020,14/04/2021,01/05/2021,BX251_20,1.0,m
Humboldt,85,2020,6,m,autumn,15.852377339178986,1184.9245155820183,-134.17904770275868,-150.03142504193767,18/09/2020 18:16,27.0,-9.09,13.792318059299191,-16.751563342318057,10/09/2020,19/09/2020,14/04/2021,01/05/2021,BX251_20,1.0,m
Humboldt,85,2020,6,m,spring,6.08435138971879,736.3455244210942,17.544049068637538,23.628400458356328,14/04/2021 05:13,19.35,-17.17,53.5111,8.1056,10/09/2020,19/09/2020,14/04/2021,01/05/2021,BX251_20,1.0,m
Humboldt,85,2020,6,m,spring,10.158677963266484,259.6578952396067,15.36630557935234,25.524983542618816,14/04/2021 19:11,25.65,-14.96,53.5111,8.1056,10/09/2020,19/09/2020,14/04/2021,01/05/2021,BX251_20,1.0,m
Humboldt,85,2020,6,m,spring,6.825144757570314,845.2161220496823,32.79880355346868,25.973658795898377,19/04/2021 04:37,27.9,-13.63,53.5111,8.1056,10/09/2020,19/09/2020,14/04/2021,01/05/2021,BX251_20,1.0,m
Humboldt,85,2020,6,m,spring,26.443080236228298,300.2263019403083,0.0,26.4430802362283,19/04/2021 18:56,34.2,-8.66,53.5111,8.1056,10/09/2020,19/09/2020,14/04/2021,01/05/2021,BX251_20,1.0,m
Humboldt,85,2020,6,m,spring,18.88822768886473,1123.950215126044,10.785814970601052,29.674042659465783,22/04/2021 04:27,36.9,-8.66,53.5111,8.1056,10/09/2020,19/09/2020,14/04/2021,01/05/2021,BX251_20,1.0,m
Humboldt,85,2020,6,m,spring,22.341306172010718,472.9883041840875,69.31704865711617,46.97574248510545,27/04/2021 19:15,46.8,-5.3,53.5111,8.1056,10/09/2020,19/09/2020,14/04/2021,01/05/2021,BX251_20,1.0,m
Indira,86,2016,6,f,autumn,23.11918227100685,702.652052160348,-146.60285320838528,-169.72203547939213,23/08/2016 18:21,53.55,7.66,5.915983146067416,-0.005713483146067413,23/08/2016,08/09/2016,17/03/2017,13/04/2017,Z438,1.0,f
Indira,86,2016,6,f,autumn,3.6317034603566754,150.11315097015486,180.0,-176.3682965396433,24/08/2016 02:52,48.15,2.45,5.915983146067416,-0.005713483146067413,23/08/2016,08/09/2016,17/03/2017,13/04/2017,Z438,1.0,f
Indira,86,2016,6,f,autumn,25.89981320928905,1126.7719699426702,-150.3709137925304,-176.27072700181944,24/08/2016 18:36,46.8,2.45,5.915983146067416,-0.005713483146067413,23/08/2016,08/09/2016,17/03/2017,13/04/2017,Z438,1.0,f
Indira,86,2016,6,f,autumn,51.32922737643321,942.9367731283858,-135.92238684549162,172.74838577807517,25/08/2016 03:57,37.8,-3.87,5.915983146067416,-0.005713483146067413,23/08/2016,08/09/2016,17/03/2017,13/04/2017,Z438,1.0,f
Indira,86,2016,6,f,autumn,18.151939388979514,252.20120650161178,172.67300528471526,154.52106589573575,26/08/2016 04:42,31.05,-11.46,5.915983146067416,-0.005713483146067413,23/08/2016,08/09/2016,17/03/2017,13/04/2017,Z438,1.0,f
Indira,86,2016,6,f,autumn,48.98158127138322,482.6636865930446,-158.50492193017615,152.51349679844066,27/08/2016 05:03,28.8,-11.45,5.915983146067416,-0.005713483146067413,23/08/2016,08/09/2016,17/03/2017,13/04/2017,Z438,1.0,f
Indira,86,2016,6,f,autumn,67.87568929413806,759.47049077528,-148.1816344809239,143.94267622493803,27/08/2016 18:50,24.75,-13.2,5.915983146067416,-0.005713483146067413,23/08/2016,08/09/2016,17/03/2017,13/04/2017,Z438,1.0,f
Indira,86,2016,6,f,autumn,50.39492981014567,364.2015284356088,73.53038427074293,123.9253140808886,05/09/2016 05:33,18.0,-17.03,5.915983146067416,-0.005713483146067413,23/08/2016,08/09/2016,17/03/2017,13/04/2017,Z438,1.0,f
Indira,86,2016,6,f,autumn,22.8779713934112,165.065510339869,155.3216559856565,132.4436845922453,05/09/2016 18:36,18.9,-13.71,5.915983146067416,-0.005713483146067413,23/08/2016,08/09/2016,17/03/2017,13/04/2017,Z438,1.0,f
Indira,86,2016,6,f,autumn,44.76019118184695,150.35314432514005,176.75019955647926,131.9900083746323,06/09/2016 18:16,18.0,-13.01,5.915983146067416,-0.005713483146067413,23/08/2016,08/09/2016,17/03/2017,13/04/2017,Z438,1.0,f
Indira,86,2016,6,f,autumn,3.6068771077492556,804.9301429097973,132.4315537822079,128.82467667445866,07/09/2016 05:08,16.65,-12.93,5.915983146067416,-0.005713483146067413,23/08/2016,08/09/2016,17/03/2017,13/04/2017,Z438,1.0,f
Indira,86,2016,6,f,autumn,0.16277158172522377,977.8303261784489,127.2763316907423,127.43910327246753,07/09/2016 18:06,11.7,-7.48,5.915983146067416,-0.005713483146067413,23/08/2016,08/09/2016,17/03/2017,13/04/2017,Z438,1.0,f
Indira,86,2016,6,f,spring,61.60946901775378,965.426869916445,-54.74228006943751,6.86718894831626,17/03/2017 17:41,6.3,-0.45,53.5111,8.1056,23/08/2016,08/09/2016,17/03/2017,13/04/2017,Z438,1.0,f
Indira,86,2016,6,f,spring,57.94292555627166,1042.0650535028003,-43.16955724622761,14.773368310044052,20/03/2017 18:30,10.8,-9.54,53.5111,8.1056,23/08/2016,08/09/2016,17/03/2017,13/04/2017,Z438,1.0,f
Indira,86,2016,6,f,spring,21.521216823957047,100.08102127040561,0.6038999404985799,22.12511676445563,29/03/2017 19:10,17.55,-16.25,53.5111,8.1056,23/08/2016,08/09/2016,17/03/2017,13/04/2017,Z438,1.0,f
Indira,86,2016,6,f,spring,21.35239427309881,550.5333378501571,1.1698058183691027,22.52220009146791,30/03/2017 05:32,18.45,-16.24,53.5111,8.1056,23/08/2016,08/09/2016,17/03/2017,13/04/2017,Z438,1.0,f
Indira,86,2016,6,f,spring,16.217524143181805,506.59893974686014,8.824085673063404,25.041609816245217,30/03/2017 18:56,23.4,-16.13,53.5111,8.1056,23/08/2016,08/09/2016,17/03/2017,13/04/2017,Z438,1.0,f
Indira,86,2016,6,f,spring,3.504033473644455,1109.8790179478135,24.310859819514462,27.814893293158924,01/04/2017 05:13,28.35,-15.34,53.5111,8.1056,23/08/2016,08/09/2016,17/03/2017,13/04/2017,Z438,1.0,f
Indira,86,2016,6,f,spring,7.93058399967839,1007.6014835029717,24.910496388787525,32.841080388465926,08/04/2017 04:22,37.8,-10.19,53.5111,8.1056,23/08/2016,08/09/2016,17/03/2017,13/04/2017,Z438,1.0,f
Indira,86,2016,6,f,spring,37.47529445876833,100.49833063446508,5.214958296026128,42.690252754794464,08/04/2017 18:51,45.9,-4.72,53.5111,8.1056,23/08/2016,08/09/2016,17/03/2017,13/04/2017,Z438,1.0,f
Indira,87,2017,7,f,autumn,17.772816142150248,863.8185556698947,-156.1029749182936,-173.87579106044385,30/08/2017 03:18,53.55,4.55,5.915983146067416,-0.005713483146067413,30/08/2017,17/09/2017,01/03/2018,15/04/2018,BD671,1.0,f
Indira,87,2017,7,f,autumn,41.607330945941726,642.2606020111632,-139.38994257820738,179.00272647585086,31/08/2017 18:22,45.9,-0.65,5.915983146067416,-0.005713483146067413,30/08/2017,17/09/2017,01/03/2018,15/04/2018,BD671,1.0,f
Indira,87,2017,7,f,autumn,46.05422968341827,611.5111169406357,-143.58072151311595,170.36504880346575,01/09/2017 04:08,41.4,-5.66,5.915983146067416,-0.005713483146067413,30/08/2017,17/09/2017,01/03/2018,15/04/2018,BD671,1.0,f
Indira,87,2017,7,f,autumn,26.05875332889474,100.97069757296437,-172.31966382105864,161.62158285004662,01/09/2017 18:42,36.9,-9.74,5.915983146067416,-0.005713483146067413,30/08/2017,17/09/2017,01/03/2018,15/04/2018,BD671,1.0,f
Indira,87,2017,7,f,autumn,54.36327337330067,1318.0236008140614,-144.5150629219422,161.1216637047571,03/09/2017 18:32,36.0,-9.76,5.915983146067416,-0.005713483146067413,30/08/2017,17/09/2017,01/03/2018,15/04/2018,BD671,1.0,f
Indira,87,2017,7,f,autumn,38.98414142744679,100.25598356062963,176.54780930385428,137.5636678764075,04/09/2017 18:56,26.1,-17.39,5.915983146067416,-0.005713483146067413,30/08/2017,17/09/2017,01/03/2018,15/04/2018,BD671,1.0,f
Indira,87,2017,7,f,autumn,42.76070479553556,700.6773300898611,178.789935594344,136.02923079880844,05/09/2017 18:47,24.75,-17.17,5.915983146067416,-0.005713483146067413,30/08/2017,17/09/2017,01/03/2018,15/04/2018,BD671,1.0,f
Indira,87,2017,7,f,autumn,51.44454909801374,150.41532460872764,176.35367609182933,124.9091269938156,06/09/2017 05:29,18.45,-17.03,5.915983146067416,-0.005713483146067413,30/08/2017,17/09/2017,01/03/2018,15/04/2018,BD671,1.0,f
Indira,87,2017,7,f,autumn,61.019899774135126,100.21708868396993,-176.94603948010203,122.03406074576284,07/09/2017 05:28,17.1,-16.94,5.915983146067416,-0.005713483146067413,30/08/2017,17/09/2017,01/03/2018,15/04/2018,BD671,1.0,f
Indira,87,2017,7,f,autumn,8.960218767935658,927.8498677389731,125.59485740903648,116.63463864110084,15/09/2017 18:27,14.85,-16.83,5.915983146067416,-0.005713483146067413,30/08/2017,17/09/2017,01/03/2018,15/04/2018,BD671,1.0,f
Indira,87,2017,7,f,autumn,48.80595110273802,106.42010823351198,160.08808168821778,111.28213058547976,16/09/2017 05:23,9.9,-9.95,5.915983146067416,-0.005713483146067413,30/08/2017,17/09/2017,01/03/2018,15/04/2018,BD671,1.0,f
Indira,87,2017,7,f,autumn,31.88689452022777,826.3792831705399,75.37302561517551,107.25992013540329,16/09/2017 18:01,9.0,-9.62,5.915983146067416,-0.005713483146067413,30/08/2017,17/09/2017,01/03/2018,15/04/2018,BD671,1.0,f
Indira,87,2017,7,f,spring,64.90589980191913,819.0002405951082,-56.00499365309785,8.900906148821278,04/03/2018 05:03,10.35,-2.3,53.5111,8.1056,30/08/2017,17/09/2017,01/03/2018,15/04/2018,BD671,1.0,f
Indira,87,2017,7,f,spring,172.32937254269834,162.66208187736345,-157.2767481500169,15.052624392681423,05/03/2018 05:23,14.4,-8.64,53.5111,8.1056,30/08/2017,17/09/2017,01/03/2018,15/04/2018,BD671,1.0,f
Indira,87,2017,7,f,spring,130.45652479720187,574.1146630538213,-115.32769413381122,15.128830663390636,05/03/2018 18:27,13.05,-9.22,53.5111,8.1056,30/08/2017,17/09/2017,01/03/2018,15/04/2018,BD671,1.0,f
Indira,87,2017,7,f,spring,166.9779414015092,150.68673809969636,-174.98842933699456,18.033629261496216,06/03/2018 05:38,10.8,-13.97,53.5111,8.1056,30/08/2017,17/09/2017,01/03/2018,15/04/2018,BD671,1.0,f
Indira,87,2017,7,f,spring,17.891319640366476,100.07543398010283,0.0,17.891319640366472,15/03/2018 05:33,9.9,-14.14,53.5111,8.1056,30/08/2017,17/09/2017,01/03/2018,15/04/2018,BD671,1.0,f
Indira,87,2017,7,f,spring,161.8462229090453,100.07543398010283,180.0,18.15377709095466,15/03/2018 18:37,10.8,-14.14,53.5111,8.1056,30/08/2017,17/09/2017,01/03/2018,15/04/2018,BD671,1.0,f
Indira,87,2017,7,f,spring,23.638874093660633,402.4404316332666,-5.874524288412656,17.764349805247967,21/03/2018 18:41,9.45,-14.14,53.5111,8.1056,30/08/2017,17/09/2017,01/03/2018,15/04/2018,BD671,1.0,f
Indira,87,2017,7,f,spring,41.90714186696161,489.19531565951655,-22.76976152089308,19.13738034606852,22/03/2018 05:39,13.05,-14.52,53.5111,8.1056,30/08/2017,17/09/2017,01/03/2018,15/04/2018,BD671,1.0,f
Indira,87,2017,7,f,spring,39.55365547083204,315.1934675602884,-17.587622187144323,21.966033283687718,22/03/2018 18:47,17.1,-16.3,53.5111,8.1056,30/08/2017,17/09/2017,01/03/2018,15/04/2018,BD671,1.0,f
Indira,87,2017,7,f,spring,37.69525414428156,105.58910931450781,61.56111052641956,23.865856382138006,30/03/2018 18:52,19.8,-17.19,53.5111,8.1056,30/08/2017,17/09/2017,01/03/2018,15/04/2018,BD671,1.0,f
Indira,87,2017,7,f,spring,5.6072729201773654,843.3700822399975,17.828125905328136,23.435398825505512,31/03/2018 18:56,20.25,-16.3,53.5111,8.1056,30/08/2017,17/09/2017,01/03/2018,15/04/2018,BD671,1.0,f
Indira,87,2017,7,f,spring,3.4103135253996584,1035.584242623212,22.282782886805382,25.69309641220504,05/04/2018 04:59,27.45,-13.69,53.5111,8.1056,30/08/2017,17/09/2017,01/03/2018,15/04/2018,BD671,1.0,f
Indira,87,2017,7,f,spring,15.389175013958408,103.16130488754256,13.966720646881882,29.355895660840293,05/04/2018 18:41,36.0,-9.34,53.5111,8.1056,30/08/2017,17/09/2017,01/03/2018,15/04/2018,BD671,1.0,f
Indira,87,2017,7,f,spring,12.110429680192084,1000.1929390402635,42.910926400523294,30.800496720331203,07/04/2018 18:42,37.35,-9.06,53.5111,8.1056,30/08/2017,17/09/2017,01/03/2018,15/04/2018,BD671,1.0,f
Indira,87,2017,7,f,spring,54.630151183452426,113.10346680949577,-27.54329938133854,27.086851802113888,14/04/2018 03:54,43.65,-0.6,53.5111,8.1056,30/08/2017,17/09/2017,01/03/2018,15/04/2018,BD671,1.0,f
Indira,88,2018,8,f,autumn,10.461799226793488,1325.0517262575725,-158.35685277471526,-168.81865200150875,12/09/2018 03:27,53.55,8.34,5.915983146067416,-0.005713483146067413,12/09/2018,28/09/2018,26/03/2019,22/04/2019,BL135_18,0.0,f
Indira,88,2018,8,f,autumn,40.550031864063186,983.9752336662955,-137.27790223532855,-177.82793409939174,13/09/2018 04:02,42.3,1.29,5.915983146067416,-0.005713483146067413,12/09/2018,28/09/2018,26/03/2019,22/04/2019,BL135_18,0.0,f
Indira,88,2018,8,f,autumn,53.11056048710458,650.7702537779644,-138.98360866758892,167.9058308453065,14/09/2018 04:42,35.55,-6.08,5.915983146067416,-0.005713483146067413,12/09/2018,28/09/2018,26/03/2019,22/04/2019,BL135_18,0.0,f
Indira,88,2018,8,f,autumn,25.001360072784735,550.5610865884054,-178.64725552277267,156.3513844044426,14/09/2018 18:31,31.05,-10.56,5.915983146067416,-0.005713483146067413,12/09/2018,28/09/2018,26/03/2019,22/04/2019,BL135_18,0.0,f
Indira,88,2018,8,f,autumn,41.455860119466934,152.9325241515833,-168.91931074666226,149.62482913387083,15/09/2018 18:21,25.65,-11.2,5.915983146067416,-0.005713483146067413,12/09/2018,28/09/2018,26/03/2019,22/04/2019,BL135_18,0.0,f
Indira,88,2018,8,f,autumn,59.840469330326584,1004.1166117267356,-152.96858687928489,147.19094379038853,16/09/2018 05:12,24.3,-11.49,5.915983146067416,-0.005713483146067413,12/09/2018,28/09/2018,26/03/2019,22/04/2019,BL135_18,0.0,f
Indira,88,2018,8,f,autumn,79.27562957051396,214.5300095404637,-158.80618843045133,121.9181819990347,16/09/2018 18:31,16.2,-15.75,5.915983146067416,-0.005713483146067413,12/09/2018,28/09/2018,26/03/2019,22/04/2019,BL135_18,0.0,f
Indira,88,2018,8,f,autumn,57.58781012454307,100.65558590542453,173.83322771724866,116.24541759270559,21/09/2018 05:42,14.4,-16.3,5.915983146067416,-0.005713483146067413,12/09/2018,28/09/2018,26/03/2019,22/04/2019,BL135_18,0.0,f
Indira,88,2018,8,f,autumn,51.9025672610604,154.83500783359398,165.77412200127105,113.87155474021066,21/09/2018 18:21,13.5,-16.2,5.915983146067416,-0.005713483146067413,12/09/2018,28/09/2018,26/03/2019,22/04/2019,BL135_18,0.0,f
Indira,88,2018,8,f,autumn,68.41055393969577,300.2978058611974,178.74377282677588,110.33321888708012,22/09/2018 05:27,12.15,-15.85,5.915983146067416,-0.005713483146067413,12/09/2018,28/09/2018,26/03/2019,22/04/2019,BL135_18,0.0,f
Indira,88,2018,8,f,autumn,78.41148305105469,400.3017359204113,180.0,101.5885169489453,22/09/2018 18:16,9.45,-15.79,5.915983146067416,-0.005713483146067413,12/09/2018,28/09/2018,26/03/2019,22/04/2019,BL135_18,0.0,f
Indira,88,2018,8,f,autumn,0.7318968138321793,696.8761357551401,89.6786174661612,88.94672065232903,23/09/2018 05:18,5.85,-15.79,5.915983146067416,-0.005713483146067413,12/09/2018,28/09/2018,26/03/2019,22/04/2019,BL135_18,0.0,f
Indira,88,2018,8,f,autumn,90.8869590232269,100.07543398010273,180.0,89.1130409767731,23/09/2018 18:11,5.85,-9.49,5.915983146067416,-0.005713483146067413,12/09/2018,28/09/2018,26/03/2019,22/04/2019,BL135_18,0.0,f
Indira,88,2018,8,f,autumn,77.44129184766689,352.3912042639096,6.280366016753105,83.72165786442,24/09/2018 05:17,4.95,-9.49,5.915983146067416,-0.005713483146067413,12/09/2018,28/09/2018,26/03/2019,22/04/2019,BL135_18,0.0,f
Indira,88,2018,8,f,autumn,19.467053155804763,462.60783010671963,83.49053918627733,102.95759234208208,24/09/2018 17:46,8.1,-9.14,5.915983146067416,-0.005713483146067413,12/09/2018,28/09/2018,26/03/2019,22/04/2019,BL135_18,0.0,f
Indira,88,2018,8,f,autumn,37.08006315040103,1045.7913614724062,162.99078948519696,125.91072633479592,26/09/2018 17:31,8.55,-3.64,5.915983146067416,-0.005713483146067413,12/09/2018,28/09/2018,26/03/2019,22/04/2019,BL135_18,0.0,f
Indira,88,2018,8,f,autumn,1.1648143560546487,403.1446626777451,6.8055928641594,7.970407220214059,27/09/2018 17:26,-0.45,-0.9,5.915983146067416,-0.005713483146067413,12/09/2018,28/09/2018,26/03/2019,22/04/2019,BL135_18,0.0,f
Indira,88,2018,8,f,spring,173.43451268506112,600.4526038806172,180.0,6.565487314938858,26/03/2019 04:42,3.15,-0.47,53.5111,8.1056,12/09/2018,28/09/2018,26/03/2019,22/04/2019,BL135_18,0.0,f
Indira,88,2018,8,f,spring,31.71193537778626,1214.7540696973706,-24.969789400043606,6.742145977742653,27/03/2019 04:48,-2.25,-1.35,53.5111,8.1056,12/09/2018,28/09/2018,26/03/2019,22/04/2019,BL135_18,0.0,f
Indira,88,2018,8,f,spring,171.45422750475285,106.47852389338327,-160.0064856900768,11.447741814676046,28/03/2019 05:07,8.1,-5.98,53.5111,8.1056,12/09/2018,28/09/2018,26/03/2019,22/04/2019,BL135_18,0.0,f
Indira,88,2018,8,f,spring,75.51793193934556,1171.4777837628405,-63.98376823581636,11.534163703529199,28/03/2019 18:20,7.2,-6.31,53.5111,8.1056,12/09/2018,28/09/2018,26/03/2019,22/04/2019,BL135_18,0.0,f
Indira,88,2018,8,f,spring,23.273284847235715,1102.599743137264,-3.166946335881474,20.10633851135424,11/04/2019 19:01,12.6,-16.11,53.5111,8.1056,12/09/2018,28/09/2018,26/03/2019,22/04/2019,BL135_18,0.0,f
Indira,88,2018,8,f,spring,36.400143527040996,204.27044836524036,-11.448198251648932,24.951945275392045,12/04/2019 05:27,22.5,-16.7,53.5111,8.1056,12/09/2018,28/09/2018,26/03/2019,22/04/2019,BL135_18,0.0,f
Indira,88,2018,8,f,spring,9.003772597031258,947.9900806713812,17.48921374211913,26.49298633915038,14/04/2019 05:07,24.75,-16.91,53.5111,8.1056,12/09/2018,28/09/2018,26/03/2019,22/04/2019,BL135_18,0.0,f
Indira,88,2018,8,f,spring,20.70109590429618,254.07248682903997,9.899125247913243,30.600221152209432,14/04/2019 19:01,32.85,-13.87,53.5111,8.1056,12/09/2018,28/09/2018,26/03/2019,22/04/2019,BL135_18,0.0,f
Indira,88,2018,8,f,spring,7.878549391315175,276.02142625420805,24.608125202718742,32.48667459403392,17/04/2019 19:00,35.1,-13.19,53.5111,8.1056,12/09/2018,28/09/2018,26/03/2019,22/04/2019,BL135_18,0.0,f
Indira,88,2018,8,f,spring,8.801289628536239,1011.2957359448017,25.321100628253372,34.12239025678962,18/04/2019 18:56,37.35,-11.89,53.5111,8.1056,12/09/2018,28/09/2018,26/03/2019,22/04/2019,BL135_18,0.0,f
Indira,89,2019,9,f,autumn,25.839011550648195,1081.894776344406,-142.97964045086056,-168.81865200150875,09/09/2019 17:46,53.55,8.34,5.915983146067416,-0.005713483146067413,09/09/2019,25/09/2019,18/03/2020,23/04/2020,BS711_19,1.0,f
Indira,89,2019,9,f,autumn,39.87785805159956,1213.554979128873,-142.81501029566405,177.3071316527364,12/09/2019 04:23,44.1,-1.68,5.915983146067416,-0.005713483146067413,09/09/2019,25/09/2019,18/03/2020,23/04/2020,BS711_19,1.0,f
Indira,89,2019,9,f,autumn,22.868361740433443,450.99661801693145,-176.83434966223976,160.2972885973268,14/09/2019 04:53,34.65,-9.8,5.915983146067416,-0.005713483146067413,09/09/2019,25/09/2019,18/03/2020,23/04/2020,BS711_19,1.0,f
Indira,89,2019,9,f,autumn,75.42207457981493,870.3523118116351,-127.54066721311176,157.0372582070733,14/09/2019 18:42,30.6,-10.06,5.915983146067416,-0.005713483146067413,09/09/2019,25/09/2019,18/03/2020,23/04/2020,BS711_19,1.0,f
Indira,89,2019,9,f,autumn,42.890115975840274,100.07543398010264,180.0,137.10988402415973,15/09/2019 18:41,25.2,-16.94,5.915983146067416,-0.005713483146067413,09/09/2019,25/09/2019,18/03/2020,23/04/2020,BS711_19,1.0,f
Indira,89,2019,9,f,autumn,44.925054490786664,100.075433980103,180.0,135.07494550921334,22/09/2019 05:48,23.85,-16.94,5.915983146067416,-0.005713483146067413,09/09/2019,25/09/2019,18/03/2020,23/04/2020,BS711_19,1.0,f
Indira,89,2019,9,f,autumn,8.354619481585814,824.5852093435473,141.22153703282527,132.86691755123945,23/09/2019 05:33,22.5,-16.94,5.915983146067416,-0.005713483146067413,09/09/2019,25/09/2019,18/03/2020,23/04/2020,BS711_19,1.0,f
Indira,89,2019,9,f,autumn,16.746184869011586,710.9985613155247,114.15819355013345,130.90437841914502,24/09/2019 05:09,16.65,-12.06,5.915983146067416,-0.005713483146067413,09/09/2019,25/09/2019,18/03/2020,23/04/2020,BS711_19,1.0,f
Indira,89,2019,9,f,autumn,1.6541497252136423,1158.768820031522,144.54254030049532,142.88839057528168,24/09/2019 17:52,13.95,-6.05,5.915983146067416,-0.005713483146067413,09/09/2019,25/09/2019,18/03/2020,23/04/2020,BS711_19,1.0,f
Indira,89,2019,9,f,spring,96.35739970918469,150.55392658528982,-89.93600336877711,6.421396340407588,18/03/2020 17:37,5.4,0.0,53.5111,8.1056,09/09/2019,25/09/2019,18/03/2020,23/04/2020,BS711_19,1.0,f
Indira,89,2019,9,f,spring,78.77909619144559,633.659754705499,-71.30264728283723,7.476448908608368,20/03/2020 17:51,5.4,-1.36,53.5111,8.1056,09/09/2019,25/09/2019,18/03/2020,23/04/2020,BS711_19,1.0,f
Indira,89,2019,9,f,spring,118.89952098698939,836.5483653994364,-106.9953788591936,11.9041421277958,21/03/2020 18:11,7.2,-6.8,53.5111,8.1056,09/09/2019,25/09/2019,18/03/2020,23/04/2020,BS711_19,1.0,f
Indira,89,2019,9,f,spring,29.35080402155623,564.0311488108681,-12.542233293434236,16.808570728121982,26/03/2020 18:42,5.85,-14.09,53.5111,8.1056,09/09/2019,25/09/2019,18/03/2020,23/04/2020,BS711_19,1.0,f
Indira,89,2019,9,f,spring,35.06450194357902,573.5331075827834,-16.163276228611124,18.901225714967893,27/03/2020 05:39,10.8,-15.21,53.5111,8.1056,09/09/2019,25/09/2019,18/03/2020,23/04/2020,BS711_19,1.0,f
Indira,89,2019,9,f,spring,19.753687054026443,150.20784199948125,2.027587872435346,21.78127492646178,04/04/2020 05:29,15.75,-16.83,53.5111,8.1056,09/09/2019,25/09/2019,18/03/2020,23/04/2020,BS711_19,1.0,f
Indira,89,2019,9,f,spring,17.504042667149434,1104.979070749133,4.807147882246147,22.311190549395576,04/04/2020 19:06,17.1,-16.78,53.5111,8.1056,09/09/2019,25/09/2019,18/03/2020,23/04/2020,BS711_19,1.0,f
Indira,89,2019,9,f,spring,33.61096216674264,102.95444581221042,60.71338616532674,27.10242399858412,05/04/2020 19:02,27.0,-15.72,53.5111,8.1056,09/09/2019,25/09/2019,18/03/2020,23/04/2020,BS711_19,1.0,f
Indira,89,2019,9,f,spring,18.54197040677525,286.15226083588215,45.1272284565578,26.585258049782542,08/04/2020 05:13,27.45,-14.71,53.5111,8.1056,09/09/2019,25/09/2019,18/03/2020,23/04/2020,BS711_19,1.0,f
Indira,89,2019,9,f,spring,19.60013334274973,1007.911471599912,6.493509621979648,26.093642964729373,08/04/2020 18:57,29.25,-12.62,53.5111,8.1056,09/09/2019,25/09/2019,18/03/2020,23/04/2020,BS711_19,1.0,f
Indira,89,2019,9,f,spring,34.83650774559126,100.075433980103,0.0,34.836507745591256,09/04/2020 04:54,38.25,-11.32,53.5111,8.1056,09/09/2019,25/09/2019,18/03/2020,23/04/2020,BS711_19,1.0,f
Indira,89,2019,9,f,spring,36.28320180919496,150.11315097015415,0.0,36.283201809194956,09/04/2020 18:42,39.15,-11.32,53.5111,8.1056,09/09/2019,25/09/2019,18/03/2020,23/04/2020,BS711_19,1.0,f
Indira,89,2019,9,f,spring,0.5931193589941017,793.6025168653979,38.68691997971959,39.28003933871369,15/04/2020 18:47,40.95,-11.1,53.5111,8.1056,09/09/2019,25/09/2019,18/03/2020,23/04/2020,BS711_19,1.0,f
Indira,90,2020,10,f,autumn,7.851560508672804,1359.5729344665606,-160.96709149283595,-168.81865200150875,14/09/2020 03:16,53.55,8.34,5.915983146067416,-0.005713483146067413,14/09/2020,29/09/2020,31/03/2021,26/04/2021,BX235_20,1.0,f
Indira,90,2020,10,f,autumn,53.96183831061762,1309.744040841079,-120.91775908935472,-174.87959739997234,15/09/2020 03:51,41.85,3.02,5.915983146067416,-0.005713483146067413,14/09/2020,29/09/2020,31/03/2021,26/04/2021,BX235_20,1.0,f
Indira,90,2020,10,f,autumn,60.72350889415935,1175.2045842909279,-137.85270908762584,161.4237820182148,21/09/2020 18:20,35.1,-9.34,5.915983146067416,-0.005713483146067413,14/09/2020,29/09/2020,31/03/2021,26/04/2021,BX235_20,1.0,f
Indira,90,2020,10,f,autumn,42.92457524220151,200.27286916008902,-177.9843732883249,139.09105146947357,23/09/2020 05:36,27.0,-17.21,5.915983146067416,-0.005713483146067413,14/09/2020,29/09/2020,31/03/2021,26/04/2021,BX235_20,1.0,f
Indira,90,2020,10,f,autumn,43.509318553210306,100.07543398010264,180.0,136.4906814467897,24/09/2020 18:34,25.2,-17.28,5.915983146067416,-0.005713483146067413,14/09/2020,29/09/2020,31/03/2021,26/04/2021,BX235_20,1.0,f
Indira,90,2020,10,f,autumn,20.61460254201117,691.04310217841,114.53598009184168,135.15058263385285,25/09/2020 18:30,24.3,-17.28,5.915983146067416,-0.005713483146067413,14/09/2020,29/09/2020,31/03/2021,26/04/2021,BX235_20,1.0,f
Indira,90,2020,10,f,autumn,137.88958601432776,100.60470401070127,5.861114374716708,143.75070038904448,27/09/2020 05:06,21.6,-11.2,5.915983146067416,-0.005713483146067413,14/09/2020,29/09/2020,31/03/2021,26/04/2021,BX235_20,1.0,f
Indira,90,2020,10,f,autumn,11.18545306873824,913.8148997107228,134.29723233921632,145.48268540795456,27/09/2020 17:55,22.5,-11.1,5.915983146067416,-0.005713483146067413,14/09/2020,29/09/2020,31/03/2021,26/04/2021,BX235_20,1.0,f
Indira,90,2020,10,f,autumn,0.7842346883745392,1259.3672707497242,155.4989418940498,156.28317658242435,28/09/2020 17:34,16.65,-4.7,5.915983146067416,-0.005713483146067413,14/09/2020,29/09/2020,31/03/2021,26/04/2021,BX235_20,1.0,f
Indira,90,2020,10,f,spring,36.049622670132834,1329.6197252643603,-29.537330529797288,6.512292140335554,31/03/2021 17:39,6.3,0.0,53.5111,8.1056,14/09/2020,29/09/2020,31/03/2021,26/04/2021,BX235_20,1.0,f
Indira,90,2020,10,f,spring,71.52493838912633,875.5189286902815,-57.94782108858957,13.577117300536756,01/04/2021 18:01,16.65,-6.12,53.5111,8.1056,14/09/2020,29/09/2020,31/03/2021,26/04/2021,BX235_20,1.0,f
Indira,90,2020,10,f,spring,151.66562322663225,832.7906590048218,-130.3962662111551,21.269357015477144,02/04/2021 18:35,20.7,-13.25,53.5111,8.1056,14/09/2020,29/09/2020,31/03/2021,26/04/2021,BX235_20,1.0,f
Indira,90,2020,10,f,spring,3.6471761991116693,1227.909355923026,19.734122151677415,23.381298350789084,06/04/2021 19:06,15.75,-19.17,53.5111,8.1056,14/09/2020,29/09/2020,31/03/2021,26/04/2021,BX235_20,1.0,f
Indira,90,2020,10,f,spring,2.864751232630965,767.5126465886007,23.34732971712923,26.2120809497602,08/04/2021 18:50,26.55,-15.04,53.5111,8.1056,14/09/2020,29/09/2020,31/03/2021,26/04/2021,BX235_20,1.0,f
Indira,90,2020,10,f,spring,18.790048347306254,1068.2587471362167,9.750341151328106,28.54038949863435,12/04/2021 04:37,32.85,-11.79,53.5111,8.1056,14/09/2020,29/09/2020,31/03/2021,26/04/2021,BX235_20,1.0,f
Indira,90,2020,10,f,spring,32.55929278287917,202.03878852756148,7.723943099197315,40.28323588207649,12/04/2021 18:50,42.3,-9.6,53.5111,8.1056,14/09/2020,29/09/2020,31/03/2021,26/04/2021,BX235_20,1.0,f
Indira,90,2020,10,f,spring,43.95433240020694,200.1508679602053,0.0,43.95433240020693,17/04/2021 04:13,44.1,-9.05,53.5111,8.1056,14/09/2020,29/09/2020,31/03/2021,26/04/2021,BX235_20,1.0,f
Indira,90,2020,10,f,spring,12.180918891762019,215.0361488049058,61.37322073597085,49.19230184420882,17/04/2021 18:59,45.9,-9.05,53.5111,8.1056,14/09/2020,29/09/2020,31/03/2021,26/04/2021,BX235_20,1.0,f
Indira,90,2020,10,f,spring,7.3180263203482525,684.4656780743229,56.308963458381456,48.99093713803321,22/04/2021 19:10,46.8,-6.57,53.5111,8.1056,14/09/2020,29/09/2020,31/03/2021,26/04/2021,BX235_20,1.0,f
Indira,90,2020,10,f,spring,45.33874207966582,138.8012282508023,89.25745191129124,43.91870983162543,24/04/2021 02:48,49.95,2.1,53.5111,8.1056,14/09/2020,29/09/2020,31/03/2021,26/04/2021,BX235_20,1.0,f
Jantje,91,2016,6,f,autumn,59.63615008744108,1077.8194265128043,-125.83895925123348,174.52489066132546,05/09/2016 18:06,53.55,8.34,-23.805243243243243,14.184097297297296,05/09/2016,20/10/2016,21/03/2017,12/04/2017,Z596,1.0,f
Jantje,91,2016,6,f,autumn,56.765603562191586,1067.4348121769447,-139.9216313383344,163.31276509947398,07/09/2016 04:18,47.25,-3.26,-23.805243243243243,14.184097297297296,05/09/2016,20/10/2016,21/03/2017,12/04/2017,Z596,1.0,f
Jantje,91,2016,6,f,autumn,48.03288192881439,324.8124659064698,-157.11586944017364,154.85124863101197,07/09/2016 18:27,39.6,-11.27,-23.805243243243243,14.184097297297296,05/09/2016,20/10/2016,21/03/2017,12/04/2017,Z596,1.0,f
Jantje,91,2016,6,f,autumn,36.11310028850846,253.31690263331663,-170.85546271563285,153.03143699585866,08/09/2016 04:34,36.9,-12.69,-23.805243243243243,14.184097297297296,05/09/2016,20/10/2016,21/03/2017,12/04/2017,Z596,1.0,f
Jantje,91,2016,6,f,autumn,36.175334609437016,858.9487886543507,-171.68545256212354,152.13921282843944,08/09/2016 18:42,34.65,-13.13,-23.805243243243243,14.184097297297296,05/09/2016,20/10/2016,21/03/2017,12/04/2017,Z596,1.0,f
Jantje,91,2016,6,f,autumn,44.09111320521839,1126.1268089077207,-167.3696028130203,148.53928398176132,09/09/2016 18:47,26.55,-14.58,-23.805243243243243,14.184097297297296,05/09/2016,20/10/2016,21/03/2017,12/04/2017,Z596,1.0,f
Jantje,91,2016,6,f,autumn,52.04275012632874,173.37220031939475,89.78011966638354,141.82286979271228,24/09/2016 05:38,15.75,-16.92,-23.805243243243243,14.184097297297296,05/09/2016,20/10/2016,21/03/2017,12/04/2017,Z596,1.0,f
Jantje,91,2016,6,f,autumn,16.63276967736644,531.9409294727767,159.9565640403129,143.32379436294647,24/09/2016 18:32,15.75,-15.3,-23.805243243243243,14.184097297297296,05/09/2016,20/10/2016,21/03/2017,12/04/2017,Z596,1.0,f
Jantje,91,2016,6,f,autumn,87.28639632415805,1093.2504973384064,55.7321280607875,143.01852438494555,27/09/2016 05:08,11.25,-12.98,-23.805243243243243,14.184097297297296,05/09/2016,20/10/2016,21/03/2017,12/04/2017,Z596,1.0,f
Jantje,91,2016,6,f,autumn,9.018021665886579,207.7092448582221,164.42176317697027,155.4037415110837,28/09/2016 17:32,17.1,-4.51,-23.805243243243243,14.184097297297296,05/09/2016,20/10/2016,21/03/2017,12/04/2017,Z596,1.0,f
Jantje,91,2016,6,f,autumn,65.82776377144944,478.3439417674373,89.41128650951228,155.23905028096172,29/09/2016 04:29,15.3,-3.99,-23.805243243243243,14.184097297297296,05/09/2016,20/10/2016,21/03/2017,12/04/2017,Z596,1.0,f
Jantje,91,2016,6,f,autumn,19.34170128510212,100.07543398010283,180.0,160.65829871489788,11/10/2016 04:18,14.85,0.47,-23.805243243243243,14.184097297297296,05/09/2016,20/10/2016,21/03/2017,12/04/2017,Z596,1.0,f
Jantje,91,2016,6,f,autumn,10.405513474288313,304.1709251701195,170.71160186207095,160.30608838778264,11/10/2016 17:02,13.95,0.47,-23.805243243243243,14.184097297297296,05/09/2016,20/10/2016,21/03/2017,12/04/2017,Z596,1.0,f
Jantje,91,2016,6,f,autumn,16.94684281764998,999.2818382341449,142.82249285159372,159.7693356692437,12/10/2016 04:04,11.25,0.92,-23.805243243243243,14.184097297297296,05/09/2016,20/10/2016,21/03/2017,12/04/2017,Z596,1.0,f
Jantje,91,2016,6,f,autumn,7.484833813750868,302.7322546736322,172.6131220729069,165.12828825915602,13/10/2016 03:58,4.05,6.4,-23.805243243243243,14.184097297297296,05/09/2016,20/10/2016,21/03/2017,12/04/2017,Z596,1.0,f
Jantje,91,2016,6,f,autumn,11.497028999009359,1293.5315442524422,152.93472555530155,164.4317545543109,13/10/2016 16:41,1.35,6.75,-23.805243243243243,14.184097297297296,05/09/2016,20/10/2016,21/03/2017,12/04/2017,Z596,1.0,f
Jantje,91,2016,6,f,autumn,7.7126960568847664,400.30173592041155,180.0,172.28730394311523,17/10/2016 03:14,-9.45,12.08,-23.805243243243243,14.184097297297296,05/09/2016,20/10/2016,21/03/2017,12/04/2017,Z596,1.0,f
Jantje,91,2016,6,f,autumn,8.291093695406886,100.07543398010264,180.0,171.7089063045931,19/10/2016 03:13,-13.05,12.48,-23.805243243243243,14.184097297297296,05/09/2016,20/10/2016,21/03/2017,12/04/2017,Z596,1.0,f
Jantje,91,2016,6,f,autumn,2.3242638888553415,1209.6913906042196,173.2970909344205,170.97282704556517,19/10/2016 16:36,-13.95,12.48,-23.805243243243243,14.184097297297296,05/09/2016,20/10/2016,21/03/2017,12/04/2017,Z596,1.0,f
Jantje,91,2016,6,f,spring,18.513301242028405,1341.4147442884112,-22.008680231151025,-3.495378989122618,21/03/2017 03:33,-24.75,13.87,53.5111,8.1056,05/09/2016,20/10/2016,21/03/2017,12/04/2017,Z596,1.0,f
Jantje,91,2016,6,f,spring,33.62980340142832,1384.1650130718335,-34.36898308810388,-0.7391796866755798,22/03/2017 17:17,-13.5,9.25,53.5111,8.1056,05/09/2016,20/10/2016,21/03/2017,12/04/2017,Z596,1.0,f
Jantje,91,2016,6,f,spring,27.118929957188328,1413.3076309294518,-22.964578171781653,4.1543517854066705,23/03/2017 17:47,-3.15,2.25,53.5111,8.1056,05/09/2016,20/10/2016,21/03/2017,12/04/2017,Z596,1.0,f
Jantje,91,2016,6,f,spring,31.770345724207743,1198.0986345983179,-22.80001510869472,8.970330615513031,24/03/2017 17:57,8.55,-2.73,53.5111,8.1056,05/09/2016,20/10/2016,21/03/2017,12/04/2017,Z596,1.0,f
Jantje,91,2016,6,f,spring,66.71528546127806,1258.8052258494272,-51.68028907742119,15.034996383856866,25/03/2017 18:26,18.45,-7.11,53.5111,8.1056,05/09/2016,20/10/2016,21/03/2017,12/04/2017,Z596,1.0,f
Jantje,91,2016,6,f,spring,3.9059219156187623,1150.3905223669856,22.884973527397086,26.790895443015856,01/04/2017 05:23,25.2,-16.91,53.5111,8.1056,05/09/2016,20/10/2016,21/03/2017,12/04/2017,Z596,1.0,f
Jantje,91,2016,6,f,spring,10.371182729321248,160.832674836953,20.851561816220965,31.222744545542213,02/04/2017 18:47,35.1,-11.96,53.5111,8.1056,05/09/2016,20/10/2016,21/03/2017,12/04/2017,Z596,1.0,f
Jantje,91,2016,6,f,spring,32.24606618293001,100.075433980103,0.0,32.24606618293001,06/04/2017 19:07,36.45,-11.32,53.5111,8.1056,05/09/2016,20/10/2016,21/03/2017,12/04/2017,Z596,1.0,f
Jantje,91,2016,6,f,spring,4.428366017110875,1290.1671006414806,28.851524391112047,33.279890408222926,09/04/2017 04:13,37.35,-11.13,53.5111,8.1056,05/09/2016,20/10/2016,21/03/2017,12/04/2017,Z596,1.0,f
Jantje,91,2016,6,f,spring,43.29999969883747,100.075433980103,0.0,43.299999698837475,10/04/2017 03:58,47.25,-2.54,53.5111,8.1056,05/09/2016,20/10/2016,21/03/2017,12/04/2017,Z596,1.0,f
Jantje,91,2016,6,f,spring,45.535799187867724,100.08623881767318,0.8344551320175753,46.370254319885284,11/04/2017 03:58,48.15,-2.1,53.5111,8.1056,05/09/2016,20/10/2016,21/03/2017,12/04/2017,Z596,1.0,f
Jantje,92,2019,9,f,autumn,33.75482237165443,1218.4875253865885,-151.7202869670201,174.52489066132546,17/09/2019 17:31,53.55,8.34,-23.805243243243243,14.184097297297296,17/09/2019,22/10/2019,16/03/2020,12/04/2020,BS713_19,1.0,f
Jantje,92,2019,9,f,autumn,63.74119048650715,972.8596424349568,-129.0325520034902,167.22625751000265,18/09/2019 03:49,43.65,1.19,-23.805243243243243,14.184097297297296,17/09/2019,22/10/2019,16/03/2020,12/04/2020,BS713_19,1.0,f
Jantje,92,2019,9,f,autumn,63.591020197939315,1353.3526246332945,-138.24470884487445,158.16427095718626,22/09/2019 17:57,37.8,-7.41,-23.805243243243243,14.184097297297296,17/09/2019,22/10/2019,16/03/2020,12/04/2020,BS713_19,1.0,f
Jantje,92,2019,9,f,autumn,147.37511745825788,200.15086796020566,0.0,147.37511745825788,27/09/2019 18:32,28.35,-16.48,-23.805243243243243,14.184097297297296,17/09/2019,22/10/2019,16/03/2020,12/04/2020,BS713_19,1.0,f
Jantje,92,2019,9,f,autumn,29.590083408023844,250.4150284456964,177.53566761235248,147.94558420432864,29/09/2019 18:22,30.6,-16.59,-23.805243243243243,14.184097297297296,17/09/2019,22/10/2019,16/03/2020,12/04/2020,BS713_19,1.0,f
Jantje,92,2019,9,f,autumn,28.32457656260695,200.69732980491088,175.7358584701812,147.41128190757425,01/10/2019 18:18,28.35,-16.44,-23.805243243243243,14.184097297297296,17/09/2019,22/10/2019,16/03/2020,12/04/2020,BS713_19,1.0,f
Jantje,92,2019,9,f,autumn,15.420456462206118,810.2368957530316,131.543673690829,146.96413015303511,02/10/2019 05:09,26.55,-16.29,-23.805243243243243,14.184097297297296,17/09/2019,22/10/2019,16/03/2020,12/04/2020,BS713_19,1.0,f
Jantje,92,2019,9,f,autumn,0.7981442546163748,1241.6539980458303,151.58534771076688,150.7872034561505,02/10/2019 17:52,21.6,-10.43,-23.805243243243243,14.184097297297296,17/09/2019,22/10/2019,16/03/2020,12/04/2020,BS713_19,1.0,f
Jantje,92,2019,9,f,autumn,3.1988046633394163,1034.8314641780198,156.45171711751252,153.2529124541731,04/10/2019 04:34,11.7,-4.16,-23.805243243243243,14.184097297297296,17/09/2019,22/10/2019,16/03/2020,12/04/2020,BS713_19,1.0,f
Jantje,92,2019,9,f,autumn,20.775240569037464,1276.7084098352611,131.76934502861187,152.54458559764933,10/10/2019 04:04,2.7,-0.45,-23.805243243243243,14.184097297297296,17/09/2019,22/10/2019,16/03/2020,12/04/2020,BS713_19,1.0,f
Jantje,92,2019,9,f,autumn,2.507698347265176,158.14414407847298,161.684963324998,164.19266167226317,11/10/2019 03:49,-5.4,8.57,-23.805243243243243,14.184097297297296,17/09/2019,22/10/2019,16/03/2020,12/04/2020,BS713_19,1.0,f
Jantje,92,2019,9,f,autumn,15.661492451805088,100.075433980103,180.0,164.3385075481949,11/10/2019 16:41,-6.75,9.02,-23.805243243243243,14.184097297297296,17/09/2019,22/10/2019,16/03/2020,12/04/2020,BS713_19,1.0,f
Jantje,92,2019,9,f,autumn,5.679775728016125,757.4923374671191,157.8607304363371,163.54050616435322,12/10/2019 03:29,-7.65,9.02,-23.805243243243243,14.184097297297296,17/09/2019,22/10/2019,16/03/2020,12/04/2020,BS713_19,1.0,f
Jantje,92,2019,9,f,autumn,2.5127102644995603,965.5262329797622,170.1999057951363,167.68719553063673,14/10/2019 03:18,-15.3,12.16,-23.805243243243243,14.184097297297296,17/09/2019,22/10/2019,16/03/2020,12/04/2020,BS713_19,1.0,f
Jantje,92,2019,9,f,spring,27.70537904919695,1216.1460425905439,-31.32765565315591,-3.6222766039589698,16/03/2020 16:42,-24.75,14.08,53.5111,8.1056,17/09/2019,22/10/2019,16/03/2020,12/04/2020,BS713_19,1.0,f
Jantje,92,2019,9,f,spring,79.34232603458065,970.6818671158335,-79.22395336236887,0.11837267221177687,18/03/2020 17:28,-15.3,7.92,53.5111,8.1056,17/09/2019,22/10/2019,16/03/2020,12/04/2020,BS713_19,1.0,f
Jantje,92,2019,9,f,spring,43.14830933244849,1066.2617248331937,-37.643492604808074,5.5048167276404065,19/03/2020 17:47,-13.5,-0.46,53.5111,8.1056,17/09/2019,22/10/2019,16/03/2020,12/04/2020,BS713_19,1.0,f
Jantje,92,2019,9,f,spring,31.225194735144157,1235.6057060181665,-21.427797916525044,9.79739681861911,21/03/2020 05:05,-5.85,-6.33,53.5111,8.1056,17/09/2019,22/10/2019,16/03/2020,12/04/2020,BS713_19,1.0,f
Jantje,92,2019,9,f,spring,29.766871218388133,1249.3381202372625,-15.784913243250827,13.981957975137302,21/03/2020 18:16,4.5,-10.38,53.5111,8.1056,17/09/2019,22/10/2019,16/03/2020,12/04/2020,BS713_19,1.0,f
Jantje,92,2019,9,f,spring,62.11364550654007,478.9166971073462,-42.56832352812838,19.54532197841169,22/03/2020 18:42,15.3,-13.99,53.5111,8.1056,17/09/2019,22/10/2019,16/03/2020,12/04/2020,BS713_19,1.0,f
Jantje,92,2019,9,f,spring,23.11889649087118,200.15086796020566,0.0,23.118896490871194,25/03/2020 18:52,18.45,-17.06,53.5111,8.1056,17/09/2019,22/10/2019,16/03/2020,12/04/2020,BS713_19,1.0,f
Jantje,92,2019,9,f,spring,156.00103770195403,200.15086796020566,180.0,23.998962298045946,26/03/2020 05:48,20.25,-17.06,53.5111,8.1056,17/09/2019,22/10/2019,16/03/2020,12/04/2020,BS713_19,1.0,f
Jantje,92,2019,9,f,spring,156.88110350912882,150.11315097015415,180.0,23.118896490871194,29/03/2020 05:40,18.45,-17.06,53.5111,8.1056,17/09/2019,22/10/2019,16/03/2020,12/04/2020,BS713_19,1.0,f
Jantje,92,2019,9,f,spring,20.2537256440267,701.0932774776597,2.2568866290405096,22.510612273067224,30/03/2020 05:40,17.1,-17.06,53.5111,8.1056,17/09/2019,22/10/2019,16/03/2020,12/04/2020,BS713_19,1.0,f
Jantje,92,2019,9,f,spring,1.0327727856550268,1335.3316835541432,24.595136978742246,25.62790976439727,03/04/2020 19:02,23.4,-16.89,53.5111,8.1056,17/09/2019,22/10/2019,16/03/2020,12/04/2020,BS713_19,1.0,f
Jantje,92,2019,9,f,spring,2.9743115328417957,1016.5000804772644,26.03520335925192,29.009514892093726,05/04/2020 18:43,34.2,-10.88,53.5111,8.1056,17/09/2019,22/10/2019,16/03/2020,12/04/2020,BS713_19,1.0,f
Jantje,92,2019,9,f,spring,52.66617006425065,317.38663839547405,-18.493749901696184,34.172420162554474,07/04/2020 18:26,42.3,-5.47,53.5111,8.1056,17/09/2019,22/10/2019,16/03/2020,12/04/2020,BS713_19,1.0,f
Jantje,92,2019,9,f,spring,126.71228868819799,152.3907218767591,169.96528704308423,43.25299835488625,08/04/2020 03:58,45.0,-6.75,53.5111,8.1056,17/09/2019,22/10/2019,16/03/2020,12/04/2020,BS713_19,1.0,f
Jantje,92,2019,9,f,spring,8.277813473231078,860.6095988200831,47.248048999792054,38.97023552656098,08/04/2020 18:37,43.65,-6.42,53.5111,8.1056,17/09/2019,22/10/2019,16/03/2020,12/04/2020,BS713_19,1.0,f
Jantje,92,2019,9,f,spring,20.480744306361856,155.1396001399133,14.422143711134936,34.9028880174968,09/04/2020 03:44,48.6,2.18,53.5111,8.1056,17/09/2019,22/10/2019,16/03/2020,12/04/2020,BS713_19,1.0,f
Jantje,93,2020,10,f,autumn,76.18842773348746,1280.1459455893785,-111.41667772807268,172.39489453843987,16/09/2020 17:31,53.55,6.06,-23.805243243243243,14.184097297297296,16/09/2020,11/10/2020,27/03/2021,19/04/2021,BX257_20,1.0,f
Jantje,93,2020,10,f,autumn,31.269241395849917,1211.6244466182002,-171.64558302053905,157.08517558361103,17/09/2020 04:37,48.15,-10.11,-23.805243243243243,14.184097297297296,16/09/2020,11/10/2020,27/03/2021,19/04/2021,BX257_20,1.0,f
Jantje,93,2020,10,f,autumn,34.9873962784377,658.678437775835,-170.62298396873098,154.38961975283132,18/09/2020 18:26,37.35,-11.32,-23.805243243243243,14.184097297297296,16/09/2020,11/10/2020,27/03/2021,19/04/2021,BX257_20,1.0,f
Jantje,93,2020,10,f,autumn,74.92883923761582,574.6378133356404,-133.06850365035686,152.00265711202732,19/09/2020 05:08,31.5,-12.45,-23.805243243243243,14.184097297297296,16/09/2020,11/10/2020,27/03/2021,19/04/2021,BX257_20,1.0,f
Jantje,93,2020,10,f,autumn,36.62819056942362,300.8203646718394,-176.3552051547267,147.0166042758497,19/09/2020 18:26,27.9,-16.72,-23.805243243243243,14.184097297297296,16/09/2020,11/10/2020,27/03/2021,19/04/2021,BX257_20,1.0,f
Jantje,93,2020,10,f,autumn,148.4283176037502,100.15571842094643,-2.285675475700897,146.14264212804932,22/09/2020 05:28,25.2,-16.68,-23.805243243243243,14.184097297297296,16/09/2020,11/10/2020,27/03/2021,19/04/2021,BX257_20,1.0,f
Jantje,93,2020,10,f,autumn,30.126583383489844,100.25598356062962,176.5478093038545,146.42122592036466,23/09/2020 05:32,26.1,-16.72,-23.805243243243243,14.184097297297296,16/09/2020,11/10/2020,27/03/2021,19/04/2021,BX257_20,1.0,f
Jantje,93,2020,10,f,autumn,12.73575218299385,1063.0588385971366,133.4703659938579,146.20611817685176,24/09/2020 05:17,25.2,-16.61,-23.805243243243243,14.184097297297296,16/09/2020,11/10/2020,27/03/2021,19/04/2021,BX257_20,1.0,f
Jantje,93,2020,10,f,autumn,18.119758321841147,874.2196278127228,132.5227767530371,150.64253507487825,25/09/2020 17:50,18.45,-9.31,-23.805243243243243,14.184097297297296,16/09/2020,11/10/2020,27/03/2021,19/04/2021,BX257_20,1.0,f
Jantje,93,2020,10,f,autumn,30.376266617237377,263.1470027259011,124.564496437446,154.94076305468337,26/09/2020 04:47,13.05,-3.37,-23.805243243243243,14.184097297297296,16/09/2020,11/10/2020,27/03/2021,19/04/2021,BX257_20,1.0,f
Jantje,93,2020,10,f,autumn,12.572269466052973,559.7933622937345,169.41588112040452,156.84361165435155,26/09/2020 17:31,11.7,-1.38,-23.805243243243243,14.184097297297296,16/09/2020,11/10/2020,27/03/2021,19/04/2021,BX257_20,1.0,f
Jantje,93,2020,10,f,autumn,155.4001300923191,200.15086796020583,0.0,155.4001300923191,27/09/2020 17:21,6.75,-0.45,-23.805243243243243,14.184097297297296,16/09/2020,11/10/2020,27/03/2021,19/04/2021,BX257_20,1.0,f
Jantje,93,2020,10,f,autumn,23.533790642967688,200.15086796020583,180.0,156.4662093570323,28/09/2020 04:27,8.55,-0.45,-23.805243243243243,14.184097297297296,16/09/2020,11/10/2020,27/03/2021,19/04/2021,BX257_20,1.0,f
Jantje,93,2020,10,f,autumn,141.51327414730113,206.2027146307896,13.886855945017963,155.4001300923191,29/09/2020 17:21,6.75,-0.45,-23.805243243243243,14.184097297297296,16/09/2020,11/10/2020,27/03/2021,19/04/2021,BX257_20,1.0,f
Jantje,93,2020,10,f,autumn,22.88895769086068,100.07543398010283,180.0,157.11104230913932,30/09/2020 17:21,8.55,0.0,-23.805243243243243,14.184097297297296,16/09/2020,11/10/2020,27/03/2021,19/04/2021,BX257_20,1.0,f
Jantje,93,2020,10,f,autumn,23.39822132533115,150.1131509701544,180.0,156.60177867466885,01/10/2020 04:32,7.65,0.0,-23.805243243243243,14.184097297297296,16/09/2020,11/10/2020,27/03/2021,19/04/2021,BX257_20,1.0,f
Jantje,93,2020,10,f,autumn,23.93467889526923,200.15086796020566,180.0,156.06532110473077,02/10/2020 04:27,6.75,0.0,-23.805243243243243,14.184097297297296,16/09/2020,11/10/2020,27/03/2021,19/04/2021,BX257_20,1.0,f
Jantje,93,2020,10,f,autumn,24.590467168466148,1070.8881591546092,130.70269135257954,155.29315852104568,04/10/2020 04:03,4.5,0.45,-23.805243243243243,14.184097297297296,16/09/2020,11/10/2020,27/03/2021,19/04/2021,BX257_20,1.0,f
Jantje,93,2020,10,f,autumn,1.4391259652649353,156.87073168509974,163.1295496196611,164.56867558492604,05/10/2020 16:46,-1.8,7.69,-23.805243243243243,14.184097297297296,16/09/2020,11/10/2020,27/03/2021,19/04/2021,BX257_20,1.0,f
Jantje,93,2020,10,f,autumn,10.486856186440548,1226.055967821004,154.15372840785022,164.64058459429077,06/10/2020 03:47,-3.15,8.1,-23.805243243243243,14.184097297297296,16/09/2020,11/10/2020,27/03/2021,19/04/2021,BX257_20,1.0,f
Jantje,93,2020,10,f,autumn,0.04429640458403128,150.66956502127306,175.08886068097107,175.1331570855551,10/10/2020 03:22,-13.5,13.23,-23.805243243243243,14.184097297297296,16/09/2020,11/10/2020,27/03/2021,19/04/2021,BX257_20,1.0,f
Jantje,93,2020,10,f,autumn,0.48190994513623764,1156.263103243723,174.62846783761628,175.11037778275252,10/10/2020 16:46,-14.85,13.35,-23.805243243243243,14.184097297297296,16/09/2020,11/10/2020,27/03/2021,19/04/2021,BX257_20,1.0,f
Jantje,93,2020,10,f,spring,36.88826559739354,1036.8904037383836,-40.70988452210254,-3.8216189247090093,27/03/2021 16:56,-25.2,14.42,53.5111,8.1056,16/09/2020,11/10/2020,27/03/2021,19/04/2021,BX257_20,1.0,f
Jantje,93,2020,10,f,spring,38.52234953722058,1011.8564897571379,-38.48121630202242,0.041133235198154434,28/03/2021 04:18,-18.0,8.04,53.5111,8.1056,16/09/2020,11/10/2020,27/03/2021,19/04/2021,BX257_20,1.0,f
Jantje,93,2020,10,f,spring,33.95151018018569,1210.4208458217788,-30.123706092555313,3.8278040876303723,29/03/2021 04:32,-10.8,2.29,53.5111,8.1056,16/09/2020,11/10/2020,27/03/2021,19/04/2021,BX257_20,1.0,f
Jantje,93,2020,10,f,spring,39.70949666333226,1058.4703274051465,-31.62840404410708,8.081092619225174,30/03/2021 17:51,-1.35,-3.15,53.5111,8.1056,16/09/2020,11/10/2020,27/03/2021,19/04/2021,BX257_20,1.0,f
Jantje,93,2020,10,f,spring,58.307376164920754,1448.2029581336765,-45.476615410779516,12.830760754141236,31/03/2021 18:21,6.75,-8.16,53.5111,8.1056,16/09/2020,11/10/2020,27/03/2021,19/04/2021,BX257_20,1.0,f
Jantje,93,2020,10,f,spring,161.45121171184286,401.20948916624025,-176.1135204323635,22.435267855793658,01/04/2021 19:01,15.75,-17.77,53.5111,8.1056,16/09/2020,11/10/2020,27/03/2021,19/04/2021,BX257_20,1.0,f
Jantje,93,2020,10,f,spring,21.243430183521582,100.07543398010283,0.0,21.24343018352157,02/04/2021 18:56,12.15,-18.02,53.5111,8.1056,16/09/2020,11/10/2020,27/03/2021,19/04/2021,BX257_20,1.0,f
Jantje,93,2020,10,f,spring,21.562167488422745,250.18858495025734,0.0,21.562167488422755,03/04/2021 05:52,13.05,-18.02,53.5111,8.1056,16/09/2020,11/10/2020,27/03/2021,19/04/2021,BX257_20,1.0,f
Jantje,93,2020,10,f,spring,11.3565111894263,918.6432538429735,11.07875666636735,22.435267855793658,06/04/2021 19:11,15.75,-17.77,53.5111,8.1056,16/09/2020,11/10/2020,27/03/2021,19/04/2021,BX257_20,1.0,f
Jantje,93,2020,10,f,spring,4.198448563674702,115.04697616744266,29.442591678487176,25.24414311481247,07/04/2021 19:10,23.85,-16.04,53.5111,8.1056,16/09/2020,11/10/2020,27/03/2021,19/04/2021,BX257_20,1.0,f
Jantje,93,2020,10,f,spring,2.145954470387096,1097.3546620502661,23.159202115322827,25.30515658570993,09/04/2021 18:56,24.75,-15.41,53.5111,8.1056,16/09/2020,11/10/2020,27/03/2021,19/04/2021,BX257_20,1.0,f
Jantje,93,2020,10,f,spring,25.145707963035704,150.6434765962848,4.768543428293526,29.914251391329234,12/04/2021 18:41,35.1,-10.76,53.5111,8.1056,16/09/2020,11/10/2020,27/03/2021,19/04/2021,BX257_20,1.0,f
Jantje,93,2020,10,f,spring,19.7669544653713,922.2212402646827,11.687499628808677,31.454454094179976,13/04/2021 18:50,36.45,-10.62,53.5111,8.1056,16/09/2020,11/10/2020,27/03/2021,19/04/2021,BX257_20,1.0,f
Jantje,93,2020,10,f,spring,15.324940487140537,115.5290532320685,29.713894949580713,45.03883543672124,14/04/2021 18:56,45.0,-7.97,53.5111,8.1056,16/09/2020,11/10/2020,27/03/2021,19/04/2021,BX257_20,1.0,f
Jasper,94,2020,10,m,autumn,42.73711669825653,1207.8775789584588,-126.36828443677877,-169.1054011350353,16/09/2020 17:29,53.55,8.34,6.118443804034582,0.2334293948126801,16/09/2020,30/09/2020,23/03/2021,,BT688_20,1.0,m
Jasper,94,2020,10,m,autumn,144.4074916669448,137.03950188308286,-42.64585226819538,172.9466560648598,17/09/2020 04:25,46.35,-4.36,6.118443804034582,0.2334293948126801,16/09/2020,30/09/2020,23/03/2021,,BT688_20,1.0,m
Jasper,94,2020,10,m,autumn,37.55265844430642,898.0501387739574,-151.21629722577057,171.23104432992298,17/09/2020 18:09,47.25,-5.59,6.118443804034582,0.2334293948126801,16/09/2020,30/09/2020,23/03/2021,,BT688_20,1.0,m
Jasper,94,2020,10,m,autumn,47.919301947105566,1289.3574857782394,-151.25914223960737,160.82155581328706,19/09/2020 18:25,39.6,-10.66,6.118443804034582,0.2334293948126801,16/09/2020,30/09/2020,23/03/2021,,BT688_20,1.0,m
Jasper,94,2020,10,m,autumn,141.1320951865068,100.075433980103,0.0,141.1320951865068,23/09/2020 18:34,29.25,-17.24,6.118443804034582,0.2334293948126801,16/09/2020,30/09/2020,23/03/2021,,BT688_20,1.0,m
Jasper,94,2020,10,m,autumn,37.85030326958247,100.075433980103,180.0,142.14969673041753,24/09/2020 05:40,30.15,-17.24,6.118443804034582,0.2334293948126801,16/09/2020,30/09/2020,23/03/2021,,BT688_20,1.0,m
Jasper,94,2020,10,m,autumn,8.21496598714296,1059.3046592727858,133.3903252472509,141.60529123439386,26/09/2020 05:17,29.25,-16.97,6.118443804034582,0.2334293948126801,16/09/2020,30/09/2020,23/03/2021,,BT688_20,1.0,m
Jasper,94,2020,10,m,autumn,22.731192733667314,455.24469899270383,171.46519108794436,148.73399835427705,26/09/2020 17:58,22.5,-9.49,6.118443804034582,0.2334293948126801,16/09/2020,30/09/2020,23/03/2021,,BT688_20,1.0,m
Jasper,94,2020,10,m,autumn,24.009909947530872,461.5916203595667,167.18263651531282,143.17272656778195,27/09/2020 05:05,18.45,-8.85,6.118443804034582,0.2334293948126801,16/09/2020,30/09/2020,23/03/2021,,BT688_20,1.0,m
Jasper,94,2020,10,m,autumn,3.184061403726645,1351.461075958509,136.97840725069776,133.7943458469711,28/09/2020 04:40,13.95,-7.84,6.118443804034582,0.2334293948126801,16/09/2020,30/09/2020,23/03/2021,,BT688_20,1.0,m
Joachim,95,2017,18,m,autumn,9.5309431285269,1217.5501526368205,-151.82555699895906,-142.29461387043216,21/09/2017 17:12,53.55,8.34,15.599214659685863,-17.282486910994763,21/09/2017,01/10/2017,10/04/2018,19/04/2018,Z447_17,1.0,m
Joachim,95,2017,18,m,autumn,11.353696409765462,211.4119872794407,-134.60914951488598,-145.96284592465145,23/09/2017 04:14,43.65,0.61,15.599214659685863,-17.282486910994763,21/09/2017,01/10/2017,10/04/2018,19/04/2018,Z447_17,1.0,m
Joachim,95,2017,18,m,autumn,16.25153721690981,880.7826816528803,-164.1027086804131,-147.85117146350328,23/09/2017 17:33,42.3,-1.22,15.599214659685863,-17.282486910994763,21/09/2017,01/10/2017,10/04/2018,19/04/2018,Z447_17,1.0,m
Joachim,95,2017,18,m,autumn,55.00600106056467,197.57887380555843,-89.38590398201836,-144.39190504258303,25/09/2017 04:44,34.65,-3.89,15.599214659685863,-17.282486910994763,21/09/2017,01/10/2017,10/04/2018,19/04/2018,Z447_17,1.0,m
Joachim,95,2017,18,m,autumn,15.688102464511985,1135.7348911658182,-164.98297511513042,-149.29487265061843,25/09/2017 17:52,34.65,-6.05,15.599214659685863,-17.282486910994763,21/09/2017,01/10/2017,10/04/2018,19/04/2018,Z447_17,1.0,m
Joachim,95,2017,18,m,autumn,0.5522373929411799,1283.1388282456096,-136.27446781990443,-136.8267052128456,30/09/2017 18:08,24.3,-9.04,15.599214659685863,-17.282486910994763,21/09/2017,01/10/2017,10/04/2018,19/04/2018,Z447_17,1.0,m
Joachim,95,2017,18,m,spring,8.246827651649681,1032.5279297185375,13.863325945478397,22.110153597128082,10/04/2018 05:19,15.75,-17.3,53.5111,8.1056,21/09/2017,01/10/2017,10/04/2018,19/04/2018,Z447_17,1.0,m
Joachim,95,2017,18,m,spring,4.68347469811323,1166.9570050315742,29.538293683841093,24.85481898572785,16/04/2018 04:45,24.75,-14.86,53.5111,8.1056,21/09/2017,01/10/2017,10/04/2018,19/04/2018,Z447_17,1.0,m
Joachim,95,2017,18,m,spring,10.660594851085307,1410.6411063772998,15.31106938215247,25.97166423323778,17/04/2018 19:03,33.75,-8.66,53.5111,8.1056,21/09/2017,01/10/2017,10/04/2018,19/04/2018,Z447_17,1.0,m
Joachim,96,2018,19,m,autumn,13.496084546719544,1493.4069780837965,-128.79852932371261,-142.29461387043216,28/09/2018 17:06,53.55,8.34,15.599214659685863,-17.282486910994763,28/09/2018,03/10/2018,,,BL129_18,1.0,m
Joachim,96,2018,19,m,autumn,10.854142575967558,1165.271026853676,-170.26401367668944,-159.4098711007219,30/09/2018 04:54,44.1,-6.81,15.599214659685863,-17.282486910994763,28/09/2018,03/10/2018,,,BL129_18,1.0,m
Joachim,96,2018,19,m,autumn,9.78385089551523,980.4511988624602,-165.20148053815694,-155.4176296426417,30/09/2018 17:56,33.75,-8.93,15.599214659685863,-17.282486910994763,28/09/2018,03/10/2018,,,BL129_18,1.0,m
Joachim,96,2018,19,m,autumn,23.063827125787355,202.01234888875666,-172.15943252861837,-149.095605402831,01/10/2018 17:52,25.2,-11.41,15.599214659685863,-17.282486910994763,28/09/2018,03/10/2018,,,BL129_18,1.0,m
Joanne,97,2019,5,f,autumn,2.700603885765105,1104.1165493922585,-152.4892132577178,-149.7886093719527,07/09/2019 17:56,52.65,4.45,12.763734939759036,-16.223951807228918,07/09/2019,11/09/2019,16/04/2020,30/04/2020,BT687_19,0.0,f
Joanne,97,2019,5,f,autumn,3.155753027055937,378.85171374681636,-156.9994555111112,-153.84370248405526,08/09/2019 03:58,43.65,-1.87,12.763734939759036,-16.223951807228918,07/09/2019,11/09/2019,16/04/2020,30/04/2020,BT687_19,0.0,f
Joanne,97,2019,5,f,autumn,24.9947138978811,500.38401739577284,-179.6906630778941,-154.695949180013,08/09/2019 18:20,40.5,-3.62,12.763734939759036,-16.223951807228918,07/09/2019,11/09/2019,16/04/2020,30/04/2020,BT687_19,0.0,f
Joanne,97,2019,5,f,autumn,21.529292017309956,980.2625863065623,-129.32664296128843,-150.85593497859838,09/09/2019 04:27,36.0,-3.65,12.763734939759036,-16.223951807228918,07/09/2019,11/09/2019,16/04/2020,30/04/2020,BT687_19,0.0,f
Joanne,97,2019,5,f,autumn,19.624254924814437,242.21248714986885,-145.3830530760802,-165.00730800089462,10/09/2019 04:58,29.7,-11.66,12.763734939759036,-16.223951807228918,07/09/2019,11/09/2019,16/04/2020,30/04/2020,BT687_19,0.0,f
Joanne,97,2019,5,f,autumn,13.336651014533317,823.3940689450267,-154.98464004588507,-168.3212910604184,10/09/2019 18:35,27.9,-13.06,12.763734939759036,-16.223951807228918,07/09/2019,11/09/2019,16/04/2020,30/04/2020,BT687_19,0.0,f
Joanne,97,2019,5,f,spring,1.5038256391029279,1310.1654635968437,22.481465487429677,23.985291126532616,23/04/2020 18:51,21.15,-16.41,53.5111,8.1056,07/09/2019,11/09/2019,16/04/2020,30/04/2020,BT687_19,0.0,f
Joanne,97,2019,5,f,spring,17.345212726014665,1067.7211408443302,9.621277964837114,26.966490690851785,28/04/2020 04:23,31.95,-11.13,53.5111,8.1056,07/09/2019,11/09/2019,16/04/2020,30/04/2020,BT687_19,0.0,f
Joanne,97,2019,5,f,spring,15.492753908810585,1151.7512439682187,22.09788881373335,37.59064272254395,29/04/2020 04:04,41.4,-9.0,53.5111,8.1056,07/09/2019,11/09/2019,16/04/2020,30/04/2020,BT687_19,0.0,f
Joanne,98,2020,6,f,autumn,7.740600686537505,1186.3895962457054,-155.69692687428014,-147.95632618774263,14/09/2020 17:38,53.1,6.0,12.763734939759036,-16.223951807228918,14/09/2020,20/09/2020,06/04/2021,19/04/2021,BX253_20,1.0,f
Joanne,98,2020,6,f,autumn,9.195950137363639,1356.3332239597366,-141.22075854167093,-150.41670867903457,15/09/2020 04:11,43.2,0.0,12.763734939759036,-16.223951807228918,14/09/2020,20/09/2020,06/04/2021,19/04/2021,BX253_20,1.0,f
Joanne,98,2020,6,f,autumn,19.591237508556333,350.26401893036086,180.0,-160.40876249144372,16/09/2020 18:13,32.85,-9.11,12.763734939759036,-16.223951807228918,14/09/2020,20/09/2020,06/04/2021,19/04/2021,BX253_20,1.0,f
Joanne,98,2020,6,f,autumn,25.443699054232184,751.3287389992682,177.33802421287083,-157.21827673289692,17/09/2020 05:06,29.7,-9.11,12.763734939759036,-16.223951807228918,14/09/2020,20/09/2020,06/04/2021,19/04/2021,BX253_20,1.0,f
Joanne,98,2020,6,f,autumn,36.19295348567351,100.07543398010264,180.0,-143.8070465143265,18/09/2020 17:59,22.95,-8.74,12.763734939759036,-16.223951807228918,14/09/2020,20/09/2020,06/04/2021,19/04/2021,BX253_20,1.0,f
Joanne,98,2020,6,f,autumn,15.399052513162843,1314.1661799676149,-125.84603251117358,-141.24508502433642,19/09/2020 17:59,22.05,-8.74,12.763734939759036,-16.223951807228918,14/09/2020,20/09/2020,06/04/2021,19/04/2021,BX253_20,1.0,f
Joanne,98,2020,6,f,spring,0.9174234651630968,1207.871106832845,23.570741157523965,22.653317692360872,06/04/2021 05:29,14.85,-18.63,53.5111,8.1056,14/09/2020,20/09/2020,06/04/2021,19/04/2021,BX253_20,1.0,f
Joanne,98,2020,6,f,spring,20.488597020057227,1103.1362797310487,3.5355426646570307,24.024139684714246,06/04/2021 18:53,24.75,-13.87,53.5111,8.1056,14/09/2020,20/09/2020,06/04/2021,19/04/2021,BX253_20,1.0,f
Joanne,98,2020,6,f,spring,9.654579011215986,982.6771210623089,22.23107940287786,31.88565841409384,09/04/2021 04:53,34.65,-13.13,53.5111,8.1056,14/09/2020,20/09/2020,06/04/2021,19/04/2021,BX253_20,1.0,f
Kirk,99,2018,8,m,autumn,2.1947591416899286,1244.4442301567606,-139.39564715651701,-141.59040629820694,24/09/2018 17:09,53.55,8.34,18.197698744769873,-16.68600418410042,24/09/2018,29/09/2018,,,BL134_18,1.0,m
Kirk,99,2018,8,m,autumn,10.034060118710386,1197.8156718610128,-139.61418582533193,-149.64824594404232,25/09/2018 17:54,44.1,-1.87,18.197698744769873,-16.68600418410042,24/09/2018,29/09/2018,,,BL134_18,1.0,m
Kirk,99,2018,8,m,autumn,5.9665207572926136,102.83258522264221,-166.62702594967922,-160.6605051923866,26/09/2018 04:42,35.55,-10.43,18.197698744769873,-16.68600418410042,24/09/2018,29/09/2018,,,BL134_18,1.0,m
Kirk,100,2019,9,m,autumn,14.821066456869204,1180.9090643438542,-156.41147275507615,-141.59040629820694,17/09/2019 17:31,53.55,8.34,18.197698744769873,-16.68600418410042,17/09/2019,26/09/2019,13/03/2020,17/04/2020,BS707_19,0.0,m
Kirk,100,2019,9,m,autumn,31.46351873194621,1096.7849462103418,-110.11352976999689,-141.5770485019431,18/09/2019 17:51,43.65,2.49,18.197698744769873,-16.68600418410042,17/09/2019,26/09/2019,13/03/2020,17/04/2020,BS707_19,0.0,m
Kirk,100,2019,9,m,autumn,9.825704582687905,353.8020585627272,-171.71078969732716,-161.88508511463925,22/09/2019 18:17,39.6,-9.56,18.197698744769873,-16.68600418410042,17/09/2019,26/09/2019,13/03/2020,17/04/2020,BS707_19,0.0,m
Kirk,100,2019,9,m,autumn,9.941092264044102,1018.2920834288021,-150.7466082111816,-160.6877004752257,23/09/2019 05:18,36.45,-10.13,18.197698744769873,-16.68600418410042,17/09/2019,26/09/2019,13/03/2020,17/04/2020,BS707_19,0.0,m
Kirk,100,2019,9,m,autumn,25.53512131461315,179.5276579967324,-146.50170954355733,-172.03683085817048,23/09/2019 18:31,28.35,-15.2,18.197698744769873,-16.68600418410042,17/09/2019,26/09/2019,13/03/2020,17/04/2020,BS707_19,0.0,m
Kirk,100,2019,9,m,autumn,12.068052340148341,103.61632268190583,-164.91734207666195,-176.9853944168103,24/09/2019 05:28,27.0,-16.2,18.197698744769873,-16.68600418410042,17/09/2019,26/09/2019,13/03/2020,17/04/2020,BS707_19,0.0,m
Kirk,100,2019,9,m,autumn,1.4922296684260346,250.18858495025714,180.0,-178.5077703315739,24/09/2019 18:37,26.1,-16.47,18.197698744769873,-16.68600418410042,17/09/2019,26/09/2019,13/03/2020,17/04/2020,BS707_19,0.0,m
Kirk,100,2019,9,m,autumn,2.6661585207314147,1656.8649004192343,-175.07186096918198,-177.7380194899134,25/09/2019 18:27,23.4,-16.47,18.197698744769873,-16.68600418410042,17/09/2019,26/09/2019,13/03/2020,17/04/2020,BS707_19,0.0,m
Kirk,100,2019,9,m,spring,18.16645823638109,1301.6215407507264,1.7574714662130113,19.92392970259411,13/03/2020 05:48,8.55,-17.75,53.5111,8.1056,17/09/2019,26/09/2019,13/03/2020,17/04/2020,BS707_19,0.0,m
Kirk,100,2019,9,m,spring,155.7746323057222,1000.7543398010286,180.0,24.22536769427782,13/03/2020 18:48,20.25,-17.37,53.5111,8.1056,17/09/2019,26/09/2019,13/03/2020,17/04/2020,BS707_19,0.0,m
Kirk,100,2019,9,m,spring,173.03313674789092,154.38592922223793,-166.45779115041898,20.509072101690098,14/03/2020 18:48,11.25,-17.37,53.5111,8.1056,17/09/2019,26/09/2019,13/03/2020,17/04/2020,BS707_19,0.0,m
Kirk,100,2019,9,m,spring,159.70371085972192,100.075433980103,180.0,20.29628914027807,15/03/2020 05:50,9.9,-17.7,53.5111,8.1056,17/09/2019,26/09/2019,13/03/2020,17/04/2020,BS707_19,0.0,m
Kirk,100,2019,9,m,spring,159.97628619584424,150.11315097015415,180.0,20.02371380415577,15/03/2020 18:52,9.0,-17.7,53.5111,8.1056,17/09/2019,26/09/2019,13/03/2020,17/04/2020,BS707_19,0.0,m
Kirk,100,2019,9,m,spring,16.82570760337262,1252.5108595749764,2.810297757438337,19.63600536081097,18/03/2020 18:47,7.65,-17.7,53.5111,8.1056,17/09/2019,26/09/2019,13/03/2020,17/04/2020,BS707_19,0.0,m
Kirk,100,2019,9,m,spring,23.37459052361092,250.18858495025714,0.0,23.374590523610927,24/03/2020 18:52,18.9,-17.12,53.5111,8.1056,17/09/2019,26/09/2019,13/03/2020,17/04/2020,BS707_19,0.0,m
Kirk,100,2019,9,m,spring,3.481917603472681,1186.767168488865,21.033744286870952,24.515661890343644,03/04/2020 05:25,21.15,-17.12,53.5111,8.1056,17/09/2019,26/09/2019,13/03/2020,17/04/2020,BS707_19,0.0,m
Kirk,100,2019,9,m,spring,16.19377819695407,1025.189825743744,11.850636838247109,28.044415035201176,06/04/2020 05:05,31.5,-12.61,53.5111,8.1056,17/09/2019,26/09/2019,13/03/2020,17/04/2020,BS707_19,0.0,m
Kirk,100,2019,9,m,spring,11.508958040641062,451.154992060567,26.622732028467063,38.13169006910812,08/04/2020 18:38,40.95,-10.13,53.5111,8.1056,17/09/2019,26/09/2019,13/03/2020,17/04/2020,BS707_19,0.0,m
Kirk,101,2020,10,m,autumn,13.275325333603035,1085.4737237657378,-154.86573163180998,-141.59040629820694,14/09/2020 17:27,53.55,8.34,18.197698744769873,-16.68600418410042,14/09/2020,23/09/2020,22/03/2021,10/04/2021,BV416_20,1.0,m
Kirk,101,2020,10,m,autumn,52.88358115019844,101.42845034818582,-89.55101040409099,-142.43459155428943,15/09/2020 03:35,44.55,2.54,18.197698744769873,-16.68600418410042,14/09/2020,23/09/2020,22/03/2021,10/04/2021,BV416_20,1.0,m
Kirk,101,2020,10,m,autumn,7.151380074627838,1354.5558695695079,-137.42116805892317,-144.572548133551,16/09/2020 04:18,44.55,1.26,18.197698744769873,-16.68600418410042,14/09/2020,23/09/2020,22/03/2021,10/04/2021,BV416_20,1.0,m
Kirk,101,2020,10,m,autumn,19.159652233545728,954.5779651196108,-174.59877253106674,-155.43912029752101,20/09/2020 04:59,35.1,-8.79,18.197698744769873,-16.68600418410042,14/09/2020,23/09/2020,22/03/2021,10/04/2021,BV416_20,1.0,m
Kirk,101,2020,10,m,autumn,8.09464325705585,944.9596496068274,-136.5398501538206,-144.63449341087644,22/09/2020 18:16,26.55,-10.56,18.197698744769873,-16.68600418410042,14/09/2020,23/09/2020,22/03/2021,10/04/2021,BV416_20,1.0,m
Kirk,101,2020,10,m,spring,21.957852132082223,1251.6445904503603,1.8348869293771466,23.79273906145937,22/03/2021 05:44,20.25,-16.78,53.5111,8.1056,14/09/2020,23/09/2020,22/03/2021,10/04/2021,BV416_20,1.0,m
Kirk,101,2020,10,m,spring,72.93584719656704,377.3883408932982,104.38552149234067,31.449674295773633,24/03/2021 18:52,31.5,-16.36,53.5111,8.1056,14/09/2020,23/09/2020,22/03/2021,10/04/2021,BV416_20,1.0,m
Kirk,101,2020,10,m,spring,21.853426204160257,703.7641503863427,5.302908548232568,27.156334752392823,26/03/2021 18:32,30.6,-12.54,53.5111,8.1056,14/09/2020,23/09/2020,22/03/2021,10/04/2021,BV416_20,1.0,m
Kirk,101,2020,10,m,spring,3.4837465322740684,1306.2757853299956,29.914393104870445,33.39813963714452,29/03/2021 18:33,36.9,-11.81,53.5111,8.1056,14/09/2020,23/09/2020,22/03/2021,10/04/2021,BV416_20,1.0,m
Kirk,101,2020,10,m,spring,12.222729220165292,768.2886192104272,55.33544739623921,43.112718176073926,31/03/2021 03:59,46.8,-3.28,53.5111,8.1056,14/09/2020,23/09/2020,22/03/2021,10/04/2021,BV416_20,1.0,m
Lamar,102,2016,6,m,autumn,39.114106194348096,700.5280378607196,180.0,-140.88589380565193,13/09/2016 03:21,53.55,8.34,19.366626936829558,-16.67605482717521,13/09/2016,16/09/2016,19/04/2017,30/04/2017,Z595,1.0,m
Lamar,102,2016,6,m,autumn,3.843481603185893,580.9092356326069,-139.110762960896,-135.26728135771012,13/09/2016 17:29,47.25,8.34,19.366626936829558,-16.67605482717521,13/09/2016,16/09/2016,19/04/2017,30/04/2017,Z595,1.0,m
Lamar,102,2016,6,m,autumn,16.084169638700757,1277.0726982243436,-121.90867783545389,-137.99284747415464,14/09/2016 03:46,43.2,3.65,19.366626936829558,-16.67605482717521,13/09/2016,16/09/2016,19/04/2017,30/04/2017,Z595,1.0,m
Lamar,102,2016,6,m,autumn,11.307664292942917,102.98061686968484,-166.27829460935257,-154.97063031640965,15/09/2016 04:46,36.45,-8.48,19.366626936829558,-16.67605482717521,13/09/2016,16/09/2016,19/04/2017,30/04/2017,Z595,1.0,m
Lamar,102,2016,6,m,autumn,12.078003314303515,1168.2962616415937,-142.48130872746373,-154.55931204176724,15/09/2016 18:25,35.55,-8.75,19.366626936829558,-16.67605482717521,13/09/2016,16/09/2016,19/04/2017,30/04/2017,Z595,1.0,m
Lamar,102,2016,6,m,spring,16.361609330060503,208.53390791435908,43.62009320486842,27.25848387480793,19/04/2017 05:12,27.0,-15.91,53.5111,8.1056,13/09/2016,16/09/2016,19/04/2017,30/04/2017,Z595,1.0,m
Lamar,102,2016,6,m,spring,16.428378349719424,203.6952490236668,10.610091866674338,27.038470216393772,19/04/2017 18:50,28.35,-14.44,53.5111,8.1056,13/09/2016,16/09/2016,19/04/2017,30/04/2017,Z595,1.0,m
Lamar,102,2016,6,m,spring,35.35096884743626,113.33117542003684,63.53214592593262,28.181177078496365,20/04/2017 05:02,30.15,-14.05,53.5111,8.1056,13/09/2016,16/09/2016,19/04/2017,30/04/2017,Z595,1.0,m
Lamar,102,2016,6,m,spring,26.867761853665854,950.9619635014697,1.2354854141506413,28.103247267816506,21/04/2017 19:10,31.5,-12.67,53.5111,8.1056,13/09/2016,16/09/2016,19/04/2017,30/04/2017,Z595,1.0,m
Lamar,102,2016,6,m,spring,0.05360189789962533,741.2061684456863,40.03583396071124,39.98223206281162,25/04/2017 19:15,40.5,-12.53,53.5111,8.1056,13/09/2016,16/09/2016,19/04/2017,30/04/2017,Z595,1.0,m
Lamar,103,2017,7,m,autumn,18.083389980509622,1006.574549356213,-158.96928378616155,-140.88589380565193,21/09/2017 03:38,53.55,8.34,19.366626936829558,-16.67605482717521,21/09/2017,27/09/2017,22/04/2018,04/05/2018,BD678_17,1.0,m
Lamar,103,2017,7,m,autumn,22.8520360253801,157.0421689254276,-162.71193697859303,-139.85990095321293,21/09/2017 17:12,45.0,3.76,19.366626936829558,-16.67605482717521,21/09/2017,27/09/2017,22/04/2018,04/05/2018,BD678_17,1.0,m
Lamar,103,2017,7,m,autumn,8.908558720695225,1224.2798629689364,-130.50723276661725,-139.41579148731248,22/09/2017 17:32,43.65,3.11,19.366626936829558,-16.67605482717521,21/09/2017,27/09/2017,22/04/2018,04/05/2018,BD678_17,1.0,m
Lamar,103,2017,7,m,autumn,12.006526418712156,263.2588797004974,-138.94140943944694,-150.9479358581591,23/09/2017 04:23,36.0,-7.23,19.366626936829558,-16.67605482717521,21/09/2017,27/09/2017,22/04/2018,04/05/2018,BD678_17,1.0,m
Lamar,103,2017,7,m,autumn,24.26894884484497,300.55627603063704,-177.27394142173793,-153.00499257689296,24/09/2017 17:53,33.75,-9.11,19.366626936829558,-16.67605482717521,21/09/2017,27/09/2017,22/04/2018,04/05/2018,BD678_17,1.0,m
Lamar,103,2017,7,m,autumn,31.535722332696253,100.075433980103,180.0,-148.46427766730375,25/09/2017 04:54,31.05,-9.26,19.366626936829558,-16.67605482717521,21/09/2017,27/09/2017,22/04/2018,04/05/2018,BD678_17,1.0,m
Lamar,103,2017,7,m,autumn,5.609068215291643,256.88984916185404,-140.7698841215042,-146.37895233679583,25/09/2017 18:02,30.15,-9.26,19.366626936829558,-16.67605482717521,21/09/2017,27/09/2017,22/04/2018,04/05/2018,BD678_17,1.0,m
Lamar,103,2017,7,m,autumn,16.644308807993156,620.4546867036959,-165.05915664954026,-148.4148478415471,26/09/2017 18:02,28.35,-10.92,19.366626936829558,-16.67605482717521,21/09/2017,27/09/2017,22/04/2018,04/05/2018,BD678_17,1.0,m
Lamar,103,2017,7,m,spring,16.957852537599848,1456.916734880096,4.823129744439186,21.780982282039044,22/04/2018 04:53,22.95,-12.48,53.5111,8.1056,21/09/2017,27/09/2017,22/04/2018,04/05/2018,BD678_17,1.0,m
Lamar,103,2017,7,m,spring,2.8463742423175518,1058.7189360875395,34.29055678697954,31.444182544661995,28/04/2018 04:18,36.0,-11.13,53.5111,8.1056,21/09/2017,27/09/2017,22/04/2018,04/05/2018,BD678_17,1.0,m
Lamar,103,2017,7,m,spring,45.27291261714919,564.8746672013089,-12.41825208431053,32.85466053283865,03/05/2018 03:28,43.65,-3.11,53.5111,8.1056,21/09/2017,27/09/2017,22/04/2018,04/05/2018,BD678_17,1.0,m
Lamar,104,2018,8,m,autumn,26.866270363123363,1451.485910511592,-114.01962344252856,-140.88589380565193,24/09/2018 17:29,53.55,8.34,19.366626936829558,-16.67605482717521,24/09/2018,28/09/2018,,,BL157_18,0.0,m
Lamar,104,2018,8,m,autumn,1.2427213853431738,1448.98419206558,-163.6553957162769,-164.89811710162007,26/09/2018 05:06,46.8,-9.2,19.366626936829558,-16.67605482717521,24/09/2018,28/09/2018,,,BL157_18,0.0,m
Lamar,104,2018,8,m,autumn,177.3443950251609,154.70200196346747,13.874024165198247,-168.78158080964081,26/09/2018 18:04,34.2,-13.6,19.366626936829558,-16.67605482717521,24/09/2018,28/09/2018,,,BL157_18,0.0,m
Lamar,104,2018,8,m,autumn,2.436848096468907,154.70200196346747,-165.8915258282216,-168.3283739246905,27/09/2018 05:10,35.55,-13.19,19.366626936829558,-16.67605482717521,24/09/2018,28/09/2018,,,BL157_18,0.0,m
Larkin,105,2016,11,m,autumn,5.328409846997658,686.1367049419464,-149.1420881882497,-143.81367834125203,26/08/2016 18:18,53.55,8.34,14.620301624129931,-16.525939675174016,26/08/2016,02/09/2016,06/04/2017,25/04/2017,Z440,1.0,m
Larkin,105,2016,11,m,autumn,58.849172963623175,412.3917699448232,-87.9284710526541,-146.7776440162773,27/08/2016 03:20,48.15,3.6,14.620301624129931,-16.525939675174016,26/08/2016,02/09/2016,06/04/2017,25/04/2017,Z440,1.0,m
Larkin,105,2016,11,m,autumn,2.7833843459064838,224.58682206947338,-152.5215663244797,-155.30495067038618,27/08/2016 18:48,48.15,-1.96,14.620301624129931,-16.525939675174016,26/08/2016,02/09/2016,06/04/2017,25/04/2017,Z440,1.0,m
Larkin,105,2016,11,m,autumn,11.03860010428724,1123.6060239631433,-167.48085318175336,-156.44225307746612,28/08/2016 04:05,46.35,-3.31,14.620301624129931,-16.525939675174016,26/08/2016,02/09/2016,06/04/2017,25/04/2017,Z440,1.0,m
Larkin,105,2016,11,m,autumn,8.505661511640142,1226.2304922502847,-147.08089992386252,-155.58656143550266,29/08/2016 04:16,36.45,-6.71,14.620301624129931,-16.525939675174016,26/08/2016,02/09/2016,06/04/2017,25/04/2017,Z440,1.0,m
Larkin,105,2016,11,m,autumn,9.275744074795938,1168.2425291585057,-159.67751011176964,-168.95325418656557,30/08/2016 18:58,26.55,-14.14,14.620301624129931,-16.525939675174016,26/08/2016,02/09/2016,06/04/2017,25/04/2017,Z440,1.0,m
Larkin,105,2016,11,m,autumn,122.17569674084324,1751.8682518171174,18.49439592562028,140.67009266646352,01/09/2016 18:49,16.2,-17.86,14.620301624129931,-16.525939675174016,26/08/2016,02/09/2016,06/04/2017,25/04/2017,Z440,1.0,m
Larkin,105,2016,11,m,spring,18.256818184886242,1268.3744702856914,8.858676580402319,27.115494765288574,09/04/2017 04:55,31.05,-12.09,53.5111,8.1056,26/08/2016,02/09/2016,06/04/2017,25/04/2017,Z440,1.0,m
Larkin,105,2016,11,m,spring,37.48871870871517,1254.3619021650338,77.93541628058274,40.44669757186756,23/04/2017 19:09,42.3,-9.73,53.5111,8.1056,26/08/2016,02/09/2016,06/04/2017,25/04/2017,Z440,1.0,m
Larkin,106,2017,12,m,autumn,1.6816747763566582,1169.0857925960315,-145.4953531176087,-143.81367834125203,01/09/2017 18:07,53.55,8.34,14.620301624129931,-16.525939675174016,01/09/2017,09/09/2017,,,BD278,1.0,m
Larkin,106,2017,12,m,autumn,8.431393130874625,1225.2538161329846,-141.9434788639869,-150.37487199486154,04/09/2017 04:08,44.1,-0.62,14.620301624129931,-16.525939675174016,01/09/2017,09/09/2017,,,BD278,1.0,m
Larkin,106,2017,12,m,autumn,13.051611766202,1239.587545284125,-146.12612040161275,-159.17773216781475,06/09/2017 04:43,34.65,-8.9,14.620301624129931,-16.525939675174016,01/09/2017,09/09/2017,,,BD278,1.0,m
Larkin,106,2017,12,m,autumn,1.2368282766188372,100.20271697868162,-177.10124282794828,-175.86441455132945,07/09/2017 18:47,25.2,-15.74,14.620301624129931,-16.525939675174016,01/09/2017,09/09/2017,,,BD278,1.0,m
Larkin,106,2017,12,m,autumn,1.5807126382759407,1051.8458574482372,-177.35247711417432,-175.77176447589838,08/09/2017 05:28,24.3,-15.79,14.620301624129931,-16.525939675174016,01/09/2017,09/09/2017,,,BD278,1.0,m
Larkin,107,2018,13,m,autumn,7.015452215410448,897.4868652855724,-150.82913055666248,-143.81367834125203,12/09/2018 03:24,53.55,8.34,14.620301624129931,-16.525939675174016,12/09/2018,16/09/2018,,,BL139_18,1.0,m
Larkin,107,2018,13,m,autumn,42.572880493911384,202.81372943718242,170.55357184878682,-146.87354765730183,12/09/2018 17:38,46.35,2.65,14.620301624129931,-16.525939675174016,12/09/2018,16/09/2018,,,BL139_18,1.0,m
Larkin,107,2018,13,m,autumn,1.288197228015747,827.0293585299816,-146.0633879977689,-144.77519076975315,13/09/2018 03:46,44.55,3.07,14.620301624129931,-16.525939675174016,12/09/2018,16/09/2018,,,BL139_18,1.0,m
Larkin,107,2018,13,m,autumn,28.75200959444635,250.5902629677147,-176.70639378823256,-147.9543841937862,13/09/2018 18:03,38.25,-2.21,14.620301624129931,-16.525939675174016,12/09/2018,16/09/2018,,,BL139_18,1.0,m
Larkin,107,2018,13,m,autumn,28.44701524133268,1001.3195447470519,-117.28145121047051,-145.72846645180317,14/09/2018 04:20,36.0,-2.37,14.620301624129931,-16.525939675174016,12/09/2018,16/09/2018,,,BL139_18,1.0,m
Laurita,108,2019,3,f,autumn,26.6224012032049,1039.1612816367597,-141.56645329325053,-168.18885449645543,24/08/2019 02:43,53.55,8.34,5.914119170984455,-0.48093264248704665,24/08/2019,07/09/2019,18/03/2020,25/04/2020,BT694_19,1.0,f
Laurita,108,2019,3,f,autumn,37.41384843765195,1152.2659155301255,-142.81689199485456,179.76925956749352,25/08/2019 03:33,45.9,-0.63,5.914119170984455,-0.48093264248704665,24/08/2019,07/09/2019,18/03/2020,25/04/2020,BT694_19,1.0,f
Laurita,108,2019,3,f,autumn,51.007655963547904,784.6784853586363,-144.5814620586542,164.4108819777979,26/08/2019 04:23,37.35,-8.79,5.914119170984455,-0.48093264248704665,24/08/2019,07/09/2019,18/03/2020,25/04/2020,BT694_19,1.0,f
Laurita,108,2019,3,f,autumn,49.933716263739484,799.8456825626064,-159.0942740819123,150.9720096543482,27/08/2019 04:53,31.05,-13.74,5.914119170984455,-0.48093264248704665,24/08/2019,07/09/2019,18/03/2020,25/04/2020,BT694_19,1.0,f
Laurita,108,2019,3,f,autumn,50.57513903311349,252.59065134210266,-172.02378801380118,137.4010729530853,27/08/2019 18:52,24.3,-16.55,5.914119170984455,-0.48093264248704665,24/08/2019,07/09/2019,18/03/2020,25/04/2020,BT694_19,1.0,f
Laurita,108,2019,3,f,autumn,46.9259691084776,100.07543398010336,180.0,133.0740308915224,01/09/2019 05:24,22.05,-16.89,5.914119170984455,-0.48093264248704665,24/08/2019,07/09/2019,18/03/2020,25/04/2020,BT694_19,1.0,f
Laurita,108,2019,3,f,autumn,34.27932973801035,1133.902488589626,165.73090213508277,131.45157239707243,03/09/2019 05:29,21.15,-16.89,5.914119170984455,-0.48093264248704665,24/08/2019,07/09/2019,18/03/2020,25/04/2020,BT694_19,1.0,f
Laurita,108,2019,3,f,autumn,33.931433114562,878.3112379793318,142.53440499940422,108.60297188484222,04/09/2019 05:24,10.8,-14.27,5.914119170984455,-0.48093264248704665,24/08/2019,07/09/2019,18/03/2020,25/04/2020,BT694_19,1.0,f
Laurita,108,2019,3,f,autumn,59.74828535836281,478.1280560669407,137.02583678886128,77.27755143049848,05/09/2019 05:04,4.05,-9.01,5.914119170984455,-0.48093264248704665,24/08/2019,07/09/2019,18/03/2020,25/04/2020,BT694_19,1.0,f
Laurita,108,2019,3,f,autumn,23.083453936858774,1883.8508195063316,21.30527356087766,44.388727497736426,06/09/2019 17:52,0.45,-5.86,5.914119170984455,-0.48093264248704665,24/08/2019,07/09/2019,18/03/2020,25/04/2020,BT694_19,1.0,f
Laurita,108,2019,3,f,spring,168.76270263761577,790.853867749131,-161.35347405247265,7.409228585143121,18/03/2020 04:48,16.2,0.47,53.5111,8.1056,24/08/2019,07/09/2019,18/03/2020,25/04/2020,BT694_19,1.0,f
Laurita,108,2019,3,f,spring,65.03497543784039,1022.1726115653722,-56.65936791338027,8.375607524460111,20/03/2020 17:42,9.45,-1.83,53.5111,8.1056,24/08/2019,07/09/2019,18/03/2020,25/04/2020,BT694_19,1.0,f
Laurita,108,2019,3,f,spring,61.98896180678102,803.9971268194265,-46.03817052988558,15.95079127689544,21/03/2020 18:17,14.4,-9.75,53.5111,8.1056,24/08/2019,07/09/2019,18/03/2020,25/04/2020,BT694_19,1.0,f
Laurita,108,2019,3,f,spring,38.495868846263534,1150.6057603616546,-16.2876909054249,22.20817794083863,28/03/2020 18:47,19.35,-15.26,53.5111,8.1056,24/08/2019,07/09/2019,18/03/2020,25/04/2020,BT694_19,1.0,f
Laurita,108,2019,3,f,spring,1.017597090785074,961.5420093267887,32.15983869151078,31.142241600725697,03/04/2020 05:28,29.25,-18.57,53.5111,8.1056,24/08/2019,07/09/2019,18/03/2020,25/04/2020,BT694_19,1.0,f
Laurita,108,2019,3,f,spring,21.194242240473727,1236.6079498071595,12.694265911861287,33.888508152335,07/04/2020 05:03,36.45,-12.86,53.5111,8.1056,24/08/2019,07/09/2019,18/03/2020,25/04/2020,BT694_19,1.0,f
Laurita,108,2019,3,f,spring,20.85119753052288,754.3994266767077,74.86985023594139,54.01865270541852,23/04/2020 19:16,47.25,-9.28,53.5111,8.1056,24/08/2019,07/09/2019,18/03/2020,25/04/2020,BT694_19,1.0,f
Laurita,108,2019,3,f,spring,48.68587021271543,100.0056320944008,89.4899139989005,40.80404378618507,24/04/2020 02:59,48.6,0.65,53.5111,8.1056,24/08/2019,07/09/2019,18/03/2020,25/04/2020,BT694_19,1.0,f
Lineka,109,2019,5,f,autumn,1.3235223208868376,714.086152353664,-145.63625886055596,-144.31273653966912,01/09/2019 03:48,44.1,0.63,19.05438596491228,-16.758070175438597,29/08/2019,04/09/2019,11/03/2020,07/04/2020,BS726_19,1.0,f
Lineka,109,2019,5,f,autumn,22.923660173234452,1001.3770346260235,-124.11357850119411,-147.03723867442855,01/09/2019 18:40,38.7,-4.01,19.05438596491228,-16.758070175438597,29/08/2019,04/09/2019,11/03/2020,07/04/2020,BS726_19,1.0,f
Lineka,109,2019,5,f,autumn,11.250551351148772,276.8637898340866,-154.30125364270503,-165.5518049938538,02/09/2019 04:37,33.3,-12.93,19.05438596491228,-16.758070175438597,29/08/2019,04/09/2019,11/03/2020,07/04/2020,BS726_19,1.0,f
Lineka,109,2019,5,f,autumn,15.795797592109665,336.7732039827438,-152.66015246203153,-168.4559500541412,03/09/2019 05:11,31.05,-14.19,19.05438596491228,-16.758070175438597,29/08/2019,04/09/2019,11/03/2020,07/04/2020,BS726_19,1.0,f
Lineka,109,2019,5,f,autumn,3.4731759347092463,1367.1369510777133,-170.76239504047223,-174.23557097518147,03/09/2019 19:00,28.35,-15.77,19.05438596491228,-16.758070175438597,29/08/2019,04/09/2019,11/03/2020,07/04/2020,BS726_19,1.0,f
Lineka,109,2019,5,f,spring,22.65013949443599,900.6789058209258,0.0,22.650139494435987,11/03/2020 05:57,16.2,-17.81,53.5111,8.1056,29/08/2019,04/09/2019,11/03/2020,07/04/2020,BS726_19,1.0,f
Lineka,109,2019,5,f,spring,29.22434990719256,100.15691373378927,-2.302963416217826,26.921386490974747,17/03/2020 05:51,24.3,-17.86,53.5111,8.1056,29/08/2019,04/09/2019,11/03/2020,07/04/2020,BS726_19,1.0,f
Lineka,109,2019,5,f,spring,152.45417040524364,100.07543398010264,180.0,27.545829594756384,18/03/2020 18:59,25.2,-17.9,53.5111,8.1056,29/08/2019,04/09/2019,11/03/2020,07/04/2020,BS726_19,1.0,f
Lineka,109,2019,5,f,spring,26.951150698436322,100.07543398010264,0.0,26.951150698436315,19/03/2020 05:47,24.3,-17.9,53.5111,8.1056,29/08/2019,04/09/2019,11/03/2020,07/04/2020,BS726_19,1.0,f
Lineka,109,2019,5,f,spring,150.13446008244932,100.15691373378927,177.6802896772057,27.545829594756384,19/03/2020 19:00,25.2,-17.9,53.5111,8.1056,29/08/2019,04/09/2019,11/03/2020,07/04/2020,BS726_19,1.0,f
Lineka,109,2019,5,f,spring,28.45151597423137,150.1672834307309,-1.5301294832566172,26.921386490974747,20/03/2020 05:51,24.3,-17.86,53.5111,8.1056,29/08/2019,04/09/2019,11/03/2020,07/04/2020,BS726_19,1.0,f
Lineka,109,2019,5,f,spring,25.613845988732237,300.46153715264177,2.2407080155792123,27.854554004311442,27/03/2020 05:36,25.65,-17.9,53.5111,8.1056,29/08/2019,04/09/2019,11/03/2020,07/04/2020,BS726_19,1.0,f
Lineka,109,2019,5,f,spring,26.180215349285845,458.5144190391348,55.97041990438674,29.790204555100903,27/03/2020 18:55,28.35,-17.78,53.5111,8.1056,29/08/2019,04/09/2019,11/03/2020,07/04/2020,BS726_19,1.0,f
Lineka,109,2019,5,f,spring,27.827896006238063,300.239639120607,0.5322724796519761,28.360168485890046,28/03/2020 05:21,30.6,-13.81,53.5111,8.1056,29/08/2019,04/09/2019,11/03/2020,07/04/2020,BS726_19,1.0,f
Lineka,109,2019,5,f,spring,18.391104031471144,1285.3210056214712,12.28521975081419,30.676323782285333,30/03/2020 18:30,33.3,-13.45,53.5111,8.1056,29/08/2019,04/09/2019,11/03/2020,07/04/2020,BS726_19,1.0,f
Lineka,109,2019,5,f,spring,7.412492525495367,1154.2819935953853,38.77706184748195,46.18955437297731,04/04/2020 18:39,44.55,-9.88,53.5111,8.1056,29/08/2019,04/09/2019,11/03/2020,07/04/2020,BS726_19,1.0,f
Lineka,109,2019,5,f,spring,18.450347839344715,150.61043259781056,89.12683804584016,70.67649020649544,06/04/2020 03:31,52.2,0.73,53.5111,8.1056,29/08/2019,04/09/2019,11/03/2020,07/04/2020,BS726_19,1.0,f
Lineka,110,2020,6,f,autumn,120.95211667707355,108.21419359863377,-22.110261493793807,-143.06237817086736,31/08/2020 03:05,53.55,6.82,19.05438596491228,-16.758070175438597,27/08/2020,06/09/2020,02/04/2021,14/04/2021,BX237_20,1.0,f
Lineka,110,2020,6,f,autumn,7.898655328080764,1145.9957959441901,-137.6799099613972,-145.57856528947795,01/09/2020 18:20,54.45,5.48,19.05438596491228,-16.758070175438597,27/08/2020,06/09/2020,02/04/2021,14/04/2021,BX237_20,1.0,f
Lineka,110,2020,6,f,autumn,0.2149077972050577,1079.365890120802,-156.25190700461727,-156.0369992074122,03/09/2020 04:11,46.35,-4.72,19.05438596491228,-16.758070175438597,27/08/2020,06/09/2020,02/04/2021,14/04/2021,BX237_20,1.0,f
Lineka,110,2020,6,f,autumn,1.9737892455460155,421.79693678677125,-161.19097679027334,-159.21718754472732,03/09/2020 18:40,37.35,-9.62,19.05438596491228,-16.758070175438597,27/08/2020,06/09/2020,02/04/2021,14/04/2021,BX237_20,1.0,f
Lineka,110,2020,6,f,autumn,2.109709150093636,210.55973400095502,-161.7168415345175,-159.60713238442386,04/09/2020 04:26,33.75,-11.09,19.05438596491228,-16.758070175438597,27/08/2020,06/09/2020,02/04/2021,14/04/2021,BX237_20,1.0,f
Lineka,110,2020,6,f,autumn,4.8008934129923375,830.515336373056,-164.00831649716335,-159.207423084171,05/09/2020 18:34,31.95,-11.66,19.05438596491228,-16.758070175438597,27/08/2020,06/09/2020,02/04/2021,14/04/2021,BX237_20,1.0,f
Lineka,110,2020,6,f,spring,6.751869043484504,788.6011816357459,17.314843172336744,24.066712215821255,02/04/2021 05:17,24.75,-13.92,53.5111,8.1056,27/08/2020,06/09/2020,02/04/2021,14/04/2021,BX237_20,1.0,f
Lineka,110,2020,6,f,spring,18.69329348961554,151.78629519879456,8.451001132558265,27.144294622173796,03/04/2021 05:06,31.95,-11.3,53.5111,8.1056,27/08/2020,06/09/2020,02/04/2021,14/04/2021,BX237_20,1.0,f
Lineka,110,2020,6,f,spring,18.71328157075135,101.44965817060803,9.391641544241244,28.1049231149926,04/04/2021 05:00,33.3,-10.94,53.5111,8.1056,27/08/2020,06/09/2020,02/04/2021,14/04/2021,BX237_20,1.0,f
Lineka,110,2020,6,f,spring,25.956899492771356,150.38701381787516,3.429686407670216,29.386585900441567,05/04/2021 04:56,34.65,-10.76,53.5111,8.1056,27/08/2020,06/09/2020,02/04/2021,14/04/2021,BX237_20,1.0,f
Lineka,110,2020,6,f,spring,25.79202163816612,502.50981330545613,5.12161781026675,30.91363944843287,05/04/2021 18:48,36.0,-10.66,53.5111,8.1056,27/08/2020,06/09/2020,02/04/2021,14/04/2021,BX237_20,1.0,f
Lineka,110,2020,6,f,spring,29.72744662766064,151.4509556600565,7.542862088611502,37.27030871627213,06/04/2021 04:51,40.5,-10.13,53.5111,8.1056,27/08/2020,06/09/2020,02/04/2021,14/04/2021,BX237_20,1.0,f
Lineka,110,2020,6,f,spring,39.45591276091292,100.08875647029468,0.9281068835315173,40.38401964444445,07/04/2021 04:37,42.3,-9.68,53.5111,8.1056,27/08/2020,06/09/2020,02/04/2021,14/04/2021,BX237_20,1.0,f
Lineka,110,2020,6,f,spring,31.868316021479387,870.0514165727792,11.27528026221978,43.14359628369916,11/04/2021 04:30,43.65,-9.33,53.5111,8.1056,27/08/2020,06/09/2020,02/04/2021,14/04/2021,BX237_20,1.0,f
London,111,2018,8,m,autumn,29.827266828361417,757.0250749544266,-171.947588602953,-142.1203217745916,01/10/2018 03:51,53.55,8.34,16.94561403508772,-16.839385964912278,01/10/2018,11/10/2018,14/04/2019,30/04/2019,BD665_18,1.0,m
London,111,2018,8,m,autumn,32.35544065117594,404.96632389817734,-171.01219159551047,-138.65675094433453,02/10/2018 04:00,46.8,6.95,16.94561403508772,-16.839385964912278,01/10/2018,11/10/2018,14/04/2019,30/04/2019,BD665_18,1.0,m
London,111,2018,8,m,autumn,10.755326717872663,1258.9076435517732,-125.66615182949049,-136.42147854736314,04/10/2018 16:59,43.2,6.04,16.94561403508772,-16.839385964912278,01/10/2018,11/10/2018,14/04/2019,30/04/2019,BD665_18,1.0,m
London,111,2018,8,m,autumn,2.6344511074346144,999.3164131140175,-146.74340793167386,-149.37785903910847,07/10/2018 17:39,36.45,-5.33,16.94561403508772,-16.839385964912278,01/10/2018,11/10/2018,14/04/2019,30/04/2019,BD665_18,1.0,m
London,111,2018,8,m,autumn,39.588735612976336,154.27537715991488,166.5774562865473,-153.83380810047638,10/10/2018 05:11,27.9,-11.3,16.94561403508772,-16.839385964912278,01/10/2018,11/10/2018,14/04/2019,30/04/2019,BD665_18,1.0,m
London,111,2018,8,m,autumn,37.83399127771361,650.4688233406685,-111.31208755031757,-149.14607882803116,10/10/2018 17:54,26.55,-10.94,16.94561403508772,-16.839385964912278,01/10/2018,11/10/2018,14/04/2019,30/04/2019,BD665_18,1.0,m
London,111,2018,8,m,spring,29.70538703151118,546.7846956847363,55.73044537812819,26.025058346616994,18/04/2019 19:13,24.3,-16.68,53.5111,8.1056,01/10/2018,11/10/2018,14/04/2019,30/04/2019,BD665_18,1.0,m
London,111,2018,8,m,spring,17.96395151980073,201.21178132623174,5.837844758545491,23.801796278346217,24/04/2019 04:45,27.0,-11.97,53.5111,8.1056,01/10/2018,11/10/2018,14/04/2019,30/04/2019,BD665_18,1.0,m
London,111,2018,8,m,spring,14.615657376486041,967.8504935776907,10.296716815672596,24.912374192158627,24/04/2019 18:59,28.8,-11.76,53.5111,8.1056,01/10/2018,11/10/2018,14/04/2019,30/04/2019,BD665_18,1.0,m
London,111,2018,8,m,spring,0.3711937630854152,117.46258313145721,31.359483638046417,31.73067740113184,25/04/2019 04:26,37.35,-9.81,53.5111,8.1056,01/10/2018,11/10/2018,14/04/2019,30/04/2019,BD665_18,1.0,m
London,111,2018,8,m,spring,19.324059032262824,154.04909736224374,12.85515055999293,32.179209592255745,28/04/2019 03:56,38.25,-9.11,53.5111,8.1056,01/10/2018,11/10/2018,14/04/2019,30/04/2019,BD665_18,1.0,m
London,111,2018,8,m,spring,18.731727724655542,1095.2386235755664,15.10491148071804,33.83663920537359,28/04/2019 19:23,39.6,-8.71,53.5111,8.1056,01/10/2018,11/10/2018,14/04/2019,30/04/2019,BD665_18,1.0,m
London,112,2019,9,m,autumn,12.780706316111576,1245.4480270970334,-154.90102809070316,-142.1203217745916,01/10/2019 04:07,53.55,8.34,16.94561403508772,-16.839385964912278,01/10/2019,06/10/2019,06/04/2020,19/04/2020,BS729_19,1.0,m
London,112,2019,9,m,autumn,13.706620648953361,1317.757361432928,-129.36476150084198,-143.07138214979534,02/10/2019 17:25,43.2,1.85,16.94561403508772,-16.839385964912278,01/10/2019,06/10/2019,06/04/2020,19/04/2020,BS729_19,1.0,m
London,112,2019,9,m,autumn,5.0185849203581085,938.6744636406027,-162.88007041360225,-157.86148549324415,05/10/2019 05:09,35.1,-9.34,16.94561403508772,-16.839385964912278,01/10/2019,06/10/2019,06/04/2020,19/04/2020,BS729_19,1.0,m
London,112,2019,9,m,autumn,66.71425128096769,507.2312660847528,-88.8371699909355,-155.5514212719032,05/10/2019 17:52,27.0,-12.12,16.94561403508772,-16.839385964912278,01/10/2019,06/10/2019,06/04/2020,19/04/2020,BS729_19,1.0,m
London,112,2019,9,m,spring,13.151759683460966,911.6079328635694,42.77028451901453,29.618524835553565,12/04/2020 19:05,28.8,-17.09,53.5111,8.1056,01/10/2019,06/10/2019,06/04/2020,19/04/2020,BS729_19,1.0,m
London,112,2019,9,m,spring,33.012888626204784,953.474322038486,-4.110230121836303,28.90265850436847,13/04/2020 18:46,34.65,-10.33,53.5111,8.1056,01/10/2019,06/10/2019,06/04/2020,19/04/2020,BS729_19,1.0,m
London,112,2019,9,m,spring,50.96448170276449,252.00715875221135,-6.7568243954989535,44.20765730726553,14/04/2020 04:42,43.2,-11.17,53.5111,8.1056,01/10/2019,06/10/2019,06/04/2020,19/04/2020,BS729_19,1.0,m
London,112,2019,9,m,spring,1.3176542991172369,484.43822339378875,49.8882469414307,51.20590124054795,17/04/2020 04:08,45.9,-10.91,53.5111,8.1056,01/10/2019,06/10/2019,06/04/2020,19/04/2020,BS729_19,1.0,m
London,112,2019,9,m,spring,3.243280944398691,197.71486916801624,58.71383579478858,55.470554850389874,17/04/2020 19:01,48.6,-5.87,53.5111,8.1056,01/10/2019,06/10/2019,06/04/2020,19/04/2020,BS729_19,1.0,m
London,113,2020,10,m,autumn,37.88653540896448,100.2124326484246,-176.97764426911456,-139.0911088601501,20/09/2020 03:19,48.15,7.49,16.94561403508772,-16.839385964912278,17/09/2020,01/10/2020,03/04/2021,22/04/2021,BX258_20,1.0,m
London,113,2020,10,m,autumn,6.595387329499488,1124.9849074411175,-144.98801668827363,-138.39262935877414,20/09/2020 17:22,47.25,7.42,16.94561403508772,-16.839385964912278,17/09/2020,01/10/2020,03/04/2021,22/04/2021,BX258_20,1.0,m
London,113,2020,10,m,autumn,33.973599635763264,465.38459306714884,-107.25274569673356,-141.22634533249683,21/09/2020 03:59,38.7,0.0,16.94561403508772,-16.839385964912278,17/09/2020,01/10/2020,03/04/2021,22/04/2021,BX258_20,1.0,m
London,113,2020,10,m,autumn,2.83663886679048,392.3381118292159,-152.63609445829766,-149.79945559150718,21/09/2020 17:42,37.35,-5.03,16.94561403508772,-16.839385964912278,17/09/2020,01/10/2020,03/04/2021,22/04/2021,BX258_20,1.0,m
London,113,2020,10,m,autumn,10.856868680836158,196.0234082511285,-139.5982054160155,-150.45507409685166,22/09/2020 04:39,34.2,-6.99,16.94561403508772,-16.839385964912278,17/09/2020,01/10/2020,03/04/2021,22/04/2021,BX258_20,1.0,m
London,113,2020,10,m,autumn,17.711791232566014,558.5381321683778,-169.95642412937192,-152.2446328968059,22/09/2020 17:53,32.85,-8.35,16.94561403508772,-16.839385964912278,17/09/2020,01/10/2020,03/04/2021,22/04/2021,BX258_20,1.0,m
London,113,2020,10,m,autumn,25.798765865071175,101.03206309423572,-172.0771554393642,-146.27838957429302,26/09/2020 05:04,27.45,-9.67,16.94561403508772,-16.839385964912278,17/09/2020,01/10/2020,03/04/2021,22/04/2021,BX258_20,1.0,m
London,113,2020,10,m,autumn,35.58080204324244,150.1131509701545,180.0,-144.41919795675759,27/09/2020 18:06,26.55,-9.81,16.94561403508772,-16.839385964912278,17/09/2020,01/10/2020,03/04/2021,22/04/2021,BX258_20,1.0,m
London,113,2020,10,m,autumn,0.4827618626457024,1263.0652686319638,-140.97548255295806,-140.49272069031235,30/09/2020 17:57,25.2,-9.88,16.94561403508772,-16.839385964912278,17/09/2020,01/10/2020,03/04/2021,22/04/2021,BX258_20,1.0,m
London,113,2020,10,m,spring,20.853481694297074,850.9234751406234,1.442473630415581,22.29595532471266,03/04/2021 05:38,16.2,-17.3,53.5111,8.1056,17/09/2020,01/10/2020,03/04/2021,22/04/2021,BX258_20,1.0,m
London,113,2020,10,m,spring,19.17746198370432,151.21346779577195,6.879220248197242,26.056682231901565,03/04/2021 18:56,23.85,-17.09,53.5111,8.1056,17/09/2020,01/10/2020,03/04/2021,22/04/2021,BX258_20,1.0,m
London,113,2020,10,m,spring,2.5581904075096986,164.80889292736575,24.232705035506168,26.790895443015856,04/04/2021 05:33,25.2,-16.91,53.5111,8.1056,17/09/2020,01/10/2020,03/04/2021,22/04/2021,BX258_20,1.0,m
London,113,2020,10,m,spring,1.545460093321509,745.2392872512214,28.32190053718392,26.776440443862423,06/04/2021 18:56,26.55,-15.72,53.5111,8.1056,17/09/2020,01/10/2020,03/04/2021,22/04/2021,BX258_20,1.0,m
London,113,2020,10,m,spring,44.38692677034359,104.09856742501394,-15.895529335714699,28.491397434628894,10/04/2021 19:02,33.3,-11.3,53.5111,8.1056,17/09/2020,01/10/2020,03/04/2021,22/04/2021,BX258_20,1.0,m
London,113,2020,10,m,spring,31.79086282355155,751.0611968283555,-1.991107446738137,29.79975537681342,11/04/2021 04:48,34.2,-11.61,53.5111,8.1056,17/09/2020,01/10/2020,03/04/2021,22/04/2021,BX258_20,1.0,m
London,113,2020,10,m,spring,47.734498397137,100.9612750604608,-7.542930407883738,40.191567989253265,11/04/2021 18:52,40.95,-11.92,53.5111,8.1056,17/09/2020,01/10/2020,03/04/2021,22/04/2021,BX258_20,1.0,m
London,113,2020,10,m,spring,14.992596080684876,758.463049891726,29.222002552223092,44.21459863290796,18/04/2021 04:13,42.75,-12.16,53.5111,8.1056,17/09/2020,01/10/2020,03/04/2021,22/04/2021,BX258_20,1.0,m
London,113,2020,10,m,spring,48.435202318379254,101.23876268889771,8.615483293191541,57.050685611570806,18/04/2021 18:57,48.6,-7.13,53.5111,8.1056,17/09/2020,01/10/2020,03/04/2021,22/04/2021,BX258_20,1.0,m
Luca,114,2019,9,m,autumn,26.6562102133349,739.6840081315601,-119.10554370222488,-145.76175391555978,21/09/2019 17:17,53.55,8.34,11.348204419889504,-16.276132596685084,21/09/2019,21/10/2019,03/04/2020,19/04/2020,BS737_19,1.0,m
Luca,114,2019,9,m,autumn,156.19430245748475,100.075433980103,0.0,-156.19430245748475,22/09/2019 17:17,49.95,-0.71,11.348204419889504,-16.276132596685084,21/09/2019,21/10/2019,03/04/2020,19/04/2020,BS737_19,1.0,m
Luca,114,2019,9,m,autumn,7.369401362587922,1240.2945541099782,-163.97684483769933,-156.6074434751114,28/09/2019 17:17,50.85,-0.71,11.348204419889504,-16.276132596685084,21/09/2019,21/10/2019,03/04/2020,19/04/2020,BS737_19,1.0,m
Luca,114,2019,9,m,autumn,9.32572558203978,871.7489746389392,-147.86540435207087,-157.19112993411065,01/10/2019 04:53,40.05,-4.71,11.348204419889504,-16.276132596685084,21/09/2019,21/10/2019,03/04/2020,19/04/2020,BS737_19,1.0,m
Luca,114,2019,9,m,autumn,3.2748954659442973,1323.4315496094985,-159.83126743724608,-163.10616290319038,02/10/2019 18:02,33.3,-9.69,11.348204419889504,-16.276132596685084,21/09/2019,21/10/2019,03/04/2020,19/04/2020,BS737_19,1.0,m
Luca,114,2019,9,m,autumn,1.0805033523340057,1228.1646282121073,-167.51622122217125,-168.59672457450526,03/10/2019 18:07,22.05,-14.09,11.348204419889504,-16.276132596685084,21/09/2019,21/10/2019,03/04/2020,19/04/2020,BS737_19,1.0,m
Luca,114,2019,9,m,autumn,110.69700013391645,150.2563417909432,177.49279833761577,66.79579820369932,20/10/2019 18:17,11.25,-16.51,11.348204419889504,-16.276132596685084,21/09/2019,21/10/2019,03/04/2020,19/04/2020,BS737_19,1.0,m
Luca,114,2019,9,m,spring,23.90616895894354,1455.7180038155539,-4.435441252298331,19.470727706645217,03/04/2020 05:48,9.9,-16.45,53.5111,8.1056,21/09/2019,21/10/2019,03/04/2020,19/04/2020,BS737_19,1.0,m
Luca,114,2019,9,m,spring,3.7588006889997416,815.6693960365302,22.35937515000661,26.118175839006348,13/04/2020 19:06,23.4,-17.54,53.5111,8.1056,21/09/2019,21/10/2019,03/04/2020,19/04/2020,BS737_19,1.0,m
Luca,114,2019,9,m,spring,10.188271520129547,1113.500715771846,18.237372517057157,28.42564403718671,14/04/2020 04:58,30.15,-14.32,53.5111,8.1056,21/09/2019,21/10/2019,03/04/2020,19/04/2020,BS737_19,1.0,m
Luca,114,2019,9,m,spring,25.686195947580586,254.2915542530817,10.133025589993698,35.81922153757427,14/04/2020 18:47,39.6,-10.27,53.5111,8.1056,21/09/2019,21/10/2019,03/04/2020,19/04/2020,BS737_19,1.0,m
Luca,114,2019,9,m,spring,30.42544037870661,304.2679645484785,9.14434674420339,39.56978712290999,16/04/2020 18:56,41.85,-9.81,53.5111,8.1056,21/09/2019,21/10/2019,03/04/2020,19/04/2020,BS737_19,1.0,m
Luca,114,2019,9,m,spring,5.793024832138201,859.71462512332,51.15904261564952,45.366017783511325,17/04/2020 03:53,44.55,-9.2,53.5111,8.1056,21/09/2019,21/10/2019,03/04/2020,19/04/2020,BS737_19,1.0,m
Luca,115,2020,10,m,autumn,20.63289240718771,1177.5935706351809,-166.3946463227475,-145.76175391555978,10/09/2020 03:20,53.55,8.34,11.348204419889504,-16.276132596685084,10/09/2020,17/09/2020,02/04/2021,22/04/2021,BX256_20,1.0,m
Luca,115,2020,10,m,autumn,4.126839972479928,1325.1176716495222,-147.78240627309935,-143.65556630061943,11/09/2020 03:46,43.2,4.94,11.348204419889504,-16.276132596685084,10/09/2020,17/09/2020,02/04/2021,22/04/2021,BX256_20,1.0,m
Luca,115,2020,10,m,autumn,57.17623633732251,208.30966545900446,-89.39512379725426,-146.57136013457676,11/09/2020 17:55,32.85,-2.59,11.348204419889504,-16.276132596685084,10/09/2020,17/09/2020,02/04/2021,22/04/2021,BX256_20,1.0,m
Luca,115,2020,10,m,autumn,7.920026648322278,1278.3098870871722,-143.39657048089134,-151.31659712921362,12/09/2020 04:22,32.85,-4.82,11.348204419889504,-16.276132596685084,10/09/2020,17/09/2020,02/04/2021,22/04/2021,BX256_20,1.0,m
Luca,115,2020,10,m,autumn,168.6301307174097,857.3000075652712,6.913152907146764,-161.71697781026296,12/09/2020 18:28,23.4,-12.26,11.348204419889504,-16.276132596685084,10/09/2020,17/09/2020,02/04/2021,22/04/2021,BX256_20,1.0,m
Luca,115,2020,10,m,autumn,18.394734482863782,1255.0251136629654,-145.19961446960266,-163.59434895246645,14/09/2020 18:18,31.05,-10.51,11.348204419889504,-16.276132596685084,10/09/2020,17/09/2020,02/04/2021,22/04/2021,BX256_20,1.0,m
Luca,115,2020,10,m,autumn,30.732520450987295,384.1381011808854,-155.4913594165838,173.77612013242893,16/09/2020 18:39,21.6,-17.41,11.348204419889504,-16.276132596685084,10/09/2020,17/09/2020,02/04/2021,22/04/2021,BX256_20,1.0,m
Luca,115,2020,10,m,spring,6.014210955396862,290.00710554877134,30.14966092135056,24.135449965953708,08/04/2021 19:09,18.45,-18.5,53.5111,8.1056,10/09/2020,17/09/2020,02/04/2021,22/04/2021,BX256_20,1.0,m
Luca,115,2020,10,m,spring,38.35145714122248,220.0687461424047,62.61321402002649,24.26175687880401,09/04/2021 05:21,20.7,-17.1,53.5111,8.1056,10/09/2020,17/09/2020,02/04/2021,22/04/2021,BX256_20,1.0,m
Luca,115,2020,10,m,spring,23.301358129645223,450.33945291046246,0.0,23.30135812964522,09/04/2021 18:59,21.6,-15.21,53.5111,8.1056,10/09/2020,17/09/2020,02/04/2021,22/04/2021,BX256_20,1.0,m
Luca,115,2020,10,m,spring,22.4505172877345,150.8205630015754,48.18283287107998,25.732315583345493,10/04/2021 05:17,25.65,-15.21,53.5111,8.1056,10/09/2020,17/09/2020,02/04/2021,22/04/2021,BX256_20,1.0,m
Luca,115,2020,10,m,spring,17.893708483897882,353.64904636499506,7.817052604716321,25.710761088614213,12/04/2021 18:50,27.0,-14.08,53.5111,8.1056,10/09/2020,17/09/2020,02/04/2021,22/04/2021,BX256_20,1.0,m
Luca,115,2020,10,m,spring,17.70033505257871,863.6127240319727,9.514515750471734,27.214850803050446,13/04/2021 18:45,30.15,-13.01,53.5111,8.1056,10/09/2020,17/09/2020,02/04/2021,22/04/2021,BX256_20,1.0,m
Luca,115,2020,10,m,spring,13.797692189573098,106.88748474963788,20.433613921645296,34.231306111218395,14/04/2021 18:55,37.8,-11.39,53.5111,8.1056,10/09/2020,17/09/2020,02/04/2021,22/04/2021,BX256_20,1.0,m
Luca,115,2020,10,m,spring,35.13500903543215,150.11315097015344,0.0,35.135009035432155,18/04/2021 04:12,38.7,-10.96,53.5111,8.1056,10/09/2020,17/09/2020,02/04/2021,22/04/2021,BX256_20,1.0,m
Luca,115,2020,10,m,spring,4.036275567511325,796.5110528954523,33.395447431136056,37.43172299864737,18/04/2021 18:59,40.05,-10.96,53.5111,8.1056,10/09/2020,17/09/2020,02/04/2021,22/04/2021,BX256_20,1.0,m
Luca,115,2020,10,m,spring,86.65313625986659,152.7818340599361,130.39045781865738,43.73732155879078,21/04/2021 03:32,45.9,-5.3,53.5111,8.1056,10/09/2020,17/09/2020,02/04/2021,22/04/2021,BX256_20,1.0,m
Lucius,116,2018,17,m,autumn,4.132248763052303,830.7765727068597,-144.9242116310987,-140.7919628680464,17/09/2018 17:30,53.55,8.34,19.142410714285717,-16.847678571428574,17/09/2018,26/09/2018,16/03/2019,20/04/2019,BL164_18,1.0,m
Lucius,116,2018,17,m,autumn,10.450764672780736,1082.3666890855493,-134.3975456708168,-144.84831034359755,23/09/2018 04:22,47.25,2.02,19.142410714285717,-16.847678571428574,17/09/2018,26/09/2018,16/03/2019,20/04/2019,BL164_18,1.0,m
Lucius,116,2018,17,m,autumn,5.013271548027177,852.9171056062521,-150.21483572527086,-155.22810727329804,23/09/2018 17:58,40.05,-7.06,19.142410714285717,-16.847678571428574,17/09/2018,26/09/2018,16/03/2019,20/04/2019,BL164_18,1.0,m
Lucius,116,2018,17,m,autumn,2.782037718226036,156.69856662249322,-163.19954805081068,-160.41751033258464,24/09/2018 05:01,33.3,-11.61,19.142410714285717,-16.847678571428574,17/09/2018,26/09/2018,16/03/2019,20/04/2019,BL164_18,1.0,m
Lucius,116,2018,17,m,autumn,0.46497279384206536,421.59190258544805,-161.36485714962618,-160.8998843557841,25/09/2018 18:13,31.5,-12.38,19.142410714285717,-16.847678571428574,17/09/2018,26/09/2018,16/03/2019,20/04/2019,BL164_18,1.0,m
Lucius,116,2018,17,m,spring,3.6192575501490296,1150.0642189034927,22.698057214760905,26.31731476490994,15/04/2019 18:55,28.35,-13.63,53.5111,8.1056,17/09/2018,26/09/2018,16/03/2019,20/04/2019,BL164_18,1.0,m
Lucius,116,2018,17,m,spring,27.36322698842099,1253.7257994490624,3.488156947941185,30.851383936362176,17/04/2019 04:32,37.8,-8.6,53.5111,8.1056,17/09/2018,26/09/2018,16/03/2019,20/04/2019,BL164_18,1.0,m
Lulu,117,2017,18,f,autumn,16.99761322816815,956.7815716222925,-158.46466612372888,-141.46705289556073,25/08/2017 18:23,53.55,8.34,16.831914893617018,-17.380372340425534,25/08/2017,29/08/2017,05/04/2018,13/04/2018,Z436_17,1.0,f
Lulu,117,2017,18,f,autumn,26.88815723907942,1143.136913927597,-114.41455123243007,-141.30270847150948,26/08/2017 03:05,45.45,3.85,16.831914893617018,-17.380372340425534,25/08/2017,29/08/2017,05/04/2018,13/04/2018,Z436_17,1.0,f
Lulu,117,2017,18,f,autumn,2.249953838412523,430.6229162179865,-157.7835323188689,-160.03348615728143,27/08/2017 04:15,40.5,-8.77,16.831914893617018,-17.380372340425534,25/08/2017,29/08/2017,05/04/2018,13/04/2018,Z436_17,1.0,f
Lulu,117,2017,18,f,autumn,7.148024348577422,611.5122985450656,-168.71813689511666,-161.57011254653924,27/08/2017 18:58,36.9,-10.6,16.831914893617018,-17.380372340425534,25/08/2017,29/08/2017,05/04/2018,13/04/2018,Z436_17,1.0,f
Lulu,117,2017,18,f,autumn,25.993807235000986,427.0995224247369,-133.85342592390484,-159.84723315890582,28/08/2017 04:39,31.5,-11.86,16.831914893617018,-17.380372340425534,25/08/2017,29/08/2017,05/04/2018,13/04/2018,Z436_17,1.0,f
Lulu,117,2017,18,f,autumn,52.12431771086631,461.5089455588372,138.65898654926082,-169.21669573987288,28/08/2017 18:58,28.8,-15.02,16.831914893617018,-17.380372340425534,25/08/2017,29/08/2017,05/04/2018,13/04/2018,Z436_17,1.0,f
Lulu,117,2017,18,f,spring,22.920297587405884,100.07543398010336,0.0,22.920297587405873,05/04/2018 18:42,25.65,-11.98,53.5111,8.1056,25/08/2017,29/08/2017,05/04/2018,13/04/2018,Z436_17,1.0,f
Lulu,117,2017,18,f,spring,14.947516029384474,1317.5906101357673,8.558224823549716,23.505740852934196,08/04/2018 05:00,26.55,-11.98,53.5111,8.1056,25/08/2017,29/08/2017,05/04/2018,13/04/2018,Z436_17,1.0,f
Lulu,117,2017,18,f,spring,0.858427614723837,736.2548509481063,33.75528130073261,32.89685368600878,12/04/2018 04:40,38.25,-9.68,53.5111,8.1056,25/08/2017,29/08/2017,05/04/2018,13/04/2018,Z436_17,1.0,f
Lulu,118,2018,19,f,autumn,38.532947104439245,600.4526038806166,180.0,-141.46705289556073,19/09/2018 03:25,53.55,8.34,16.831914893617018,-17.380372340425534,19/09/2018,26/09/2018,08/04/2019,21/04/2019,BL126_18,1.0,f
Lulu,118,2018,19,f,autumn,22.87836794428233,897.281776795309,-160.1147234834102,-137.23635553912786,19/09/2018 17:19,48.15,8.34,16.831914893617018,-17.380372340425534,19/09/2018,26/09/2018,08/04/2019,21/04/2019,BL126_18,1.0,f
Lulu,118,2018,19,f,autumn,19.13825426425251,882.76058307996,-153.75912002756627,-134.62086576331376,22/09/2018 03:51,40.5,4.74,16.831914893617018,-17.380372340425534,19/09/2018,26/09/2018,08/04/2019,21/04/2019,BL126_18,1.0,f
Lulu,118,2018,19,f,autumn,14.17156362672739,1295.9836816885079,-117.02763227481763,-131.199195901545,23/09/2018 17:44,33.3,0.55,16.831914893617018,-17.380372340425534,19/09/2018,26/09/2018,08/04/2019,21/04/2019,BL126_18,1.0,f
Lulu,118,2018,19,f,autumn,1.2006469423797057,1305.3911517507272,-150.59166911972736,-149.39102217734765,25/09/2018 18:18,27.45,-10.94,16.831914893617018,-17.380372340425534,19/09/2018,26/09/2018,08/04/2019,21/04/2019,BL126_18,1.0,f
Lulu,118,2018,19,f,spring,7.269577821937048,1301.1331735393078,15.339137457061405,22.608715278998464,08/04/2019 19:08,17.55,-16.92,53.5111,8.1056,19/09/2018,26/09/2018,08/04/2019,21/04/2019,BL126_18,1.0,f
Lulu,118,2018,19,f,spring,163.00852487627776,101.44869079334752,-170.52132335356964,26.470151770152615,11/04/2019 05:00,28.8,-13.41,53.5111,8.1056,19/09/2018,26/09/2018,08/04/2019,21/04/2019,BL126_18,1.0,f
Lulu,118,2018,19,f,spring,178.74549753551037,671.0614472204041,-152.81677037158656,25.92872716392382,11/04/2019 18:48,27.9,-13.58,53.5111,8.1056,19/09/2018,26/09/2018,08/04/2019,21/04/2019,BL126_18,1.0,f
Lulu,118,2018,19,f,spring,2.789064748050464,1382.9707883168358,28.1641293923616,25.375064644311124,16/04/2019 19:09,23.4,-16.56,53.5111,8.1056,19/09/2018,26/09/2018,08/04/2019,21/04/2019,BL126_18,1.0,f
Lulu,118,2018,19,f,spring,19.843908181426116,808.8275319242302,7.789103709941135,27.633011891367257,19/04/2019 04:20,34.65,-9.24,53.5111,8.1056,19/09/2018,26/09/2018,08/04/2019,21/04/2019,BL126_18,1.0,f
Lulu,118,2018,19,f,spring,0.9760890643182165,452.02443889530076,38.01623154458626,37.04014248026803,19/04/2019 18:58,41.85,-7.92,53.5111,8.1056,19/09/2018,26/09/2018,08/04/2019,21/04/2019,BL126_18,1.0,f
Maigold,119,2019,5,f,autumn,33.324460411557595,337.85047047275555,-136.42506739518208,-169.74952780673968,18/08/2019 02:42,53.55,8.34,6.2328729281767945,0.7290331491712708,18/08/2019,05/09/2019,07/03/2020,22/04/2020,BS725_19,1.0,f
Maigold,119,2019,5,f,autumn,39.39528891130098,1309.9048763647886,-135.527945566889,-174.92323447818998,24/08/2019 02:56,50.85,4.32,6.2328729281767945,0.7290331491712708,18/08/2019,05/09/2019,07/03/2020,22/04/2020,BS725_19,1.0,f
Maigold,119,2019,5,f,autumn,39.49241687645895,1098.9021942958386,-153.95861823692462,166.54896488661646,26/08/2019 04:21,41.4,-7.15,6.2328729281767945,0.7290331491712708,18/08/2019,05/09/2019,07/03/2020,22/04/2020,BS725_19,1.0,f
Maigold,119,2019,5,f,autumn,29.438271667501226,150.18761430696168,-178.18241741997102,152.37931091252773,26/08/2019 18:50,32.4,-12.27,6.2328729281767945,0.7290331491712708,18/08/2019,05/09/2019,07/03/2020,22/04/2020,BS725_19,1.0,f
Maigold,119,2019,5,f,autumn,50.94458606573693,1072.6958524926831,-157.96183534603793,151.09357858822514,27/08/2019 04:47,31.05,-12.32,6.2328729281767945,0.7290331491712708,18/08/2019,05/09/2019,07/03/2020,22/04/2020,BS725_19,1.0,f
Maigold,119,2019,5,f,autumn,66.89292850078789,158.12686070798316,-161.5923878915896,131.51468360762252,27/08/2019 18:50,22.05,-16.21,6.2328729281767945,0.7290331491712708,18/08/2019,05/09/2019,07/03/2020,22/04/2020,BS725_19,1.0,f
Maigold,119,2019,5,f,autumn,46.000478375110305,502.93037997243005,174.14472478520372,128.14424641009342,31/08/2019 18:49,20.7,-16.69,6.2328729281767945,0.7290331491712708,18/08/2019,05/09/2019,07/03/2020,22/04/2020,BS725_19,1.0,f
Maigold,119,2019,5,f,autumn,24.950568874071735,553.7707500764367,144.0269697847673,119.07640091069554,01/09/2019 05:50,16.2,-16.21,6.2328729281767945,0.7290331491712708,18/08/2019,05/09/2019,07/03/2020,22/04/2020,BS725_19,1.0,f
Maigold,119,2019,5,f,autumn,57.31299016112399,254.55169375257094,169.3338591095,112.02086894837599,01/09/2019 18:38,12.15,-13.22,6.2328729281767945,0.7290331491712708,18/08/2019,05/09/2019,07/03/2020,22/04/2020,BS725_19,1.0,f
Maigold,119,2019,5,f,autumn,20.03956983975229,265.0226332334671,124.3371560544662,104.2975862147139,02/09/2019 18:25,9.9,-12.79,6.2328729281767945,0.7290331491712708,18/08/2019,05/09/2019,07/03/2020,22/04/2020,BS725_19,1.0,f
Maigold,119,2019,5,f,autumn,70.93857061032264,303.45126249254935,171.6126670950808,100.67409648475817,03/09/2019 05:11,8.55,-10.8,6.2328729281767945,0.7290331491712708,18/08/2019,05/09/2019,07/03/2020,22/04/2020,BS725_19,1.0,f
Maigold,119,2019,5,f,autumn,5.929556567067124,705.6288921943636,81.50782270857289,87.43737927564001,03/09/2019 18:05,5.85,-10.4,6.2328729281767945,0.7290331491712708,18/08/2019,05/09/2019,07/03/2020,22/04/2020,BS725_19,1.0,f
Maigold,119,2019,5,f,autumn,1.4546784406346944,603.0570409568588,94.44656871043858,95.90124715107328,04/09/2019 17:43,6.75,-4.08,6.2328729281767945,0.7290331491712708,18/08/2019,05/09/2019,07/03/2020,22/04/2020,BS725_19,1.0,f
Maigold,119,2019,5,f,spring,29.443875251422412,183.10559293291357,34.87768672124012,5.433811469817704,07/03/2020 04:42,6.3,1.36,53.5111,8.1056,18/08/2019,05/09/2019,07/03/2020,22/04/2020,BS725_19,1.0,f
Maigold,119,2019,5,f,spring,1.234687382080466,852.312647730849,3.5456918224226293,4.780379204503088,07/03/2020 17:30,7.65,2.31,53.5111,8.1056,18/08/2019,05/09/2019,07/03/2020,22/04/2020,BS725_19,1.0,f
Maigold,119,2019,5,f,spring,175.5210559134291,850.6857851184,-179.40441366576084,5.07453042081001,18/03/2020 04:36,15.3,2.8,53.5111,8.1056,18/08/2019,05/09/2019,07/03/2020,22/04/2020,BS725_19,1.0,f
Maigold,119,2019,5,f,spring,3.865340458257691,850.6857851184,0.5796355733212502,4.444976031578933,18/03/2020 17:25,7.65,2.72,53.5111,8.1056,18/08/2019,05/09/2019,07/03/2020,22/04/2020,BS725_19,1.0,f
Maigold,119,2019,5,f,spring,175.5210559134291,850.6857851184,-179.40441366576084,5.07453042081001,19/03/2020 04:31,15.3,2.8,53.5111,8.1056,18/08/2019,05/09/2019,07/03/2020,22/04/2020,BS725_19,1.0,f
Maigold,119,2019,5,f,spring,30.682812715678836,558.722773974213,-26.2378366840999,4.444976031578933,24/03/2020 17:25,7.65,2.72,53.5111,8.1056,18/08/2019,05/09/2019,07/03/2020,22/04/2020,BS725_19,1.0,f
Maigold,119,2019,5,f,spring,128.6271609787275,1297.5026422615892,-121.8022810861625,6.824879892564987,27/03/2020 17:40,12.15,0.45,53.5111,8.1056,18/08/2019,05/09/2019,07/03/2020,22/04/2020,BS725_19,1.0,f
Maigold,119,2019,5,f,spring,49.817830185722244,372.5676662254413,-36.19208378886768,13.625746396854566,28/03/2020 05:07,5.85,-9.5,53.5111,8.1056,18/08/2019,05/09/2019,07/03/2020,22/04/2020,BS725_19,1.0,f
Maigold,119,2019,5,f,spring,55.207645196522094,1113.398525922406,-39.547026900228964,15.660618296293125,29/03/2020 18:30,8.55,-11.5,53.5111,8.1056,18/08/2019,05/09/2019,07/03/2020,22/04/2020,BS725_19,1.0,f
Maigold,119,2019,5,f,spring,22.532581265657285,250.18858495025714,0.0,22.532581265657292,31/03/2020 18:49,16.2,-17.64,53.5111,8.1056,18/08/2019,05/09/2019,07/03/2020,22/04/2020,BS725_19,1.0,f
Maigold,119,2019,5,f,spring,156.46685501833815,250.18858495025714,180.0,23.533144981661813,01/04/2020 05:37,18.45,-17.64,53.5111,8.1056,18/08/2019,05/09/2019,07/03/2020,22/04/2020,BS725_19,1.0,f
Maigold,119,2019,5,f,spring,22.532581265657285,350.2640189303601,0.0,22.532581265657292,01/04/2020 18:50,16.2,-17.64,53.5111,8.1056,18/08/2019,05/09/2019,07/03/2020,22/04/2020,BS725_19,1.0,f
Maigold,119,2019,5,f,spring,164.36406629150326,353.9311759446416,-171.66925713301205,23.966676575484723,03/04/2020 05:41,19.35,-17.64,53.5111,8.1056,18/08/2019,05/09/2019,07/03/2020,22/04/2020,BS725_19,1.0,f
Maigold,119,2019,5,f,spring,161.42737331069208,100.35542973181721,-175.7094132683971,22.863213420910828,07/04/2020 19:05,16.2,-18.12,53.5111,8.1056,18/08/2019,05/09/2019,07/03/2020,22/04/2020,BS725_19,1.0,f
Maigold,119,2019,5,f,spring,22.538265596079214,100.07543398010264,0.0,22.538265596079203,12/04/2020 19:04,15.3,-18.19,53.5111,8.1056,18/08/2019,05/09/2019,07/03/2020,22/04/2020,BS725_19,1.0,f
Maigold,119,2019,5,f,spring,6.826419886937231,1340.405744849258,29.737514750897134,22.9110948639599,13/04/2020 05:21,16.2,-18.19,53.5111,8.1056,18/08/2019,05/09/2019,07/03/2020,22/04/2020,BS725_19,1.0,f
Maigold,119,2019,5,f,spring,17.18318391170658,1409.635696194526,5.9109195206523655,23.094103432358942,14/04/2020 04:52,26.55,-11.54,53.5111,8.1056,18/08/2019,05/09/2019,07/03/2020,22/04/2020,BS725_19,1.0,f
Maigold,119,2019,5,f,spring,20.52981492155277,984.5577043411856,14.037085455894369,34.56690037744713,16/04/2020 04:17,39.15,-9.87,53.5111,8.1056,18/08/2019,05/09/2019,07/03/2020,22/04/2020,BS725_19,1.0,f
Maigold,119,2019,5,f,spring,8.773542131469583,701.5995385965509,61.438816199845554,52.66527406837596,18/04/2020 03:51,47.7,-6.69,53.5111,8.1056,18/08/2019,05/09/2019,07/03/2020,22/04/2020,BS725_19,1.0,f
Marcia,120,2020,8,f,autumn,29.879680359571324,1207.3597581227189,-173.38846749085954,-143.50878713128822,11/08/2020 18:56,53.55,8.336842105,14.227232142857144,-16.92142533595238,11/08/2020,01/10/2020,02/04/2021,16/04/2021,BS738_20,1.0,f
Marcia,120,2020,8,f,autumn,68.40532677858698,829.5677108430435,-69.07508840414484,-137.4804151827318,12/08/2020 02:54,42.75,6.644295302,14.227232142857144,-16.92142533595238,11/08/2020,01/10/2020,02/04/2021,16/04/2021,BS738_20,1.0,f
Marcia,120,2020,8,f,autumn,11.101316987815807,963.9313863019133,-143.90751846978125,-155.00883545759706,13/08/2020 03:58,45.0,-3.231597846,14.227232142857144,-16.92142533595238,11/08/2020,01/10/2020,02/04/2021,16/04/2021,BS738_20,1.0,f
Marcia,120,2020,8,f,autumn,5.842028625291647,101.74528977113283,-169.5428283651916,-163.70079973989996,14/08/2020 19:11,37.35,-10.18867925,14.227232142857144,-16.92142533595238,11/08/2020,01/10/2020,02/04/2021,16/04/2021,BS738_20,1.0,f
Marcia,120,2020,8,f,autumn,19.858512347571832,307.96981187160384,-143.7473315404535,-163.60584388802533,15/08/2020 04:19,36.45,-10.39513678,14.227232142857144,-16.92142533595238,11/08/2020,01/10/2020,02/04/2021,16/04/2021,BS738_20,1.0,f
Marcia,120,2020,8,f,autumn,9.339941692743935,1125.364469567049,-157.92074542139895,-167.26068711414288,15/08/2020 19:02,34.2,-12.375,14.227232142857144,-16.92142533595238,11/08/2020,01/10/2020,02/04/2021,16/04/2021,BS738_20,1.0,f
Marcia,120,2020,8,f,autumn,14.137118786460633,153.51230277222106,167.85501792875087,-178.00786328478847,16/08/2020 05:19,24.75,-16.545961,14.227232142857144,-16.92142533595238,11/08/2020,01/10/2020,02/04/2021,16/04/2021,BS738_20,1.0,f
Marcia,120,2020,8,f,autumn,1.4383330482285999,1050.813947602265,-179.61909703035477,-178.18076398212617,18/08/2020 05:18,22.95,-16.63671374,14.227232142857144,-16.92142533595238,11/08/2020,01/10/2020,02/04/2021,16/04/2021,BS738_20,1.0,f
Marcia,120,2020,8,f,autumn,162.59514179783943,152.46555597920192,-169.8953230960191,-7.300181298179676,19/08/2020 05:38,13.05,-16.76584735,14.227232142857144,-16.92142533595238,11/08/2020,01/10/2020,02/04/2021,16/04/2021,BS738_20,1.0,f
Marcia,120,2020,8,f,autumn,6.634870223884462,251.30796452003713,-5.385454564270101,1.2494156596143589,30/09/2020 18:32,12.15,-16.96815287,14.227232142857144,-16.92142533595238,11/08/2020,01/10/2020,02/04/2021,16/04/2021,BS738_20,1.0,f
Marcia,120,2020,8,f,spring,29.80247729292995,1113.1721315980305,-8.30296712344511,21.499510169484847,02/04/2021 19:02,14.4,-17.18709677,53.5111,8.1056,11/08/2020,01/10/2020,02/04/2021,16/04/2021,BS738_20,1.0,f
Marcia,120,2020,8,f,spring,6.583533784246185,733.880557532031,34.168760430601125,27.585226646354936,04/04/2021 05:43,24.3,-18.7654321,53.5111,8.1056,11/08/2020,01/10/2020,02/04/2021,16/04/2021,BS738_20,1.0,f
Marcia,120,2020,8,f,spring,5.3353372465494715,875.4167798001325,22.86473564479192,28.20007289134138,07/04/2021 05:08,29.7,-14.50359712,53.5111,8.1056,11/08/2020,01/10/2020,02/04/2021,16/04/2021,BS738_20,1.0,f
Marcia,120,2020,8,f,spring,14.992536755684114,1214.4301197625905,17.148425764957295,32.14096252064142,09/04/2021 04:49,36.9,-10.6875,53.5111,8.1056,11/08/2020,01/10/2020,02/04/2021,16/04/2021,BS738_20,1.0,f
Marcia,120,2020,8,f,spring,19.876558412998122,706.8808261105619,29.929351628499752,49.80591004149789,15/04/2021 03:48,47.25,-5.966850829,53.5111,8.1056,11/08/2020,01/10/2020,02/04/2021,16/04/2021,BS738_20,1.0,f
Martha,121,2018,19,f,autumn,26.48444855432649,1014.5104886040823,-169.62477664968668,-143.1403280953602,29/08/2018 18:09,53.55,8.336842105,15.491538461538461,-16.686886978871794,29/08/2018,03/09/2018,25/03/2019,26/04/2019,BL162_18,0.0,f
Martha,121,2018,19,f,autumn,16.892283558295674,1023.653633165992,-122.43146764100949,-139.32375119930518,30/08/2018 03:22,44.55,6.040268456,15.491538461538461,-16.686886978871794,29/08/2018,03/09/2018,25/03/2019,26/04/2019,BL162_18,0.0,f
Martha,121,2018,19,f,autumn,9.845920287912548,421.9160614246186,-161.11124539590563,-151.26532510799308,31/08/2018 04:01,39.15,-3.987341772,15.491538461538461,-16.686886978871794,29/08/2018,03/09/2018,25/03/2019,26/04/2019,BL162_18,0.0,f
Martha,121,2018,19,f,autumn,10.569837966595543,387.28848675260537,-140.060469921967,-150.63030788856256,31/08/2018 18:40,35.55,-5.496183206,15.491538461538461,-16.686886978871794,29/08/2018,03/09/2018,25/03/2019,26/04/2019,BL162_18,0.0,f
Martha,121,2018,19,f,autumn,5.12383947047644,980.9167543611148,-148.8381157522143,-153.96195522269073,01/09/2018 04:31,32.85,-8.157099698,15.491538461538461,-16.686886978871794,29/08/2018,03/09/2018,25/03/2019,26/04/2019,BL162_18,0.0,f
Martha,121,2018,19,f,autumn,22.19831209490019,100.2022915122105,177.10608660286925,-160.69560130223056,01/09/2018 18:40,25.2,-13.18860244,15.491538461538461,-16.686886978871794,29/08/2018,03/09/2018,25/03/2019,26/04/2019,BL162_18,0.0,f
Martha,121,2018,19,f,autumn,18.118133567229194,193.84621218473671,-140.5059816502427,-158.62411521747188,02/09/2018 04:52,24.3,-13.13868613,15.491538461538461,-16.686886978871794,29/08/2018,03/09/2018,25/03/2019,26/04/2019,BL162_18,0.0,f
Martha,121,2018,19,f,autumn,16.18857173539351,357.03555408849206,-146.88120903946162,-163.06978077485513,02/09/2018 18:40,22.95,-14.34262948,15.491538461538461,-16.686886978871794,29/08/2018,03/09/2018,25/03/2019,26/04/2019,BL162_18,0.0,f
Martha,121,2018,19,f,spring,7.169173182423947,1202.738549518924,16.200131113574212,23.369304295998173,25/03/2019 05:31,20.25,-16.21192053,53.5111,8.1056,29/08/2018,03/09/2018,25/03/2019,26/04/2019,BL162_18,0.0,f
Martha,121,2018,19,f,spring,19.91104016590367,100.81770548643811,6.924670866324206,26.835711032227863,29/03/2019 05:06,30.15,-12.61313869,53.5111,8.1056,29/08/2018,03/09/2018,25/03/2019,26/04/2019,BL162_18,0.0,f
Martha,121,2018,19,f,spring,9.909292763299902,526.318770731426,17.59701556046607,27.506308323765975,29/03/2019 18:48,31.05,-12.48554913,53.5111,8.1056,29/08/2018,03/09/2018,25/03/2019,26/04/2019,BL162_18,0.0,f
Martha,121,2018,19,f,spring,25.07741546359003,804.4741237485736,5.347901053460682,30.425316517050707,30/03/2019 05:06,35.55,-10.72847682,53.5111,8.1056,29/08/2018,03/09/2018,25/03/2019,26/04/2019,BL162_18,0.0,f
Martha,121,2018,19,f,spring,17.61277591887884,831.9820160013292,23.955984415872347,41.56876033475119,03/04/2019 18:25,42.75,-9.812606474,53.5111,8.1056,29/08/2018,03/09/2018,25/03/2019,26/04/2019,BL162_18,0.0,f
Martha,121,2018,19,f,spring,30.20369305951172,156.9751511730009,89.17347865203442,58.969785592522705,04/04/2019 04:21,49.5,-5.142857143,53.5111,8.1056,29/08/2018,03/09/2018,25/03/2019,26/04/2019,BL162_18,0.0,f
Martha,121,2018,19,f,spring,11.973692509188766,601.5436635327648,67.52023422266709,55.54654171347831,05/04/2019 03:57,49.5,-2.969072165,53.5111,8.1056,29/08/2018,03/09/2018,25/03/2019,26/04/2019,BL162_18,0.0,f
McDreamy,122,2020,4,m,autumn,4.747212643835439,1515.5071082983304,-144.9020576820697,-140.15484503823427,19/09/2020 17:23,53.55,8.336842105,20.29620535714286,-16.777832757321427,19/09/2020,30/09/2020,15/04/2021,30/04/2021,BS735_20,1.0,m
McDreamy,122,2020,4,m,autumn,12.158774657526038,107.93805598588564,-157.83440003357364,-145.6756253760476,20/09/2020 03:40,41.85,-2.142857143,20.29620535714286,-16.777832757321427,19/09/2020,30/09/2020,15/04/2021,30/04/2021,BS735_20,1.0,m
McDreamy,122,2020,4,m,autumn,0.6029687849833181,760.9791077762267,-147.28762663729805,-146.68465785231473,21/09/2020 04:29,40.95,-3.180212014,20.29620535714286,-16.777832757321427,19/09/2020,30/09/2020,15/04/2021,30/04/2021,BS735_20,1.0,m
McDreamy,122,2020,4,m,autumn,30.763177313239908,100.075433980103,180.0,-149.23682268676012,22/09/2020 04:54,35.1,-7.694656489,20.29620535714286,-16.777832757321427,19/09/2020,30/09/2020,15/04/2021,30/04/2021,BS735_20,1.0,m
McDreamy,122,2020,4,m,autumn,147.64064344458666,100.075433980103,0.0,-147.64064344458663,22/09/2020 17:58,34.2,-7.694656489,20.29620535714286,-16.777832757321427,19/09/2020,30/09/2020,15/04/2021,30/04/2021,BS735_20,1.0,m
McDreamy,122,2020,4,m,autumn,0.7341447020553744,516.2371054499432,-149.9709673888155,-149.23682268676012,25/09/2020 18:03,35.1,-7.694656489,20.29620535714286,-16.777832757321427,19/09/2020,30/09/2020,15/04/2021,30/04/2021,BS735_20,1.0,m
McDreamy,122,2020,4,m,autumn,33.87885045543345,101.18954871292584,171.44982021240418,-154.67132933216237,28/09/2020 05:00,31.05,-11.43583227,20.29620535714286,-16.777832757321427,19/09/2020,30/09/2020,15/04/2021,30/04/2021,BS735_20,1.0,m
McDreamy,122,2020,4,m,autumn,0.11281114781112933,1185.3766461604594,-151.18597546105374,-151.07316431324261,29/09/2020 18:13,29.7,-11.32450331,20.29620535714286,-16.777832757321427,19/09/2020,30/09/2020,15/04/2021,30/04/2021,BS735_20,1.0,m
McDreamy,122,2020,4,m,spring,23.790986404010567,100.07543398010264,0.0,23.790986404010564,15/04/2021 05:09,20.25,-16.77762983,53.5111,8.1056,19/09/2020,30/09/2020,15/04/2021,30/04/2021,BS735_20,1.0,m
McDreamy,122,2020,4,m,spring,2.420591477673696,1016.4881366271968,26.681877006102226,24.26128552842852,15/04/2021 19:03,21.15,-16.77762983,53.5111,8.1056,19/09/2020,30/09/2020,15/04/2021,30/04/2021,BS735_20,1.0,m
McDreamy,122,2020,4,m,spring,4.99410516875426,213.91426744855477,20.47054539848267,25.464650567236923,17/04/2021 18:47,29.25,-11.96531792,53.5111,8.1056,19/09/2020,30/09/2020,15/04/2021,30/04/2021,BS735_20,1.0,m
McDreamy,122,2020,4,m,spring,26.193279097174525,550.4148868905654,0.0,26.19327909717451,18/04/2021 04:45,31.05,-11.18012422,53.5111,8.1056,19/09/2020,30/09/2020,15/04/2021,30/04/2021,BS735_20,1.0,m
McDreamy,122,2020,4,m,spring,22.86711157336768,203.05726240307195,9.587762280320268,32.45487385368794,19/04/2021 19:03,36.9,-10.96153846,53.5111,8.1056,19/09/2020,30/09/2020,15/04/2021,30/04/2021,BS735_20,1.0,m
McDreamy,122,2020,4,m,spring,3.180303085250955,901.9669310901476,31.70862445935201,34.888927544602964,23/04/2021 19:12,39.15,-10.13245033,53.5111,8.1056,19/09/2020,30/09/2020,15/04/2021,30/04/2021,BS735_20,1.0,m
McDreamy,122,2020,4,m,spring,12.345446290078968,114.69864426273708,28.98620827153462,41.3316545616136,24/04/2021 19:08,45.9,-4.014869888,53.5111,8.1056,19/09/2020,30/09/2020,15/04/2021,30/04/2021,BS735_20,1.0,m
Melek,123,2017,3,f,autumn,66.99570030144758,104.91724593211488,-118.08479642886972,174.91950326968268,29/08/2017 18:22,44.1,-3.789473684,4.638329081632653,-0.5453243614489796,29/08/2017,16/09/2017,06/04/2018,16/05/2018,Z451_17,0.0,f
Melek,123,2017,3,f,autumn,28.441713238131285,953.2673081971853,-159.6838528218241,171.8744339400446,02/09/2017 04:04,42.75,-5.595854922,4.638329081632653,-0.5453243614489796,29/08/2017,16/09/2017,06/04/2018,16/05/2018,Z451_17,0.0,f
Melek,123,2017,3,f,autumn,24.836584568127932,202.0436965479968,-172.06707095034508,163.096344481527,02/09/2017 18:32,34.65,-9.203007519,4.638329081632653,-0.5453243614489796,29/08/2017,16/09/2017,06/04/2018,16/05/2018,Z451_17,0.0,f
Melek,123,2017,3,f,autumn,56.984129944417475,1169.3656638084021,-142.63717957853706,160.37869047704547,04/09/2017 18:37,32.4,-9.98540146,4.638329081632653,-0.5453243614489796,29/08/2017,16/09/2017,06/04/2018,16/05/2018,Z451_17,0.0,f
Melek,123,2017,3,f,autumn,41.64186662214942,300.3004337442974,178.7144246119404,137.07255798979097,05/09/2017 18:47,23.4,-17.09497207,4.638329081632653,-0.5453243614489796,29/08/2017,16/09/2017,06/04/2018,16/05/2018,Z451_17,0.0,f
Melek,123,2017,3,f,autumn,46.85975442095378,300.2707084912158,179.0064380551994,132.14668363424562,06/09/2017 18:56,20.25,-16.96815287,4.638329081632653,-0.5453243614489796,29/08/2017,16/09/2017,06/04/2018,16/05/2018,Z451_17,0.0,f
Melek,123,2017,3,f,autumn,53.0615840096695,150.1131509701545,180.0,126.9384159903305,07/09/2017 05:28,17.55,-16.91906005,4.638329081632653,-0.5453243614489796,29/08/2017,16/09/2017,06/04/2018,16/05/2018,Z451_17,0.0,f
Melek,123,2017,3,f,autumn,53.34931549437465,100.18645663839685,177.29634856578323,123.9470330714086,07/09/2017 18:47,16.2,-16.91906005,4.638329081632653,-0.5453243614489796,29/08/2017,16/09/2017,06/04/2018,16/05/2018,Z451_17,0.0,f
Melek,123,2017,3,f,autumn,40.839688084282244,159.1951581185998,160.49387215888456,119.65418407460231,13/09/2017 05:39,14.4,-16.875,4.638329081632653,-0.5453243614489796,29/08/2017,16/09/2017,06/04/2018,16/05/2018,Z451_17,0.0,f
Melek,123,2017,3,f,autumn,4.819923863420286,657.1923158824194,121.67385466630286,116.85393080288256,13/09/2017 18:12,13.05,-16.38432364,4.638329081632653,-0.5453243614489796,29/08/2017,16/09/2017,06/04/2018,16/05/2018,Z451_17,0.0,f
Melek,123,2017,3,f,autumn,16.125582956461642,298.82428716229583,99.41181264227738,115.53739559873901,14/09/2017 05:18,9.9,-11.28065395,4.638329081632653,-0.5453243614489796,29/08/2017,16/09/2017,06/04/2018,16/05/2018,Z451_17,0.0,f
Melek,123,2017,3,f,autumn,31.521208474870065,113.25584538910456,152.04408734789428,120.52287887302421,14/09/2017 18:12,9.45,-8.592964824,4.638329081632653,-0.5453243614489796,29/08/2017,16/09/2017,06/04/2018,16/05/2018,Z451_17,0.0,f
Melek,123,2017,3,f,autumn,25.255218601509284,189.58521120124234,142.27970443429427,117.02448583278499,15/09/2017 05:08,8.55,-8.110137672,4.638329081632653,-0.5453243614489796,29/08/2017,16/09/2017,06/04/2018,16/05/2018,Z451_17,0.0,f
Melek,123,2017,3,f,autumn,26.469208918734097,943.571630213283,137.6837475630242,111.21453864429012,15/09/2017 17:42,7.2,-7.058823529,4.638329081632653,-0.5453243614489796,29/08/2017,16/09/2017,06/04/2018,16/05/2018,Z451_17,0.0,f
Melek,123,2017,3,f,spring,172.98640590165002,500.3771699005143,180.0,7.013594098349989,06/04/2018 04:43,0.9,-1.35678392,53.5111,8.1056,29/08/2017,16/09/2017,06/04/2018,16/05/2018,Z451_17,0.0,f
Melek,123,2017,3,f,spring,126.4589771329706,403.9901199097175,-119.81434329308158,6.64463383988903,06/04/2018 17:37,-3.6,-1.35678392,53.5111,8.1056,29/08/2017,16/09/2017,06/04/2018,16/05/2018,Z451_17,0.0,f
Melek,123,2017,3,f,spring,9.006891774684135,100.07741823817406,-0.36105531172976424,8.645836462954376,07/04/2018 17:52,-5.4,-4.522613065,53.5111,8.1056,29/08/2017,16/09/2017,06/04/2018,16/05/2018,Z451_17,0.0,f
Melek,123,2017,3,f,spring,1.8009041262742471,856.8710473598497,6.929069957272052,8.729974083546288,09/04/2018 04:59,-4.5,-4.528301887,53.5111,8.1056,29/08/2017,16/09/2017,06/04/2018,16/05/2018,Z451_17,0.0,f
Melek,123,2017,3,f,spring,171.10362367220227,100.07543398010287,180.0,8.896376327797705,11/04/2018 17:47,3.15,-3.6,53.5111,8.1056,29/08/2017,16/09/2017,06/04/2018,16/05/2018,Z451_17,0.0,f
Melek,123,2017,3,f,spring,8.787195626595775,100.07543398010287,0.0,8.787195626595784,12/04/2018 04:53,2.25,-3.6,53.5111,8.1056,29/08/2017,16/09/2017,06/04/2018,16/05/2018,Z451_17,0.0,f
Melek,123,2017,3,f,spring,88.62577760590254,861.8966097908171,-79.72940127810483,8.896376327797705,12/04/2018 17:51,3.15,-3.6,53.5111,8.1056,29/08/2017,16/09/2017,06/04/2018,16/05/2018,Z451_17,0.0,f
Melek,123,2017,3,f,spring,38.224187119281396,273.20062683614134,-23.639528683144608,14.584658436136804,13/04/2018 18:27,4.5,-11.25,53.5111,8.1056,29/08/2017,16/09/2017,06/04/2018,16/05/2018,Z451_17,0.0,f
Melek,123,2017,3,f,spring,47.76476342033456,1007.5525178217683,-32.00872847084352,15.756034949491031,14/04/2018 05:28,6.75,-12.2418136,53.5111,8.1056,29/08/2017,16/09/2017,06/04/2018,16/05/2018,Z451_17,0.0,f
Melek,123,2017,3,f,spring,1.6139059082080962,108.84995771356931,23.11261284216249,21.498706933954395,15/04/2018 05:43,14.4,-17.18592965,53.5111,8.1056,29/08/2017,16/09/2017,06/04/2018,16/05/2018,Z451_17,0.0,f
Melek,123,2017,3,f,spring,13.024361320121614,1012.610981018486,8.547021883078344,21.571383203199964,23/04/2018 05:19,15.3,-16.78756477,53.5111,8.1056,29/08/2017,16/09/2017,06/04/2018,16/05/2018,Z451_17,0.0,f
Melek,123,2017,3,f,spring,3.3633407689826527,860.1983729032333,28.302040477105866,24.9386997081232,28/04/2018 04:53,24.3,-15.30864198,53.5111,8.1056,29/08/2017,16/09/2017,06/04/2018,16/05/2018,Z451_17,0.0,f
Melek,123,2017,3,f,spring,18.87613092986558,403.97276257007707,7.573674406666322,26.449805336531895,01/05/2018 19:06,31.5,-11.03649635,53.5111,8.1056,29/08/2017,16/09/2017,06/04/2018,16/05/2018,Z451_17,0.0,f
Melek,123,2017,3,f,spring,29.565709672755276,450.33945291046246,0.0,29.56570967275527,02/05/2018 19:07,35.1,-10.4516129,53.5111,8.1056,29/08/2017,16/09/2017,06/04/2018,16/05/2018,Z451_17,0.0,f
Melek,123,2017,3,f,spring,32.484854554882475,801.6674716564163,2.7888320369546937,35.27368659183718,03/05/2018 19:26,39.15,-10.4516129,53.5111,8.1056,29/08/2017,16/09/2017,06/04/2018,16/05/2018,Z451_17,0.0,f
Melek,123,2017,3,f,spring,1.807709554177677,347.31041020791815,53.447039953030114,51.63933039885242,04/05/2018 19:27,46.35,-9.944751381,53.5111,8.1056,29/08/2017,16/09/2017,06/04/2018,16/05/2018,Z451_17,0.0,f
Melek,123,2017,3,f,spring,53.8720538699051,100.07543398010229,0.0,53.8720538699051,08/05/2018 19:31,48.15,-6.183206107,53.5111,8.1056,29/08/2017,16/09/2017,06/04/2018,16/05/2018,Z451_17,0.0,f
Melek,123,2017,3,f,spring,13.695052478270924,823.2253221034646,71.70486156357904,58.00980908530813,10/05/2018 02:54,49.05,-6.183206107,53.5111,8.1056,29/08/2017,16/09/2017,06/04/2018,16/05/2018,Z451_17,0.0,f
Melek,124,2018,4,f,autumn,44.46636768470583,746.2487558725002,-128.77265804571982,-173.23902573042565,30/08/2018 18:22,54.45,4.64516129,4.638329081632653,-0.5453243614489796,23/08/2018,18/09/2018,28/03/2019,08/05/2019,BD670_18,0.0,f
Melek,124,2018,4,f,autumn,30.270111513434586,1364.2924091295909,-153.86234770766927,175.8675407788961,01/09/2018 04:00,49.95,-3.495145631,4.638329081632653,-0.5453243614489796,23/08/2018,18/09/2018,28/03/2019,08/05/2019,BD670_18,0.0,f
Melek,124,2018,4,f,autumn,33.18995284969935,1500.936490319675,-163.98991117392362,162.820135976377,04/09/2018 04:54,38.7,-10.38461538,4.638329081632653,-0.5453243614489796,23/08/2018,18/09/2018,28/03/2019,08/05/2019,BD670_18,0.0,f
Melek,124,2018,4,f,autumn,47.68700967202267,1485.5339440455127,-167.073348971291,145.23964135668635,05/09/2018 18:33,25.65,-14.47988904,4.638329081632653,-0.5453243614489796,23/08/2018,18/09/2018,28/03/2019,08/05/2019,BD670_18,0.0,f
Melek,124,2018,4,f,autumn,36.048796405374105,1093.5381863107268,149.96882311069027,113.92002670531616,13/09/2018 18:33,12.6,-17.51600512,4.638329081632653,-0.5453243614489796,23/08/2018,18/09/2018,28/03/2019,08/05/2019,BD670_18,0.0,f
Melek,124,2018,4,f,autumn,79.22118601126311,206.2919670149897,165.97113909904934,86.74995308778621,14/09/2018 05:19,4.05,-12.6,4.638329081632653,-0.5453243614489796,23/08/2018,18/09/2018,28/03/2019,08/05/2019,BD670_18,0.0,f
Melek,124,2018,4,f,autumn,34.00293887536094,139.25320401428655,44.036812712019696,78.03975158738062,15/09/2018 05:14,2.25,-12.15,4.638329081632653,-0.5453243614489796,23/08/2018,18/09/2018,28/03/2019,08/05/2019,BD670_18,0.0,f
Melek,124,2018,4,f,autumn,47.8848564782395,783.2220562934392,129.62947953722767,81.74462305898817,15/09/2018 18:07,3.15,-11.27819549,4.638329081632653,-0.5453243614489796,23/08/2018,18/09/2018,28/03/2019,08/05/2019,BD670_18,0.0,f
Melek,124,2018,4,f,autumn,138.4798491140633,150.1131509701543,180.0,41.52015088593666,16/09/2018 04:55,-1.35,-5.857321652,4.638329081632653,-0.5453243614489796,23/08/2018,18/09/2018,28/03/2019,08/05/2019,BD670_18,0.0,f
Melek,124,2018,4,f,autumn,1.005165117097789,1000.8854150687769,36.893992866973555,35.88882774987577,16/09/2018 17:43,-2.7,-5.857321652,4.638329081632653,-0.5453243614489796,23/08/2018,18/09/2018,28/03/2019,08/05/2019,BD670_18,0.0,f
Melek,124,2018,4,f,spring,103.7080733102824,402.995474938434,-96.98145888237437,6.726614427908036,01/04/2019 17:39,4.95,-0.451693852,53.5111,8.1056,23/08/2018,18/09/2018,28/03/2019,08/05/2019,BD670_18,0.0,f
Melek,124,2018,4,f,spring,146.62626995964297,109.4998231946364,156.03988573648692,9.413615776843917,03/04/2019 04:55,4.5,-4.060150376,53.5111,8.1056,23/08/2018,18/09/2018,28/03/2019,08/05/2019,BD670_18,0.0,f
Melek,124,2018,4,f,spring,27.37324005833395,158.2283057421855,-18.41375579964949,8.959484258684462,06/04/2019 04:50,3.6,-3.609022556,53.5111,8.1056,23/08/2018,18/09/2018,28/03/2019,08/05/2019,BD670_18,0.0,f
Melek,124,2018,4,f,spring,80.52348542757548,1270.4176744770402,-71.04744898466947,9.476036442906,06/04/2019 17:59,4.95,-4.060150376,53.5111,8.1056,23/08/2018,18/09/2018,28/03/2019,08/05/2019,BD670_18,0.0,f
Melek,124,2018,4,f,spring,27.79762857418106,760.9261880059807,-9.358303066863828,18.439325507317225,07/04/2019 18:39,8.55,-15.49367089,53.5111,8.1056,23/08/2018,18/09/2018,28/03/2019,08/05/2019,BD670_18,0.0,f
Melek,124,2018,4,f,spring,30.419483496325427,202.63961745863642,-8.94847381214093,21.47100968418448,08/04/2019 05:41,15.3,-16.64464993,53.5111,8.1056,23/08/2018,18/09/2018,28/03/2019,08/05/2019,BD670_18,0.0,f
Melek,124,2018,4,f,spring,15.361123799062057,252.14495000954741,7.096625532837372,22.45774933189942,18/04/2019 05:20,17.1,-16.98558322,53.5111,8.1056,23/08/2018,18/09/2018,28/03/2019,08/05/2019,BD670_18,0.0,f
Melek,124,2018,4,f,spring,9.828374820417537,979.3089579761031,13.449055794061852,23.277430614479393,19/04/2019 05:05,19.35,-16.68874172,53.5111,8.1056,23/08/2018,18/09/2018,28/03/2019,08/05/2019,BD670_18,0.0,f
Melek,124,2018,4,f,spring,10.012974356938201,126.04003619616407,37.247722009873634,27.234747652935425,30/04/2019 19:04,28.8,-14.25742574,53.5111,8.1056,23/08/2018,18/09/2018,28/03/2019,08/05/2019,BD670_18,0.0,f
Melek,124,2018,4,f,spring,62.16056455564376,225.9471020525268,89.4204157348837,27.25985117923995,01/05/2019 04:40,29.7,-13.4676259,53.5111,8.1056,23/08/2018,18/09/2018,28/03/2019,08/05/2019,BD670_18,0.0,f
Melek,124,2018,4,f,spring,19.241510619114734,654.0043155238669,5.755182429057195,24.996693048171924,02/05/2019 04:40,29.7,-11.12828439,53.5111,8.1056,23/08/2018,18/09/2018,28/03/2019,08/05/2019,BD670_18,0.0,f
Melek,124,2018,4,f,spring,20.77823363486209,355.10595806583893,9.277876343182294,30.056109978044397,02/05/2019 19:18,35.55,-10.40462428,53.5111,8.1056,23/08/2018,18/09/2018,28/03/2019,08/05/2019,BD670_18,0.0,f
Melek,124,2018,4,f,spring,34.14850533187618,1000.7929000718192,-0.46803066705823865,33.680474664817936,05/05/2019 03:50,38.7,-9.74522293,53.5111,8.1056,23/08/2018,18/09/2018,28/03/2019,08/05/2019,BD670_18,0.0,f
Merula,125,2019,6,f,autumn,7.451012145074941,1423.3401628014376,-139.32953744826173,-146.78054959333667,23/08/2019 02:41,53.55,8.336842105,10.889895470383276,-15.644334762741,23/08/2019,04/09/2019,25/04/2020,07/05/2020,BT691_19,0.0,f
Merula,125,2019,6,f,autumn,23.452353752250815,691.178858500612,-134.45677432337143,-157.90912807562225,24/08/2019 03:42,43.2,-3.260869565,10.889895470383276,-15.644334762741,23/08/2019,04/09/2019,25/04/2020,07/05/2020,BT691_19,0.0,f
Merula,125,2019,6,f,autumn,1.459948517572883,207.3928653375111,-164.62208466839238,-166.08203318596526,24/08/2019 18:49,38.7,-8.944099379,10.889895470383276,-15.644334762741,23/08/2019,04/09/2019,25/04/2020,07/05/2020,BT691_19,0.0,f
Merula,125,2019,6,f,autumn,0.7097635857917908,309.2976026115509,-165.84552180086183,-166.55528538665362,26/08/2019 04:41,36.9,-9.5625,10.889895470383276,-15.644334762741,23/08/2019,04/09/2019,25/04/2020,07/05/2020,BT691_19,0.0,f
Merula,125,2019,6,f,autumn,17.691786754360493,690.5856566662997,-149.4188805995962,-167.1106673539567,26/08/2019 18:49,34.2,-10.38461538,10.889895470383276,-15.644334762741,23/08/2019,04/09/2019,25/04/2020,07/05/2020,BT691_19,0.0,f
Merula,125,2019,6,f,autumn,15.392413368486359,426.53159984043106,-159.44784517796595,-174.8402585464523,28/08/2019 05:26,29.25,-13.98561151,10.889895470383276,-15.644334762741,23/08/2019,04/09/2019,25/04/2020,07/05/2020,BT691_19,0.0,f
Merula,125,2019,6,f,autumn,29.122103503390008,401.8623492598911,-150.23873592254964,-179.36083942593964,28/08/2019 19:00,25.65,-15.47850208,10.889895470383276,-15.644334762741,23/08/2019,04/09/2019,25/04/2020,07/05/2020,BT691_19,0.0,f
Merula,125,2019,6,f,autumn,135.10140990665562,247.02833178895006,35.609736418396174,170.7111463250518,03/09/2019 18:55,22.05,-17.48987854,10.889895470383276,-15.644334762741,23/08/2019,04/09/2019,25/04/2020,07/05/2020,BT691_19,0.0,f
Merula,125,2019,6,f,spring,7.317615547516368,598.5954034030312,32.58989884783588,25.27228330031953,25/04/2020 05:01,23.85,-16.07577808,53.5111,8.1056,23/08/2019,04/09/2019,25/04/2020,07/05/2020,BT691_19,0.0,f
Merula,125,2019,6,f,spring,6.427781385308947,177.40342135427537,31.969195445915133,25.5414140606062,25/04/2020 19:05,28.35,-12.78409091,53.5111,8.1056,23/08/2019,04/09/2019,25/04/2020,07/05/2020,BT691_19,0.0,f
Merula,125,2019,6,f,spring,11.233260371407198,258.55691873478884,14.444786579022821,25.678046950430023,29/04/2020 04:36,29.7,-11.81169757,53.5111,8.1056,23/08/2019,04/09/2019,25/04/2020,07/05/2020,BT691_19,0.0,f
Merula,125,2019,6,f,spring,26.96469015303029,150.11315097015415,0.0,26.964690153030304,29/04/2020 19:10,31.95,-11.12828439,53.5111,8.1056,23/08/2019,04/09/2019,25/04/2020,07/05/2020,BT691_19,0.0,f
Merula,125,2019,6,f,spring,28.307800685289493,300.226301940309,0.0,28.307800685289486,30/04/2020 04:31,33.3,-11.12828439,53.5111,8.1056,23/08/2019,04/09/2019,25/04/2020,07/05/2020,BT691_19,0.0,f
Merula,125,2019,6,f,spring,12.111240388114823,1125.0100348985845,19.466400399576578,31.577640787691397,02/05/2020 04:07,36.0,-11.25,53.5111,8.1056,23/08/2019,04/09/2019,25/04/2020,07/05/2020,BT691_19,0.0,f
Merula,125,2019,6,f,spring,21.95998915302647,767.7051775982518,22.59064273034259,44.55063188336907,05/05/2020 03:22,45.9,-5.77540107,53.5111,8.1056,23/08/2019,04/09/2019,25/04/2020,07/05/2020,BT691_19,0.0,f
Merula,126,2020,7,f,autumn,58.63964458432412,146.47250819964444,-89.10821169359836,-147.7478562779225,23/08/2020 02:48,53.55,7.578947368,10.889895470383276,-15.644334762741,23/08/2020,15/09/2020,07/04/2021,02/05/2021,BX274_20,1.0,f
Merula,126,2020,7,f,autumn,85.12553216916552,123.92134974841845,-65.49151201035338,-150.6170441795189,23/08/2020 18:31,53.55,5.361702128,10.889895470383276,-15.644334762741,23/08/2020,15/09/2020,07/04/2021,02/05/2021,BX274_20,1.0,f
Merula,126,2020,7,f,autumn,15.580499845972668,254.90138451390598,-168.67006157255025,-153.08956172657759,24/08/2020 03:17,54.0,3.636363636,10.889895470383276,-15.644334762741,23/08/2020,15/09/2020,07/04/2021,02/05/2021,BX274_20,1.0,f
Merula,126,2020,7,f,autumn,20.264864733407848,497.7435515270523,-132.76908473944852,-153.03394947285636,24/08/2020 18:29,51.75,2.909090909,10.889895470383276,-15.644334762741,23/08/2020,15/09/2020,07/04/2021,02/05/2021,BX274_20,1.0,f
Merula,126,2020,7,f,autumn,4.097301056615322,156.96147770729903,-162.7819140636147,-158.68461300699937,29/08/2020 03:57,48.6,-2.061068702,10.889895470383276,-15.644334762741,23/08/2020,15/09/2020,07/04/2021,02/05/2021,BX274_20,1.0,f
Merula,126,2020,7,f,autumn,4.164081690363986,981.3828366845712,-154.84947017767604,-159.01355186804003,29/08/2020 18:35,47.25,-2.676579926,10.889895470383276,-15.644334762741,23/08/2020,15/09/2020,07/04/2021,02/05/2021,BX274_20,1.0,f
Merula,126,2020,7,f,autumn,5.718936297708751,1117.7394064081348,-158.82752651897624,-164.546462816685,31/08/2020 18:39,38.7,-8.181818182,10.889895470383276,-15.644334762741,23/08/2020,15/09/2020,07/04/2021,02/05/2021,BX274_20,1.0,f
Merula,126,2020,7,f,autumn,13.927004667904868,109.60832812513523,-155.81586855545908,-169.74287322336394,01/09/2020 04:56,29.25,-12.32524964,10.889895470383276,-15.644334762741,23/08/2020,15/09/2020,07/04/2021,02/05/2021,BX274_20,1.0,f
Merula,126,2020,7,f,autumn,12.01823482317505,1068.4587134866022,-158.68870263789378,-170.70693746106883,01/09/2020 18:41,28.35,-12.78409091,10.889895470383276,-15.644334762741,23/08/2020,15/09/2020,07/04/2021,02/05/2021,BX274_20,1.0,f
Merula,126,2020,7,f,autumn,0.562851442211155,100.44547084358831,175.06600387052904,174.5031524283179,09/09/2020 05:27,20.7,-16.60079051,10.889895470383276,-15.644334762741,23/08/2020,15/09/2020,07/04/2021,02/05/2021,BX274_20,1.0,f
Merula,126,2020,7,f,autumn,0.5607666851191482,955.8163557066986,173.942707883414,174.50347456853314,14/09/2020 18:34,19.8,-16.51376147,10.889895470383276,-15.644334762741,23/08/2020,15/09/2020,07/04/2021,02/05/2021,BX274_20,1.0,f
Merula,126,2020,7,f,spring,43.56570226741172,715.2765946817885,-24.26045706717457,19.305245200237138,07/04/2021 19:01,11.25,-15.59235669,53.5111,8.1056,23/08/2020,15/09/2020,07/04/2021,02/05/2021,BX274_20,1.0,f
Merula,126,2020,7,f,spring,16.594791413784577,1058.7583126237573,6.818270470024641,23.41306188380921,16/04/2021 05:32,17.1,-18.35294118,53.5111,8.1056,23/08/2020,15/09/2020,07/04/2021,02/05/2021,BX274_20,1.0,f
Merula,126,2020,7,f,spring,0.17141744710107787,1497.1153439712325,27.70541277134653,27.876830218447598,21/04/2021 04:52,26.55,-17.09497207,53.5111,8.1056,23/08/2020,15/09/2020,07/04/2021,02/05/2021,BX274_20,1.0,f
Merula,126,2020,7,f,spring,26.999531850559663,1005.6331429080542,5.258817391434903,32.25834924199457,23/04/2021 04:32,38.25,-9.171974522,53.5111,8.1056,23/08/2020,15/09/2020,07/04/2021,02/05/2021,BX274_20,1.0,f
Miranda,128,2016,10,f,autumn,13.512706043894838,1255.9865093301241,-130.87757004465672,-144.39027608855156,29/08/2016 18:25,53.55,8.336842105,13.279966044142615,-16.6164615437292,29/08/2016,10/09/2016,06/04/2017,15/04/2017,Z453,1.0,f
Miranda,128,2016,10,f,autumn,16.880464933979994,256.8659218366767,-140.46550607518301,-157.345971009163,30/08/2016 03:28,45.45,-3.85026738,13.279966044142615,-16.6164615437292,29/08/2016,10/09/2016,06/04/2017,15/04/2017,Z453,1.0,f
Miranda,128,2016,10,f,autumn,13.433967357295785,503.6040706106372,-173.27711907722548,-159.8431517199297,30/08/2016 18:51,43.65,-5.882352941,13.279966044142615,-16.6164615437292,29/08/2016,10/09/2016,06/04/2017,15/04/2017,Z453,1.0,f
Miranda,128,2016,10,f,autumn,16.756890270518994,502.13367649088633,-175.05975742966314,-158.30286715914414,31/08/2016 04:12,39.15,-6.565349544,13.279966044142615,-16.6164615437292,29/08/2016,10/09/2016,06/04/2017,15/04/2017,Z453,1.0,f
Miranda,128,2016,10,f,autumn,18.43012696937822,654.0466466437866,-173.83452521712238,-155.40439824774415,08/09/2016 18:25,33.3,-7.533632287,13.279966044142615,-16.6164615437292,29/08/2016,10/09/2016,06/04/2017,15/04/2017,Z453,1.0,f
Miranda,128,2016,10,f,autumn,26.556789732071223,250.7879135339185,-175.99884156623983,-149.4420518341686,09/09/2016 04:38,27.45,-8.244274809,13.279966044142615,-16.6164615437292,29/08/2016,10/09/2016,06/04/2017,15/04/2017,Z453,1.0,f
Miranda,128,2016,10,f,autumn,38.6274062817713,790.1633950678239,-106.92231597946962,-145.54972226124093,09/09/2016 18:35,25.2,-8.418156809,13.279966044142615,-16.6164615437292,29/08/2016,10/09/2016,06/04/2017,15/04/2017,Z453,1.0,f
Miranda,128,2016,10,f,spring,12.02593672479756,716.740812044342,11.885543783041147,23.9114805078387,08/04/2017 05:12,23.4,-14.71389646,53.5111,8.1056,29/08/2016,10/09/2016,06/04/2017,15/04/2017,Z453,1.0,f
Miranda,128,2016,10,f,spring,27.02147568057245,550.4149271126773,-0.021329585384752662,27.000146095187706,09/04/2017 04:52,29.7,-13.18860244,53.5111,8.1056,29/08/2016,10/09/2016,06/04/2017,15/04/2017,Z453,1.0,f
Miranda,128,2016,10,f,spring,39.70070097365175,163.07983870306614,71.64684000499796,31.946139031346195,09/04/2017 18:51,34.65,-13.19083969,53.5111,8.1056,29/08/2016,10/09/2016,06/04/2017,15/04/2017,Z453,1.0,f
Miranda,128,2016,10,f,spring,9.738180806640116,1192.4269290359318,20.980366428849084,30.718547235489194,10/04/2017 04:28,35.1,-11.4893617,53.5111,8.1056,29/08/2016,10/09/2016,06/04/2017,15/04/2017,Z453,1.0,f
Miranda,128,2016,10,f,spring,30.564170204172683,102.20492465005076,11.622276178919414,42.18644638309208,10/04/2017 18:50,45.0,-6.082949309,53.5111,8.1056,29/08/2016,10/09/2016,06/04/2017,15/04/2017,Z453,1.0,f
Miranda,129,2017,11,f,autumn,34.34554198842471,900.8639854911302,-178.73581807697627,-144.39027608855156,31/08/2017 18:08,53.55,8.336842105,13.279966044142615,-16.6164615437292,31/08/2017,23/09/2017,12/04/2018,22/04/2018,BD667,0.0,f
Miranda,129,2017,11,f,autumn,17.44494789491148,1039.0418514960288,-121.62434536927631,-139.0692932641878,01/09/2017 03:16,45.45,8.082901554,13.279966044142615,-16.6164615437292,31/08/2017,23/09/2017,12/04/2018,22/04/2018,BD667,0.0,f
Miranda,129,2017,11,f,autumn,52.80661368044315,711.2946033637866,-99.58920967030484,-152.395823350748,02/09/2017 18:23,40.05,-3.157894737,13.279966044142615,-16.6164615437292,31/08/2017,23/09/2017,12/04/2018,22/04/2018,BD667,0.0,f
Miranda,129,2017,11,f,autumn,156.48206359310905,1351.4944389713871,35.56308924203136,-167.95484716485956,03/09/2017 18:44,38.7,-11.25,13.279966044142615,-16.6164615437292,31/08/2017,23/09/2017,12/04/2018,22/04/2018,BD667,0.0,f
Miranda,129,2017,11,f,autumn,26.176684222609993,100.075433980103,180.0,-153.82331577738995,06/09/2017 04:00,48.15,-0.674157303,13.279966044142615,-16.6164615437292,31/08/2017,23/09/2017,12/04/2018,22/04/2018,BD667,0.0,f
Miranda,129,2017,11,f,autumn,1.2381939781513438,110.65820540490945,-154.5102761795781,-153.27208220142677,17/09/2017 04:21,47.25,-0.662983425,13.279966044142615,-16.6164615437292,31/08/2017,23/09/2017,12/04/2018,22/04/2018,BD667,0.0,f
Miranda,129,2017,11,f,autumn,20.42869826929015,804.3554039351898,-174.1231196042128,-153.69442133492265,17/09/2017 17:39,46.35,-1.28342246,13.279966044142615,-16.6164615437292,31/08/2017,23/09/2017,12/04/2018,22/04/2018,BD667,0.0,f
Miranda,129,2017,11,f,autumn,29.382644286438676,200.16593308327097,-179.288219215963,-149.90557492952433,18/09/2017 04:30,39.15,-2.236024845,13.279966044142615,-16.6164615437292,31/08/2017,23/09/2017,12/04/2018,22/04/2018,BD667,0.0,f
Miranda,129,2017,11,f,autumn,4.594939384865626,972.8474213369101,-143.6261599161155,-148.22109930098114,18/09/2017 17:44,37.35,-2.264150943,13.279966044142615,-16.6164615437292,31/08/2017,23/09/2017,12/04/2018,22/04/2018,BD667,0.0,f
Miranda,129,2017,11,f,autumn,32.34251311657181,852.9718910617387,175.6198214605275,-152.03766542290066,21/09/2017 18:13,29.25,-8.149134487,13.279966044142615,-16.6164615437292,31/08/2017,23/09/2017,12/04/2018,22/04/2018,BD667,0.0,f
Miranda,129,2017,11,f,autumn,40.879775816716176,967.1338776959626,-91.25535554268265,-132.13513135939883,22/09/2017 17:59,21.6,-7.458563536,13.279966044142615,-16.6164615437292,31/08/2017,23/09/2017,12/04/2018,22/04/2018,BD667,0.0,f
Miranda,129,2017,11,f,spring,8.76847879057928,103.87737760024062,15.500224329051058,24.268703119630334,12/04/2018 05:21,21.15,-16.78756477,53.5111,8.1056,31/08/2017,23/09/2017,12/04/2018,22/04/2018,BD667,0.0,f
Miranda,129,2017,11,f,spring,24.55849702034564,150.11315097015378,0.0,24.55849702034564,16/04/2018 05:20,22.05,-16.51821862,53.5111,8.1056,31/08/2017,23/09/2017,12/04/2018,22/04/2018,BD667,0.0,f
Miranda,129,2017,11,f,spring,11.354174648686381,1033.9948294937917,13.988687647973531,25.34286229665992,16/04/2018 19:13,23.4,-16.51821862,53.5111,8.1056,31/08/2017,23/09/2017,12/04/2018,22/04/2018,BD667,0.0,f
Miranda,129,2017,11,f,spring,7.902635684434699,1369.915848124068,22.230401190031323,30.133036874466008,18/04/2018 04:41,32.4,-13.86666667,53.5111,8.1056,31/08/2017,23/09/2017,12/04/2018,22/04/2018,BD667,0.0,f
Miranda,130,2018,12,f,autumn,22.922016744591957,1072.3174490979577,-167.31229283314352,-144.39027608855156,02/09/2018 02:55,53.55,8.336842105,13.279966044142615,-16.6164615437292,02/09/2018,13/09/2018,,,BL147_18,0.0,f
Miranda,130,2018,12,f,autumn,25.151907643933612,321.55330365376744,-116.60672185365779,-141.75862949759141,02/09/2018 18:04,44.1,5.4,13.279966044142615,-16.6164615437292,02/09/2018,13/09/2018,,,BL147_18,0.0,f
Miranda,130,2018,12,f,autumn,15.220316921559231,1014.8136017548429,-130.7872074733972,-146.00752439495642,03/09/2018 03:35,42.75,1.87826087,13.279966044142615,-16.6164615437292,02/09/2018,13/09/2018,,,BL147_18,0.0,f
Miranda,130,2018,12,f,autumn,0.3102334040565893,1393.1485645788548,-157.58711741021946,-157.27688400616287,11/09/2018 04:40,36.45,-7.069486405,13.279966044142615,-16.6164615437292,02/09/2018,13/09/2018,,,BL147_18,0.0,f
Miranda,131,2019,13,f,autumn,12.573670819047521,1044.107014339939,-131.81660526950404,-144.39027608855156,01/09/2019 18:05,53.55,8.336842105,13.279966044142615,-16.6164615437292,01/09/2019,20/09/2019,30/03/2020,19/04/2020,BT689_19,1.0,f
Miranda,131,2019,13,f,autumn,2.1108598472804943,989.0142518301604,-153.82080139322534,-155.93166124050583,03/09/2019 03:51,46.35,-2.676579926,13.279966044142615,-16.6164615437292,01/09/2019,20/09/2019,30/03/2020,19/04/2020,BT689_19,1.0,f
Miranda,131,2019,13,f,autumn,2.248471224214711,108.29856916926947,-157.390124447389,-159.63859567160372,11/09/2019 18:25,36.9,-7.974683544,13.279966044142615,-16.6164615437292,01/09/2019,20/09/2019,30/03/2020,19/04/2020,BT689_19,1.0,f
Miranda,131,2019,13,f,autumn,20.15853389057972,1267.5107347272628,-139.84102086239614,-159.99955475297585,12/09/2019 04:31,36.0,-8.4375,13.279966044142615,-16.6164615437292,01/09/2019,20/09/2019,30/03/2020,19/04/2020,BT689_19,1.0,f
Miranda,131,2019,13,f,autumn,155.83819211058653,275.2122248825017,-24.36151261297679,179.80029527643666,19/09/2019 18:39,26.1,-16.66199158,13.279966044142615,-16.6164615437292,01/09/2019,20/09/2019,30/03/2020,19/04/2020,BT689_19,1.0,f
Miranda,131,2019,13,f,spring,14.009098972402427,855.4473316515364,43.83150382248295,29.822404850080524,30/03/2020 19:02,28.35,-17.82178218,53.5111,8.1056,01/09/2019,20/09/2019,30/03/2020,19/04/2020,BT689_19,1.0,f
Miranda,131,2019,13,f,spring,21.417562881640038,958.8810622123327,7.074312229831695,28.491875111471742,02/04/2020 18:42,33.3,-11.30044843,53.5111,8.1056,01/09/2019,20/09/2019,30/03/2020,19/04/2020,BT689_19,1.0,f
Miranda,131,2019,13,f,spring,25.520432359928122,258.2281099009735,14.066753993107385,39.587186353035506,07/04/2020 18:48,42.3,-9.060402685,53.5111,8.1056,01/09/2019,20/09/2019,30/03/2020,19/04/2020,BT689_19,1.0,f
Miranda,131,2019,13,f,spring,3.1941623335567897,200.59807529460974,40.95700342032496,44.15116575388175,08/04/2020 04:34,44.55,-8.268551237,53.5111,8.1056,01/09/2019,20/09/2019,30/03/2020,19/04/2020,BT689_19,1.0,f
Miranda,131,2019,13,f,spring,38.58436522866805,150.76050244834434,5.245872030280421,43.830237258948486,10/04/2020 18:38,45.9,-5.353159851,53.5111,8.1056,01/09/2019,20/09/2019,30/03/2020,19/04/2020,BT689_19,1.0,f
Miranda,131,2019,13,f,spring,131.47878305355715,100.07543398010229,180.0,48.52121694644284,14/04/2020 18:57,47.25,-5.170556553,53.5111,8.1056,01/09/2019,20/09/2019,30/03/2020,19/04/2020,BT689_19,1.0,f
Miranda,131,2019,13,f,spring,45.084667421601694,100.07543398010229,0.0,45.0846674216017,16/04/2020 04:00,46.35,-5.170556553,53.5111,8.1056,01/09/2019,20/09/2019,30/03/2020,19/04/2020,BT689_19,1.0,f
Miranda,131,2019,13,f,spring,20.099610043009136,113.16861136256283,27.574638426098304,47.67424846910745,18/04/2020 03:25,47.25,-4.68401487,53.5111,8.1056,01/09/2019,20/09/2019,30/03/2020,19/04/2020,BT689_19,1.0,f
Moni,132,2016,10,f,autumn,23.320408009571082,981.2282265457206,-164.31353610716812,-140.99312809759704,25/08/2016 18:27,53.55,8.336842105,19.215415019762847,-16.67005789364954,25/08/2016,29/08/2016,03/04/2017,16/04/2017,Z445,1.0,f
Moni,132,2016,10,f,autumn,29.53538161787492,923.9520376507693,-108.5449761424806,-138.08035776035553,26/08/2016 02:59,45.0,4.974093264,19.215415019762847,-16.67005789364954,25/08/2016,29/08/2016,03/04/2017,16/04/2017,Z445,1.0,f
Moni,132,2016,10,f,autumn,6.080799211273728,1086.608832581271,-149.1259213030358,-155.20672051430952,27/08/2016 04:18,41.4,-6.315789474,19.215415019762847,-16.67005789364954,25/08/2016,29/08/2016,03/04/2017,16/04/2017,Z445,1.0,f
Moni,132,2016,10,f,autumn,7.915442538585751,554.9500819990158,-172.48297309339986,-164.5675305548141,28/08/2016 18:52,31.95,-12.9924812,19.215415019762847,-16.67005789364954,25/08/2016,29/08/2016,03/04/2017,16/04/2017,Z445,1.0,f
Moni,132,2016,10,f,spring,64.16155444238532,192.0682568566217,89.55990779915611,25.398353356770784,03/04/2017 04:58,27.0,-13.72434018,53.5111,8.1056,25/08/2016,29/08/2016,03/04/2017,16/04/2017,Z445,1.0,f
Moni,132,2016,10,f,spring,11.844974507888054,870.4701852821458,11.783744982603189,23.628719490491246,03/04/2017 18:52,27.0,-11.78571429,53.5111,8.1056,25/08/2016,29/08/2016,03/04/2017,16/04/2017,Z445,1.0,f
Moni,132,2016,10,f,spring,34.25549072801587,452.87208556845974,-5.906614667423229,28.348876060592644,04/04/2017 04:53,34.65,-9.848024316,53.5111,8.1056,25/08/2016,29/08/2016,03/04/2017,16/04/2017,Z445,1.0,f
Moni,132,2016,10,f,spring,28.885336047528597,502.920663104236,5.573738928363944,34.45907497589255,06/04/2017 04:48,38.7,-10.38461538,53.5111,8.1056,25/08/2016,29/08/2016,03/04/2017,16/04/2017,Z445,1.0,f
Moni,132,2016,10,f,spring,42.59534299421318,150.11315097015344,0.0,42.59534299421318,07/04/2017 04:43,43.2,-9.782608696,53.5111,8.1056,25/08/2016,29/08/2016,03/04/2017,16/04/2017,Z445,1.0,f
Moni,132,2016,10,f,spring,32.455165998207036,155.45737894464435,14.882750520233303,47.33791651844034,09/04/2017 04:33,45.0,-9.782608696,53.5111,8.1056,25/08/2016,29/08/2016,03/04/2017,16/04/2017,Z445,1.0,f
Moni,132,2016,10,f,spring,10.960055512009717,107.41399215039073,61.78532808078728,50.82527256877757,13/04/2017 04:19,46.35,-9.199318569,53.5111,8.1056,25/08/2016,29/08/2016,03/04/2017,16/04/2017,Z445,1.0,f
Moni,132,2016,10,f,spring,24.393623217747376,210.69813098027655,75.27717519883507,50.883551981087685,14/04/2017 18:41,46.8,-7.955801105,53.5111,8.1056,25/08/2016,29/08/2016,03/04/2017,16/04/2017,Z445,1.0,f
Moni,133,2017,11,f,autumn,15.240881078458472,1220.448349812461,-125.75224701913857,-140.99312809759704,01/09/2017 18:11,53.55,8.336842105,19.215415019762847,-16.67005789364954,01/09/2017,06/09/2017,31/03/2018,17/04/2018,BD277,1.0,f
Moni,133,2017,11,f,autumn,9.738017435543043,1055.9063852202635,-146.13770605700762,-155.87572349255066,04/09/2017 04:21,46.35,-4.598540146,19.215415019762847,-16.67005789364954,01/09/2017,06/09/2017,31/03/2018,17/04/2018,BD277,1.0,f
Moni,133,2017,11,f,autumn,15.219004065582567,100.07543398010229,180.0,-164.78099593441743,04/09/2017 18:49,38.25,-11.32075472,19.215415019762847,-16.67005789364954,01/09/2017,06/09/2017,31/03/2018,17/04/2018,BD277,1.0,f
Moni,133,2017,11,f,autumn,15.425211629024545,850.6694471607179,-179.51109206831188,-164.08588043928734,05/09/2017 04:43,37.35,-11.32075472,19.215415019762847,-16.67005789364954,01/09/2017,06/09/2017,31/03/2018,17/04/2018,BD277,1.0,f
Moni,133,2017,11,f,autumn,23.801493948190085,823.724758636412,-130.45186356861944,-154.25335751680953,05/09/2017 18:31,29.7,-11.39568345,19.215415019762847,-16.67005789364954,01/09/2017,06/09/2017,31/03/2018,17/04/2018,BD277,1.0,f
Moni,133,2017,11,f,spring,14.979687037179673,754.404506469428,41.99764957861866,27.017962541438987,31/03/2018 18:49,24.75,-17.59776536,53.5111,8.1056,01/09/2017,06/09/2017,31/03/2018,17/04/2018,BD277,1.0,f
Moni,133,2017,11,f,spring,11.198033426341311,259.2708822695816,15.030683332463289,26.228716758804612,01/04/2018 05:21,29.7,-12.37668161,53.5111,8.1056,01/09/2017,06/09/2017,31/03/2018,17/04/2018,BD277,1.0,f
Moni,133,2017,11,f,spring,31.296959250678384,823.8641380183782,58.81811558242113,27.521156331742745,05/04/2018 18:39,31.95,-11.66421208,53.5111,8.1056,01/09/2017,06/09/2017,31/03/2018,17/04/2018,BD277,1.0,f
Moni,133,2017,11,f,spring,63.08052931795143,830.613355096169,-41.74320298724585,21.337326330705586,08/04/2018 04:31,35.55,-3.870967742,53.5111,8.1056,01/09/2017,06/09/2017,31/03/2018,17/04/2018,BD277,1.0,f
Moni,133,2017,11,f,spring,16.972860367518535,161.65906210716193,21.548216970131048,38.521077337649594,16/04/2018 04:26,40.95,-10.4516129,53.5111,8.1056,01/09/2017,06/09/2017,31/03/2018,17/04/2018,BD277,1.0,f
Moni,134,2018,12,f,autumn,22.96431887559683,1093.1694902473798,-118.0288092220002,-140.99312809759704,30/08/2018 18:12,53.55,8.336842105,19.215415019762847,-16.67005789364954,30/08/2018,03/09/2018,,,BL143_18,0.0,f
Moni,134,2018,12,f,autumn,21.593715877179136,650.5901321219367,-178.94234491705757,-157.34862903987843,31/08/2018 18:33,48.15,-4.719101124,19.215415019762847,-16.67005789364954,30/08/2018,03/09/2018,,,BL143_18,0.0,f
Moni,134,2018,12,f,autumn,6.648242978987099,1269.1595964769226,-159.61746546150403,-152.96922248251693,01/09/2018 04:09,42.3,-4.864864865,19.215415019762847,-16.67005789364954,30/08/2018,03/09/2018,,,BL143_18,0.0,f
Moni,135,2019,13,f,autumn,5.055162929697701,1172.7900079019698,-135.93796516789934,-140.99312809759704,27/08/2019 18:12,53.55,8.336842105,19.215415019762847,-16.67005789364954,27/08/2019,01/09/2019,31/03/2020,10/04/2020,BS721_19,1.0,f
Moni,135,2019,13,f,autumn,141.8046216753512,202.59285804275999,-8.759103573137311,-150.56372524848854,28/08/2019 03:14,45.45,-2.117647059,19.215415019762847,-16.67005789364954,27/08/2019,01/09/2019,31/03/2020,10/04/2020,BS721_19,1.0,f
Moni,135,2019,13,f,autumn,3.2698714955543835,327.26724236321627,-155.93791972087922,-152.66804822532484,29/08/2019 03:43,46.8,-2.651933702,19.215415019762847,-16.67005789364954,27/08/2019,01/09/2019,31/03/2020,10/04/2020,BS721_19,1.0,f
Moni,135,2019,13,f,autumn,22.481686672156684,200.62178322088067,-176.01472883995112,-153.53304216779443,29/08/2019 18:51,44.1,-4.322469983,19.215415019762847,-16.67005789364954,27/08/2019,01/09/2019,31/03/2020,10/04/2020,BS721_19,1.0,f
Moni,135,2019,13,f,autumn,13.5435286789793,1338.2189307249175,-138.65491707279918,-152.19844575177848,30/08/2019 04:09,42.3,-4.49197861,19.215415019762847,-16.67005789364954,27/08/2019,01/09/2019,31/03/2020,10/04/2020,BS721_19,1.0,f
Moni,135,2019,13,f,autumn,0.9193694142607853,1621.6383904645938,-170.26859181866578,-169.349222404405,31/08/2019 18:41,32.85,-13.98561151,19.215415019762847,-16.67005789364954,27/08/2019,01/09/2019,31/03/2020,10/04/2020,BS721_19,1.0,f
Moni,135,2019,13,f,spring,7.554682019624039,1352.6225987219204,15.199840784645339,22.75452280426937,31/03/2020 18:47,18.45,-16.55716163,53.5111,8.1056,27/08/2019,01/09/2019,31/03/2020,10/04/2020,BS721_19,1.0,f
Moni,135,2019,13,f,spring,28.890385259017194,1001.6363349743027,-2.281818314981706,26.608566944035477,03/04/2020 18:47,30.15,-12.3782235,53.5111,8.1056,27/08/2019,01/09/2019,31/03/2020,10/04/2020,BS721_19,1.0,f
Moni,135,2019,13,f,spring,68.29654912879988,116.25784450278618,-30.374111848121522,37.92243728067835,04/04/2020 05:08,39.15,-12.83880171,53.5111,8.1056,27/08/2019,01/09/2019,31/03/2020,10/04/2020,BS721_19,1.0,f
Moni,135,2019,13,f,spring,0.10855755238642928,743.8458840155096,40.27644419797656,40.16788664559014,04/04/2020 18:42,40.05,-13.52941176,53.5111,8.1056,27/08/2019,01/09/2019,31/03/2020,10/04/2020,BS721_19,1.0,f
Moni,135,2019,13,f,spring,29.365569347836896,208.40626236878526,15.910412613978643,45.27598196181553,05/04/2020 18:48,45.45,-7.173913043,53.5111,8.1056,27/08/2019,01/09/2019,31/03/2020,10/04/2020,BS721_19,1.0,f
Moni,136,2020,14,f,autumn,17.919939175630304,908.842772569096,-123.07318892196673,-140.99312809759704,10/09/2020 03:36,53.55,8.336842105,19.215415019762847,-16.67005789364954,10/09/2020,13/09/2020,29/03/2021,09/04/2021,BX249_20,1.0,f
Moni,136,2020,14,f,autumn,18.97024609227583,1085.7917096825563,-134.01314558051416,-152.98339167279,11/09/2020 04:27,48.6,-2.041587902,19.215415019762847,-16.67005789364954,10/09/2020,13/09/2020,29/03/2021,09/04/2021,BX249_20,1.0,f
Moni,136,2020,14,f,autumn,6.761083520370249,1683.641794412923,-160.21446322462089,-166.97554674499114,12/09/2020 18:25,41.4,-11.4,19.215415019762847,-16.67005789364954,10/09/2020,13/09/2020,29/03/2021,09/04/2021,BX249_20,1.0,f
Moni,136,2020,14,f,spring,145.59621970401201,352.2675344021468,173.8039928186912,28.207773114679206,29/03/2021 05:36,27.0,-17.09497207,53.5111,8.1056,10/09/2020,13/09/2020,29/03/2021,09/04/2021,BX249_20,1.0,f
Moni,136,2020,14,f,spring,0.19381908382899837,1233.9915879068863,25.580690684143,25.77450976797199,29/03/2021 19:00,23.85,-16.72131148,53.5111,8.1056,10/09/2020,13/09/2020,29/03/2021,09/04/2021,BX249_20,1.0,f
Moni,136,2020,14,f,spring,10.398288610581687,195.2084776963272,39.349480713983056,28.95119210340138,01/04/2021 18:39,34.2,-10.82706767,53.5111,8.1056,10/09/2020,13/09/2020,29/03/2021,09/04/2021,BX249_20,1.0,f
Moni,136,2020,14,f,spring,18.484650211779865,1071.211597615182,10.460116428284934,28.944766640064813,02/04/2021 04:52,35.55,-9.459041731,53.5111,8.1056,10/09/2020,13/09/2020,29/03/2021,09/04/2021,BX249_20,1.0,f
Nikolas,137,2018,7,m,autumn,2.415435575886761,1193.635457555539,-143.33686485691675,-145.7523004328035,28/09/2018 17:01,53.55,8.336842105,10.801480263157895,-16.48861871381579,28/09/2018,30/10/2018,,,BL154_18,1.0,m
Nikolas,137,2018,7,m,autumn,106.97551094016274,145.7218305804546,-46.15285746372465,-153.1283684038874,29/09/2018 04:03,44.55,-0.64171123,10.801480263157895,-16.48861871381579,28/09/2018,30/10/2018,,,BL154_18,1.0,m
Nikolas,137,2018,7,m,autumn,11.23770364717302,1074.029236475339,-144.5233595427816,-155.76106318995463,29/09/2018 17:41,45.45,-1.988950276,10.801480263157895,-16.48861871381579,28/09/2018,30/10/2018,,,BL154_18,1.0,m
Nikolas,137,2018,7,m,autumn,11.073371865202716,150.68371394062328,-174.96808135417174,-163.89470948896903,30/09/2018 04:56,37.35,-9.025069638,10.801480263157895,-16.48861871381579,28/09/2018,30/10/2018,,,BL154_18,1.0,m
Nikolas,137,2018,7,m,autumn,11.864768458419121,451.77554635150716,-175.3179563994672,-163.45318794104807,30/09/2018 17:50,36.0,-9.171974522,10.801480263157895,-16.48861871381579,28/09/2018,30/10/2018,,,BL154_18,1.0,m
Nikolas,137,2018,7,m,autumn,18.3561914582516,450.3394529104628,180.0,-161.6438085417484,01/10/2018 04:56,31.95,-9.5625,10.801480263157895,-16.48861871381579,28/09/2018,30/10/2018,,,BL154_18,1.0,m
Nikolas,137,2018,7,m,autumn,20.847327346440608,1068.775033568446,-136.98037264957108,-157.8276999960117,02/10/2018 17:59,27.9,-9.5625,10.801480263157895,-16.48861871381579,28/09/2018,30/10/2018,,,BL154_18,1.0,m
Nikolas,137,2018,7,m,autumn,0.3916585460308397,200.150867960206,180.0,179.60834145396916,03/10/2018 05:22,20.7,-16.55716163,10.801480263157895,-16.48861871381579,28/09/2018,30/10/2018,,,BL154_18,1.0,m
Nikolas,137,2018,7,m,autumn,179.52208184939565,200.150867960206,0.0,179.52208184939565,03/10/2018 18:21,18.9,-16.55716163,10.801480263157895,-16.48861871381579,28/09/2018,30/10/2018,,,BL154_18,1.0,m
Nikolas,137,2018,7,m,autumn,0.3916585460308397,200.150867960206,180.0,179.60834145396916,05/10/2018 18:25,20.7,-16.55716163,10.801480263157895,-16.48861871381579,28/09/2018,30/10/2018,,,BL154_18,1.0,m
Nikolas,137,2018,7,m,autumn,179.52208184939565,200.150867960206,0.0,179.52208184939565,06/10/2018 18:20,18.9,-16.55716163,10.801480263157895,-16.48861871381579,28/09/2018,30/10/2018,,,BL154_18,1.0,m
Nikolas,137,2018,7,m,autumn,0.3916585460308397,200.150867960206,180.0,179.60834145396916,07/10/2018 05:33,20.7,-16.55716163,10.801480263157895,-16.48861871381579,28/09/2018,30/10/2018,,,BL154_18,1.0,m
Nikolas,137,2018,7,m,autumn,178.98923311456758,100.09523244034504,1.1364876185816777,-179.87427926685072,09/10/2018 05:32,18.9,-16.47058824,10.801480263157895,-16.48861871381579,28/09/2018,30/10/2018,,,BL154_18,1.0,m
Nikolas,137,2018,7,m,autumn,0.23240341910855022,100.07543398010336,180.0,-179.7675965808915,09/10/2018 18:19,19.8,-16.4516129,10.801480263157895,-16.48861871381579,28/09/2018,30/10/2018,,,BL154_18,1.0,m
Nikolas,137,2018,7,m,autumn,179.8933249106533,100.07578506778358,0.15135337572172813,-179.74197153493154,10/10/2018 18:15,18.9,-16.4516129,10.801480263157895,-16.48861871381579,28/09/2018,30/10/2018,,,BL154_18,1.0,m
Nikolas,137,2018,7,m,autumn,6.233780635255528,100.71570291593535,-173.51794772590222,-179.75172836115775,11/10/2018 05:31,19.8,-16.44908616,10.801480263157895,-16.48861871381579,28/09/2018,30/10/2018,,,BL154_18,1.0,m
Nikolas,137,2018,7,m,autumn,0.47791815060435283,100.07543398010264,180.0,179.52208184939565,14/10/2018 18:14,18.9,-16.55716163,10.801480263157895,-16.48861871381579,28/09/2018,30/10/2018,,,BL154_18,1.0,m
Nikolas,137,2018,7,m,autumn,179.46270914961775,100.07543398010264,0.0,179.46270914961775,15/10/2018 05:38,18.0,-16.55716163,10.801480263157895,-16.48861871381579,28/09/2018,30/10/2018,,,BL154_18,1.0,m
Nikolas,137,2018,7,m,autumn,0.47791815060435283,100.07543398010264,180.0,179.52208184939565,16/10/2018 18:11,18.9,-16.55716163,10.801480263157895,-16.48861871381579,28/09/2018,30/10/2018,,,BL154_18,1.0,m
Nikolas,137,2018,7,m,autumn,179.46270914961775,100.07543398010264,0.0,179.46270914961775,18/10/2018 18:06,18.0,-16.55716163,10.801480263157895,-16.48861871381579,28/09/2018,30/10/2018,,,BL154_18,1.0,m
Nikolas,137,2018,7,m,autumn,0.47791815060435283,100.07543398010264,180.0,179.52208184939565,23/10/2018 18:09,18.9,-16.55716163,10.801480263157895,-16.48861871381579,28/09/2018,30/10/2018,,,BL154_18,1.0,m
Nikolas,138,2019,8,m,autumn,18.764575323383326,774.8621816222483,-164.51687575618683,-145.7523004328035,30/09/2019 16:50,53.55,8.336842105,10.801480263157895,-16.48861871381579,30/09/2019,15/11/2019,15/04/2020,28/04/2020,BU573_19,1.0,m
Nikolas,138,2019,8,m,autumn,34.13266676709861,150.11315097015344,180.0,-145.8673332329014,01/10/2019 16:41,46.8,5.255474453,10.801480263157895,-16.48861871381579,30/09/2019,15/11/2019,15/04/2020,28/04/2020,BU573_19,1.0,m
Nikolas,138,2019,8,m,autumn,12.201843786933523,1178.413146035059,-132.7480011800338,-144.94984496696733,02/10/2019 17:09,45.45,5.255474453,10.801480263157895,-16.48861871381579,30/09/2019,15/11/2019,15/04/2020,28/04/2020,BU573_19,1.0,m
Nikolas,138,2019,8,m,autumn,24.672853891343607,150.11315097015344,180.0,-155.32714610865642,07/10/2019 17:25,37.8,-4.585987261,10.801480263157895,-16.48861871381579,30/09/2019,15/11/2019,15/04/2020,28/04/2020,BU573_19,1.0,m
Nikolas,138,2019,8,m,autumn,25.73511293128172,100.07543398010371,180.0,-154.2648870687183,08/10/2019 05:11,36.45,-4.585987261,10.801480263157895,-16.48861871381579,30/09/2019,15/11/2019,15/04/2020,28/04/2020,BU573_19,1.0,m
Nikolas,138,2019,8,m,autumn,7.677432805988644,1067.836595060216,-145.82338970975078,-153.50082251573943,08/10/2019 17:40,35.55,-4.585987261,10.801480263157895,-16.48861871381579,30/09/2019,15/11/2019,15/04/2020,28/04/2020,BU573_19,1.0,m
Nikolas,138,2019,8,m,autumn,9.281103957777134,1296.8997477459527,-151.3375857691876,-160.61868972696473,09/10/2019 17:51,27.45,-10.64788732,10.801480263157895,-16.48861871381579,30/09/2019,15/11/2019,15/04/2020,28/04/2020,BU573_19,1.0,m
Nikolas,138,2019,8,m,autumn,0.2135143603881886,650.5038714116422,-179.62504918608016,-179.83856354646835,05/11/2019 18:00,17.1,-16.47058824,10.801480263157895,-16.48861871381579,30/09/2019,15/11/2019,15/04/2020,28/04/2020,BU573_19,1.0,m
Nikolas,138,2019,8,m,autumn,177.0514714701418,400.3081996184632,0.3233410272930314,177.37481249743482,06/11/2019 05:38,11.25,-16.50955414,10.801480263157895,-16.48861871381579,30/09/2019,15/11/2019,15/04/2020,28/04/2020,BU573_19,1.0,m
Nikolas,138,2019,8,m,autumn,0.0009613098000045284,400.3017359204112,180.0,-179.99903869019994,06/11/2019 18:10,14.85,-16.48854962,10.801480263157895,-16.48861871381579,30/09/2019,15/11/2019,15/04/2020,28/04/2020,BU573_19,1.0,m
Nikolas,138,2019,8,m,spring,19.77420970918348,950.7166228109772,0.0,19.774209709183484,15/04/2020 05:27,10.8,-16.48854962,53.5111,8.1056,30/09/2019,15/11/2019,15/04/2020,28/04/2020,BU573_19,1.0,m
Nikolas,138,2019,8,m,spring,23.130068464592313,100.07543398010264,0.0,23.130068464592323,16/04/2020 05:22,19.35,-16.48854962,53.5111,8.1056,30/09/2019,15/11/2019,15/04/2020,28/04/2020,BU573_19,1.0,m
Nikolas,138,2019,8,m,spring,2.578229096839067,750.317074242123,20.49418525632181,23.072414353160873,18/04/2020 05:11,20.25,-15.81890812,53.5111,8.1056,30/09/2019,15/11/2019,15/04/2020,28/04/2020,BU573_19,1.0,m
Nikolas,138,2019,8,m,spring,3.1448896799857096,169.90258612048362,27.74731096908318,24.602421289097478,18/04/2020 19:10,26.55,-13.18309859,53.5111,8.1056,30/09/2019,15/11/2019,15/04/2020,28/04/2020,BU573_19,1.0,m
Nikolas,138,2019,8,m,spring,19.65393522934542,1206.966000313565,5.407108375275273,25.061043604620693,23/04/2020 04:37,28.35,-12.27272727,53.5111,8.1056,30/09/2019,15/11/2019,15/04/2020,28/04/2020,BU573_19,1.0,m
Nikolas,138,2019,8,m,spring,23.31517183440411,100.93393586290934,59.95331240007938,36.63814056567526,26/04/2020 04:16,39.6,-10.96153846,53.5111,8.1056,30/09/2019,15/11/2019,15/04/2020,28/04/2020,BU573_19,1.0,m
Nikolas,138,2019,8,m,spring,15.6667526068629,971.6994298893858,20.536572322561366,36.20332492942427,26/04/2020 19:14,40.05,-9.935064935,53.5111,8.1056,30/09/2019,15/11/2019,15/04/2020,28/04/2020,BU573_19,1.0,m
Nirmala,139,2019,6,f,autumn,8.514363183042093,1115.9097809660652,-151.02871564597336,-142.51435246293127,05/09/2019 03:09,53.1,6.75,19.635593220338983,-16.720074658870058,05/09/2019,09/09/2019,09/04/2020,23/04/2020,BS739_19,1.0,f
Nirmala,139,2019,6,f,autumn,1.0843604698691536,358.4843114407385,-146.0451519072573,-144.96079143738814,05/09/2019 18:12,44.1,0.0,19.635593220338983,-16.720074658870058,05/09/2019,09/09/2019,09/04/2020,23/04/2020,BS739_19,1.0,f
Nirmala,139,2019,6,f,autumn,4.392160032055415,1787.9454797681565,-150.85322872914628,-146.46106869709087,06/09/2019 04:09,41.4,-2.4,19.635593220338983,-16.720074658870058,05/09/2019,09/09/2019,09/04/2020,23/04/2020,BS739_19,1.0,f
Nirmala,139,2019,6,f,autumn,143.8613485332063,200.150867960206,0.0,-143.86134853320632,07/09/2019 18:21,27.0,-11.10799439,19.635593220338983,-16.720074658870058,05/09/2019,09/09/2019,09/04/2020,23/04/2020,BS739_19,1.0,f
Nirmala,139,2019,6,f,autumn,23.898814233272418,665.5836474463237,-125.71746299775009,-149.6162772310225,08/09/2019 18:27,28.8,-11.10799439,19.635593220338983,-16.720074658870058,05/09/2019,09/09/2019,09/04/2020,23/04/2020,BS739_19,1.0,f
Nirmala,139,2019,6,f,spring,15.863197283151322,101.89634423979041,10.805264783580686,26.668462066731998,14/04/2020 05:15,26.1,-15.9778086,53.5111,8.1056,05/09/2019,09/09/2019,09/04/2020,23/04/2020,BS739_19,1.0,f
Nirmala,139,2019,6,f,spring,4.287380490728793,1042.8944336729435,23.14850606936571,27.43588656009451,15/04/2020 05:04,27.45,-15.71830986,53.5111,8.1056,05/09/2019,09/09/2019,09/04/2020,23/04/2020,BS739_19,1.0,f
Nirmala,139,2019,6,f,spring,18.282692738205782,1347.7500058636826,13.803390855666594,32.086083593872374,17/04/2020 04:39,36.45,-11.17647059,53.5111,8.1056,05/09/2019,09/09/2019,09/04/2020,23/04/2020,BS739_19,1.0,f
Nirmala,140,2020,7,f,autumn,0.2810360293039196,1439.637338378149,-142.23331643362735,-142.51435246293127,09/09/2020 17:51,53.1,6.75,19.635593220338983,-16.720074658870058,09/09/2020,13/09/2020,16/04/2021,30/04/2021,BX254_20,1.0,f
Nirmala,140,2020,7,f,autumn,61.77956684853285,289.4372155622068,-88.81545101549439,-150.59501786402726,10/09/2020 04:04,42.3,-3.941605839,19.635593220338983,-16.720074658870058,09/09/2020,13/09/2020,16/04/2021,30/04/2021,BX254_20,1.0,f
Nirmala,140,2020,7,f,autumn,2.529095646186505,1105.427790301934,-160.63468431863572,-158.10558867244922,10/09/2020 18:25,42.3,-7.461139896,19.635593220338983,-16.720074658870058,09/09/2020,13/09/2020,16/04/2021,30/04/2021,BX254_20,1.0,f
Nirmala,140,2020,7,f,autumn,1.9023034759936763,1374.3594156288073,-160.0948121261832,-161.99711560217688,12/09/2020 18:27,32.4,-12.37668161,19.635593220338983,-16.720074658870058,09/09/2020,13/09/2020,16/04/2021,30/04/2021,BX254_20,1.0,f
Nirmala,140,2020,7,f,spring,7.312300064620331,887.8398454469425,31.38556877684231,24.073268712221964,16/04/2021 05:18,20.7,-16.84491979,53.5111,8.1056,09/09/2020,13/09/2020,16/04/2021,30/04/2021,BX254_20,1.0,f
Nirmala,140,2020,7,f,spring,6.350392196972081,210.98424817920392,18.277683690728498,24.628075887700586,19/04/2021 04:43,27.9,-12.16901408,53.5111,8.1056,09/09/2020,13/09/2020,16/04/2021,30/04/2021,BX254_20,1.0,f
Nirmala,140,2020,7,f,spring,16.137833533858043,659.5677739085352,9.215639499584931,25.353473033442977,19/04/2021 18:56,29.7,-11.48404993,53.5111,8.1056,09/09/2020,13/09/2020,16/04/2021,30/04/2021,BX254_20,1.0,f
Nirmala,140,2020,7,f,spring,24.157992601843716,1209.84125900867,6.417365746364744,30.57535834820847,22/04/2021 04:13,36.45,-9.870967742,53.5111,8.1056,09/09/2020,13/09/2020,16/04/2021,30/04/2021,BX254_20,1.0,f
Padme,141,2018,15,f,autumn,8.824661166385027,1105.3594978267292,-160.0148871058736,-168.83954827225864,12/09/2018 03:24,53.55,8.336842105,4.297651006711409,-0.18198947908456375,12/09/2018,26/09/2018,08/04/2019,07/05/2019,BD678_18,1.0,f
Padme,141,2018,15,f,autumn,39.035728485046604,935.8093547382397,-135.96706179765283,-175.00279028269944,13/09/2018 04:00,43.65,3.0,4.297651006711409,-0.18198947908456375,12/09/2018,26/09/2018,08/04/2019,07/05/2019,BD678_18,1.0,f
Padme,141,2018,15,f,autumn,68.3315398904399,483.26954645838043,-119.79304092911364,171.87541918044647,14/09/2018 04:29,37.35,-4.64516129,4.297651006711409,-0.18198947908456375,12/09/2018,26/09/2018,08/04/2019,07/05/2019,BD678_18,1.0,f
Padme,141,2018,15,f,autumn,47.62930372409551,231.04823216593275,-149.67097859544856,162.69971768045593,14/09/2018 18:28,35.1,-9.255751015,4.297651006711409,-0.18198947908456375,12/09/2018,26/09/2018,08/04/2019,07/05/2019,BD678_18,1.0,f
Padme,141,2018,15,f,autumn,51.365270085167595,1260.6118992712427,-149.22299181716875,159.4117380976637,16/09/2018 18:28,33.3,-10.51094891,4.297651006711409,-0.18198947908456375,12/09/2018,26/09/2018,08/04/2019,07/05/2019,BD678_18,1.0,f
Padme,141,2018,15,f,autumn,41.772531398142746,100.0846590711989,179.21945860228456,137.44692720414182,17/09/2018 05:25,23.4,-16.80339463,4.297651006711409,-0.18198947908456375,12/09/2018,26/09/2018,08/04/2019,07/05/2019,BD678_18,1.0,f
Padme,141,2018,15,f,autumn,44.574503012738205,100.07543398010336,180.0,135.4254969872618,21/09/2018 18:33,22.05,-16.79012346,4.297651006711409,-0.18198947908456375,12/09/2018,26/09/2018,08/04/2019,07/05/2019,BD678_18,1.0,f
Padme,141,2018,15,f,autumn,46.01263107985051,100.07543398010264,180.0,133.9873689201495,22/09/2018 18:28,21.15,-16.77762983,4.297651006711409,-0.18198947908456375,12/09/2018,26/09/2018,08/04/2019,07/05/2019,BD678_18,1.0,f
Padme,141,2018,15,f,autumn,14.569199735453054,1064.116741249162,147.01208411132163,132.44288437586857,23/09/2018 05:34,20.25,-16.77762983,4.297651006711409,-0.18198947908456375,12/09/2018,26/09/2018,08/04/2019,07/05/2019,BD678_18,1.0,f
Padme,141,2018,15,f,autumn,42.616039307574624,756.2051203299458,81.65040356242402,124.26644286999866,24/09/2018 05:14,12.15,-11.43583227,4.297651006711409,-0.18198947908456375,12/09/2018,26/09/2018,08/04/2019,07/05/2019,BD678_18,1.0,f
Padme,141,2018,15,f,autumn,1.0771797452773626,923.4987032864766,156.78758081426977,157.86476055954714,25/09/2018 17:38,13.05,-3.730569948,4.297651006711409,-0.18198947908456375,12/09/2018,26/09/2018,08/04/2019,07/05/2019,BD678_18,1.0,f
Padme,141,2018,15,f,spring,130.18214007738462,903.2557956908166,-123.40884790338603,6.773292173998572,08/04/2019 05:09,5.4,-0.452261307,53.5111,8.1056,12/09/2018,26/09/2018,08/04/2019,07/05/2019,BD678_18,1.0,f
Padme,141,2018,15,f,spring,36.84454463052117,111.02383779229307,-25.65449842160905,11.190046208912106,08/04/2019 17:53,0.9,-7.227101631,53.5111,8.1056,12/09/2018,26/09/2018,08/04/2019,07/05/2019,BD678_18,1.0,f
Padme,141,2018,15,f,spring,48.129928553473746,1185.6324957705265,-36.40631977998038,11.723608773493375,09/04/2019 18:18,2.25,-7.707808564,53.5111,8.1056,12/09/2018,26/09/2018,08/04/2019,07/05/2019,BD678_18,1.0,f
Padme,141,2018,15,f,spring,94.44413294521192,208.34561017462775,-75.92766390358864,18.516469041623285,10/04/2019 18:38,10.8,-14.65648855,53.5111,8.1056,12/09/2018,26/09/2018,08/04/2019,07/05/2019,BD678_18,1.0,f
Padme,141,2018,15,f,spring,20.107187515063828,100.075433980103,0.0,20.10718751506383,12/04/2019 05:34,11.7,-16.55172414,53.5111,8.1056,12/09/2018,26/09/2018,08/04/2019,07/05/2019,BD678_18,1.0,f
Padme,141,2018,15,f,spring,26.822596466853042,705.0689374189375,-6.412023890777381,20.410572576075673,12/04/2019 18:48,12.6,-16.55172414,53.5111,8.1056,12/09/2018,26/09/2018,08/04/2019,07/05/2019,BD678_18,1.0,f
Padme,141,2018,15,f,spring,29.085231971177762,100.55147507273439,-5.562171913928987,23.523060057248767,14/04/2019 05:24,18.9,-17.32620321,53.5111,8.1056,12/09/2018,26/09/2018,08/04/2019,07/05/2019,BD678_18,1.0,f
Padme,141,2018,15,f,spring,24.159349109531604,100.07543398010264,0.0,24.159349109531615,19/04/2019 05:19,19.8,-17.59577279,53.5111,8.1056,12/09/2018,26/09/2018,08/04/2019,07/05/2019,BD678_18,1.0,f
Padme,141,2018,15,f,spring,6.362271031859962,1307.6930661154493,31.22717600666444,24.864904974804467,22/04/2019 05:04,21.15,-17.59577279,53.5111,8.1056,12/09/2018,26/09/2018,08/04/2019,07/05/2019,BD678_18,1.0,f
Padme,141,2018,15,f,spring,24.161636088705222,350.4301092064778,1.7332263771936827,25.894862465898903,03/05/2019 04:25,31.5,-10.51094891,53.5111,8.1056,12/09/2018,26/09/2018,08/04/2019,07/05/2019,BD678_18,1.0,f
Padme,141,2018,15,f,spring,28.86031516792991,450.34042936615805,0.11626162710775761,28.97657679503766,04/05/2019 04:20,34.65,-10.39513678,53.5111,8.1056,12/09/2018,26/09/2018,08/04/2019,07/05/2019,BD678_18,1.0,f
Padme,141,2018,15,f,spring,31.141368008693036,100.2297927746594,3.160018986785392,34.30138699547843,05/05/2019 04:00,38.7,-10.25316456,53.5111,8.1056,12/09/2018,26/09/2018,08/04/2019,07/05/2019,BD678_18,1.0,f
Padme,141,2018,15,f,spring,20.382009755354318,624.707637783179,15.338541596888518,35.720551352242836,06/05/2019 03:59,39.6,-10.18867925,53.5111,8.1056,12/09/2018,26/09/2018,08/04/2019,07/05/2019,BD678_18,1.0,f
Padme,142,2019,16,f,autumn,2.780203534329786,908.8641889561899,-171.61975180658843,-168.83954827225864,07/09/2019 03:06,53.55,8.336842105,4.297651006711409,-0.18198947908456375,07/09/2019,29/09/2019,28/03/2020,,BU571_19,1.0,f
Padme,142,2019,16,f,autumn,80.47966568496292,167.89018504163943,-89.23304372477463,-169.71270940973756,07/09/2019 17:44,45.45,6.644295302,4.297651006711409,-0.18198947908456375,07/09/2019,29/09/2019,28/03/2020,,BU571_19,1.0,f
Padme,142,2019,16,f,autumn,69.95133788647684,1144.3679895688153,-102.98439303970771,-172.93573092618453,08/09/2019 03:44,45.45,4.49197861,4.297651006711409,-0.18198947908456375,07/09/2019,29/09/2019,28/03/2020,,BU571_19,1.0,f
Padme,142,2019,16,f,autumn,44.76312248361296,1361.3798275636575,-149.54541641703176,165.69146109935525,12/09/2019 18:29,42.3,-9.121621622,4.297651006711409,-0.18198947908456375,07/09/2019,29/09/2019,28/03/2020,,BU571_19,1.0,f
Padme,142,2019,16,f,autumn,10.76133300078024,1017.1670027071283,158.27783207223436,147.51649907145412,25/09/2019 18:25,31.5,-16.36363636,4.297651006711409,-0.18198947908456375,07/09/2019,29/09/2019,28/03/2020,,BU571_19,1.0,f
Padme,142,2019,16,f,autumn,8.79817171627036,1415.796596821524,136.3670722192168,145.16524393548715,26/09/2019 18:08,22.95,-12.70013569,4.297651006711409,-0.18198947908456375,07/09/2019,29/09/2019,28/03/2020,,BU571_19,1.0,f
Pinelopi,143,2016,6,f,autumn,34.72102853802758,165.57014076539647,-106.63411813108453,-141.35514666911212,30/08/2016 02:42,53.55,8.336842105,18.802115812917595,-16.592244565582774,30/08/2016,07/09/2016,02/04/2017,10/04/2017,Z446,0.0,f
Pinelopi,143,2016,6,f,autumn,10.355747837131332,710.4569880810643,-154.6744912782266,-144.31874344109528,30/08/2016 18:15,53.1,5.960264901,18.802115812917595,-16.592244565582774,30/08/2016,07/09/2016,02/04/2017,10/04/2017,Z446,0.0,f
Pinelopi,143,2016,6,f,autumn,1.4483406321656105,541.2976348995336,-144.8971763007397,-146.3455169329053,01/09/2016 03:21,47.25,1.515789474,18.802115812917595,-16.592244565582774,30/08/2016,07/09/2016,02/04/2017,10/04/2017,Z446,0.0,f
Pinelopi,143,2016,6,f,autumn,2.114454493523965,226.97080461844698,-151.42084802308503,-149.30639352956106,01/09/2016 18:19,43.2,-2.322580645,18.802115812917595,-16.592244565582774,30/08/2016,07/09/2016,02/04/2017,10/04/2017,Z446,0.0,f
Pinelopi,143,2016,6,f,autumn,8.94352156406319,267.3969687029858,-158.96707185140144,-150.02355028733825,02/09/2016 03:46,41.4,-3.624161074,18.802115812917595,-16.592244565582774,30/08/2016,07/09/2016,02/04/2017,10/04/2017,Z446,0.0,f
Pinelopi,143,2016,6,f,autumn,1.8175091282027154,842.7329564818898,-151.66785238249958,-149.85034325429686,03/09/2016 04:18,38.7,-4.974093264,18.802115812917595,-16.592244565582774,30/08/2016,07/09/2016,02/04/2017,10/04/2017,Z446,0.0,f
Pinelopi,143,2016,6,f,autumn,16.396171884107275,153.52918904592093,-167.80203505946318,-151.4058631753559,03/09/2016 18:39,31.95,-9.204545455,18.802115812917595,-16.592244565582774,30/08/2016,07/09/2016,02/04/2017,10/04/2017,Z446,0.0,f
Pinelopi,143,2016,6,f,autumn,16.88539738465667,596.572736070195,-131.0604272888586,-147.94582467351526,06/09/2016 18:25,29.7,-9.543446244,18.802115812917595,-16.592244565582774,30/08/2016,07/09/2016,02/04/2017,10/04/2017,Z446,0.0,f
Pinelopi,143,2016,6,f,spring,17.103224092352235,404.31753463439503,7.9504272778835166,25.053651370235755,02/04/2017 05:16,26.1,-14.04624277,53.5111,8.1056,30/08/2016,07/09/2016,02/04/2017,10/04/2017,Z446,0.0,f
Pinelopi,143,2016,6,f,spring,24.181904269255824,150.2913733586993,2.771490660651592,26.95339492990742,07/04/2017 04:56,29.7,-13.13868613,53.5111,8.1056,30/08/2016,07/09/2016,02/04/2017,10/04/2017,Z446,0.0,f
Pinelopi,143,2016,6,f,spring,1.2482873514003643,931.2990786756751,29.313641555123663,28.065354203723295,07/04/2017 19:09,31.05,-13.06240929,53.5111,8.1056,30/08/2016,07/09/2016,02/04/2017,10/04/2017,Z446,0.0,f
Pinelopi,143,2016,6,f,spring,19.510770247146354,1089.31784334468,50.02435187550363,30.513581628357294,08/04/2017 18:50,38.25,-7.852348993,53.5111,8.1056,30/08/2016,07/09/2016,02/04/2017,10/04/2017,Z446,0.0,f
Pinelopi,144,2017,7,f,autumn,17.411427263971348,1187.4705934855433,-123.94371940514075,-141.35514666911212,01/09/2017 18:16,53.55,8.336842105,18.802115812917595,-16.592244565582774,01/09/2017,07/09/2017,31/03/2018,13/04/2018,BD669_17,1.0,f
Pinelopi,144,2017,7,f,autumn,16.75426939595056,251.78364289040422,-173.41689623127672,-156.66262683532617,04/09/2017 04:17,46.35,-4.809160305,18.802115812917595,-16.592244565582774,01/09/2017,07/09/2017,31/03/2018,13/04/2018,BD669_17,1.0,f
Pinelopi,144,2017,7,f,autumn,15.375677218650111,759.9090008347317,-140.27755231362306,-155.65322953227317,04/09/2017 18:20,44.1,-5.170556553,18.802115812917595,-16.592244565582774,01/09/2017,07/09/2017,31/03/2018,13/04/2018,BD669_17,1.0,f
Pinelopi,144,2017,7,f,autumn,5.448949679992296,534.9494569730351,-158.63885815749146,-164.08780783748375,05/09/2017 04:34,38.7,-10.76233184,18.802115812917595,-16.592244565582774,01/09/2017,07/09/2017,31/03/2018,13/04/2018,BD669_17,1.0,f
Pinelopi,144,2017,7,f,autumn,13.054289692036946,100.07543398010371,180.0,-166.94571030796308,05/09/2017 18:41,34.2,-12.879046,18.802115812917595,-16.592244565582774,01/09/2017,07/09/2017,31/03/2018,13/04/2018,BD669_17,1.0,f
Pinelopi,144,2017,7,f,autumn,4.508809084820371,304.11348438118955,-170.69063387939684,-166.18182479457647,06/09/2017 04:58,33.3,-12.879046,18.802115812917595,-16.592244565582774,01/09/2017,07/09/2017,31/03/2018,13/04/2018,BD669_17,1.0,f
Pinelopi,144,2017,7,f,autumn,0.9639274772612509,1437.0528762723368,-166.4244080806198,-165.46048060335855,06/09/2017 18:41,30.6,-13.39285714,18.802115812917595,-16.592244565582774,01/09/2017,07/09/2017,31/03/2018,13/04/2018,BD669_17,1.0,f
Pinelopi,144,2017,7,f,spring,18.766204042865866,802.4361394913831,3.782617937497665,22.54882198036354,31/03/2018 05:32,18.0,-16.55716163,53.5111,8.1056,01/09/2017,07/09/2017,31/03/2018,13/04/2018,BD669_17,1.0,f
Pinelopi,144,2017,7,f,spring,63.345118865007976,262.28925913050006,89.44492376130893,26.099804896300938,01/04/2018 05:27,25.2,-16.03238866,53.5111,8.1056,01/09/2017,07/09/2017,31/03/2018,13/04/2018,BD669_17,1.0,f
Pinelopi,144,2017,7,f,spring,23.924682507967987,250.18858495025714,0.0,23.924682507967997,01/04/2018 18:51,25.2,-13.42541436,53.5111,8.1056,01/09/2017,07/09/2017,31/03/2018,13/04/2018,BD669_17,1.0,f
Pinelopi,144,2017,7,f,spring,2.345676662597981,766.226136814934,23.110766584256154,25.45644324685414,02/04/2018 05:17,27.45,-13.42541436,53.5111,8.1056,01/09/2017,07/09/2017,31/03/2018,13/04/2018,BD669_17,1.0,f
Pinelopi,144,2017,7,f,spring,20.57394215708942,353.1295990912176,7.1642465689661385,27.738188726055554,02/04/2018 18:36,33.75,-10.17857143,53.5111,8.1056,01/09/2017,07/09/2017,31/03/2018,13/04/2018,BD669_17,1.0,f
Pinelopi,144,2017,7,f,spring,4.502775207071579,1490.8748677436095,26.425533052249875,30.928308259321444,05/04/2018 18:31,36.9,-9.66442953,53.5111,8.1056,01/09/2017,07/09/2017,31/03/2018,13/04/2018,BD669_17,1.0,f
Pinelopi,144,2017,7,f,spring,47.58026454327697,100.07543398010371,0.0,47.58026454327697,07/04/2018 04:02,49.05,-0.687022901,53.5111,8.1056,01/09/2017,07/09/2017,31/03/2018,13/04/2018,BD669_17,1.0,f
Pinelopi,145,2018,8,f,autumn,31.181446000441753,1007.8392009031339,-172.53659266955387,-141.35514666911212,30/08/2018 03:11,53.55,8.336842105,18.802115812917595,-16.592244565582774,30/08/2018,05/09/2018,,,BL131_18,0.0,f
Pinelopi,145,2018,8,f,autumn,32.638507109139084,399.08144806384587,-102.82747730075245,-135.46598440989155,30/08/2018 18:13,44.55,6.691449814,18.802115812917595,-16.592244565582774,30/08/2018,05/09/2018,,,BL131_18,0.0,f
Pinelopi,145,2018,8,f,autumn,14.788312051349578,1073.6074759819958,-127.44922709049384,-142.2375391418434,31/08/2018 03:21,43.65,1.852487136,18.802115812917595,-16.592244565582774,30/08/2018,05/09/2018,,,BL131_18,0.0,f
Pinelopi,145,2018,8,f,autumn,10.183714137038379,206.3581424956156,-165.74772492855857,-155.5640107915202,02/09/2018 18:39,36.45,-8.385093168,18.802115812917595,-16.592244565582774,30/08/2018,05/09/2018,,,BL131_18,0.0,f
Pinelopi,145,2018,8,f,autumn,7.199452399996574,818.4627474294532,-147.63563227906414,-154.8350846790607,03/09/2018 04:50,34.65,-8.940397351,18.802115812917595,-16.592244565582774,30/08/2018,05/09/2018,,,BL131_18,0.0,f
Pinelopi,146,2019,9,f,autumn,35.56643940036497,1052.042214434619,-176.9215860694771,-141.35514666911212,25/08/2019 18:25,53.55,8.336842105,18.802115812917595,-16.592244565582774,25/08/2019,30/08/2019,26/02/2020,06/04/2020,BS709_19,1.0,f
Pinelopi,146,2019,9,f,autumn,41.696506944843236,1218.2651950397162,-91.85903758446878,-133.55554452931202,26/08/2019 03:01,44.1,7.632508834,18.802115812917595,-16.592244565582774,25/08/2019,30/08/2019,26/02/2020,06/04/2020,BS709_19,1.0,f
Pinelopi,146,2019,9,f,autumn,3.6488883763948934,1191.6258866859941,-155.77190461344216,-159.42079298983705,28/08/2019 04:40,42.75,-7.513043478,18.802115812917595,-16.592244565582774,25/08/2019,30/08/2019,26/02/2020,06/04/2020,BS709_19,1.0,f
Pinelopi,146,2019,9,f,autumn,1.0677837714607392,1850.3036875001478,-165.8017854127256,-164.73400164126485,29/08/2019 18:48,32.4,-12.72459499,18.802115812917595,-16.592244565582774,25/08/2019,30/08/2019,26/02/2020,06/04/2020,BS709_19,1.0,f
Pinelopi,146,2019,9,f,spring,158.33656391132837,450.33945291046314,180.0,21.663436088671617,28/02/2020 06:01,15.3,-16.91906005,53.5111,8.1056,25/08/2019,30/08/2019,26/02/2020,06/04/2020,BS709_19,1.0,f
Pinelopi,146,2019,9,f,spring,179.7353833092019,106.43847700921788,-160.0567512670396,20.20786542375853,28/02/2020 18:49,11.25,-16.91906005,53.5111,8.1056,25/08/2019,30/08/2019,26/02/2020,06/04/2020,BS709_19,1.0,f
Pinelopi,146,2019,9,f,spring,158.79898491817698,100.09676974797092,178.81541504543299,20.016430127256008,05/03/2020 18:50,9.9,-17.27272727,53.5111,8.1056,25/08/2019,30/08/2019,26/02/2020,06/04/2020,BS709_19,1.0,f
Pinelopi,146,2019,9,f,spring,21.40552319208595,150.18908269763432,-1.8186000443813854,19.58692314770457,09/03/2020 18:50,8.55,-17.22921914,53.5111,8.1056,25/08/2019,30/08/2019,26/02/2020,06/04/2020,BS709_19,1.0,f
Pinelopi,146,2019,9,f,spring,22.748988980829154,100.18967793120126,-2.732558853573157,20.016430127256008,10/03/2020 05:56,9.9,-17.27272727,53.5111,8.1056,25/08/2019,30/08/2019,26/02/2020,06/04/2020,BS709_19,1.0,f
Pinelopi,146,2019,9,f,spring,20.899773908597695,500.4000353818824,-0.5430486753823853,20.356725233215293,11/03/2020 06:01,10.8,-17.36040609,53.5111,8.1056,25/08/2019,30/08/2019,26/02/2020,06/04/2020,BS709_19,1.0,f
Pinelopi,146,2019,9,f,spring,12.076919800754865,203.21912185317714,9.923905191742902,22.000824992497755,15/03/2020 05:57,15.3,-17.40458015,53.5111,8.1056,25/08/2019,30/08/2019,26/02/2020,06/04/2020,BS709_19,1.0,f
Pinelopi,146,2019,9,f,spring,14.46461188602035,758.3717439634067,8.056713809492273,22.521325695512623,15/03/2020 18:49,17.1,-17.07509881,53.5111,8.1056,25/08/2019,30/08/2019,26/02/2020,06/04/2020,BS709_19,1.0,f
Pinelopi,146,2019,9,f,spring,25.203611564918162,350.2640189303598,0.0,25.20361156491816,17/03/2020 18:55,23.85,-15.98853868,53.5111,8.1056,25/08/2019,30/08/2019,26/02/2020,06/04/2020,BS709_19,1.0,f
Pinelopi,146,2019,9,f,spring,152.6773189197312,350.2640189303598,180.0,27.322681080268776,18/03/2020 05:41,27.0,-15.98853868,53.5111,8.1056,25/08/2019,30/08/2019,26/02/2020,06/04/2020,BS709_19,1.0,f
Pinelopi,146,2019,9,f,spring,25.203611564918162,500.3771699005143,0.0,25.20361156491816,19/03/2020 05:46,23.85,-15.98853868,53.5111,8.1056,25/08/2019,30/08/2019,26/02/2020,06/04/2020,BS709_19,1.0,f
Pinelopi,146,2019,9,f,spring,23.76923244089471,100.40008098404299,4.589052725574305,28.358285166469017,21/03/2020 05:41,28.35,-15.98853868,53.5111,8.1056,25/08/2019,30/08/2019,26/02/2020,06/04/2020,BS709_19,1.0,f
Pinelopi,146,2019,9,f,spring,23.04137193153437,499.4662579136298,52.01080329609882,28.969431364564457,26/03/2020 05:32,29.25,-15.83577713,53.5111,8.1056,25/08/2019,30/08/2019,26/02/2020,06/04/2020,BS709_19,1.0,f
Pinelopi,146,2019,9,f,spring,24.96017956828726,801.4770677499131,2.560976763455474,27.521156331742745,26/03/2020 18:45,31.95,-11.66421208,53.5111,8.1056,25/08/2019,30/08/2019,26/02/2020,06/04/2020,BS709_19,1.0,f
Pinelopi,146,2019,9,f,spring,33.83200779332171,150.24440681068987,2.3718109374908396,36.20381873081256,27/03/2020 05:21,39.15,-11.25,53.5111,8.1056,25/08/2019,30/08/2019,26/02/2020,06/04/2020,BS709_19,1.0,f
Pinelopi,146,2019,9,f,spring,11.195806241021387,1206.9363819375756,50.406112987053085,39.210306746031684,04/04/2020 18:49,40.95,-11.03918228,53.5111,8.1056,25/08/2019,30/08/2019,26/02/2020,06/04/2020,BS709_19,1.0,f
Pinelopi,147,2020,10,f,autumn,2.042592686294853,902.6205250625337,-143.39773935540697,-141.35514666911212,01/09/2020 18:10,53.55,8.336842105,18.802115812917595,-16.592244565582774,01/09/2020,05/09/2020,21/03/2021,12/04/2021,BX229_20,1.0,f
Pinelopi,147,2020,10,f,autumn,146.34487515661004,100.07543398010371,0.0,-146.34487515661004,02/09/2020 03:31,46.8,1.272084806,18.802115812917595,-16.592244565582774,01/09/2020,05/09/2020,21/03/2021,12/04/2021,BX229_20,1.0,f
Pinelopi,147,2020,10,f,autumn,32.864480837910435,300.226301940309,180.0,-147.13551916208957,02/09/2020 18:09,47.7,1.272084806,18.802115812917595,-16.592244565582774,01/09/2020,05/09/2020,21/03/2021,12/04/2021,BX229_20,1.0,f
Pinelopi,147,2020,10,f,autumn,9.311191333186969,942.7439485053841,-135.32682036903068,-144.63801170221765,03/09/2020 03:57,45.0,1.272084806,18.802115812917595,-16.592244565582774,01/09/2020,05/09/2020,21/03/2021,12/04/2021,BX229_20,1.0,f
Pinelopi,147,2020,10,f,autumn,117.96585809222029,285.8362598384733,88.97005741265876,-153.06408449512097,03/09/2020 18:15,38.7,-6.360424028,18.802115812917595,-16.592244565582774,01/09/2020,05/09/2020,21/03/2021,12/04/2021,BX229_20,1.0,f
Pinelopi,147,2020,10,f,autumn,10.772523131769901,1022.8253193163724,-134.87520237241964,-145.64772550418954,04/09/2020 04:22,38.7,-3.066439523,18.802115812917595,-16.592244565582774,01/09/2020,05/09/2020,21/03/2021,12/04/2021,BX229_20,1.0,f
Pinelopi,147,2020,10,f,autumn,0.3326905721318667,1566.7935793484,-156.43016228293712,-156.76285285506899,04/09/2020 18:50,31.95,-10.73863636,18.802115812917595,-16.592244565582774,01/09/2020,05/09/2020,21/03/2021,12/04/2021,BX229_20,1.0,f
Pinelopi,147,2020,10,f,spring,24.354713540678574,750.7761329945856,-1.3255630361208999,23.029150504557677,21/03/2021 05:42,18.9,-16.64464993,53.5111,8.1056,01/09/2020,05/09/2020,21/03/2021,12/04/2021,BX229_20,1.0,f
Pinelopi,147,2020,10,f,spring,27.33762770737374,200.1508679602053,0.0,27.33762770737373,23/03/2021 19:04,26.1,-16.81751825,53.5111,8.1056,01/09/2020,05/09/2020,21/03/2021,12/04/2021,BX229_20,1.0,f
Pinelopi,147,2020,10,f,spring,0.257854310116727,1161.6555057340963,28.93387751723339,28.676023207116657,24/03/2021 05:31,27.9,-16.81751825,53.5111,8.1056,01/09/2020,05/09/2020,21/03/2021,12/04/2021,BX229_20,1.0,f
Pinelopi,147,2020,10,f,spring,31.634037858549362,100.07543398010229,0.0,31.634037858549352,27/03/2021 18:39,36.9,-10.25316456,53.5111,8.1056,01/09/2020,05/09/2020,21/03/2021,12/04/2021,BX229_20,1.0,f
Pinelopi,147,2020,10,f,spring,2.133140531716947,830.1428612797092,30.78346732829805,32.916607860014985,30/03/2021 18:29,37.8,-10.25316456,53.5111,8.1056,01/09/2020,05/09/2020,21/03/2021,12/04/2021,BX229_20,1.0,f
Pinelopi,147,2020,10,f,spring,9.17811720086948,769.998142231264,46.79490563087241,37.61678843000292,09/04/2021 18:16,44.1,-4.939965695,53.5111,8.1056,01/09/2020,05/09/2020,21/03/2021,12/04/2021,BX229_20,1.0,f
Pontus,148,2016,5,m,autumn,11.254041694575193,640.1120793031102,-158.4449260342738,-169.698967728849,24/08/2016 02:24,53.55,8.336842105,6.160666666666667,0.6802210347437038,24/08/2016,05/09/2016,,,Z597,1.0,m
Pontus,148,2016,5,m,autumn,7.0568173849584355,257.2147634593292,-166.2841022108892,-173.34091959584762,24/08/2016 18:28,48.15,5.170556553,6.160666666666667,0.6802210347437038,24/08/2016,05/09/2016,,,Z597,1.0,m
Pontus,148,2016,5,m,autumn,12.077954118325948,260.24297996191115,-163.70166180440077,-175.77961592272672,26/08/2016 03:25,45.45,3.370786517,6.160666666666667,0.6802210347437038,24/08/2016,05/09/2016,,,Z597,1.0,m
Pontus,148,2016,5,m,autumn,42.00250157642523,883.3402793340407,-135.04489165705147,-177.0473932334767,26/08/2016 18:43,43.2,2.469982847,6.160666666666667,0.6802210347437038,24/08/2016,05/09/2016,,,Z597,1.0,m
Pontus,148,2016,5,m,autumn,50.39470697804063,895.8932233313,-139.64714027580388,169.95815274615552,27/08/2016 04:19,37.35,-4.585987261,6.160666666666667,0.6802210347437038,24/08/2016,05/09/2016,,,Z597,1.0,m
Pontus,148,2016,5,m,autumn,50.62556639230445,165.60343948719938,-154.83465237066818,154.53978123702734,27/08/2016 18:57,31.05,-10.66666667,6.160666666666667,0.6802210347437038,24/08/2016,05/09/2016,,,Z597,1.0,m
Pontus,148,2016,5,m,autumn,63.043099076122985,723.5203127841282,-145.1224170588045,151.8344838650725,28/08/2016 04:39,29.7,-11.39568345,6.160666666666667,0.6802210347437038,24/08/2016,05/09/2016,,,Z597,1.0,m
Pontus,148,2016,5,m,autumn,55.89948139096697,102.59147803198357,-167.23928528508148,136.86123332395155,28/08/2016 18:48,24.3,-15.47277937,6.160666666666667,0.6802210347437038,24/08/2016,05/09/2016,,,Z597,1.0,m
Pontus,148,2016,5,m,autumn,58.051673513301125,461.94263186475735,-166.94303223452542,135.00529425217346,29/08/2016 05:09,23.4,-15.69482289,6.160666666666667,0.6802210347437038,24/08/2016,05/09/2016,,,Z597,1.0,m
Pontus,148,2016,5,m,autumn,55.003953817628144,300.2476233464353,-179.31180043537975,125.68424574699208,29/08/2016 18:53,19.35,-16.68874172,6.160666666666667,0.6802210347437038,24/08/2016,05/09/2016,,,Z597,1.0,m
Pontus,148,2016,5,m,autumn,61.065742866626806,100.0793345450816,-179.4929736351699,119.44128349820326,30/08/2016 18:53,16.65,-16.83116883,6.160666666666667,0.6802210347437038,24/08/2016,05/09/2016,,,Z597,1.0,m
Pontus,148,2016,5,m,autumn,80.74439537723691,104.54521536659718,-163.14887982893472,116.10672479382836,01/09/2016 05:25,15.3,-16.83944374,6.160666666666667,0.6802210347437038,24/08/2016,05/09/2016,,,Z597,1.0,m
Pontus,148,2016,5,m,autumn,72.18388984193365,100.54908968346892,-174.42545396124692,113.39065619681945,01/09/2016 18:48,14.4,-17.12082262,6.160666666666667,0.6802210347437038,24/08/2016,05/09/2016,,,Z597,1.0,m
Pontus,148,2016,5,m,autumn,64.45175848726404,150.603455174849,175.3627729607852,110.91101447352116,02/09/2016 18:43,13.5,-17.18709677,6.160666666666667,0.6802210347437038,24/08/2016,05/09/2016,,,Z597,1.0,m
Pontus,148,2016,5,m,autumn,36.59072114261568,924.1828597847353,143.8807721875299,107.29005104491425,03/09/2016 05:34,12.15,-17.07509881,6.160666666666667,0.6802210347437038,24/08/2016,05/09/2016,,,Z597,1.0,m
Pontus,148,2016,5,m,autumn,39.49460261007647,429.984776705117,125.45310032105928,85.95849771098281,03/09/2016 18:28,5.4,-12.16520651,6.160666666666667,0.6802210347437038,24/08/2016,05/09/2016,,,Z597,1.0,m
Pontus,148,2016,5,m,autumn,81.38531430023693,334.7575209733349,153.72050277090466,72.33518847066773,04/09/2016 05:14,3.15,-9.01126408,6.160666666666667,0.6802210347437038,24/08/2016,05/09/2016,,,Z597,1.0,m
Pontus,149,2017,6,m,autumn,81.45017125738451,966.8785070645615,-91.57559066738989,-173.0257619247744,24/08/2017 02:58,45.45,5.13368984,6.160666666666667,0.6802210347437038,23/08/2017,08/09/2017,,,Z452_17,0.0,m
Pontus,149,2017,6,m,autumn,18.051224696703912,150.72300437847278,-174.78492809219526,167.16384721110086,25/08/2017 18:51,44.55,-7.409948542,6.160666666666667,0.6802210347437038,23/08/2017,08/09/2017,,,Z452_17,0.0,m
Pontus,149,2017,6,m,autumn,25.281369312880656,917.8572428736838,-168.2096632349357,166.5089674521836,26/08/2017 04:13,43.2,-7.578947368,6.160666666666667,0.6802210347437038,23/08/2017,08/09/2017,,,Z452_17,0.0,m
Pontus,149,2017,6,m,autumn,24.421762238663575,351.0329806918736,-176.13607630706798,159.44216145426844,26/08/2017 19:06,35.1,-9.633802817,6.160666666666667,0.6802210347437038,23/08/2017,08/09/2017,,,Z452_17,0.0,m
Pontus,149,2017,6,m,autumn,50.069845208278934,390.50828544922854,-153.29306187188695,156.63709291983415,28/08/2017 04:42,31.95,-9.98540146,6.160666666666667,0.6802210347437038,23/08/2017,08/09/2017,,,Z452_17,0.0,m
Pontus,149,2017,6,m,autumn,66.44627889480466,920.4298468014948,-143.42625080624836,150.12747029894695,28/08/2017 18:51,28.8,-11.78571429,6.160666666666667,0.6802210347437038,23/08/2017,08/09/2017,,,Z452_17,0.0,m
Pontus,149,2017,6,m,autumn,51.53521819282719,250.2938044780486,-178.32585243854624,130.13892936862658,29/08/2017 05:17,22.05,-17.0963365,6.160666666666667,0.6802210347437038,23/08/2017,08/09/2017,,,Z452_17,0.0,m
Pontus,149,2017,6,m,autumn,56.8481383525704,150.27007182048592,-177.37048798720508,125.7813736602245,29/08/2017 19:02,19.8,-17.16621253,6.160666666666667,0.6802210347437038,23/08/2017,08/09/2017,,,Z452_17,0.0,m
Pontus,149,2017,6,m,autumn,54.42817367439693,150.27878039796468,177.299407362968,122.87123368857107,30/08/2017 18:56,18.45,-17.23156533,6.160666666666667,0.6802210347437038,23/08/2017,08/09/2017,,,Z452_17,0.0,m
Pontus,149,2017,6,m,autumn,62.85094787444979,100.19642413455848,-177.17732995103583,119.9717221745144,31/08/2017 05:27,17.1,-17.16494845,6.160666666666667,0.6802210347437038,23/08/2017,08/09/2017,,,Z452_17,0.0,m
Pontus,149,2017,6,m,autumn,63.47215415987989,100.09926785496873,-178.74686109062262,117.78098474949748,31/08/2017 18:51,16.2,-17.21115538,6.160666666666667,0.6802210347437038,23/08/2017,08/09/2017,,,Z452_17,0.0,m
Pontus,149,2017,6,m,autumn,27.831500119055875,1065.6898413881436,142.32660300015456,114.4951028810987,02/09/2017 05:33,14.85,-17.16494845,6.160666666666667,0.6802210347437038,23/08/2017,08/09/2017,,,Z452_17,0.0,m
Pontus,149,2017,6,m,autumn,65.66807345818768,266.2465410413322,159.95284772962057,94.2847742714329,02/09/2017 18:21,7.2,-11.27819549,6.160666666666667,0.6802210347437038,23/08/2017,08/09/2017,,,Z452_17,0.0,m
Pontus,149,2017,6,m,autumn,94.25167087164141,100.17094048151246,177.49622503009667,83.24455415845526,03/09/2017 05:27,4.95,-10.45454545,6.160666666666667,0.6802210347437038,23/08/2017,08/09/2017,,,Z452_17,0.0,m
Pontus,149,2017,6,m,autumn,93.73048424163039,403.7967143617446,172.4442892511558,78.7138050095254,04/09/2017 18:05,4.05,-10.40201005,6.160666666666667,0.6802210347437038,23/08/2017,08/09/2017,,,Z452_17,0.0,m
Pontus,149,2017,6,m,autumn,79.77271213037352,642.3326371726231,141.20235150449088,61.42963937411736,05/09/2017 05:02,0.45,-9.92481203,6.160666666666667,0.6802210347437038,23/08/2017,08/09/2017,,,Z452_17,0.0,m
Pontus,150,2018,7,m,autumn,17.782353597489617,835.0570145359654,-151.91661413135938,-169.698967728849,31/08/2018 03:17,53.55,8.336842105,6.160666666666667,0.6802210347437038,31/08/2018,15/09/2018,,,BL163_18,0.0,m
Pontus,150,2018,7,m,autumn,55.85357456773471,287.37467555826123,-120.33290964853497,-176.1864842162697,31/08/2018 18:17,46.8,3.180212014,6.160666666666667,0.6802210347437038,31/08/2018,15/09/2018,,,BL163_18,0.0,m
Pontus,150,2018,7,m,autumn,47.400054667259724,1162.5518885802871,-133.66787409752487,178.9320712352154,01/09/2018 03:52,45.45,0.0,6.160666666666667,0.6802210347437038,31/08/2018,15/09/2018,,,BL163_18,0.0,m
Pontus,150,2018,7,m,autumn,10.264725055119953,253.34500354177055,170.81050639845728,160.54578134333732,03/09/2018 18:36,37.8,-9.848024316,6.160666666666667,0.6802210347437038,31/08/2018,15/09/2018,,,BL163_18,0.0,m
Pontus,150,2018,7,m,autumn,18.252427789220604,800.8939991348564,178.39275550947553,160.14032772025493,04/09/2018 04:47,35.55,-9.400921659,6.160666666666667,0.6802210347437038,31/08/2018,15/09/2018,,,BL163_18,0.0,m
Pontus,150,2018,7,m,autumn,103.8901481750363,254.00637844336305,-100.76050074636237,155.3493510786013,04/09/2018 18:30,28.35,-9.171974522,6.160666666666667,0.6802210347437038,31/08/2018,15/09/2018,,,BL163_18,0.0,m
Pontus,150,2018,7,m,autumn,60.56871162715777,1028.0698227947507,-150.11610792124915,149.31518045159305,05/09/2018 18:36,27.9,-11.71145686,6.160666666666667,0.6802210347437038,31/08/2018,15/09/2018,,,BL163_18,0.0,m
Pontus,150,2018,7,m,autumn,58.35520747014323,150.7114677136335,-174.87170499242094,126.77308753743583,06/09/2018 05:27,19.8,-16.59217877,6.160666666666667,0.6802210347437038,31/08/2018,15/09/2018,,,BL163_18,0.0,m
Pontus,150,2018,7,m,autumn,22.306274663251514,881.1542308764142,98.63847115777025,120.94474582102177,11/09/2018 05:22,17.1,-16.55716163,6.160666666666667,0.6802210347437038,31/08/2018,15/09/2018,,,BL163_18,0.0,m
Pontus,150,2018,7,m,autumn,32.321933391545485,756.3787191518051,104.45443446730913,136.77636785885463,13/09/2018 05:02,15.75,-8.202531646,6.160666666666667,0.6802210347437038,31/08/2018,15/09/2018,,,BL163_18,0.0,m
Pontus,150,2018,7,m,autumn,14.098568114142154,300.2658405830021,179.06509250072853,164.96652438658637,13/09/2018 17:35,13.95,-1.415465269,6.160666666666667,0.6802210347437038,31/08/2018,15/09/2018,,,BL163_18,0.0,m
Pontus,150,2018,7,m,autumn,7.994161686329619,403.2939019051217,150.1237958296293,158.11795751595892,14/09/2018 04:32,11.25,-1.370558376,6.160666666666667,0.6802210347437038,31/08/2018,15/09/2018,,,BL163_18,0.0,m
Pontus,151,2019,8,m,autumn,91.10203175150644,300.30862608310724,-78.59693597734254,-169.698967728849,05/09/2019 17:58,53.55,8.336842105,6.160666666666667,0.6802210347437038,05/09/2019,16/09/2019,24/03/2020,08/05/2020,BS718_19,1.0,m
Pontus,151,2019,8,m,autumn,165.4054828676775,203.63192902907957,-10.373002190338763,-175.77848505801623,06/09/2019 03:17,54.0,3.829787234,6.160666666666667,0.6802210347437038,05/09/2019,16/09/2019,24/03/2020,08/05/2020,BS718_19,1.0,m
Pontus,151,2019,8,m,autumn,16.101638559367416,1360.6128459584813,-160.57748542973096,-176.67912398909837,07/09/2019 03:30,56.25,3.243243243,6.160666666666667,0.6802210347437038,05/09/2019,16/09/2019,24/03/2020,08/05/2020,BS718_19,1.0,m
Pontus,151,2019,8,m,autumn,35.7325348203002,1484.4883525657633,-148.38615859951418,175.88130658018565,08/09/2019 04:11,44.55,-1.894736842,6.160666666666667,0.6802210347437038,05/09/2019,16/09/2019,24/03/2020,08/05/2020,BS718_19,1.0,m
Pontus,151,2019,8,m,autumn,48.08344664555602,1419.3715488528187,-154.9989292066803,156.9176241477637,09/09/2019 18:43,32.85,-10.17857143,6.160666666666667,0.6802210347437038,05/09/2019,16/09/2019,24/03/2020,08/05/2020,BS718_19,1.0,m
Pontus,151,2019,8,m,autumn,49.46168811827141,150.11315097015378,180.0,130.5383118817286,12/09/2019 18:40,21.15,-15.96774194,6.160666666666667,0.6802210347437038,05/09/2019,16/09/2019,24/03/2020,08/05/2020,BS718_19,1.0,m
Pontus,151,2019,8,m,autumn,52.133936381008425,400.3017831835828,-179.9718626665064,127.89420095248514,13/09/2019 05:30,19.8,-15.96774194,6.160666666666667,0.6802210347437038,05/09/2019,16/09/2019,24/03/2020,08/05/2020,BS718_19,1.0,m
Pontus,151,2019,8,m,autumn,60.26818237589043,250.18858495025734,180.0,119.73181762410958,13/09/2019 18:29,16.2,-15.96958175,6.160666666666667,0.6802210347437038,05/09/2019,16/09/2019,24/03/2020,08/05/2020,BS718_19,1.0,m
Pontus,151,2019,8,m,autumn,0.4072168316161253,1154.4159975373689,114.61038106700701,115.01759789862314,14/09/2019 18:05,14.4,-15.96958175,6.160666666666667,0.6802210347437038,05/09/2019,16/09/2019,24/03/2020,08/05/2020,BS718_19,1.0,m
Pontus,151,2019,8,m,autumn,6.733509497202675,947.8599399274838,121.35686797913415,114.62335848193148,15/09/2019 17:44,9.45,-6.395939086,6.160666666666667,0.6802210347437038,05/09/2019,16/09/2019,24/03/2020,08/05/2020,BS718_19,1.0,m
Pontus,151,2019,8,m,spring,140.95600287090946,1066.3185830338757,-134.5785336365541,6.37746923435535,27/03/2020 17:40,4.95,0.0,53.5111,8.1056,05/09/2019,16/09/2019,24/03/2020,08/05/2020,BS718_19,1.0,m
Pontus,151,2019,8,m,spring,100.52706990420101,104.29852122986013,-90.0147389202747,10.512330983926322,28/03/2020 17:59,-1.8,-6.75,53.5111,8.1056,05/09/2019,16/09/2019,24/03/2020,08/05/2020,BS718_19,1.0,m
Pontus,151,2019,8,m,spring,43.13898900136218,944.2330343851198,-31.993661470506417,11.145327530855752,30/03/2020 05:21,-1.8,-7.688442211,53.5111,8.1056,05/09/2019,16/09/2019,24/03/2020,08/05/2020,BS718_19,1.0,m
Pontus,151,2019,8,m,spring,167.02254325217456,200.332742805343,-177.5551408312479,15.422315916577519,30/03/2020 18:29,5.4,-12.195734,53.5111,8.1056,05/09/2019,16/09/2019,24/03/2020,08/05/2020,BS718_19,1.0,m
Pontus,151,2019,8,m,spring,23.004815676615806,303.06642505861663,-7.834014090842515,15.170801585773283,02/04/2020 18:20,4.05,-12.2418136,53.5111,8.1056,05/09/2019,16/09/2019,24/03/2020,08/05/2020,BS718_19,1.0,m
Pontus,151,2019,8,m,spring,41.81970693996405,389.40296499474437,-25.80412653643962,16.01558040352443,03/04/2020 05:26,6.75,-12.61576971,53.5111,8.1056,05/09/2019,16/09/2019,24/03/2020,08/05/2020,BS718_19,1.0,m
Pontus,151,2019,8,m,spring,39.82713148459709,215.59916079625296,-21.754618825796292,18.072512658800793,05/04/2020 05:27,9.9,-14.4,53.5111,8.1056,05/09/2019,16/09/2019,24/03/2020,08/05/2020,BS718_19,1.0,m
Pontus,151,2019,8,m,spring,21.95475855048099,150.3372199198856,-3.120653367465253,18.834105183015733,11/04/2020 05:26,11.7,-14.71264368,53.5111,8.1056,05/09/2019,16/09/2019,24/03/2020,08/05/2020,BS718_19,1.0,m
Pontus,151,2019,8,m,spring,40.531274870379434,161.0803044985484,-21.201635702521838,19.329639167857582,11/04/2020 18:40,13.05,-14.78818999,53.5111,8.1056,05/09/2019,16/09/2019,24/03/2020,08/05/2020,BS718_19,1.0,m
Pontus,151,2019,8,m,spring,28.747791263324586,961.9347743329772,-8.554575255006338,20.193216008318256,12/04/2020 05:36,14.4,-15.32903226,53.5111,8.1056,05/09/2019,16/09/2019,24/03/2020,08/05/2020,BS718_19,1.0,m
Pontus,151,2019,8,m,spring,25.230268363016478,100.075433980103,0.0,25.230268363016492,15/04/2020 05:21,22.95,-16.72131148,53.5111,8.1056,05/09/2019,16/09/2019,24/03/2020,08/05/2020,BS718_19,1.0,m
Pontus,151,2019,8,m,spring,10.545208881156043,1146.4898316315314,36.60224652618178,26.05703764502574,28/04/2020 19:05,24.3,-16.72131148,53.5111,8.1056,05/09/2019,16/09/2019,24/03/2020,08/05/2020,BS718_19,1.0,m
Pontus,151,2019,8,m,spring,28.656754617113393,952.4584511625962,-3.2775818644002994,25.379172752713078,02/05/2020 04:16,33.3,-8.544303797,53.5111,8.1056,05/09/2019,16/09/2019,24/03/2020,08/05/2020,BS718_19,1.0,m
Pontus,151,2019,8,m,spring,1.149404909871862,1317.0033059302327,39.75731401459551,38.60790910472366,05/05/2020 19:09,41.85,-9.060402685,53.5111,8.1056,05/09/2019,16/09/2019,24/03/2020,08/05/2020,BS718_19,1.0,m
Pontus,152,2020,9,m,autumn,2.2454642125664463,1323.1270245322692,-168.53605558402361,-170.78151979659006,20/09/2020 03:19,45.0,6.52173913,6.160666666666667,0.6802210347437038,18/09/2020,26/10/2020,23/03/2021,03/05/2021,BX252_20,1.0,m
Pontus,152,2020,9,m,autumn,83.84256361383052,144.87654991851886,-89.57205290475554,-173.41461651858606,20/09/2020 17:23,33.3,3.711340206,6.160666666666667,0.6802210347437038,18/09/2020,26/10/2020,23/03/2021,03/05/2021,BX252_20,1.0,m
Pontus,152,2020,9,m,autumn,40.1076875145998,1261.5523498660716,-136.6858838776554,-176.79357139225522,21/09/2020 04:00,33.3,2.152466368,6.160666666666667,0.6802210347437038,18/09/2020,26/10/2020,23/03/2021,03/05/2021,BX252_20,1.0,m
Pontus,152,2020,9,m,autumn,73.60046399373977,1409.5078919982163,-127.72375230138861,158.6757837048716,25/09/2020 04:52,24.75,-6.43741403,6.160666666666667,0.6802210347437038,18/09/2020,26/10/2020,23/03/2021,03/05/2021,BX252_20,1.0,m
Pontus,152,2020,9,m,autumn,23.767395789373097,854.8143799435395,144.4429143903171,120.67551860094399,23/10/2020 05:19,17.1,-16.72258065,6.160666666666667,0.6802210347437038,18/09/2020,26/10/2020,23/03/2021,03/05/2021,BX252_20,1.0,m
Pontus,152,2020,9,m,autumn,25.68456802776751,212.99434643923507,134.6872432131156,109.00267518534808,23/10/2020 18:02,10.8,-12.18045113,6.160666666666667,0.6802210347437038,18/09/2020,26/10/2020,23/03/2021,03/05/2021,BX252_20,1.0,m
Pontus,152,2020,9,m,autumn,65.52972436882837,130.31332685249706,39.76446320638912,105.29418757521749,24/10/2020 04:59,9.45,-10.8,6.160666666666667,0.6802210347437038,18/09/2020,26/10/2020,23/03/2021,03/05/2021,BX252_20,1.0,m
Pontus,152,2020,9,m,autumn,1.7314193537935694,748.6122890826663,108.98654525767041,110.71796461146398,24/10/2020 17:48,10.35,-10.03802281,6.160666666666667,0.6802210347437038,18/09/2020,26/10/2020,23/03/2021,03/05/2021,BX252_20,1.0,m
Pontus,152,2020,9,m,autumn,59.08459250876666,552.3599135812112,56.745235056892405,115.82982756565907,25/10/2020 17:23,8.1,-3.311432326,6.160666666666667,0.6802210347437038,18/09/2020,26/10/2020,23/03/2021,03/05/2021,BX252_20,1.0,m
Pontus,152,2020,9,m,spring,170.13950274003614,1092.7671398382636,-163.88599879029547,6.253503949740649,23/03/2021 17:23,10.8,0.916030534,53.5111,8.1056,18/09/2020,26/10/2020,23/03/2021,03/05/2021,BX252_20,1.0,m
Pontus,152,2020,9,m,spring,71.10764754021001,910.1412299386833,-63.77232028548798,7.335327254722034,25/03/2021 17:48,0.9,-1.8,53.5111,8.1056,18/09/2020,26/10/2020,23/03/2021,03/05/2021,BX252_20,1.0,m
Pontus,152,2020,9,m,spring,13.1255524339511,200.15086796020574,0.0,13.12555243395111,26/03/2021 05:09,4.5,-9.160305344,53.5111,8.1056,18/09/2020,26/10/2020,23/03/2021,03/05/2021,BX252_20,1.0,m
Pontus,152,2020,9,m,spring,164.7599431212088,797.7704591094767,-151.2885750569384,13.471368064270402,26/03/2021 18:18,6.3,-9.160305344,53.5111,8.1056,18/09/2020,26/10/2020,23/03/2021,03/05/2021,BX252_20,1.0,m
Pontus,152,2020,9,m,spring,50.80531619045044,1492.0366403630503,-36.14959313721667,14.655723053233771,27/03/2021 18:42,1.42e-14,-12.6,53.5111,8.1056,18/09/2020,26/10/2020,23/03/2021,03/05/2021,BX252_20,1.0,m
Pontus,152,2020,9,m,spring,13.196539759732417,184.91490566665595,35.631686332952135,22.435146573219725,09/04/2021 19:07,10.8,-20.61068702,53.5111,8.1056,18/09/2020,26/10/2020,23/03/2021,03/05/2021,BX252_20,1.0,m
Pontus,152,2020,9,m,spring,1.7664109603186091,879.6354701116356,24.048319397983526,22.28190843766492,10/04/2021 05:34,12.15,-19.61977186,53.5111,8.1056,18/09/2020,26/10/2020,23/03/2021,03/05/2021,BX252_20,1.0,m
Pontus,152,2020,9,m,spring,11.447761377519384,920.9863039048913,11.696798474833027,23.14455985235242,14/04/2021 05:14,19.8,-16.21192053,53.5111,8.1056,18/09/2020,26/10/2020,23/03/2021,03/05/2021,BX252_20,1.0,m
Pontus,152,2020,9,m,spring,0.8088810110956501,683.4897019394037,27.686658821746903,26.877777810651253,24/04/2021 04:40,28.35,-14.25742574,53.5111,8.1056,18/09/2020,26/10/2020,23/03/2021,03/05/2021,BX252_20,1.0,m
Pontus,152,2020,9,m,spring,19.80377066073376,304.62702570050504,9.585413590605201,29.38918425133896,25/04/2021 18:57,34.65,-10.76233184,53.5111,8.1056,18/09/2020,26/10/2020,23/03/2021,03/05/2021,BX252_20,1.0,m
Pontus,152,2020,9,m,spring,27.672937064811464,401.6118740251398,4.5135244821218485,32.1864615469333,26/04/2021 04:14,37.35,-10.18867925,53.5111,8.1056,18/09/2020,26/10/2020,23/03/2021,03/05/2021,BX252_20,1.0,m
Pontus,152,2020,9,m,spring,37.73881532989549,150.11315097015344,0.0,37.73881532989549,28/04/2021 04:09,40.95,-9.812606474,53.5111,8.1056,18/09/2020,26/10/2020,23/03/2021,03/05/2021,BX252_20,1.0,m
Primrose,153,2019,4,f,autumn,11.694897523237671,716.7215265500948,-131.33655326759845,-143.03145079083612,27/08/2019 18:16,53.1,5.93814433,20.6556338028169,-16.712964912347417,27/08/2019,03/09/2019,,,BS734_19,1.0,f
Primrose,153,2019,4,f,autumn,10.48720692300472,157.60206666451998,-162.02846595742702,-151.5412590344223,29/08/2019 03:33,48.15,-1.988950276,20.6556338028169,-16.712964912347417,27/08/2019,03/09/2019,,,BS734_19,1.0,f
Primrose,153,2019,4,f,autumn,10.206360889875583,630.3089858591222,-161.43795073859224,-151.23158984871665,30/08/2019 03:52,46.35,-2.676579926,20.6556338028169,-16.712964912347417,27/08/2019,03/09/2019,,,BS734_19,1.0,f
Primrose,153,2019,4,f,autumn,29.483528342770114,150.11315097015415,180.0,-150.51647165722986,30/08/2019 18:41,40.95,-5.0625,20.6556338028169,-16.712964912347417,27/08/2019,03/09/2019,,,BS734_19,1.0,f
Primrose,153,2019,4,f,autumn,6.857971632979769,1170.7645159520976,-141.9707049505281,-148.82867658350787,31/08/2019 04:08,39.6,-5.0625,20.6556338028169,-16.712964912347417,27/08/2019,03/09/2019,,,BS734_19,1.0,f
Primrose,153,2019,4,f,autumn,10.651684475584375,202.76892810081569,-170.69688360087034,-160.04519912528596,02/09/2019 05:07,31.05,-12.72459499,20.6556338028169,-16.712964912347417,27/08/2019,03/09/2019,,,BS734_19,1.0,f
Primrose,154,2020,5,f,autumn,1.6651359205417862,1384.1167712630922,-141.8629172819337,-143.5280532024755,09/09/2020 17:51,54.45,6.32967033,20.6556338028169,-16.712964912347417,09/09/2020,13/09/2020,19/04/2021,01/05/2021,BX238_20,1.0,f
Primrose,154,2020,5,f,autumn,3.959575956153401,1428.7509544085221,-148.41697273601847,-152.37654869217187,10/09/2020 18:12,44.1,-4.352331606,20.6556338028169,-16.712964912347417,09/09/2020,13/09/2020,19/04/2021,01/05/2021,BX238_20,1.0,f
Primrose,154,2020,5,f,autumn,0.26108257473899243,1469.0212949230186,-161.40021877554247,-161.13913620080348,12/09/2020 18:22,32.85,-12.32142857,20.6556338028169,-16.712964912347417,09/09/2020,13/09/2020,19/04/2021,01/05/2021,BX238_20,1.0,f
Primrose,154,2020,5,f,spring,11.001373658218824,1028.0965977347075,12.789612745791748,23.790986404010564,19/04/2021 19:17,20.25,-16.77762983,53.5111,8.1056,09/09/2020,13/09/2020,19/04/2021,01/05/2021,BX238_20,1.0,f
Primrose,154,2020,5,f,spring,9.515265507914677,634.2999328627686,18.250391180342557,27.765656688257227,21/04/2021 04:58,29.25,-14.44126074,53.5111,8.1056,09/09/2020,13/09/2020,19/04/2021,01/05/2021,BX238_20,1.0,f
Primrose,154,2020,5,f,spring,25.19245396310913,654.1346796790458,5.821672217606013,31.014126180715145,21/04/2021 19:07,34.65,-12.27272727,53.5111,8.1056,09/09/2020,13/09/2020,19/04/2021,01/05/2021,BX238_20,1.0,f
Primrose,154,2020,5,f,spring,26.352617891317152,771.0523402873708,12.508165239920608,38.86078313123775,23/04/2021 04:24,40.5,-11.4893617,53.5111,8.1056,09/09/2020,13/09/2020,19/04/2021,01/05/2021,BX238_20,1.0,f
Primrose,154,2020,5,f,spring,35.492659425773155,100.08171160740169,89.51314633535185,54.0204869095787,23/04/2021 19:11,47.25,-9.281767956,53.5111,8.1056,09/09/2020,13/09/2020,19/04/2021,01/05/2021,BX238_20,1.0,f
Princess,155,2018,10,f,autumn,20.032874337295908,835.7303300400549,-161.96846620939183,-141.93559187209593,30/08/2018 18:05,53.55,8.336842105,17.77461139896373,-16.62013383489637,30/08/2018,04/09/2018,27/03/2019,08/04/2019,BD672_18,1.0,f
Princess,155,2018,10,f,autumn,18.910238691271644,1109.0562153449307,-121.90570632201602,-140.81594501328766,31/08/2018 03:32,46.35,4.974093264,17.77461139896373,-16.62013383489637,30/08/2018,04/09/2018,27/03/2019,08/04/2019,BD672_18,1.0,f
Princess,155,2018,10,f,autumn,0.9432305072595284,1173.477911725055,-158.324226852147,-157.38099634488748,01/09/2018 03:57,40.5,-7.105263158,17.77461139896373,-16.62013383489637,30/08/2018,04/09/2018,27/03/2019,08/04/2019,BD672_18,1.0,f
Princess,155,2018,10,f,autumn,6.947107829893639,102.9095886569647,-166.4589936580478,-159.51188582815416,02/09/2018 18:30,30.6,-11.66421208,17.77461139896373,-16.62013383489637,30/08/2018,04/09/2018,27/03/2019,08/04/2019,BD672_18,1.0,f
Princess,155,2018,10,f,autumn,44.85578714532406,456.1040845923756,-115.00129638445767,-159.85708352978173,03/09/2018 18:40,29.7,-12.08759124,17.77461139896373,-16.62013383489637,30/08/2018,04/09/2018,27/03/2019,08/04/2019,BD672_18,1.0,f
Princess,155,2018,10,f,spring,4.248819142268843,1106.6710826666433,24.005246050232802,28.254065192501656,27/03/2019 05:22,27.9,-16.29420085,53.5111,8.1056,30/08/2018,04/09/2018,27/03/2019,08/04/2019,BD672_18,1.0,f
Princess,155,2018,10,f,spring,32.78039925773976,100.07543398010229,0.0,32.780399257739745,05/04/2019 18:39,36.9,-11.25,53.5111,8.1056,30/08/2018,04/09/2018,27/03/2019,08/04/2019,BD672_18,1.0,f
Princess,155,2018,10,f,spring,14.589519535584202,963.4034245739255,19.484397156023483,34.07391669160768,06/04/2019 18:50,37.8,-11.25,53.5111,8.1056,30/08/2018,04/09/2018,27/03/2019,08/04/2019,BD672_18,1.0,f
Princess,156,2019,11,f,autumn,34.89881276255636,901.840330346759,-176.8344046346523,-141.93559187209593,22/08/2019 18:33,53.55,8.336842105,17.77461139896373,-16.62013383489637,22/08/2019,27/08/2019,27/03/2020,06/04/2020,BS703_19,1.0,f
Princess,156,2019,11,f,autumn,58.889877815653534,1058.4303153823105,-76.97721587775422,-135.86709369340775,24/08/2019 02:56,45.45,7.700534759,17.77461139896373,-16.62013383489637,22/08/2019,27/08/2019,27/03/2020,06/04/2020,BS703_19,1.0,f
Princess,156,2019,11,f,autumn,6.8955725640472,2402.2620718096796,-152.60003591251814,-159.49560847656534,26/08/2019 18:54,46.8,-5.912408759,17.77461139896373,-16.62013383489637,22/08/2019,27/08/2019,27/03/2020,06/04/2020,BS703_19,1.0,f
Princess,156,2019,11,f,spring,88.81820957980324,326.8833210032139,116.68390117862224,27.865691598818994,27/03/2020 18:49,27.0,-16.66199158,53.5111,8.1056,22/08/2019,27/08/2019,27/03/2020,06/04/2020,BS703_19,1.0,f
Princess,156,2019,11,f,spring,16.40744079494479,252.7526501002489,8.088076937224981,24.49551773216978,28/03/2020 05:21,25.65,-13.74823197,53.5111,8.1056,22/08/2019,27/08/2019,27/03/2020,06/04/2020,BS703_19,1.0,f
Princess,156,2019,11,f,spring,21.771654274883645,702.3366111693084,3.9823998962253437,25.754054171109004,28/03/2020 18:54,27.9,-13.38645418,53.5111,8.1056,22/08/2019,27/08/2019,27/03/2020,06/04/2020,BS703_19,1.0,f
Princess,156,2019,11,f,spring,10.922106582224814,106.69034295505499,20.167621787630654,31.089728369855457,29/03/2020 05:21,34.2,-12.85714286,53.5111,8.1056,22/08/2019,27/08/2019,27/03/2020,06/04/2020,BS703_19,1.0,f
Princess,156,2019,11,f,spring,30.162921539245332,250.28594152100567,1.5755140576536013,31.73843559689894,31/03/2020 05:15,35.1,-12.45283019,53.5111,8.1056,22/08/2019,27/08/2019,27/03/2020,06/04/2020,BS703_19,1.0,f
Princess,156,2019,11,f,spring,27.310463245358108,353.28230171187425,7.331193802564692,34.64165704792279,01/04/2020 05:15,37.35,-12.375,53.5111,8.1056,22/08/2019,27/08/2019,27/03/2020,06/04/2020,BS703_19,1.0,f
Princess,156,2019,11,f,spring,22.276209595836235,473.11244844626896,17.258671032141667,39.534880627977905,03/04/2020 18:39,40.95,-11.32450331,53.5111,8.1056,22/08/2019,27/08/2019,27/03/2020,06/04/2020,BS703_19,1.0,f
Princess,156,2019,11,f,spring,39.514704496461576,151.4542922229788,7.538848487505142,47.05355298396672,05/04/2020 04:41,45.0,-9.540636042,53.5111,8.1056,22/08/2019,27/08/2019,27/03/2020,06/04/2020,BS703_19,1.0,f
Princess,157,2020,12,f,autumn,7.49329179308063,1195.6535265584803,-134.4423000790153,-141.93559187209593,16/09/2020 17:26,53.55,8.336842105,17.77461139896373,-16.62013383489637,16/09/2020,20/09/2020,30/03/2021,18/04/2021,BX224_20,1.0,f
Princess,157,2020,12,f,autumn,16.014129817132698,1117.205098746232,-136.51653602685664,-152.53066584398934,17/09/2020 17:55,45.45,-2.585278276,17.77461139896373,-16.62013383489637,16/09/2020,20/09/2020,30/03/2021,18/04/2021,BX224_20,1.0,f
Princess,157,2020,12,f,autumn,0.9102097054685316,2558.9042905199244,-166.4144588729209,-165.50424916745237,19/09/2020 18:22,37.8,-11.32450331,17.77461139896373,-16.62013383489637,16/09/2020,20/09/2020,30/03/2021,18/04/2021,BX224_20,1.0,f
Princess,157,2020,12,f,spring,5.365515741933109,1044.5519134389267,16.205867461266863,21.571383203199964,30/03/2021 05:43,15.3,-16.78756477,53.5111,8.1056,16/09/2020,20/09/2020,30/03/2021,18/04/2021,BX224_20,1.0,f
Princess,157,2020,12,f,spring,18.30787470709123,100.53891381599237,5.483836887044602,23.791711594135826,01/04/2021 05:23,24.3,-13.92265193,53.5111,8.1056,16/09/2020,20/09/2020,30/03/2021,18/04/2021,BX224_20,1.0,f
Princess,157,2020,12,f,spring,24.271836874235674,100.075433980103,0.0,24.271836874235678,02/04/2021 05:14,25.2,-13.82716049,53.5111,8.1056,16/09/2020,20/09/2020,30/03/2021,18/04/2021,BX224_20,1.0,f
Princess,157,2020,12,f,spring,6.824855789049025,898.2918035353879,18.038954675550997,24.86381046460002,03/04/2021 18:47,26.1,-13.82716049,53.5111,8.1056,16/09/2020,20/09/2020,30/03/2021,18/04/2021,BX224_20,1.0,f
Princess,157,2020,12,f,spring,25.97547290184403,1051.9135796482901,2.4830555893999975,28.458528491244035,06/04/2021 04:54,33.75,-10.82706767,53.5111,8.1056,16/09/2020,20/09/2020,30/03/2021,18/04/2021,BX224_20,1.0,f
Princess,157,2020,12,f,spring,11.155781620748172,1158.3060143846449,54.33567527392128,43.17989365317311,15/04/2021 03:50,43.2,-10.26737968,53.5111,8.1056,16/09/2020,20/09/2020,30/03/2021,18/04/2021,BX224_20,1.0,f
Prosecco,158,2019,12,f,autumn,1.0654942470437163,1303.9591667052157,-148.57396394447306,-149.63945819151678,02/09/2019 03:23,53.55,5.25,10.972840909090909,-16.479345667090907,02/09/2019,08/09/2019,21/04/2020,02/05/2020,YVH215_19,1.0,f
Prosecco,158,2019,12,f,autumn,17.321102047332147,1207.360463729784,-139.05892164084773,-156.38002368817988,03/09/2019 03:53,43.2,-3.20855615,10.972840909090909,-16.479345667090907,02/09/2019,08/09/2019,21/04/2020,02/05/2020,YVH215_19,1.0,f
Prosecco,158,2019,12,f,autumn,5.586483702631881,260.3735130936939,-163.7068247871656,-169.29330848979748,05/09/2019 04:58,34.2,-12.14076246,10.972840909090909,-16.479345667090907,02/09/2019,08/09/2019,21/04/2020,02/05/2020,YVH215_19,1.0,f
Prosecco,158,2019,12,f,autumn,9.185580184413112,1052.6570900256547,-161.11211986145986,-170.29770004587297,05/09/2019 18:37,31.95,-12.91479821,10.972840909090909,-16.479345667090907,02/09/2019,08/09/2019,21/04/2020,02/05/2020,YVH215_19,1.0,f
Prosecco,158,2019,12,f,autumn,11.704654669305455,102.64351185681092,-167.11359654099064,-178.8182512102961,06/09/2019 18:47,22.95,-16.2295082,10.972840909090909,-16.479345667090907,02/09/2019,08/09/2019,21/04/2020,02/05/2020,YVH215_19,1.0,f
Prosecco,158,2019,12,f,autumn,0.14170397747648167,500.3771699005143,180.0,-179.8582960225235,07/09/2019 05:28,22.05,-16.4516129,10.972840909090909,-16.479345667090907,02/09/2019,08/09/2019,21/04/2020,02/05/2020,YVH215_19,1.0,f
Prosecco,158,2019,12,f,autumn,176.67652643960605,851.9390206586171,-3.085780835488034,-179.7623072750941,07/09/2019 18:42,17.55,-16.4516129,10.972840909090909,-16.479345667090907,02/09/2019,08/09/2019,21/04/2020,02/05/2020,YVH215_19,1.0,f
Prosecco,158,2019,12,f,spring,13.687714788195791,600.0388490447644,40.47556709904495,26.787852310849154,21/04/2020 05:04,25.2,-16.90607735,53.5111,8.1056,02/09/2019,08/09/2019,21/04/2020,02/05/2020,YVH215_19,1.0,f
Prosecco,158,2019,12,f,spring,20.27680798597632,251.63465883750837,6.075662842041924,26.35247082801824,21/04/2020 19:07,29.25,-12.89398281,53.5111,8.1056,02/09/2019,08/09/2019,21/04/2020,02/05/2020,YVH215_19,1.0,f
Prosecco,158,2019,12,f,spring,21.781484901897727,201.37802750030437,6.266011307048943,28.04749620894667,28/04/2020 19:08,31.5,-12.61313869,53.5111,8.1056,02/09/2019,08/09/2019,21/04/2020,02/05/2020,YVH215_19,1.0,f
Prosecco,158,2019,12,f,spring,20.078769476519938,1016.5687802415977,9.53297198498471,29.611741461504632,29/04/2020 04:39,33.3,-12.37668161,53.5111,8.1056,02/09/2019,08/09/2019,21/04/2020,02/05/2020,YVH215_19,1.0,f
Prosecco,158,2019,12,f,spring,18.390308532615563,546.6481258859209,22.799452171861553,41.1897607044771,30/04/2020 04:14,42.3,-10.33783784,53.5111,8.1056,02/09/2019,08/09/2019,21/04/2020,02/05/2020,YVH215_19,1.0,f
Prosecco,158,2019,12,f,spring,46.36837359028513,150.48943063196108,4.000939814361419,50.36931340464655,30/04/2020 19:08,46.8,-7.557251908,53.5111,8.1056,02/09/2019,08/09/2019,21/04/2020,02/05/2020,YVH215_19,1.0,f
Puck,159,2018,18,m,autumn,17.012719118695316,1069.432712382628,-150.90876339592316,-167.92148251461848,20/09/2018 17:25,42.3,6.689189189,6.331952662721893,-0.5100024513727811,15/09/2018,03/10/2018,27/12/2018,,BL137_18,1.0,m
Puck,159,2018,18,m,autumn,73.10851381308785,1492.9294258358368,-103.45674965785005,-176.5652634709379,23/09/2018 17:55,33.75,1.082706767,6.331952662721893,-0.5100024513727811,15/09/2018,03/10/2018,27/12/2018,,BL137_18,1.0,m
Puck,159,2018,18,m,autumn,46.6465662402278,1242.0151654801577,-164.51062889668555,148.84280486308666,25/09/2018 05:23,29.7,-13.98561151,6.331952662721893,-0.5100024513727811,15/09/2018,03/10/2018,27/12/2018,,BL137_18,1.0,m
Puck,159,2018,18,m,autumn,10.135450751483688,1097.5071017056955,135.83642838098467,125.70097762950097,01/10/2018 18:20,18.9,-17.12021136,6.331952662721893,-0.5100024513727811,15/09/2018,03/10/2018,27/12/2018,,BL137_18,1.0,m
Rian,160,2016,13,m,autumn,25.526509291702496,1131.8317626259536,-165.1024705677662,-139.5759612760637,11/09/2016 17:37,53.55,8.336842105,20.95338696020322,-16.881495586951736,11/09/2016,15/09/2016,30/03/2017,10/04/2017,Z434,1.0,m
Rian,160,2016,13,m,autumn,23.843506679028394,214.57495984448158,-158.54639209177972,-134.70288541275133,12/09/2016 03:44,43.65,4.736842105,20.95338696020322,-16.881495586951736,11/09/2016,15/09/2016,30/03/2017,10/04/2017,Z434,1.0,m
Rian,160,2016,13,m,autumn,15.227995030994208,861.0551999215198,-149.06796032184215,-133.83996529084794,12/09/2016 17:47,41.85,3.789473684,20.95338696020322,-16.881495586951736,11/09/2016,15/09/2016,30/03/2017,10/04/2017,Z434,1.0,m
Rian,160,2016,13,m,autumn,21.66025738783469,1164.6971464981475,-153.022166075768,-131.36190868793332,13/09/2016 04:28,35.1,-1.066666667,20.95338696020322,-16.881495586951736,11/09/2016,15/09/2016,30/03/2017,10/04/2017,Z434,1.0,m
Rian,160,2016,13,m,autumn,23.925444766297176,122.90143422194154,-89.73461707678231,-113.6600618430795,13/09/2016 18:13,25.65,-6.315789474,20.95338696020322,-16.881495586951736,11/09/2016,15/09/2016,30/03/2017,10/04/2017,Z434,1.0,m
Rian,160,2016,13,m,autumn,83.2901860148587,793.3736950065718,-33.85981336717731,-117.149999382036,14/09/2016 18:28,25.65,-7.669773635,20.95338696020322,-16.881495586951736,11/09/2016,15/09/2016,30/03/2017,10/04/2017,Z434,1.0,m
Rian,160,2016,13,m,spring,14.257919167227186,463.7772065064886,13.50532081841642,27.763239985643608,30/03/2017 18:38,31.5,-12.32524964,53.5111,8.1056,11/09/2016,15/09/2016,30/03/2017,10/04/2017,Z434,1.0,m
Rian,160,2016,13,m,spring,14.232201396319823,209.11890345524876,16.641797001975934,30.873998398295758,31/03/2017 04:59,35.55,-11.12903226,53.5111,8.1056,11/09/2016,15/09/2016,30/03/2017,10/04/2017,Z434,1.0,m
Rian,160,2016,13,m,spring,24.997851139843192,384.65993233264356,57.49537739192133,32.497526252078124,31/03/2017 18:43,37.35,-10.4516129,53.5111,8.1056,11/09/2016,15/09/2016,30/03/2017,10/04/2017,Z434,1.0,m
Rian,160,2016,13,m,spring,21.238075122799785,405.5770215442512,9.003017334970373,30.24109245777017,01/04/2017 04:30,39.15,-6.689189189,53.5111,8.1056,11/09/2016,15/09/2016,30/03/2017,10/04/2017,Z434,1.0,m
Rian,160,2016,13,m,spring,17.164499577726843,211.7642245002958,18.77025681081391,35.93475638854074,01/04/2017 18:23,42.75,-5.912408759,53.5111,8.1056,11/09/2016,15/09/2016,30/03/2017,10/04/2017,Z434,1.0,m
Rian,160,2016,13,m,spring,140.92410624112517,150.11315097015344,180.0,39.07589375887485,02/04/2017 04:24,44.55,-5.052631579,53.5111,8.1056,11/09/2016,15/09/2016,30/03/2017,10/04/2017,Z434,1.0,m
Rian,160,2016,13,m,spring,39.600111327511144,733.7501414015286,75.11468115132674,35.514569823815584,02/04/2017 18:38,43.2,-5.052631579,53.5111,8.1056,11/09/2016,15/09/2016,30/03/2017,10/04/2017,Z434,1.0,m
Rian,160,2016,13,m,spring,1.3645744072595676,1001.8556424438657,16.8539100819944,15.489335674734834,03/04/2017 03:45,44.55,3.913043478,53.5111,8.1056,11/09/2016,15/09/2016,30/03/2017,10/04/2017,Z434,1.0,m
Rian,161,2017,14,m,autumn,26.634690982848042,1229.3355259699888,-166.21065225891175,-139.5759612760637,16/09/2017 17:13,53.55,8.336842105,20.95338696020322,-16.881495586951736,16/09/2017,22/09/2017,23/03/2018,05/04/2018,BD679,0.0,m
Rian,161,2017,14,m,autumn,7.161525666332182,191.2053076169936,-141.25101852322462,-134.08949285689243,18/09/2017 03:41,42.3,4.014869888,20.95338696020322,-16.881495586951736,16/09/2017,22/09/2017,23/03/2018,05/04/2018,BD679,0.0,m
Rian,161,2017,14,m,autumn,36.041205668821135,860.9637040827749,-170.63955705459335,-134.59835138577222,18/09/2017 17:28,40.95,2.589928058,20.95338696020322,-16.881495586951736,16/09/2017,22/09/2017,23/03/2018,05/04/2018,BD679,0.0,m
Rian,161,2017,14,m,autumn,18.53111915970692,1144.5797673126167,-104.708807314571,-123.23992647427791,19/09/2017 04:20,33.3,1.087613293,20.95338696020322,-16.881495586951736,16/09/2017,22/09/2017,23/03/2018,05/04/2018,BD679,0.0,m
Rian,161,2017,14,m,autumn,2.039178009108582,1124.3986224787081,-146.32182062969477,-148.36099863880335,21/09/2017 18:23,30.15,-10.92485549,20.95338696020322,-16.881495586951736,16/09/2017,22/09/2017,23/03/2018,05/04/2018,BD679,0.0,m
Rian,161,2017,14,m,spring,1.1286606171277356,613.8411629648778,25.75190415870368,24.62324354157594,23/03/2018 18:57,21.6,-16.93548387,53.5111,8.1056,16/09/2017,22/09/2017,23/03/2018,05/04/2018,BD679,0.0,m
Rian,161,2017,14,m,spring,22.455754098269182,100.24887024603466,3.3571092713856197,25.812863369654803,24/03/2018 18:58,27.0,-14.1971831,53.5111,8.1056,16/09/2017,22/09/2017,23/03/2018,05/04/2018,BD679,0.0,m
Rian,161,2017,14,m,spring,1.3791969635928467,666.8647227331745,25.04599748520508,26.42519444879792,31/03/2018 05:24,27.9,-14.13744741,53.5111,8.1056,16/09/2017,22/09/2017,23/03/2018,05/04/2018,BD679,0.0,m
Rian,161,2017,14,m,spring,16.104485872440875,256.1085801220596,12.177128687974816,28.2816145604157,31/03/2018 18:47,33.3,-11.1038961,53.5111,8.1056,16/09/2017,22/09/2017,23/03/2018,05/04/2018,BD679,0.0,m
Rian,161,2017,14,m,spring,30.173348276594766,150.11315097015486,0.0,30.173348276594755,01/04/2018 05:04,35.55,-10.50691244,53.5111,8.1056,16/09/2017,22/09/2017,23/03/2018,05/04/2018,BD679,0.0,m
Rian,161,2017,14,m,spring,48.54500736652187,786.8090940792033,80.02724331076637,31.482235944244493,02/04/2018 18:22,36.9,-10.125,53.5111,8.1056,16/09/2017,22/09/2017,23/03/2018,05/04/2018,BD679,0.0,m
Rian,161,2017,14,m,spring,19.307332735296114,450.34013984757394,0.09720705736255834,19.40453979265868,03/04/2018 04:25,37.8,-1.292639138,53.5111,8.1056,16/09/2017,22/09/2017,23/03/2018,05/04/2018,BD679,0.0,m
Rian,161,2017,14,m,spring,6.256729948519734,294.903126738598,31.320777703392,25.064047754872277,03/04/2018 18:18,41.85,-1.28342246,53.5111,8.1056,16/09/2017,22/09/2017,23/03/2018,05/04/2018,BD679,0.0,m
Rian,161,2017,14,m,spring,5.966213231359063,175.50395890940254,30.802436959352725,24.836223727993655,04/04/2018 04:09,44.1,0.636042403,53.5111,8.1056,16/09/2017,22/09/2017,23/03/2018,05/04/2018,BD679,0.0,m
Rian,162,2018,15,m,autumn,23.22413409071791,1348.5657767032437,-162.80009536678162,-139.5759612760637,17/09/2018 17:24,53.55,8.336842105,20.95338696020322,-16.881495586951736,17/09/2018,24/09/2018,24/03/2019,15/04/2019,BL144_18,0.0,m
Rian,162,2018,15,m,autumn,10.557371930204397,828.9764469590989,-124.58436245290356,-135.14173438310797,20/09/2018 04:05,41.85,3.020134228,20.95338696020322,-16.881495586951736,17/09/2018,24/09/2018,24/03/2019,15/04/2019,BL144_18,0.0,m
Rian,162,2018,15,m,autumn,143.83494861587405,100.07543398010229,0.0,-143.83494861587405,21/09/2018 04:31,37.35,-4.702467344,20.95338696020322,-16.881495586951736,17/09/2018,24/09/2018,24/03/2019,15/04/2019,BL144_18,0.0,m
Rian,162,2018,15,m,autumn,5.704959433476773,1126.689291404869,-150.98408198435752,-145.27912255088074,22/09/2018 04:41,38.25,-4.702467344,20.95338696020322,-16.881495586951736,17/09/2018,24/09/2018,24/03/2019,15/04/2019,BL144_18,0.0,m
Rian,162,2018,15,m,autumn,14.57145357036444,108.24750460390463,-157.49122620902344,-142.919772638659,22/09/2018 17:59,29.25,-10.31518625,20.95338696020322,-16.881495586951736,17/09/2018,24/09/2018,24/03/2019,15/04/2019,BL144_18,0.0,m
Rian,162,2018,15,m,autumn,69.14596811392994,737.0068563901691,-72.47800892666972,-141.62397704059967,23/09/2018 18:19,28.35,-10.73863636,20.95338696020322,-16.881495586951736,17/09/2018,24/09/2018,24/03/2019,15/04/2019,BL144_18,0.0,m
Rian,162,2018,15,m,spring,123.08471228430653,825.6899101121172,154.54457548497354,31.459863200667023,24/03/2019 18:58,30.15,-17.94721408,53.5111,8.1056,17/09/2018,24/09/2018,24/03/2019,15/04/2019,BL144_18,0.0,m
Rian,162,2018,15,m,spring,33.980691834603675,305.2158769199761,-10.262886331109172,23.717805503494507,25/03/2019 05:29,23.4,-14.4772118,53.5111,8.1056,17/09/2018,24/09/2018,24/03/2019,15/04/2019,BL144_18,0.0,m
Rian,162,2018,15,m,spring,149.94132358135505,100.33233875547984,175.88333375605325,25.942010174698197,26/03/2019 18:44,26.1,-15.0931677,53.5111,8.1056,17/09/2018,24/09/2018,24/03/2019,15/04/2019,BL144_18,0.0,m
Rian,162,2018,15,m,spring,15.031442769602421,1169.672607181876,9.786024889410964,24.817467659013385,29/03/2019 18:48,24.75,-14.81481481,53.5111,8.1056,17/09/2018,24/09/2018,24/03/2019,15/04/2019,BL144_18,0.0,m
Rian,162,2018,15,m,spring,16.416470356349237,1252.022440919209,15.161440089073498,31.577910445422734,07/04/2019 18:53,35.1,-12.29813665,53.5111,8.1056,17/09/2018,24/09/2018,24/03/2019,15/04/2019,BL144_18,0.0,m
Rian,162,2018,15,m,spring,6.14616645115899,1054.7069271263097,54.13609759360188,47.989931142442906,08/04/2019 18:37,45.9,-8.08988764,53.5111,8.1056,17/09/2018,24/09/2018,24/03/2019,15/04/2019,BL144_18,0.0,m
Rian,163,2019,16,m,autumn,38.39391083176463,100.07543398010229,180.0,-141.60608916823534,22/09/2019 03:34,46.8,2.769230769,20.95338696020322,-16.881495586951736,21/09/2019,03/10/2019,24/03/2020,07/04/2020,BS140_19,1.0,m
Rian,163,2019,16,m,autumn,140.628505974188,100.07543398010229,0.0,-140.62850597418802,22/09/2019 17:18,45.9,2.769230769,20.95338696020322,-16.881495586951736,21/09/2019,03/10/2019,24/03/2020,07/04/2020,BS140_19,1.0,m
Rian,163,2019,16,m,autumn,7.836740201090578,573.6270806770552,-149.44282936932592,-141.60608916823534,23/09/2019 17:13,46.8,2.769230769,20.95338696020322,-16.881495586951736,21/09/2019,03/10/2019,24/03/2020,07/04/2020,BS140_19,1.0,m
Rian,163,2019,16,m,autumn,53.195506525670254,136.3767582198834,-89.44197093198582,-142.63747745765608,24/09/2019 04:25,42.3,-0.774193548,20.95338696020322,-16.881495586951736,21/09/2019,03/10/2019,24/03/2020,07/04/2020,BS140_19,1.0,m
Rian,163,2019,16,m,autumn,33.58128843101076,400.3017359204106,180.0,-146.41871156898924,26/09/2019 04:29,42.3,-2.69058296,20.95338696020322,-16.881495586951736,21/09/2019,03/10/2019,24/03/2020,07/04/2020,BS140_19,1.0,m
Rian,163,2019,16,m,autumn,32.06113784804799,151.07210062054995,-173.48053726833572,-141.41939942028773,26/09/2019 17:33,38.7,-2.69058296,20.95338696020322,-16.881495586951736,21/09/2019,03/10/2019,24/03/2020,07/04/2020,BS140_19,1.0,m
Rian,163,2019,16,m,autumn,38.70955993194593,400.30173592041194,180.0,-141.29044006805404,28/09/2019 04:34,37.35,-3.625899281,20.95338696020322,-16.881495586951736,21/09/2019,03/10/2019,24/03/2020,07/04/2020,BS140_19,1.0,m
Rian,163,2019,16,m,autumn,31.751091035079583,425.5603558488142,-102.37079909342064,-134.1218901285002,28/09/2019 17:38,33.75,-3.625899281,20.95338696020322,-16.881495586951736,21/09/2019,03/10/2019,24/03/2020,07/04/2020,BS140_19,1.0,m
Rian,163,2019,16,m,autumn,9.182278896724455,493.584619001918,-155.2779527449259,-146.09567384820144,30/09/2019 17:48,32.85,-8.571428571,20.95338696020322,-16.881495586951736,21/09/2019,03/10/2019,24/03/2020,07/04/2020,BS140_19,1.0,m
Rian,163,2019,16,m,autumn,32.276259998105246,400.805332911092,-177.07923120713403,-144.80297120902878,01/10/2019 17:58,29.25,-10.73863636,20.95338696020322,-16.881495586951736,21/09/2019,03/10/2019,24/03/2020,07/04/2020,BS140_19,1.0,m
Rian,163,2019,16,m,autumn,89.58365384557692,825.6842442416977,-42.0253078449586,-131.60896169053552,02/10/2019 18:08,25.65,-11.34670487,20.95338696020322,-16.881495586951736,21/09/2019,03/10/2019,24/03/2020,07/04/2020,BS140_19,1.0,m
Rian,163,2019,16,m,spring,20.916477334369745,511.0092004015821,52.841084711176165,31.924607376806417,24/03/2020 18:47,31.5,-16.93548387,53.5111,8.1056,21/09/2019,03/10/2019,24/03/2020,07/04/2020,BS140_19,1.0,m
Rian,163,2019,16,m,spring,29.999068336077045,600.6077991784776,1.2573970598660063,31.256465395943042,26/03/2020 05:24,34.65,-12.50755287,53.5111,8.1056,21/09/2019,03/10/2019,24/03/2020,07/04/2020,BS140_19,1.0,m
Rian,163,2019,16,m,spring,28.74361475383222,203.36457433727367,10.06070426860409,38.804319022436296,27/03/2020 18:48,40.05,-12.19354839,53.5111,8.1056,21/09/2019,03/10/2019,24/03/2020,07/04/2020,BS140_19,1.0,m
Rian,163,2019,16,m,spring,10.03633038548108,1131.6021665339742,53.720553750848026,43.684223365366954,04/04/2020 18:38,42.75,-11.65247019,53.5111,8.1056,21/09/2019,03/10/2019,24/03/2020,07/04/2020,BS140_19,1.0,m
Rian,164,2020,17,m,autumn,3.992122815550914,1301.811944393541,-135.5838384605128,-139.5759612760637,16/09/2020 17:34,53.55,8.336842105,20.95338696020322,-16.881495586951736,16/09/2020,21/09/2020,12/03/2021,19/04/2021,BX228_20,1.0,m
Rian,164,2020,17,m,autumn,7.715312738069883,1336.0793936128782,-157.57607844325818,-149.8607657051883,17/09/2020 17:59,44.55,-3.157894737,20.95338696020322,-16.881495586951736,16/09/2020,21/09/2020,12/03/2021,19/04/2021,BX228_20,1.0,m
Rian,164,2020,17,m,autumn,5.567297531038406,1826.3760911267636,-152.76943288839007,-147.20213535735166,20/09/2020 18:14,33.3,-8.609865471,20.95338696020322,-16.881495586951736,16/09/2020,21/09/2020,12/03/2021,19/04/2021,BX228_20,1.0,m
Rian,164,2020,17,m,spring,22.67557364596871,850.6411888308744,0.0,22.675573645968715,22/03/2021 19:00,18.45,-16.44908616,53.5111,8.1056,16/09/2020,21/09/2020,12/03/2021,19/04/2021,BX228_20,1.0,m
Rian,164,2020,17,m,spring,16.182238848695306,152.88621402954806,10.864221275337231,27.046460124032535,25/03/2021 18:49,26.1,-16.44908616,53.5111,8.1056,16/09/2020,21/09/2020,12/03/2021,19/04/2021,BX228_20,1.0,m
Rian,164,2020,17,m,spring,28.117043276008474,100.07543398010336,0.0,28.117043276008463,26/03/2021 18:30,27.9,-16.12648221,53.5111,8.1056,16/09/2020,21/09/2020,12/03/2021,19/04/2021,BX228_20,1.0,m
Rian,164,2020,17,m,spring,5.139724429017349,1216.111834934225,23.697326506012896,28.837050935030238,27/03/2021 05:21,28.8,-16.12648221,53.5111,8.1056,16/09/2020,21/09/2020,12/03/2021,19/04/2021,BX228_20,1.0,m
Rian,164,2020,17,m,spring,21.584785180972744,206.23823924365198,13.769756015627467,35.35454119660022,07/04/2021 04:52,39.15,-10.51948052,53.5111,8.1056,16/09/2020,21/09/2020,12/03/2021,19/04/2021,BX228_20,1.0,m
Rian,164,2020,17,m,spring,26.809016793061744,612.9535920189053,11.082400355898825,37.891417148960564,07/04/2021 18:59,40.95,-9.935064935,53.5111,8.1056,16/09/2020,21/09/2020,12/03/2021,19/04/2021,BX228_20,1.0,m
Rian,164,2020,17,m,spring,32.70099750077901,691.5097349518896,82.57959078101413,49.87859328023511,17/04/2021 03:41,46.35,-8.402154399,53.5111,8.1056,16/09/2020,21/09/2020,12/03/2021,19/04/2021,BX228_20,1.0,m
Rian,164,2020,17,m,spring,30.419276936282984,112.57534095875666,63.124693822661,32.70541688637801,17/04/2021 19:00,46.8,0.626086957,53.5111,8.1056,16/09/2020,21/09/2020,12/03/2021,19/04/2021,BX228_20,1.0,m
Ribanna,165,2019,6,f,autumn,10.476183787630703,981.5360146560905,-154.38456302538646,-143.90837923775575,07/09/2019 03:11,53.55,7.578947368,14.631141439205956,-17.210305708064517,07/09/2019,11/09/2019,31/03/2020,23/04/2020,BS736_19,0.0,f
Ribanna,165,2019,6,f,autumn,56.41078600132843,117.84734250422997,-89.46167349841915,-145.87245949974758,07/09/2019 17:45,45.45,2.152466368,14.631141439205956,-17.210305708064517,07/09/2019,11/09/2019,31/03/2020,23/04/2020,BS736_19,0.0,f
Ribanna,165,2019,6,f,autumn,3.2856178557427995,1415.5208917354573,-144.95344743142346,-148.23906528716626,08/09/2019 03:52,45.45,0.64171123,14.631141439205956,-17.210305708064517,07/09/2019,11/09/2019,31/03/2020,23/04/2020,BS736_19,0.0,f
Ribanna,165,2019,6,f,autumn,2.101454033899387,775.6584626076684,-153.61062184568274,-155.71207587958213,09/09/2019 04:41,34.65,-8.20668693,14.631141439205956,-17.210305708064517,07/09/2019,11/09/2019,31/03/2020,23/04/2020,BS736_19,0.0,f
Ribanna,165,2019,6,f,autumn,2.5594382783829985,475.0962592658825,-161.07395414220647,-158.51451586382348,09/09/2019 18:35,28.35,-11.72320217,14.631141439205956,-17.210305708064517,07/09/2019,11/09/2019,31/03/2020,23/04/2020,BS736_19,0.0,f
Ribanna,165,2019,6,f,autumn,21.846424159853086,100.07543398010336,180.0,-158.15357584014697,10/09/2019 05:01,24.3,-13.24250681,14.631141439205956,-17.210305708064517,07/09/2019,11/09/2019,31/03/2020,23/04/2020,BS736_19,0.0,f
Ribanna,165,2019,6,f,autumn,1.9003751073174442,993.9436100312433,-154.2615601904111,-156.16193529772855,10/09/2019 18:35,23.4,-13.24250681,14.631141439205956,-17.210305708064517,07/09/2019,11/09/2019,31/03/2020,23/04/2020,BS736_19,0.0,f
Ribanna,165,2019,6,f,spring,24.129539182113064,751.157997547862,-2.233010657455018,21.896528524658038,31/03/2020 05:37,15.3,-17.25388601,53.5111,8.1056,07/09/2019,11/09/2019,31/03/2020,23/04/2020,BS736_19,0.0,f
Ribanna,165,2019,6,f,spring,39.360601975427784,103.06222792143082,-13.78100590504063,25.57959607038716,02/04/2020 05:43,22.5,-17.53721245,53.5111,8.1056,07/09/2019,11/09/2019,31/03/2020,23/04/2020,BS736_19,0.0,f
Ribanna,165,2019,6,f,spring,153.7050459677202,100.07543398010264,180.0,26.294954032279794,03/04/2020 05:43,23.4,-17.77777778,53.5111,8.1056,07/09/2019,11/09/2019,31/03/2020,23/04/2020,BS736_19,0.0,f
Ribanna,165,2019,6,f,spring,18.811691372647374,201.65062787911245,6.945235396039082,25.756926768686466,04/04/2020 05:42,22.5,-17.77777778,53.5111,8.1056,07/09/2019,11/09/2019,31/03/2020,23/04/2020,BS736_19,0.0,f
Ribanna,165,2019,6,f,spring,0.6670970250886228,778.9760120554188,25.205809539448172,25.872906564536798,08/04/2020 19:06,23.4,-17.21311475,53.5111,8.1056,07/09/2019,11/09/2019,31/03/2020,23/04/2020,BS736_19,0.0,f
Ribanna,165,2019,6,f,spring,152.41820206805716,173.50139859295717,-124.86631671793037,27.55188535012677,09/04/2020 19:06,29.7,-13.78497791,53.5111,8.1056,07/09/2019,11/09/2019,31/03/2020,23/04/2020,BS736_19,0.0,f
Ribanna,165,2019,6,f,spring,31.354587193927387,199.44320333935025,59.45105180546307,28.096464611535687,10/04/2020 05:13,28.8,-15.24590164,53.5111,8.1056,07/09/2019,11/09/2019,31/03/2020,23/04/2020,BS736_19,0.0,f
Ribanna,165,2019,6,f,spring,11.616508991988383,260.0516454084605,15.643342187251555,27.25985117923995,10/04/2020 18:56,29.7,-13.4676259,53.5111,8.1056,07/09/2019,11/09/2019,31/03/2020,23/04/2020,BS736_19,0.0,f
Ribanna,165,2019,6,f,spring,11.95840376746466,1099.164311980445,16.047501685363425,28.005905452828088,14/04/2020 18:56,31.95,-12.14076246,53.5111,8.1056,07/09/2019,11/09/2019,31/03/2020,23/04/2020,BS736_19,0.0,f
Ribanna,165,2019,6,f,spring,0.5646977098396633,1208.7131719493939,38.28047515026796,37.715777440428305,17/04/2020 18:56,41.85,-8.4,53.5111,8.1056,07/09/2019,11/09/2019,31/03/2020,23/04/2020,BS736_19,0.0,f
Ribanna,166,2020,7,f,autumn,13.121159860768671,376.57499321492475,-157.6525984033779,-144.53143854260924,11/09/2020 17:43,53.1,6.893617021,14.631141439205956,-17.210305708064517,11/09/2020,20/09/2020,,,BX246_20,0.0,f
Ribanna,166,2020,7,f,autumn,7.773792949045458,112.08523130895516,-152.96614524893522,-145.19235229988976,12/09/2020 03:30,49.95,4.893203883,14.631141439205956,-17.210305708064517,11/09/2020,20/09/2020,,,BX246_20,0.0,f
Ribanna,166,2020,7,f,autumn,21.61840097012154,1210.467184822526,-123.77402755849675,-145.3924285286183,13/09/2020 17:53,48.6,4.083175803,14.631141439205956,-17.210305708064517,11/09/2020,20/09/2020,,,BX246_20,0.0,f
Ribanna,166,2020,7,f,autumn,5.547627834095607,256.7473133680473,-166.79464305721606,-161.24701522312046,16/09/2020 04:41,41.85,-8.139130435,14.631141439205956,-17.210305708064517,11/09/2020,20/09/2020,,,BX246_20,0.0,f
Ribanna,166,2020,7,f,autumn,9.087991267706684,811.088247798083,-170.32915347337433,-161.24116220566765,16/09/2020 18:09,39.6,-8.823529412,14.631141439205956,-17.210305708064517,11/09/2020,20/09/2020,,,BX246_20,0.0,f
Rihanna,167,2020,12,f,autumn,11.321597052573367,1348.6832943609545,-149.5536005908047,-138.23200353823134,12/09/2020 17:40,53.55,8.336842105,23.900000000000002,-16.34702903118638,12/09/2020,21/09/2020,29/03/2021,16/04/2021,BX262_20,1.0,f
Rihanna,167,2020,12,f,autumn,2.346035688708298,1352.2673377128062,-141.53603008343848,-139.18999439473018,13/09/2020 17:55,42.75,0.0,23.900000000000002,-16.34702903118638,12/09/2020,21/09/2020,29/03/2021,16/04/2021,BX262_20,1.0,f
Rihanna,167,2020,12,f,autumn,49.89468741561632,101.5438304206104,170.19575066474715,-139.9095619196365,18/09/2020 18:05,32.4,-8.753799392,23.900000000000002,-16.34702903118638,12/09/2020,21/09/2020,29/03/2021,16/04/2021,BX262_20,1.0,f
Rihanna,167,2020,12,f,autumn,12.17980908975403,747.5767183469459,-125.44714764866245,-137.62695673841648,20/09/2020 18:05,31.95,-8.571428571,23.900000000000002,-16.34702903118638,12/09/2020,21/09/2020,29/03/2021,16/04/2021,BX262_20,1.0,f
Rihanna,167,2020,12,f,spring,3.224722718800848,1048.3740319996089,23.749040543738015,26.973763262538856,29/03/2021 18:55,27.9,-14.76661952,53.5111,8.1056,12/09/2020,21/09/2020,29/03/2021,16/04/2021,BX262_20,1.0,f
Rihanna,167,2020,12,f,spring,16.370746704798194,986.0710339018423,14.432126176440555,30.802872881238756,01/04/2021 18:30,36.45,-10.0621118,53.5111,8.1056,12/09/2020,21/09/2020,29/03/2021,16/04/2021,BX262_20,1.0,f
Rihanna,167,2020,12,f,spring,18.070000925872023,935.4078774956525,60.70819588187042,42.6381949559984,09/04/2021 03:47,45.0,-6.360424028,53.5111,8.1056,12/09/2020,21/09/2020,29/03/2021,16/04/2021,BX262_20,1.0,f
Rihanna,167,2020,12,f,spring,15.260073383147898,201.54024581494332,6.608856880075916,21.868930263223803,09/04/2021 18:00,48.6,4.763705104,53.5111,8.1056,12/09/2020,21/09/2020,29/03/2021,16/04/2021,BX262_20,1.0,f
Rihanna,167,2020,12,f,spring,138.77573037753507,204.13895647427003,168.44162132329754,29.665890945762488,11/04/2021 18:25,50.4,5.090909091,53.5111,8.1056,12/09/2020,21/09/2020,29/03/2021,16/04/2021,BX262_20,1.0,f
Rihanna,167,2020,12,f,spring,13.337075343321402,501.2266916628063,3.1804810746207277,16.517556417942128,15/04/2021 02:46,48.6,5.647058824,53.5111,8.1056,12/09/2020,21/09/2020,29/03/2021,16/04/2021,BX262_20,1.0,f
Roy,168,2016,15,m,autumn,9.186981645007194,897.8855412957021,-159.70630616295657,-150.51932451794937,10/09/2016 03:14,53.55,8.336842105,8.611448275862069,-13.462281177475864,10/09/2016,20/09/2016,,,Z437,1.0,m
Roy,168,2016,15,m,autumn,25.378937869141936,245.61623401206847,-126.78414428010436,-152.1630821492463,10/09/2016 17:38,45.9,4.322469983,8.611448275862069,-13.462281177475864,10/09/2016,20/09/2016,,,Z437,1.0,m
Roy,168,2016,15,m,autumn,27.694276602968955,999.8096801901738,-127.41321462242088,-155.10749122538982,11/09/2016 03:49,44.55,1.839863714,8.611448275862069,-13.462281177475864,10/09/2016,20/09/2016,,,Z437,1.0,m
Roy,168,2016,15,m,autumn,2.1826685029008672,308.41878109382566,-166.52919536924998,-168.71186387215084,13/09/2016 04:50,37.35,-7.924528302,8.611448275862069,-13.462281177475864,10/09/2016,20/09/2016,,,Z437,1.0,m
Roy,168,2016,15,m,autumn,23.36049950753798,819.485038300786,-147.53315629624842,-170.8936558037864,14/09/2016 04:49,34.2,-9.459854015,8.611448275862069,-13.462281177475864,10/09/2016,20/09/2016,,,Z437,1.0,m
Roy,168,2016,15,m,autumn,47.11128152570541,142.71973005391843,-134.28418513891972,178.60453333537484,14/09/2016 18:33,27.9,-13.92857143,8.611448275862069,-13.462281177475864,10/09/2016,20/09/2016,,,Z437,1.0,m
Roy,168,2016,15,m,autumn,15.722588863015062,356.6872558136228,-168.96223259084186,175.3151785461431,15/09/2016 05:04,27.0,-14.95978552,8.611448275862069,-13.462281177475864,10/09/2016,20/09/2016,,,Z437,1.0,m
Roy,168,2016,15,m,autumn,15.48870680705221,201.79942640661423,-172.62152447493173,171.88976871801606,15/09/2016 18:33,23.85,-15.63093623,8.611448275862069,-13.462281177475864,10/09/2016,20/09/2016,,,Z437,1.0,m
Roy,169,2017,16,m,autumn,62.04620481512799,341.70641764417763,-88.25647337851257,-150.30267819364056,18/09/2017 03:47,48.6,6.689189189,8.611448275862069,-13.462281177475864,18/09/2017,29/09/2017,30/03/2018,18/04/2018,BD665,0.0,m
Roy,169,2017,16,m,autumn,37.755071435311265,838.5382365614191,-119.01166826887199,-156.76673970418327,18/09/2017 17:34,48.6,2.041587902,8.611448275862069,-13.462281177475864,18/09/2017,29/09/2017,30/03/2018,18/04/2018,BD665,0.0,m
Roy,169,2017,16,m,autumn,0.8540915073302529,456.4530372275802,-170.3005525375671,-169.44646103023686,20/09/2017 04:33,44.1,-7.226277372,8.611448275862069,-13.462281177475864,18/09/2017,29/09/2017,30/03/2018,18/04/2018,BD665,0.0,m
Roy,169,2017,16,m,autumn,10.044641821279356,200.1508679602053,180.0,-169.9553581787206,21/09/2017 04:58,40.05,-8.129032258,8.611448275862069,-13.462281177475864,18/09/2017,29/09/2017,30/03/2018,18/04/2018,BD665,0.0,m
Roy,169,2017,16,m,autumn,46.152923054185294,777.1127279857958,-123.26415316045583,-169.41707621464113,21/09/2017 18:06,38.25,-8.129032258,8.611448275862069,-13.462281177475864,18/09/2017,29/09/2017,30/03/2018,18/04/2018,BD665,0.0,m
Roy,169,2017,16,m,autumn,5.4297874941589725,750.7949670249076,-178.53174448422092,176.03846802162013,22/09/2017 05:07,34.2,-15.19480519,8.611448275862069,-13.462281177475864,18/09/2017,29/09/2017,30/03/2018,18/04/2018,BD665,0.0,m
Roy,169,2017,16,m,autumn,14.799139665990992,253.18777410740057,-171.08425907457294,174.1166012594361,22/09/2017 18:31,27.45,-15.38931298,8.611448275862069,-13.462281177475864,18/09/2017,29/09/2017,30/03/2018,18/04/2018,BD665,0.0,m
Roy,169,2017,16,m,autumn,5.976955895275182,153.79095621184055,167.37507421189346,173.35203010716864,25/09/2017 18:25,25.2,-15.38931298,8.611448275862069,-13.462281177475864,18/09/2017,29/09/2017,30/03/2018,18/04/2018,BD665,0.0,m
Roy,169,2017,16,m,autumn,25.07150248770634,407.204641328701,148.94185199132716,174.0133544790335,26/09/2017 05:31,23.85,-15.05882353,8.611448275862069,-13.462281177475864,18/09/2017,29/09/2017,30/03/2018,18/04/2018,BD665,0.0,m
Roy,169,2017,16,m,autumn,1.9924494464921736,150.11315097015415,180.0,-178.00755055350785,26/09/2017 18:14,20.7,-13.04010349,8.611448275862069,-13.462281177475864,18/09/2017,29/09/2017,30/03/2018,18/04/2018,BD665,0.0,m
Roy,169,2017,16,m,autumn,2.239182902080529,500.3771699005147,180.0,-177.7608170979195,27/09/2017 05:22,19.35,-13.04010349,8.611448275862069,-13.462281177475864,18/09/2017,29/09/2017,30/03/2018,18/04/2018,BD665,0.0,m
Roy,169,2017,16,m,autumn,144.82975665921958,647.5479098342179,-31.33455896232258,-176.16431562154213,28/09/2017 18:05,14.85,-13.04010349,8.611448275862069,-13.462281177475864,18/09/2017,29/09/2017,30/03/2018,18/04/2018,BD665,0.0,m
Roy,169,2017,16,m,spring,15.015239435193365,859.8500120795065,8.161487108672748,23.176726543866106,05/04/2018 05:23,19.8,-16.25498008,53.5111,8.1056,18/09/2017,29/09/2017,30/03/2018,18/04/2018,BD665,0.0,m
Roy,169,2017,16,m,spring,10.027119680478961,104.78329374392598,17.165400238424137,27.19251991890309,09/04/2018 18:56,27.9,-15.02158273,53.5111,8.1056,18/09/2017,29/09/2017,30/03/2018,18/04/2018,BD665,0.0,m
Roy,169,2017,16,m,spring,152.3717459850658,150.1131509701545,180.0,27.62825401493423,10/04/2018 19:10,28.8,-14.70422535,53.5111,8.1056,18/09/2017,29/09/2017,30/03/2018,18/04/2018,BD665,0.0,m
Roy,169,2017,16,m,spring,9.62445286596352,311.85234480478533,36.204749891726,26.580297025762498,12/04/2018 05:07,27.45,-14.70422535,53.5111,8.1056,18/09/2017,29/09/2017,30/03/2018,18/04/2018,BD665,0.0,m
Roy,169,2017,16,m,spring,26.631500622285273,700.5280378607202,0.0,26.631500622285277,12/04/2018 18:51,29.7,-12.79752705,53.5111,8.1056,18/09/2017,29/09/2017,30/03/2018,18/04/2018,BD665,0.0,m
Roy,169,2017,16,m,spring,33.44035026880283,300.2332978629663,0.38412453855102235,33.82447480735384,16/04/2018 04:42,36.45,-12.79752705,53.5111,8.1056,18/09/2017,29/09/2017,30/03/2018,18/04/2018,BD665,0.0,m
Roy,169,2017,16,m,spring,15.989081858906445,1014.51236231727,53.84495234541368,37.855870486507236,16/04/2018 18:50,39.15,-12.77419355,53.5111,8.1056,18/09/2017,29/09/2017,30/03/2018,18/04/2018,BD665,0.0,m
Roy,170,2018,17,m,autumn,12.684184109803596,1206.4029628804408,-137.83514040814578,-150.51932451794937,23/09/2018 17:04,53.55,8.336842105,8.611448275862069,-13.462281177475864,23/09/2018,01/10/2018,,,BL128_18,1.0,m
Roy,170,2018,17,m,autumn,21.965458694021436,1202.0000543073386,-139.23108174863432,-161.19654044265576,24/09/2018 17:48,45.0,-1.956521739,8.611448275862069,-13.462281177475864,23/09/2018,01/10/2018,,,BL128_18,1.0,m
Roy,170,2018,17,m,autumn,16.381399711392646,1391.1961290369004,-157.81409622269666,-174.1954959340893,27/09/2018 05:11,36.45,-10.71428571,8.611448275862069,-13.462281177475864,23/09/2018,01/10/2018,,,BL128_18,1.0,m
Roy,171,2019,18,m,autumn,46.81747960899625,799.661258867652,-103.70184490895312,-150.51932451794937,18/09/2019 17:21,53.55,8.336842105,8.611448275862069,-13.462281177475864,18/09/2019,30/09/2019,31/03/2020,22/04/2020,BS705_19,1.0,m
Roy,171,2019,18,m,autumn,11.230723031021938,1151.0916500879052,-153.49461819538848,-164.72534122641042,19/09/2019 18:06,51.3,-2.88,8.611448275862069,-13.462281177475864,18/09/2019,30/09/2019,31/03/2020,22/04/2020,BS705_19,1.0,m
Roy,171,2019,18,m,autumn,31.51750470774897,1126.5292339487835,-140.5724422831413,-172.08994699089027,24/09/2019 18:15,41.85,-9.060402685,8.611448275862069,-13.462281177475864,18/09/2019,30/09/2019,31/03/2020,22/04/2020,BS705_19,1.0,m
Roy,171,2019,18,m,autumn,3.878085043363484,1477.5221471211453,168.4295803541045,172.30766539746799,28/09/2019 18:26,33.75,-16.78195489,8.611448275862069,-13.462281177475864,18/09/2019,30/09/2019,31/03/2020,22/04/2020,BS705_19,1.0,m
Roy,171,2019,18,m,autumn,0.941165636049135,1301.3430617041836,178.60564734907155,177.6644817130224,29/09/2019 18:15,20.7,-13.95721925,8.611448275862069,-13.462281177475864,18/09/2019,30/09/2019,31/03/2020,22/04/2020,BS705_19,1.0,m
Roy,171,2019,18,m,spring,33.91844904194704,1465.5314271512416,-16.604135042404078,17.314313999542968,31/03/2020 18:40,9.0,-13.67088608,53.5111,8.1056,18/09/2019,30/09/2019,31/03/2020,22/04/2020,BS705_19,1.0,m
Roy,171,2019,18,m,spring,28.387775764978414,300.69657753062324,-3.1735704635019957,25.214205301476426,02/04/2020 18:56,21.6,-17.73635153,53.5111,8.1056,18/09/2019,30/09/2019,31/03/2020,22/04/2020,BS705_19,1.0,m
Roy,171,2019,18,m,spring,0.9601095895442313,783.0610068060732,25.763645431558274,26.723755021102516,05/04/2020 19:11,24.3,-17.59577279,53.5111,8.1056,18/09/2019,30/09/2019,31/03/2020,22/04/2020,BS705_19,1.0,m
Roy,171,2019,18,m,spring,14.328957257257088,1083.896721730346,13.40241319380626,27.73137045106334,08/04/2020 18:56,30.6,-13.13868613,53.5111,8.1056,18/09/2019,30/09/2019,31/03/2020,22/04/2020,BS705_19,1.0,m
Roy,171,2019,18,m,spring,27.7423827556689,253.26445110156658,8.786361895883653,36.52874465155256,12/04/2020 04:37,40.05,-10.2,53.5111,8.1056,18/09/2019,30/09/2019,31/03/2020,22/04/2020,BS705_19,1.0,m
Roy,171,2019,18,m,spring,15.351706655307026,840.5831955755492,25.09465276054921,40.44635941585623,12/04/2020 19:00,42.3,-9.72972973,53.5111,8.1056,18/09/2019,30/09/2019,31/03/2020,22/04/2020,BS705_19,1.0,m
Roy,171,2019,18,m,spring,4.379263234272344,814.3934024966851,60.58414108344378,56.204877849171424,19/04/2020 18:46,49.05,-4.846153846,53.5111,8.1056,18/09/2019,30/09/2019,31/03/2020,22/04/2020,BS705_19,1.0,m
Roy,171,2019,18,m,spring,143.69766314977727,153.2978156407587,-168.1230290999251,48.17930775029764,20/04/2020 02:52,52.2,5.59223301,53.5111,8.1056,18/09/2019,30/09/2019,31/03/2020,22/04/2020,BS705_19,1.0,m
Russell,172,2019,8,m,autumn,57.139270844614146,110.62289899755643,-89.33745694088526,-146.4767277854994,13/09/2019 03:43,53.1,4.595744681,17.8884,-16.803321897136,10/09/2019,24/09/2019,16/03/2020,11/04/2020,BS730_19,1.0,m
Russell,172,2019,8,m,autumn,15.924178181122244,1093.0871978140033,-132.92729917210718,-148.85147735322943,13/09/2019 17:55,53.1,2.93877551,17.8884,-16.803321897136,10/09/2019,24/09/2019,16/03/2020,11/04/2020,BS730_19,1.0,m
Russell,172,2019,8,m,autumn,0.1154751126943836,578.6298689184442,-161.2453249067465,-161.3608000194409,14/09/2019 04:47,45.9,-7.409948542,17.8884,-16.803321897136,10/09/2019,24/09/2019,16/03/2020,11/04/2020,BS730_19,1.0,m
Russell,172,2019,8,m,autumn,11.545766247693336,402.08976002199427,-174.45229002013323,-162.9065237724399,14/09/2019 18:30,40.95,-9.622641509,17.8884,-16.803321897136,10/09/2019,24/09/2019,16/03/2020,11/04/2020,BS730_19,1.0,m
Russell,172,2019,8,m,autumn,15.337813993791514,1123.6282277644295,-145.91725480967094,-161.25506880346245,19/09/2019 18:20,37.35,-10.0621118,17.8884,-16.803321897136,10/09/2019,24/09/2019,16/03/2020,11/04/2020,BS730_19,1.0,m
Russell,172,2019,8,m,autumn,3.1231210262356797,1154.2964331337769,-175.40271145867086,-178.52583248490654,23/09/2019 18:35,27.45,-16.545961,17.8884,-16.803321897136,10/09/2019,24/09/2019,16/03/2020,11/04/2020,BS730_19,1.0,m
Russell,172,2019,8,m,spring,12.001731671537186,1121.8877133825279,10.757405554725807,22.759137226263004,16/03/2020 05:42,17.1,-17.41176471,53.5111,8.1056,10/09/2019,24/09/2019,16/03/2020,11/04/2020,BS730_19,1.0,m
Russell,172,2019,8,m,spring,28.78000112713255,358.90502608000776,55.40552202264653,26.62552089551399,21/03/2020 05:38,27.0,-15.14726508,53.5111,8.1056,10/09/2019,24/09/2019,16/03/2020,11/04/2020,BS730_19,1.0,m
Russell,172,2019,8,m,spring,23.7804542668525,800.8902358408666,1.4751795093115987,25.255633776164107,21/03/2020 18:44,28.8,-12.11538462,53.5111,8.1056,10/09/2019,24/09/2019,16/03/2020,11/04/2020,BS730_19,1.0,m
Russell,172,2019,8,m,spring,32.2723796697467,100.075433980103,0.0,32.2723796697467,24/03/2020 05:16,36.0,-11.88679245,53.5111,8.1056,10/09/2019,24/09/2019,16/03/2020,11/04/2020,BS730_19,1.0,m
Russell,172,2019,8,m,spring,146.51859906823887,100.075433980103,180.0,33.48140093176113,24/03/2020 18:30,36.9,-11.88679245,53.5111,8.1056,10/09/2019,24/09/2019,16/03/2020,11/04/2020,BS730_19,1.0,m
Russell,172,2019,8,m,spring,32.8662164297848,100.075433980103,0.0,32.866216429784785,30/03/2020 05:16,36.45,-11.88679245,53.5111,8.1056,10/09/2019,24/09/2019,16/03/2020,11/04/2020,BS730_19,1.0,m
Russell,172,2019,8,m,spring,10.297175408227702,887.9999166809378,24.182144554228906,34.47931996245661,03/04/2020 18:41,37.8,-11.61290323,53.5111,8.1056,10/09/2019,24/09/2019,16/03/2020,11/04/2020,BS730_19,1.0,m
Russell,172,2019,8,m,spring,38.54892366126319,802.3029668200747,82.74246310255786,44.193539441294675,07/04/2020 18:30,45.45,-6.463195691,53.5111,8.1056,10/09/2019,24/09/2019,16/03/2020,11/04/2020,BS730_19,1.0,m
Russell,172,2019,8,m,spring,24.972086614277032,302.39793490798144,-6.698137661003949,18.27394895327308,08/04/2020 03:51,45.9,3.85026738,53.5111,8.1056,10/09/2019,24/09/2019,16/03/2020,11/04/2020,BS730_19,1.0,m
Russell,172,2019,8,m,spring,15.815695206447032,154.5548273498705,13.579198604408715,29.394893810855738,08/04/2020 18:15,48.6,3.370786517,53.5111,8.1056,10/09/2019,24/09/2019,16/03/2020,11/04/2020,BS730_19,1.0,m
Russell,173,2020,9,m,autumn,11.123030927030271,1263.52688593096,-152.7442408643395,-141.62120993730923,11/09/2020 17:36,53.55,8.336842105,17.8884,-16.803321897136,11/09/2020,20/09/2020,24/02/2021,20/04/2021,BX232_20,1.0,m
Russell,173,2020,9,m,autumn,80.5476090878742,110.97513796543983,-62.77889890430078,-143.32650799217495,12/09/2020 17:54,43.2,1.226575809,17.8884,-16.803321897136,11/09/2020,20/09/2020,24/02/2021,20/04/2021,BX232_20,1.0,m
Russell,173,2020,9,m,autumn,31.808210157596932,772.2911650152398,-114.10762765120766,-145.9158378088046,13/09/2020 04:03,43.65,0.0,17.8884,-16.803321897136,11/09/2020,20/09/2020,24/02/2021,20/04/2021,BX232_20,1.0,m
Russell,173,2020,9,m,autumn,5.107302455541856,258.83502652449016,-164.89996625428017,-159.79266379873832,14/09/2020 04:37,40.5,-8.4,17.8884,-16.803321897136,11/09/2020,20/09/2020,24/02/2021,20/04/2021,BX232_20,1.0,m
Russell,173,2020,9,m,autumn,12.382244994658095,151.51039328040852,-172.1409864214729,-159.7587414268148,15/09/2020 18:15,38.25,-9.171974522,17.8884,-16.803321897136,11/09/2020,20/09/2020,24/02/2021,20/04/2021,BX232_20,1.0,m
Russell,173,2020,9,m,autumn,20.894336263102332,250.18858495025714,180.0,-159.10566373689764,16/09/2020 04:56,36.9,-9.404934688,17.8884,-16.803321897136,11/09/2020,20/09/2020,24/02/2021,20/04/2021,BX232_20,1.0,m
Russell,173,2020,9,m,autumn,29.662060651214006,402.64519400767114,173.6859628584088,-156.6519764903772,16/09/2020 18:11,34.65,-9.404934688,17.8884,-16.803321897136,11/09/2020,20/09/2020,24/02/2021,20/04/2021,BX232_20,1.0,m
Russell,173,2020,9,m,autumn,20.11407085508202,101.6525072857953,-169.84651694064164,-149.73244608555962,17/09/2020 04:57,31.05,-8.940397351,17.8884,-16.803321897136,11/09/2020,20/09/2020,24/02/2021,20/04/2021,BX232_20,1.0,m
Russell,173,2020,9,m,autumn,42.95247969362356,204.19955698906733,168.46823035341285,-148.57928995296356,17/09/2020 18:16,30.15,-9.126760563,17.8884,-16.803321897136,11/09/2020,20/09/2020,24/02/2021,20/04/2021,BX232_20,1.0,m
Russell,173,2020,9,m,autumn,1.398227814897325,1502.4887446237672,-144.628008718388,-143.22978090349068,19/09/2020 18:04,28.35,-8.805755396,17.8884,-16.803321897136,11/09/2020,20/09/2020,24/02/2021,20/04/2021,BX232_20,1.0,m
Russell,173,2020,9,m,spring,44.04936978685669,214.4210112337036,-20.907863390643804,23.141506396212893,25/02/2021 06:06,17.55,-17.67180926,53.5111,8.1056,11/09/2020,20/09/2020,24/02/2021,20/04/2021,BX232_20,1.0,m
Russell,173,2020,9,m,spring,155.32457002412758,100.075433980103,180.0,24.67542997587241,27/02/2021 06:02,19.35,-18.64541833,53.5111,8.1056,11/09/2020,20/09/2020,24/02/2021,20/04/2021,BX232_20,1.0,m
Russell,173,2020,9,m,spring,24.235885592385415,150.1131509701545,0.0,24.235885592385415,27/02/2021 18:55,18.45,-18.64541833,53.5111,8.1056,11/09/2020,20/09/2020,24/02/2021,20/04/2021,BX232_20,1.0,m
Russell,173,2020,9,m,spring,156.4020470209565,200.20222734337338,-178.6950485502708,24.90290442877273,07/03/2021 06:07,19.8,-18.64541833,53.5111,8.1056,11/09/2020,20/09/2020,24/02/2021,20/04/2021,BX232_20,1.0,m
Russell,173,2020,9,m,spring,19.403719721325757,401.53867336098716,4.450404571520124,23.85412429284588,09/03/2021 19:00,17.55,-18.7012987,53.5111,8.1056,11/09/2020,20/09/2020,24/02/2021,20/04/2021,BX232_20,1.0,m
Russell,173,2020,9,m,spring,8.486238142475202,104.40791722643013,16.510962023611256,24.99720016608646,10/03/2021 18:55,21.15,-17.77777778,53.5111,8.1056,11/09/2020,20/09/2020,24/02/2021,20/04/2021,BX232_20,1.0,m
Russell,173,2020,9,m,spring,24.874091351095558,200.15611158454573,0.41201842013379675,25.286109771229356,11/03/2021 06:07,22.05,-17.48987854,53.5111,8.1056,11/09/2020,20/09/2020,24/02/2021,20/04/2021,BX232_20,1.0,m
Russell,173,2020,9,m,spring,24.501402891184767,300.45792319096284,2.2244700682921317,26.7258729594769,28/03/2021 05:32,24.75,-17.21311475,53.5111,8.1056,11/09/2020,20/09/2020,24/02/2021,20/04/2021,BX232_20,1.0,m
Russell,173,2020,9,m,spring,11.173692653138318,1000.7350077535419,17.373812613207853,28.54750526634616,28/03/2021 18:50,27.45,-17.09497207,53.5111,8.1056,11/09/2020,20/09/2020,24/02/2021,20/04/2021,BX232_20,1.0,m
Russell,173,2020,9,m,spring,5.533849975483264,1046.2416180070475,28.678196229551084,34.212046205034355,31/03/2021 18:41,36.0,-13.78497791,53.5111,8.1056,11/09/2020,20/09/2020,24/02/2021,20/04/2021,BX232_20,1.0,m
Russell,173,2020,9,m,spring,30.08414725387746,306.9856518986795,11.758610921786195,41.84275817566367,01/04/2021 18:40,44.1,-7.513043478,53.5111,8.1056,11/09/2020,20/09/2020,24/02/2021,20/04/2021,BX232_20,1.0,m
Russell,173,2020,9,m,spring,105.83928631420292,601.9469905976437,155.0082102357019,49.168923921499015,08/04/2021 18:31,46.8,-6.691449814,53.5111,8.1056,11/09/2020,20/09/2020,24/02/2021,20/04/2021,BX232_20,1.0,m
Russell,173,2020,9,m,spring,6.264052690238088,829.474852335324,36.144323324408596,29.88027063417051,18/04/2021 18:41,41.85,-3.624161074,53.5111,8.1056,11/09/2020,20/09/2020,24/02/2021,20/04/2021,BX232_20,1.0,m
Sarina,174,2018,10,f,autumn,7.117561912820861,943.9262091318826,-161.1231909153229,-154.00562900250205,11/08/2018 19:14,51.3,0.0,14.786370777690495,-16.520738147109192,06/08/2018,17/08/2018,09/04/2019,21/04/2019,BD667_18,1.0,f
Sarina,174,2018,10,f,autumn,11.924820192829571,1092.270316497764,-143.14022646546013,-155.0650466582897,13/08/2018 03:55,43.2,-3.756521739,14.786370777690495,-16.520738147109192,06/08/2018,17/08/2018,09/04/2019,21/04/2019,BD667_18,1.0,f
Sarina,174,2018,10,f,autumn,18.53524709412227,239.70759878685934,-146.2052186044023,-164.74046569852456,15/08/2018 04:49,35.1,-10.94224924,14.786370777690495,-16.520738147109192,06/08/2018,17/08/2018,09/04/2019,21/04/2019,BD667_18,1.0,f
Sarina,174,2018,10,f,autumn,10.754612344217236,1080.3842926086008,-156.7826682992348,-167.53728064345205,15/08/2018 19:04,33.3,-12.37668161,14.786370777690495,-16.520738147109192,06/08/2018,17/08/2018,09/04/2019,21/04/2019,BD667_18,1.0,f
Sarina,174,2018,10,f,autumn,0.45733736614982945,800.6609700287129,179.29588768630407,179.7532250524539,16/08/2018 19:08,24.3,-16.56292287,14.786370777690495,-16.520738147109192,06/08/2018,17/08/2018,09/04/2019,21/04/2019,BD667_18,1.0,f
Sarina,174,2018,10,f,spring,8.4210670440755,1031.7535633231766,13.668108113444163,22.08917515751966,09/04/2019 05:26,17.1,-16.47058824,53.5111,8.1056,06/08/2018,17/08/2018,09/04/2019,21/04/2019,BD667_18,1.0,f
Sarina,174,2018,10,f,spring,5.680334973623815,1336.1694301345499,19.36705974605948,25.04739471968329,14/04/2019 18:49,26.1,-14.03899721,53.5111,8.1056,06/08/2018,17/08/2018,09/04/2019,21/04/2019,BD667_18,1.0,f
Sarina,174,2018,10,f,spring,21.615601537199183,1321.4021564815532,9.180599214205396,30.796200751404584,17/04/2019 18:53,37.35,-9.056603774,53.5111,8.1056,06/08/2018,17/08/2018,09/04/2019,21/04/2019,BD667_18,1.0,f
Sarina,175,2019,11,f,autumn,1.0213982120545495,1010.8270769879725,-158.55459163003434,-159.5759898420889,05/08/2019 03:23,48.15,-4.640883978,14.786370777690495,-16.520738147109192,03/08/2019,14/08/2019,06/04/2020,22/04/2020,BS710_19,1.0,f
Sarina,175,2019,11,f,autumn,0.2227354775931758,104.52527941725381,-163.11035610317964,-162.88762062558646,07/08/2019 04:18,39.6,-8.940397351,14.786370777690495,-16.520738147109192,03/08/2019,14/08/2019,06/04/2020,22/04/2020,BS710_19,1.0,f
Sarina,175,2019,11,f,autumn,0.6260986230440153,934.4489745931488,-163.72675563522532,-163.1006570121813,07/08/2019 19:11,38.7,-9.290322581,14.786370777690495,-16.520738147109192,03/08/2019,14/08/2019,06/04/2020,22/04/2020,BS710_19,1.0,f
Sarina,175,2019,11,f,autumn,16.842413215224326,646.5416484319094,-147.50757020301165,-164.34998341823598,08/08/2019 04:27,30.6,-12.01741655,14.786370777690495,-16.520738147109192,03/08/2019,14/08/2019,06/04/2020,22/04/2020,BS710_19,1.0,f
Sarina,175,2019,11,f,autumn,5.333010504738695,350.2640189303598,180.0,-174.6669894952613,08/08/2019 19:05,25.65,-15.47850208,14.786370777690495,-16.520738147109192,03/08/2019,14/08/2019,06/04/2020,22/04/2020,BS710_19,1.0,f
Sarina,175,2019,11,f,autumn,10.374648693237276,420.0051382497163,-162.157048954701,-172.53169764793827,09/08/2019 05:03,22.5,-15.47850208,14.786370777690495,-16.520738147109192,03/08/2019,14/08/2019,06/04/2020,22/04/2020,BS710_19,1.0,f
Sarina,175,2019,11,f,autumn,2.4286888795264474,300.2263019403083,180.0,177.57131112047355,09/08/2019 19:11,18.9,-16.70103093,14.786370777690495,-16.520738147109192,03/08/2019,14/08/2019,06/04/2020,22/04/2020,BS710_19,1.0,f
Sarina,175,2019,11,f,autumn,7.915095083326719,150.13090389384882,-179.11593664102537,172.96896827564794,10/08/2019 19:00,16.2,-16.70103093,14.786370777690495,-16.520738147109192,03/08/2019,14/08/2019,06/04/2020,22/04/2020,BS710_19,1.0,f
Sarina,175,2019,11,f,autumn,107.15634227320271,150.13090389384882,0.8782949861247185,108.03463725932743,11/08/2019 05:27,14.85,-16.72258065,14.786370777690495,-16.520738147109192,03/08/2019,14/08/2019,06/04/2020,22/04/2020,BS710_19,1.0,f
Sarina,175,2019,11,f,autumn,7.5637278019463,250.19928191528624,-179.46730392240576,172.96896827564794,11/08/2019 19:01,16.2,-16.70103093,14.786370777690495,-16.520738147109192,03/08/2019,14/08/2019,06/04/2020,22/04/2020,BS710_19,1.0,f
Sarina,175,2019,11,f,autumn,16.717178153641214,1404.0109004738372,-3.58365470864987,13.133523444991349,13/08/2019 18:56,13.95,-16.72258065,14.786370777690495,-16.520738147109192,03/08/2019,14/08/2019,06/04/2020,22/04/2020,BS710_19,1.0,f
Sarina,175,2019,11,f,spring,6.967730083221937,1086.3376679283926,21.801979289334305,28.76970937255625,14/04/2020 19:06,27.0,-17.82178218,53.5111,8.1056,03/08/2019,14/08/2019,06/04/2020,22/04/2020,BS710_19,1.0,f
Sarina,175,2019,11,f,spring,1.6293251546611032,843.0609678949404,32.15915957410039,33.78848472876148,16/04/2020 04:46,36.0,-13.35394127,53.5111,8.1056,03/08/2019,14/08/2019,06/04/2020,22/04/2020,BS710_19,1.0,f
Sarina,175,2019,11,f,spring,3.685094452351194,930.6497119307671,42.70969741840073,39.024602966049535,17/04/2020 19:01,42.75,-7.905405405,53.5111,8.1056,03/08/2019,14/08/2019,06/04/2020,22/04/2020,BS710_19,1.0,f
Sarina,176,2020,12,f,autumn,3.3980267506657924,401.2005006089222,-149.65953305417727,-153.05755980484307,15/08/2020 02:54,53.55,1.484536082,14.786370777690495,-16.520738147109192,15/08/2020,30/08/2020,16/02/2021,18/05/2021,BX244_20,1.0,f
Sarina,176,2020,12,f,autumn,24.419479309694907,150.11315097015486,180.0,-155.58052069030515,15/08/2020 19:06,50.4,-1.374045802,14.786370777690495,-16.520738147109192,15/08/2020,30/08/2020,16/02/2021,18/05/2021,BX244_20,1.0,f
Sarina,176,2020,12,f,autumn,12.030718953104667,734.1251363290846,-142.80000700827568,-154.83072596138035,16/08/2020 03:33,49.05,-1.374045802,14.786370777690495,-16.520738147109192,15/08/2020,30/08/2020,16/02/2021,18/05/2021,BX244_20,1.0,f
Sarina,176,2020,12,f,autumn,11.217361651537601,503.46335834052763,-173.42460831500145,-162.20724666346385,22/08/2020 18:57,43.65,-7.461139896,14.786370777690495,-16.520738147109192,15/08/2020,30/08/2020,16/02/2021,18/05/2021,BX244_20,1.0,f
Sarina,176,2020,12,f,autumn,11.222259776666846,403.16028180935155,-149.61222839346138,-160.83448817012822,23/08/2020 04:13,39.15,-8.129032258,14.786370777690495,-16.520738147109192,15/08/2020,30/08/2020,16/02/2021,18/05/2021,BX244_20,1.0,f
Sarina,176,2020,12,f,autumn,7.589519378879686,109.12640300988123,-156.35921788533554,-163.94873726421523,23/08/2020 19:01,36.0,-10.39513678,14.786370777690495,-16.520738147109192,15/08/2020,30/08/2020,16/02/2021,18/05/2021,BX244_20,1.0,f
Sarina,176,2020,12,f,autumn,19.32639518167906,896.7125833448175,-145.41433998917682,-164.74073517085588,24/08/2020 18:52,34.65,-11.05990783,14.786370777690495,-16.520738147109192,15/08/2020,30/08/2020,16/02/2021,18/05/2021,BX244_20,1.0,f
Sarina,176,2020,12,f,autumn,4.5193250904473246,452.5454743053681,-174.23973733217525,-178.75906242262258,25/08/2020 05:13,27.9,-16.2295082,14.786370777690495,-16.520738147109192,15/08/2020,30/08/2020,16/02/2021,18/05/2021,BX244_20,1.0,f
Sarina,176,2020,12,f,autumn,2.7374545876426737,150.18538061352834,-178.21388212267513,179.0486632896822,25/08/2020 19:02,23.85,-16.67574932,14.786370777690495,-16.520738147109192,15/08/2020,30/08/2020,16/02/2021,18/05/2021,BX244_20,1.0,f
Sarina,176,2020,12,f,autumn,4.774551179370803,100.24360815857995,-176.67001889514967,178.55542992547953,26/08/2020 05:23,22.5,-16.72131148,14.786370777690495,-16.520738147109192,15/08/2020,30/08/2020,16/02/2021,18/05/2021,BX244_20,1.0,f
Sarina,176,2020,12,f,autumn,7.554385404937648,602.9603687047678,-174.68550339083407,177.76011120422828,29/08/2020 18:56,21.15,-16.77762983,14.786370777690495,-16.520738147109192,15/08/2020,30/08/2020,16/02/2021,18/05/2021,BX244_20,1.0,f
Sarina,176,2020,12,f,spring,76.63379733352826,260.43348464167644,-54.52454730955224,22.109250023976017,16/02/2021 18:37,15.75,-17.2987013,53.5111,8.1056,15/08/2020,30/08/2020,16/02/2021,18/05/2021,BX244_20,1.0,f
Sarina,176,2020,12,f,spring,23.03684434416388,150.13684106113635,1.014057703576963,24.050902047740834,12/03/2021 18:57,17.1,-19.29411765,53.5111,8.1056,15/08/2020,30/08/2020,16/02/2021,18/05/2021,BX244_20,1.0,f
Sarina,176,2020,12,f,spring,1.0443454213908012,602.6004372347669,23.617559114635913,24.6619045360267,13/03/2021 05:58,18.45,-19.2689295,53.5111,8.1056,15/08/2020,30/08/2020,16/02/2021,18/05/2021,BX244_20,1.0,f
Sarina,176,2020,12,f,spring,21.598966091354015,100.32661232680387,4.041194229662277,25.6401603210163,13/03/2021 18:47,23.4,-16.90607735,53.5111,8.1056,15/08/2020,30/08/2020,16/02/2021,18/05/2021,BX244_20,1.0,f
Sarina,176,2020,12,f,spring,151.1573202913392,100.18562023045025,177.30315188232396,26.145831590984745,16/03/2021 05:53,24.3,-16.83631362,53.5111,8.1056,15/08/2020,30/08/2020,16/02/2021,18/05/2021,BX244_20,1.0,f
Sarina,176,2020,12,f,spring,25.551665013618702,100.07543398010336,0.0,25.551665013618702,16/03/2021 18:56,23.4,-16.79012346,53.5111,8.1056,15/08/2020,30/08/2020,16/02/2021,18/05/2021,BX244_20,1.0,f
Sarina,176,2020,12,f,spring,147.2368317093439,100.74912971869585,173.34704011775958,26.110208408415666,20/03/2021 18:56,24.3,-16.79012346,53.5111,8.1056,15/08/2020,30/08/2020,16/02/2021,18/05/2021,BX244_20,1.0,f
Sarina,176,2020,12,f,spring,32.07076603789886,100.74912971869585,-6.606711991997335,25.464054045901538,23/03/2021 19:01,23.4,-16.67574932,53.5111,8.1056,15/08/2020,30/08/2020,16/02/2021,18/05/2021,BX244_20,1.0,f
Sarina,176,2020,12,f,spring,147.2368317093439,100.74912971869585,173.34704011775958,26.110208408415666,24/03/2021 18:56,24.3,-16.79012346,53.5111,8.1056,15/08/2020,30/08/2020,16/02/2021,18/05/2021,BX244_20,1.0,f
Sarina,176,2020,12,f,spring,25.46405404590155,100.07543398010336,0.0,25.464054045901538,25/03/2021 18:52,23.4,-16.67574932,53.5111,8.1056,15/08/2020,30/08/2020,16/02/2021,18/05/2021,BX244_20,1.0,f
Sarina,176,2020,12,f,spring,147.2368317093439,100.74912971869585,173.34704011775958,26.110208408415666,29/03/2021 05:34,24.3,-16.79012346,53.5111,8.1056,15/08/2020,30/08/2020,16/02/2021,18/05/2021,BX244_20,1.0,f
Sarina,176,2020,12,f,spring,25.46405404590155,150.1131509701545,0.0,25.464054045901538,07/04/2021 05:23,23.4,-16.67574932,53.5111,8.1056,15/08/2020,30/08/2020,16/02/2021,18/05/2021,BX244_20,1.0,f
Sarina,176,2020,12,f,spring,4.110706382602075,820.6576396634986,30.422073659590396,26.311367276988317,07/04/2021 19:11,24.75,-16.67574932,53.5111,8.1056,15/08/2020,30/08/2020,16/02/2021,18/05/2021,BX244_20,1.0,f
Sarina,176,2020,12,f,spring,15.48474048241414,1229.4599186609437,11.558376745475941,27.043117227890082,11/04/2021 04:48,31.05,-12.01741655,53.5111,8.1056,15/08/2020,30/08/2020,16/02/2021,18/05/2021,BX244_20,1.0,f
Sarina,176,2020,12,f,spring,25.56436828298851,721.2995632371213,13.043540821735151,38.60790910472366,18/04/2021 04:09,41.85,-9.060402685,53.5111,8.1056,15/08/2020,30/08/2020,16/02/2021,18/05/2021,BX244_20,1.0,f
Sarina,176,2020,12,f,spring,34.22861827578018,481.40953643723793,87.58128265911714,53.35266438333695,23/04/2021 03:24,48.15,-5.816876122,53.5111,8.1056,15/08/2020,30/08/2020,16/02/2021,18/05/2021,BX244_20,1.0,f
Sarina,176,2020,12,f,spring,0.7176892258060263,705.4743754116057,36.349911512763654,35.63222228695763,26/04/2021 19:01,48.6,2.007434944,53.5111,8.1056,15/08/2020,30/08/2020,16/02/2021,18/05/2021,BX244_20,1.0,f
Satan,177,2017,6,m,autumn,4.071939793311486,1217.5679541582122,-141.4020766230286,-145.47401641634008,31/08/2017 18:09,53.55,8.336842105,12.233539603960397,-16.174797287970296,31/08/2017,07/09/2017,10/04/2018,18/04/2018,Z435_17,0.0,m
Satan,177,2017,6,m,autumn,1.1676170427935517,112.48721762706015,-152.60532173528256,-153.7729387780761,01/09/2017 03:20,44.55,-1.234991424,12.233539603960397,-16.174797287970296,31/08/2017,07/09/2017,10/04/2018,18/04/2018,Z435_17,0.0,m
Satan,177,2017,6,m,autumn,11.532109036135324,1219.578605417443,-142.45041862895576,-153.98252766509108,02/09/2017 04:05,43.2,-1.894736842,12.233539603960397,-16.174797287970296,31/08/2017,07/09/2017,10/04/2018,18/04/2018,Z435_17,0.0,m
Satan,177,2017,6,m,autumn,11.277741401268628,112.37865170845357,-152.7840350223583,-164.06177642362692,02/09/2017 18:33,34.2,-9.953917051,12.233539603960397,-16.174797287970296,31/08/2017,07/09/2017,10/04/2018,18/04/2018,Z435_17,0.0,m
Satan,177,2017,6,m,autumn,1.5896450560706796,104.44845906637175,-163.274458522595,-164.8641035786657,03/09/2017 04:40,33.3,-10.50691244,12.233539603960397,-16.174797287970296,31/08/2017,07/09/2017,10/04/2018,18/04/2018,Z435_17,0.0,m
Satan,177,2017,6,m,autumn,12.548735682147253,949.2337288506462,-152.55758244556185,-165.1063181277091,03/09/2017 18:34,32.4,-10.82706767,12.233539603960397,-16.174797287970296,31/08/2017,07/09/2017,10/04/2018,18/04/2018,Z435_17,0.0,m
Satan,177,2017,6,m,autumn,12.310231440458892,782.8744163453589,-163.06505726057756,-175.37528870103645,04/09/2017 05:15,24.75,-15.14726508,12.233539603960397,-16.174797287970296,31/08/2017,07/09/2017,10/04/2018,18/04/2018,Z435_17,0.0,m
Satan,177,2017,6,m,autumn,10.807609549117188,150.1131509701545,180.0,169.1923904508828,04/09/2017 18:53,18.0,-17.2987013,12.233539603960397,-16.174797287970296,31/08/2017,07/09/2017,10/04/2018,18/04/2018,Z435_17,0.0,m
Satan,177,2017,6,m,autumn,21.340681356870107,100.90128417447089,-172.64738209426227,166.01193654886762,05/09/2017 05:30,16.65,-17.2987013,12.233539603960397,-16.174797287970296,31/08/2017,07/09/2017,10/04/2018,18/04/2018,Z435_17,0.0,m
Satan,177,2017,6,m,autumn,148.4307597695684,814.7381847528491,10.465720182619547,158.89647995218795,06/09/2017 18:48,15.75,-17.56097561,12.233539603960397,-16.174797287970296,31/08/2017,07/09/2017,10/04/2018,18/04/2018,Z435_17,0.0,m
Satan,177,2017,6,m,spring,9.487608887791566,672.3253545293699,34.25452293376054,24.76691404596898,10/04/2018 05:14,22.95,-16.11940299,53.5111,8.1056,31/08/2017,07/09/2017,10/04/2018,18/04/2018,Z435_17,0.0,m
Satan,177,2017,6,m,spring,15.898478793591835,202.48147844009657,8.625467392134986,24.523946185726807,14/04/2018 04:49,28.35,-11.71145686,53.5111,8.1056,31/08/2017,07/09/2017,10/04/2018,18/04/2018,Z435_17,0.0,m
Satan,177,2017,6,m,spring,13.458563818569218,923.5139842979485,12.177968220705502,25.63653203927471,14/04/2018 18:57,30.15,-11.39568345,53.5111,8.1056,31/08/2017,07/09/2017,10/04/2018,18/04/2018,Z435_17,0.0,m
Satan,177,2017,6,m,spring,17.570147123305105,1288.7783502407678,50.30579297008661,32.735645846781495,16/04/2018 18:38,38.7,-9.0,53.5111,8.1056,31/08/2017,07/09/2017,10/04/2018,18/04/2018,Z435_17,0.0,m
Satan,178,2018,7,m,autumn,10.300084626424848,1370.2323010518605,-135.17393178991523,-145.47401641634008,12/09/2018 17:37,53.55,8.336842105,12.233539603960397,-16.174797287970296,12/09/2018,19/09/2018,,,BL138_18,0.0,m
Satan,178,2018,7,m,autumn,14.035485289263079,1309.3062296499681,-144.4642982333956,-158.49978352265867,14/09/2018 04:38,43.65,-4.382608696,12.233539603960397,-16.174797287970296,12/09/2018,19/09/2018,,,BL138_18,0.0,m
Satan,178,2018,7,m,autumn,14.583401982391763,1088.7408673334774,-155.7088795109498,-170.29228149334156,16/09/2018 05:18,32.4,-12.72459499,12.233539603960397,-16.174797287970296,12/09/2018,19/09/2018,,,BL138_18,0.0,m
Satan,179,2019,8,m,autumn,47.37877922397615,101.93047596833082,168.9687071565156,-143.65251361950826,26/09/2019 04:02,44.1,5.088339223,12.233539603960397,-16.174797287970296,25/09/2019,09/10/2019,15/04/2020,19/04/2020,BS740_19,1.0,m
Satan,179,2019,8,m,autumn,33.333137637049504,100.28649013763001,-176.2549454842378,-142.9218078471883,30/09/2019 04:06,43.2,5.088339223,12.233539603960397,-16.174797287970296,25/09/2019,09/10/2019,15/04/2020,19/04/2020,BS740_19,1.0,m
Satan,179,2019,8,m,autumn,8.989115914604525,955.4250275429716,-151.26707968848,-142.27796377387548,30/09/2019 16:55,42.3,5.008695652,12.233539603960397,-16.174797287970296,25/09/2019,09/10/2019,15/04/2020,19/04/2020,BS740_19,1.0,m
Satan,179,2019,8,m,autumn,3.3785146951486524,836.9635543761002,-139.47330767200162,-142.85182236715028,01/10/2019 17:20,34.65,0.0,12.233539603960397,-16.174797287970296,25/09/2019,09/10/2019,15/04/2020,19/04/2020,BS740_19,1.0,m
Satan,179,2019,8,m,autumn,27.517062867472248,452.31753099412,-174.5405482516125,-147.02348538414026,02/10/2019 17:39,28.8,-5.574193548,12.233539603960397,-16.174797287970296,25/09/2019,09/10/2019,15/04/2020,19/04/2020,BS740_19,1.0,m
Satan,179,2019,8,m,autumn,51.13653902732494,251.72089398521098,-89.47811636492024,-140.61465539224517,03/10/2019 04:56,24.75,-6.0,12.233539603960397,-16.174797287970296,25/09/2019,09/10/2019,15/04/2020,19/04/2020,BS740_19,1.0,m
Satan,179,2019,8,m,autumn,19.671235102876665,459.83439008941724,-168.15492013748084,-148.48368503460418,03/10/2019 17:35,24.75,-8.492791612,12.233539603960397,-16.174797287970296,25/09/2019,09/10/2019,15/04/2020,19/04/2020,BS740_19,1.0,m
Satan,179,2019,8,m,autumn,35.16303700145892,200.49200807368666,-176.6378901998159,-141.47485319835698,04/10/2019 05:07,20.7,-9.399477807,12.233539603960397,-16.174797287970296,25/09/2019,09/10/2019,15/04/2020,19/04/2020,BS740_19,1.0,m
Satan,179,2019,8,m,autumn,25.55336732363105,211.61539971510024,-160.95150068900136,-135.3981333653703,05/10/2019 05:01,18.9,-9.569620253,12.233539603960397,-16.174797287970296,25/09/2019,09/10/2019,15/04/2020,19/04/2020,BS740_19,1.0,m
Satan,179,2019,8,m,autumn,58.81674760514761,795.7504980594061,-70.580790108997,-129.3975377141446,05/10/2019 18:00,17.1,-10.21935484,12.233539603960397,-16.174797287970296,25/09/2019,09/10/2019,15/04/2020,19/04/2020,BS740_19,1.0,m
Satan,179,2019,8,m,autumn,0.7962677744077098,101.94015266869614,168.99482239108897,168.19855461668126,07/10/2019 18:25,18.9,-17.59577279,12.233539603960397,-16.174797287970296,25/09/2019,09/10/2019,15/04/2020,19/04/2020,BS740_19,1.0,m
Satan,179,2019,8,m,autumn,171.67486721795535,601.1816632855267,-2.7730082659587443,168.90185895199662,08/10/2019 18:29,18.45,-17.41935484,12.233539603960397,-16.174797287970296,25/09/2019,09/10/2019,15/04/2020,19/04/2020,BS740_19,1.0,m
Satan,179,2019,8,m,spring,9.368781460144362,1369.1604018573782,17.15099361361811,26.519775073762464,15/04/2020 19:10,23.85,-17.70491803,53.5111,8.1056,25/09/2019,09/10/2019,15/04/2020,19/04/2020,BS740_19,1.0,m
Satan,179,2019,8,m,spring,10.81160282469969,1261.6205577137978,22.316346972094433,33.12794979679412,16/04/2020 04:51,35.55,-13.2718894,53.5111,8.1056,25/09/2019,09/10/2019,15/04/2020,19/04/2020,BS740_19,1.0,m
Satan,180,2020,9,m,autumn,3.3480777290279775,495.78019233287915,-142.1259386873121,-145.47401641634008,10/09/2020 17:31,53.55,8.336842105,12.233539603960397,-16.174797287970296,10/09/2020,29/09/2020,,,BX243_20,1.0,m
Satan,180,2020,9,m,autumn,7.679637516836607,108.71132556604985,-156.7831650849235,-149.1035275680869,11/09/2020 03:27,49.95,4.083175803,12.233539603960397,-16.174797287970296,10/09/2020,29/09/2020,,,BX243_20,1.0,m
Satan,180,2020,9,m,autumn,28.362200075124406,1195.9281525767844,-121.1206592833879,-149.48285935851231,13/09/2020 17:51,49.05,3.435114504,12.233539603960397,-16.174797287970296,10/09/2020,29/09/2020,,,BX243_20,1.0,m
Satan,180,2020,9,m,autumn,13.726338674727003,150.12027658977058,179.4357512665372,-166.83791005873584,15/09/2020 04:57,42.75,-9.262435678,12.233539603960397,-16.174797287970296,10/09/2020,29/09/2020,,,BX243_20,1.0,m
Satan,180,2020,9,m,autumn,13.72985357111088,100.075433980103,180.0,-166.27014642888918,20/09/2020 18:06,41.4,-9.244712991,12.233539603960397,-16.174797287970296,10/09/2020,29/09/2020,,,BX243_20,1.0,m
Satan,180,2020,9,m,autumn,165.68323240415907,100.07543398010371,0.0,-165.68323240415907,21/09/2020 18:11,40.05,-9.244712991,12.233539603960397,-16.174797287970296,10/09/2020,29/09/2020,,,BX243_20,1.0,m
Satan,180,2020,9,m,autumn,13.919356531405128,200.150867960206,180.0,-166.0806434685949,22/09/2020 04:47,40.95,-9.244712991,12.233539603960397,-16.174797287970296,10/09/2020,29/09/2020,,,BX243_20,1.0,m
Satan,180,2020,9,m,autumn,14.74060726006985,150.11315097015486,180.0,-165.25939273993012,22/09/2020 17:56,39.15,-9.244712991,12.233539603960397,-16.174797287970296,10/09/2020,29/09/2020,,,BX243_20,1.0,m
Satan,180,2020,9,m,autumn,14.529289522618143,100.08769407758254,-179.09778289107922,-164.56849336846108,23/09/2020 05:03,37.8,-9.244712991,12.233539603960397,-16.174797287970296,10/09/2020,29/09/2020,,,BX243_20,1.0,m
Satan,180,2020,9,m,autumn,164.32078384807073,400.3046875379373,0.21462426313465693,-164.1061595849361,23/09/2020 18:05,36.9,-9.262435678,12.233539603960397,-16.174797287970296,10/09/2020,29/09/2020,,,BX243_20,1.0,m
Satan,180,2020,9,m,autumn,16.545940824543976,1083.2223419120076,-149.50738962572606,-166.05333045027004,25/09/2020 18:05,40.95,-9.230769231,12.233539603960397,-16.174797287970296,10/09/2020,29/09/2020,,,BX243_20,1.0,m
Satan,180,2020,9,m,autumn,7.708094071308096,1017.3919023544253,-169.15472117755024,-176.86281524885834,26/09/2020 05:18,32.4,-15.06726457,12.233539603960397,-16.174797287970296,10/09/2020,29/09/2020,,,BX243_20,1.0,m
Satan,180,2020,9,m,autumn,21.940292370755856,105.25191608501532,-161.8932933707768,176.16641425846734,26/09/2020 18:21,23.4,-16.93548387,12.233539603960397,-16.174797287970296,10/09/2020,29/09/2020,,,BX243_20,1.0,m
Satan,180,2020,9,m,autumn,11.519865168676006,251.378882142868,-174.37817876232552,174.10195606899848,27/09/2020 05:32,22.5,-17.25388601,12.233539603960397,-16.174797287970296,10/09/2020,29/09/2020,,,BX243_20,1.0,m
Selima,181,2019,6,f,autumn,2.943133958003017,1039.031617945585,-141.57792501087587,-138.63479105287286,23/08/2019 18:31,53.55,8.336842105,22.325840092699885,-16.875601756060256,23/08/2019,27/08/2019,01/04/2020,06/04/2020,BS720_19,1.0,f
Selima,181,2019,6,f,autumn,9.54602024555669,1349.7107929739461,-134.06200594847726,-143.60802619403395,25/08/2019 03:39,45.45,0.0,22.325840092699885,-16.875601756060256,23/08/2019,27/08/2019,01/04/2020,06/04/2020,BS720_19,1.0,f
Selima,181,2019,6,f,autumn,24.85192143630684,100.158893104617,177.64761824506957,-157.50046031862362,26/08/2019 04:34,36.0,-10.87613293,22.325840092699885,-16.875601756060256,23/08/2019,27/08/2019,01/04/2020,06/04/2020,BS720_19,1.0,f
Selima,181,2019,6,f,autumn,1.597056856404805,1660.080075336595,-157.53514424841936,-155.93808739201455,26/08/2019 18:55,35.1,-10.83094556,22.325840092699885,-16.875601756060256,23/08/2019,27/08/2019,01/04/2020,06/04/2020,BS720_19,1.0,f
Selima,181,2019,6,f,spring,3.902419862517945,1073.575805218464,20.44269725859164,24.345117121109574,01/04/2020 05:33,21.15,-16.89008043,53.5111,8.1056,23/08/2019,27/08/2019,01/04/2020,06/04/2020,BS720_19,1.0,f
Selima,181,2019,6,f,spring,11.68145105585296,1148.0669487365772,15.52939882035059,27.210849876203543,03/04/2020 05:08,30.15,-13.00578035,53.5111,8.1056,23/08/2019,27/08/2019,01/04/2020,06/04/2020,BS720_19,1.0,f
Selima,181,2019,6,f,spring,2.3908737605311217,716.018549083789,37.934881529768404,35.54400776923729,04/04/2020 18:32,40.05,-9.411764706,53.5111,8.1056,23/08/2019,27/08/2019,01/04/2020,06/04/2020,BS720_19,1.0,f
Selima,182,2020,7,f,autumn,15.905561966858414,1286.995637137955,-122.72922908601444,-138.63479105287286,12/08/2020 19:03,53.55,8.336842105,22.325840092699885,-16.875601756060256,12/08/2020,16/08/2020,02/04/2021,14/04/2021,BX245_20,1.0,f
Selima,182,2020,7,f,autumn,54.66345067577498,236.4988190689003,-101.13000816902012,-155.79345884479508,13/08/2020 03:25,46.35,-5.816876122,22.325840092699885,-16.875601756060256,12/08/2020,16/08/2020,02/04/2021,14/04/2021,BX245_20,1.0,f
Selima,182,2020,7,f,autumn,0.48085650206300556,210.9634076339095,-161.2727539353498,-161.75361043741282,13/08/2020 19:13,45.9,-8.816326531,22.325840092699885,-16.875601756060256,12/08/2020,16/08/2020,02/04/2021,14/04/2021,BX245_20,1.0,f
Selima,182,2020,7,f,autumn,9.456389434531701,1060.0956608989,-171.84781237369114,-162.39142293915944,14/08/2020 03:54,44.1,-9.66442953,22.325840092699885,-16.875601756060256,12/08/2020,16/08/2020,02/04/2021,14/04/2021,BX245_20,1.0,f
Selima,182,2020,7,f,autumn,9.98236186130282,1339.9342374345954,-165.31028165261552,-155.3279197913127,15/08/2020 19:08,33.75,-11.30044843,22.325840092699885,-16.875601756060256,12/08/2020,16/08/2020,02/04/2021,14/04/2021,BX245_20,1.0,f
Selima,182,2020,7,f,spring,8.082317227588817,1351.782379872925,14.956307337956584,23.038624565545412,02/04/2021 05:19,22.05,-14.57489879,53.5111,8.1056,12/08/2020,16/08/2020,02/04/2021,14/04/2021,BX245_20,1.0,f
Selima,182,2020,7,f,spring,28.45852849124404,100.075433980103,0.0,28.458528491244035,03/04/2021 05:05,33.75,-10.82706767,53.5111,8.1056,12/08/2020,16/08/2020,02/04/2021,14/04/2021,BX245_20,1.0,f
Selima,182,2020,7,f,spring,3.6978027791541876,222.829036974675,25.76340473160515,29.461207510759344,05/04/2021 18:56,34.65,-10.82706767,53.5111,8.1056,12/08/2020,16/08/2020,02/04/2021,14/04/2021,BX245_20,1.0,f
Selima,182,2020,7,f,spring,29.26544609683799,250.2412479892841,1.158007276355469,30.42345337319345,06/04/2021 18:52,36.45,-9.744360902,53.5111,8.1056,12/08/2020,16/08/2020,02/04/2021,14/04/2021,BX245_20,1.0,f
Selima,182,2020,7,f,spring,0.7418592579319636,299.9437356231698,32.865135227742556,33.60699448567451,07/04/2021 04:39,38.7,-9.686098655,53.5111,8.1056,12/08/2020,16/08/2020,02/04/2021,14/04/2021,BX245_20,1.0,f
Selima,182,2020,7,f,spring,28.276933185313737,504.06811987724916,6.688680687004633,34.96561387231838,07/04/2021 18:57,40.95,-7.748344371,53.5111,8.1056,12/08/2020,16/08/2020,02/04/2021,14/04/2021,BX245_20,1.0,f
Selima,182,2020,7,f,spring,27.502895961788568,158.43438928735037,18.41365875364271,45.91655471543127,08/04/2021 18:37,45.9,-6.629834254,53.5111,8.1056,12/08/2020,16/08/2020,02/04/2021,14/04/2021,BX245_20,1.0,f
SirDavid,184,2016,22,m,autumn,7.409328750412044,711.0282824311212,-154.53515142167896,-147.12582267126692,09/09/2016 17:50,53.55,8.336842105,11.718367346938777,-15.078968104209183,09/09/2016,16/09/2016,03/04/2017,11/04/2017,Z435,1.0,m
SirDavid,184,2016,22,m,autumn,0.6169495561076985,849.8193654138558,-150.21653545085155,-149.59958589474385,11/09/2016 03:32,47.25,3.877917415,11.718367346938777,-15.078968104209183,09/09/2016,16/09/2016,03/04/2017,11/04/2017,Z435,1.0,m
SirDavid,184,2016,22,m,autumn,16.749184236225517,1166.924059773138,-169.81873462355074,-153.06955038732522,12/09/2016 04:01,40.5,-1.184210526,11.718367346938777,-15.078968104209183,09/09/2016,16/09/2016,03/04/2017,11/04/2017,Z435,1.0,m
SirDavid,184,2016,22,m,autumn,27.733861897907047,1200.5891950416783,-120.35384815491874,-148.0877100528258,13/09/2016 04:42,30.15,-3.829787234,11.718367346938777,-15.078968104209183,09/09/2016,16/09/2016,03/04/2017,11/04/2017,Z435,1.0,m
SirDavid,184,2016,22,m,autumn,6.128797320429641,354.61232148960295,-170.91095307343315,-177.0397503938628,14/09/2016 18:35,24.3,-14.4198895,11.718367346938777,-15.078968104209183,09/09/2016,16/09/2016,03/04/2017,11/04/2017,Z435,1.0,m
SirDavid,184,2016,22,m,autumn,155.17364570982227,724.6629386636739,25.53845877928194,-179.28789551089577,15/09/2016 18:40,21.15,-14.95978552,11.718367346938777,-15.078968104209183,09/09/2016,16/09/2016,03/04/2017,11/04/2017,Z435,1.0,m
SirDavid,184,2016,22,m,spring,23.653184098812034,100.07543398010264,0.0,23.653184098812037,03/04/2017 05:07,27.0,-11.81169757,53.5111,8.1056,09/09/2016,16/09/2016,03/04/2017,11/04/2017,Z435,1.0,m
SirDavid,184,2016,22,m,spring,28.973553550851136,1053.589153594168,-3.9617744841771567,25.011779066673977,05/04/2017 18:45,28.8,-11.86246418,53.5111,8.1056,09/09/2016,16/09/2016,03/04/2017,11/04/2017,Z435,1.0,m
SirDavid,184,2016,22,m,spring,0.7686993958963626,1080.0554775309506,35.46976909980611,36.238468495702456,08/04/2017 04:47,38.25,-12.61146497,53.5111,8.1056,09/09/2016,16/09/2016,03/04/2017,11/04/2017,Z435,1.0,m
Sixtus,185,2020,8,m,autumn,4.129382354289504,1024.394637098567,-137.77004784849612,-141.89943020278562,09/09/2020 17:49,53.55,8.336842105,16.857266009852218,-17.04658540862069,09/09/2020,14/09/2020,06/04/2021,27/04/2021,BS739_20,1.0,m
Sixtus,185,2020,8,m,autumn,16.724787880471297,1039.1809196684947,-133.0679536631954,-149.7927415436667,11/09/2020 04:25,46.35,-0.646319569,16.857266009852218,-17.04658540862069,09/09/2020,14/09/2020,06/04/2021,27/04/2021,BS739_20,1.0,m
Sixtus,185,2020,8,m,autumn,6.896160288245909,1093.030547589058,-154.79969594645308,-161.695856234699,12/09/2020 18:19,39.6,-9.473684211,16.857266009852218,-17.04658540862069,09/09/2020,14/09/2020,06/04/2021,27/04/2021,BS739_20,1.0,m
Sixtus,185,2020,8,m,autumn,0.2511701557992012,1727.3936556821636,-169.37094404518916,-169.11977388938996,13/09/2020 18:33,30.6,-14.31818182,16.857266009852218,-17.04658540862069,09/09/2020,14/09/2020,06/04/2021,27/04/2021,BS739_20,1.0,m
Sixtus,185,2020,8,m,spring,14.098634328590407,960.0468183195367,7.797894196067629,21.896528524658038,06/04/2021 05:35,15.3,-17.25388601,53.5111,8.1056,09/09/2020,14/09/2020,06/04/2021,27/04/2021,BS739_20,1.0,m
Sixtus,185,2020,8,m,spring,22.18496956849188,200.40846102069878,2.8845695205937973,25.069539089085673,13/04/2021 05:20,23.85,-15.81890812,53.5111,8.1056,09/09/2020,14/09/2020,06/04/2021,27/04/2021,BS739_20,1.0,m
Sixtus,185,2020,8,m,spring,129.7740798629485,109.53128128216413,155.92263036234695,26.14855049939849,13/04/2021 19:08,25.65,-15.71830986,53.5111,8.1056,09/09/2020,14/09/2020,06/04/2021,27/04/2021,BS739_20,1.0,m
Sixtus,185,2020,8,m,spring,2.8561621680554197,398.42811990719395,28.052181213308565,25.19601904525315,14/04/2021 05:10,24.75,-15.2758133,53.5111,8.1056,09/09/2020,14/09/2020,06/04/2021,27/04/2021,BS739_20,1.0,m
Sixtus,185,2020,8,m,spring,20.96278669271942,653.0882025705585,4.959801563201671,25.92258825592109,15/04/2021 19:03,28.35,-13.19648094,53.5111,8.1056,09/09/2020,14/09/2020,06/04/2021,27/04/2021,BS739_20,1.0,m
Sixtus,185,2020,8,m,spring,11.968490167456167,1014.6363198916753,19.229994557401103,31.198484724857277,18/04/2021 04:36,34.65,-12.45112782,53.5111,8.1056,09/09/2020,14/09/2020,06/04/2021,27/04/2021,BS739_20,1.0,m
Sixtus,185,2020,8,m,spring,3.8126454746339675,1044.3826717494396,44.31756134831902,40.50491587368504,22/04/2021 19:08,43.65,-7.409948542,53.5111,8.1056,09/09/2020,14/09/2020,06/04/2021,27/04/2021,BS739_20,1.0,m
Tea,186,2020,3,f,autumn,67.5722871814612,578.9114520587325,-101.66697503763909,-169.2392622191003,14/08/2020 02:34,53.55,8.336842105,7.47109756097561,0.4839136698609756,14/08/2020,08/09/2020,04/04/2021,30/04/2021,BS736_20,1.0,f
Tea,186,2020,3,f,autumn,29.915998496574502,1337.8283724540786,-150.76576926464475,179.31823223878078,15/08/2020 19:11,52.2,0.0,7.47109756097561,0.4839136698609756,14/08/2020,08/09/2020,04/04/2021,30/04/2021,BS736_20,1.0,f
Tea,186,2020,3,f,autumn,167.39110735386558,150.21598507296136,-2.097835977742975,165.2932713761226,19/08/2020 19:12,41.4,-7.905405405,7.47109756097561,0.4839136698609756,14/08/2020,08/09/2020,04/04/2021,30/04/2021,BS736_20,1.0,f
Tea,186,2020,3,f,autumn,126.50912803226977,1387.5922948896975,39.433690937774045,165.94281897004382,20/08/2020 18:55,42.75,-7.8,7.47109756097561,0.4839136698609756,14/08/2020,08/09/2020,04/04/2021,30/04/2021,BS736_20,1.0,f
Tea,186,2020,3,f,autumn,167.42833778205954,251.71766422965615,-6.156819830430652,-173.58515761249024,21/08/2020 03:13,51.75,5.008695652,7.47109756097561,0.4839136698609756,14/08/2020,08/09/2020,04/04/2021,30/04/2021,BS736_20,1.0,f
Tea,186,2020,3,f,autumn,52.47792880598726,1448.9786313473644,-121.91113034077188,-174.38905914675914,30/08/2020 18:37,54.0,4.595744681,7.47109756097561,0.4839136698609756,14/08/2020,08/09/2020,04/04/2021,30/04/2021,BS736_20,1.0,f
Tea,186,2020,3,f,autumn,26.064381688721483,1461.3537489683895,-172.5002035596635,161.435414751615,31/08/2020 04:32,45.9,-11.36842105,7.47109756097561,0.4839136698609756,14/08/2020,08/09/2020,04/04/2021,30/04/2021,BS736_20,1.0,f
Tea,186,2020,3,f,autumn,120.24649808548224,106.14512100971321,-89.69180719630765,150.06169471821013,31/08/2020 18:50,32.85,-13.39285714,7.47109756097561,0.4839136698609756,14/08/2020,08/09/2020,04/04/2021,30/04/2021,BS736_20,1.0,f
Tea,186,2020,3,f,autumn,36.18240797607393,551.7772048383753,-175.86688288353275,147.9507091403933,01/09/2020 05:03,32.85,-14.52914798,7.47109756097561,0.4839136698609756,14/08/2020,08/09/2020,04/04/2021,30/04/2021,BS736_20,1.0,f
Tea,186,2020,3,f,autumn,49.75457708361921,815.5886816912257,-168.66367926448444,141.58174365189632,01/09/2020 18:52,27.9,-14.93333333,7.47109756097561,0.4839136698609756,14/08/2020,08/09/2020,04/04/2021,30/04/2021,BS736_20,1.0,f
Tea,186,2020,3,f,autumn,51.426961396776505,200.57332155500566,176.26025728955062,124.83329589277412,03/09/2020 18:51,19.8,-16.29826897,7.47109756097561,0.4839136698609756,14/08/2020,08/09/2020,04/04/2021,30/04/2021,BS736_20,1.0,f
Tea,186,2020,3,f,autumn,57.28317741705902,300.3809725581925,178.14789204105674,120.86471462399771,04/09/2020 05:37,18.0,-16.1745828,7.47109756097561,0.4839136698609756,14/08/2020,08/09/2020,04/04/2021,30/04/2021,BS736_20,1.0,f
Tea,186,2020,3,f,autumn,50.55171275893906,259.577040625523,164.46238659283424,113.91067383389519,04/09/2020 18:40,15.3,-16.08409987,7.47109756097561,0.4839136698609756,14/08/2020,08/09/2020,04/04/2021,30/04/2021,BS736_20,1.0,f
Tea,186,2020,3,f,autumn,44.161323375547084,112.65139280933168,152.61572941718921,108.45440604164213,05/09/2020 18:30,13.05,-15.11450382,7.47109756097561,0.4839136698609756,14/08/2020,08/09/2020,04/04/2021,30/04/2021,BS736_20,1.0,f
Tea,186,2020,3,f,autumn,1.0833815846018524,923.5895093848955,104.90900820244369,105.99238978704552,07/09/2020 05:13,12.15,-14.67515924,7.47109756097561,0.4839136698609756,14/08/2020,08/09/2020,04/04/2021,30/04/2021,BS736_20,1.0,f
Tea,186,2020,3,f,autumn,40.6878816355744,1736.5523923097144,149.4439338771585,108.75605224158413,07/09/2020 18:02,9.9,-6.528497409,7.47109756097561,0.4839136698609756,14/08/2020,08/09/2020,04/04/2021,30/04/2021,BS736_20,1.0,f
Tea,186,2020,3,f,spring,78.73525384822823,1250.4359854352929,-73.97412315314976,4.7611306950784655,04/04/2021 17:50,-3.6,1.353383459,53.5111,8.1056,14/08/2020,08/09/2020,04/04/2021,30/04/2021,BS736_20,1.0,f
Tea,186,2020,3,f,spring,52.80105113621016,1182.484735401625,-40.22405922686077,12.576991909349404,05/04/2021 18:20,1.42e-14,-9.45,53.5111,8.1056,14/08/2020,08/09/2020,04/04/2021,30/04/2021,BS736_20,1.0,f
Tea,186,2020,3,f,spring,18.893561549294702,150.11315097015415,0.0,18.893561549294695,14/04/2021 19:01,8.1,-16.36363636,53.5111,8.1056,14/08/2020,08/09/2020,04/04/2021,30/04/2021,BS736_20,1.0,f
Tea,186,2020,3,f,spring,19.278866869771633,550.414886890566,0.0,19.278866869771644,15/04/2021 05:19,9.45,-16.36363636,53.5111,8.1056,14/08/2020,08/09/2020,04/04/2021,30/04/2021,BS736_20,1.0,f
Tea,186,2020,3,f,spring,24.69608461695941,451.33521693690545,-3.7687182848819165,20.927366332077494,15/04/2021 19:02,14.4,-16.36363636,53.5111,8.1056,14/08/2020,08/09/2020,04/04/2021,30/04/2021,BS736_20,1.0,f
Tea,186,2020,3,f,spring,20.458437735052115,1052.0780295535926,2.7386635011836793,23.1971012362358,19/04/2021 05:22,18.9,-16.875,53.5111,8.1056,14/08/2020,08/09/2020,04/04/2021,30/04/2021,BS736_20,1.0,f
Tea,186,2020,3,f,spring,0.5767196216991408,512.9490875346083,27.976647186210453,28.553366807909605,20/04/2021 04:59,28.35,-16.22535211,53.5111,8.1056,14/08/2020,08/09/2020,04/04/2021,30/04/2021,BS736_20,1.0,f
Tea,186,2020,3,f,spring,14.03468620329815,678.4159657052054,15.906993974404378,29.941680177702516,20/04/2021 19:06,32.4,-13.66423358,53.5111,8.1056,14/08/2020,08/09/2020,04/04/2021,30/04/2021,BS736_20,1.0,f
Tea,186,2020,3,f,spring,33.42279833803889,150.22655517202966,2.205082766107066,35.62788110414594,22/04/2021 04:14,38.7,-11.39240506,53.5111,8.1056,14/08/2020,08/09/2020,04/04/2021,30/04/2021,BS736_20,1.0,f
Tea,186,2020,3,f,spring,4.8135392128325805,855.423793894143,33.035539941871285,37.84907915470386,22/04/2021 18:57,40.05,-11.32450331,53.5111,8.1056,14/08/2020,08/09/2020,04/04/2021,30/04/2021,BS736_20,1.0,f
Uranus,188,2020,6,m,autumn,28.215374634227345,754.1854165980608,-173.9637018276472,-145.74832719341987,30/08/2020 02:49,53.55,8.336842105,11.982608695652175,-16.054539639516907,30/08/2020,06/09/2020,01/04/2021,22/04/2021,BT687_20,1.0,m
Uranus,188,2020,6,m,autumn,7.136182994506697,207.18143423962502,-135.75678080239618,-142.89296379690288,30/08/2020 18:13,46.8,7.297297297,11.982608695652175,-16.054539639516907,30/08/2020,06/09/2020,01/04/2021,22/04/2021,BT687_20,1.0,m
Uranus,188,2020,6,m,autumn,58.064677066298145,774.5976424426246,-86.45516594786946,-144.5198430141676,31/08/2020 03:26,45.45,5.444234405,11.982608695652175,-16.054539639516907,30/08/2020,06/09/2020,01/04/2021,22/04/2021,BT687_20,1.0,m
Uranus,188,2020,6,m,autumn,15.748860027033146,301.0349380812575,-175.7014596227966,-159.95259959576344,01/09/2020 18:43,45.45,-4.49197861,11.982608695652175,-16.054539639516907,30/08/2020,06/09/2020,01/04/2021,22/04/2021,BT687_20,1.0,m
Uranus,188,2020,6,m,autumn,21.000977167735186,150.11315097015415,180.0,-158.99902283226484,02/09/2020 03:55,42.75,-4.768211921,11.982608695652175,-16.054539639516907,30/08/2020,06/09/2020,01/04/2021,22/04/2021,BT687_20,1.0,m
Uranus,188,2020,6,m,autumn,12.411807846252628,892.2930512242772,-145.50658678996726,-157.9183946362199,03/09/2020 03:56,40.95,-4.768211921,11.982608695652175,-16.054539639516907,30/08/2020,06/09/2020,01/04/2021,22/04/2021,BT687_20,1.0,m
Uranus,188,2020,6,m,autumn,12.090690812167793,557.3764234746853,-153.14960718109575,-165.24029799326354,03/09/2020 18:48,34.2,-10.25316456,11.982608695652175,-16.054539639516907,30/08/2020,06/09/2020,01/04/2021,22/04/2021,BT687_20,1.0,m
Uranus,188,2020,6,m,autumn,10.189095850494368,150.11315097015378,180.0,-169.81090414950566,04/09/2020 04:40,29.7,-12.85714286,11.982608695652175,-16.054539639516907,30/08/2020,06/09/2020,01/04/2021,22/04/2021,BT687_20,1.0,m
Uranus,188,2020,6,m,autumn,5.295558174240824,1084.8882681545651,-165.0206763162128,-170.31623449045364,05/09/2020 05:10,28.35,-13.24250681,11.982608695652175,-16.054539639516907,30/08/2020,06/09/2020,01/04/2021,22/04/2021,BT687_20,1.0,m
Uranus,188,2020,6,m,autumn,133.5695994168184,357.2848377545837,-45.143774932705604,-178.713374349524,05/09/2020 18:48,18.9,-15.8961039,11.982608695652175,-16.054539639516907,30/08/2020,06/09/2020,01/04/2021,22/04/2021,BT687_20,1.0,m
Uranus,188,2020,6,m,spring,0.24575422204077313,1346.6918949848862,25.645492528610752,25.399738306569972,09/04/2021 05:15,21.15,-18.33780161,53.5111,8.1056,30/08/2020,06/09/2020,01/04/2021,22/04/2021,BT687_20,1.0,m
Uranus,188,2020,6,m,spring,18.221005841180585,1017.5147774369208,9.83887259162569,28.059878432806272,11/04/2021 04:46,31.95,-12.19440353,53.5111,8.1056,30/08/2020,06/09/2020,01/04/2021,22/04/2021,BT687_20,1.0,m
Uranus,188,2020,6,m,spring,7.257811276165057,651.2412081387207,30.876878450021056,38.13468972618612,17/04/2021 04:15,40.95,-10.13245033,53.5111,8.1056,30/08/2020,06/09/2020,01/04/2021,22/04/2021,BT687_20,1.0,m
Wendelin,189,2020,7,m,autumn,2.2178642862145637,1245.9494219055775,-139.28790821703578,-141.50577250325034,01/09/2020 18:03,53.55,8.336842105,18.082101616628176,-16.803115471801384,01/09/2020,07/09/2020,18/04/2021,29/04/2021,BX270_20,0.0,m
Wendelin,189,2020,7,m,autumn,27.883096093911092,184.30949370091403,-122.20747157184333,-150.09056766575443,03/09/2020 04:00,44.55,-1.956521739,18.082101616628176,-16.803115471801384,01/09/2020,07/09/2020,18/04/2021,29/04/2021,BX270_20,0.0,m
Wendelin,189,2020,7,m,autumn,24.16552692836109,801.5458000110078,-177.0664314186045,-152.90090449024342,03/09/2020 18:14,43.65,-3.894899536,18.082101616628176,-16.803115471801384,01/09/2020,07/09/2020,18/04/2021,29/04/2021,BX270_20,0.0,m
Wendelin,189,2020,7,m,autumn,43.42918820975285,421.3472456183485,-102.39336429278254,-145.8225525025354,04/09/2020 04:06,36.45,-4.352331606,18.082101616628176,-16.803115471801384,01/09/2020,07/09/2020,18/04/2021,29/04/2021,BX270_20,0.0,m
Wendelin,189,2020,7,m,autumn,34.97400027878956,190.73380776730684,-121.13060683022415,-156.10460710901373,04/09/2020 18:28,35.55,-8.902627512,18.082101616628176,-16.803115471801384,01/09/2020,07/09/2020,18/04/2021,29/04/2021,BX270_20,0.0,m
Wendelin,189,2020,7,m,autumn,18.287235565816758,800.8446485766132,-178.53756951732024,-160.25033395150348,05/09/2020 04:41,34.65,-10.6875,18.082101616628176,-16.803115471801384,01/09/2020,07/09/2020,18/04/2021,29/04/2021,BX270_20,0.0,m
Wendelin,189,2020,7,m,autumn,11.84498127216429,371.035872538288,-160.46345856808017,-148.61847729591588,05/09/2020 18:44,27.45,-10.89408528,18.082101616628176,-16.803115471801384,01/09/2020,07/09/2020,18/04/2021,29/04/2021,BX270_20,0.0,m
Wendelin,189,2020,7,m,autumn,22.883181619435447,102.72345836043817,-166.91587132729646,-144.032689707861,06/09/2020 05:05,24.3,-12.11781206,18.082101616628176,-16.803115471801384,01/09/2020,07/09/2020,18/04/2021,29/04/2021,BX270_20,0.0,m
Wendelin,189,2020,7,m,autumn,15.609342654282017,1299.701854555811,-156.702920801709,-141.093578147427,06/09/2020 18:34,23.4,-12.34567901,18.082101616628176,-16.803115471801384,01/09/2020,07/09/2020,18/04/2021,29/04/2021,BX270_20,0.0,m
Wendelin,189,2020,7,m,spring,15.143881382418755,1307.641339237981,5.60984725039245,20.753728632811196,18/04/2021 05:11,12.6,-17.05505762,53.5111,8.1056,01/09/2020,07/09/2020,18/04/2021,29/04/2021,BX270_20,0.0,m
Wendelin,189,2020,7,m,spring,2.512427918179526,1203.9629684344827,27.847878262296906,25.335450344117383,19/04/2021 04:56,24.3,-15.80246914,53.5111,8.1056,01/09/2020,07/09/2020,18/04/2021,29/04/2021,BX270_20,0.0,m
Wendelin,189,2020,7,m,spring,5.746831610255896,976.6277775390919,21.49769365354545,27.244525263801346,23/04/2021 18:54,33.75,-9.744360902,53.5111,8.1056,01/09/2020,07/09/2020,18/04/2021,29/04/2021,BX270_20,0.0,m
Wendelin,189,2020,7,m,spring,0.3714088431855771,990.4097146664903,33.52648858679105,33.15507974360546,27/04/2021 19:19,41.85,-5.436241611,53.5111,8.1056,01/09/2020,07/09/2020,18/04/2021,29/04/2021,BX270_20,0.0,m
Yealle,190,2018,10,f,autumn,34.71760827296839,280.689447116966,-109.3050834502847,-144.0226917232531,21/08/2018 02:27,53.55,8.336842105,13.772848101265822,-16.70685352865823,21/08/2018,31/08/2018,,,BL125_18,1.0,f
Yealle,190,2018,10,f,autumn,29.52976101120089,100.12142715481244,-178.2455325806287,-148.7157715694278,21/08/2018 18:26,52.65,4.408163265,13.772848101265822,-16.70685352865823,21/08/2018,31/08/2018,,,BL125_18,1.0,f
Yealle,190,2018,10,f,autumn,34.44781997123562,653.4953153934028,-114.07003807490679,-148.5178580461424,25/08/2018 18:21,52.2,4.363636364,13.772848101265822,-16.70685352865823,21/08/2018,31/08/2018,,,BL125_18,1.0,f
Yealle,190,2018,10,f,autumn,26.88701027481082,974.2503328488532,-132.61909667267662,-159.50610694748744,28/08/2018 04:18,49.5,-4.122137405,13.772848101265822,-16.70685352865823,21/08/2018,31/08/2018,,,BL125_18,1.0,f
Yealle,190,2018,10,f,autumn,22.82561454883023,672.7355254786614,164.54183498084146,-172.6325504703283,28/08/2018 18:56,43.2,-12.96740995,13.772848101265822,-16.70685352865823,21/08/2018,31/08/2018,,,BL125_18,1.0,f
Yealle,190,2018,10,f,autumn,9.258972699749677,752.7480312455895,-175.45349960933032,-166.19452690958065,29/08/2018 04:41,37.35,-10.94224924,13.772848101265822,-16.70685352865823,21/08/2018,31/08/2018,,,BL125_18,1.0,f
Yealle,190,2018,10,f,autumn,4.368686157467238,428.2911277031115,-158.78424511332022,-163.15293127078746,29/08/2018 18:46,30.6,-11.56424581,13.772848101265822,-16.70685352865823,21/08/2018,31/08/2018,,,BL125_18,1.0,f
Yealle,190,2018,10,f,autumn,13.273249305947303,452.15929720158704,-151.831387395708,-165.1046367016553,30/08/2018 05:02,27.0,-13.12762973,13.772848101265822,-16.70685352865823,21/08/2018,31/08/2018,,,BL125_18,1.0,f
Yealle,191,2019,11,f,autumn,8.825361569825958,1058.6541738665724,-135.19733015342715,-144.0226917232531,25/08/2019 02:41,53.55,8.336842105,13.772848101265822,-16.70685352865823,25/08/2019,30/08/2019,13/03/2020,05/04/2020,BS704_19,1.0,f
Yealle,191,2019,11,f,autumn,25.715165222398923,300.226301940309,180.0,-154.28483477760105,26/08/2019 18:35,46.35,-1.908127208,13.772848101265822,-16.70685352865823,25/08/2019,30/08/2019,13/03/2020,05/04/2020,BS704_19,1.0,f
Yealle,191,2019,11,f,autumn,18.060841031173908,824.9633533106571,-134.40694953408604,-152.46779056525995,27/08/2019 04:02,43.65,-1.908127208,13.772848101265822,-16.70685352865823,25/08/2019,30/08/2019,13/03/2020,05/04/2020,BS704_19,1.0,f
Yealle,191,2019,11,f,autumn,8.757122081734792,834.9164350509886,-152.81707161441676,-161.57419369615155,28/08/2019 04:27,38.25,-8.653846154,13.772848101265822,-16.70685352865823,25/08/2019,30/08/2019,13/03/2020,05/04/2020,BS704_19,1.0,f
Yealle,191,2019,11,f,autumn,1.6689618526153538,361.21776134361653,-165.61977009760315,-167.2887319502185,28/08/2019 18:50,31.5,-12.6686217,13.772848101265822,-16.70685352865823,25/08/2019,30/08/2019,13/03/2020,05/04/2020,BS704_19,1.0,f
Yealle,191,2019,11,f,autumn,29.016539990627848,393.77070348264533,-139.08310610610266,-168.0996460967305,29/08/2019 04:57,28.35,-13.58490566,13.772848101265822,-16.70685352865823,25/08/2019,30/08/2019,13/03/2020,05/04/2020,BS704_19,1.0,f
Yealle,191,2019,11,f,autumn,2.3900829295986625,602.6376034136124,-175.01708628836468,-177.40716921796334,29/08/2019 18:54,25.65,-16.15708275,13.772848101265822,-16.70685352865823,25/08/2019,30/08/2019,13/03/2020,05/04/2020,BS704_19,1.0,f
Yealle,191,2019,11,f,spring,27.450428787837097,100.29120397355452,-3.747984581616737,23.70244420622037,13/03/2020 06:02,20.25,-16.65809769,53.5111,8.1056,25/08/2019,30/08/2019,13/03/2020,05/04/2020,BS704_19,1.0,f
Yealle,191,2019,11,f,spring,6.835983171081182,472.58474678713134,17.383213393173502,24.2191965642547,13/03/2020 18:49,21.15,-16.72131148,53.5111,8.1056,25/08/2019,30/08/2019,13/03/2020,05/04/2020,BS704_19,1.0,f
Yealle,191,2019,11,f,spring,28.20518620194673,751.8648691616335,-3.2657762430411212,24.9394099589056,14/03/2020 18:35,25.2,-14.61434371,53.5111,8.1056,25/08/2019,30/08/2019,13/03/2020,05/04/2020,BS704_19,1.0,f
Yealle,191,2019,11,f,spring,23.523545515123374,100.89127769818056,7.255041006825291,30.77858652194868,15/03/2020 05:41,31.95,-15.06726457,53.5111,8.1056,25/08/2019,30/08/2019,13/03/2020,05/04/2020,BS704_19,1.0,f
Yealle,191,2019,11,f,spring,44.989159204540954,154.26077622153124,-13.21160077972803,31.777558424812906,22/03/2020 05:33,32.85,-15.15239478,53.5111,8.1056,25/08/2019,30/08/2019,13/03/2020,05/04/2020,BS704_19,1.0,f
Yealle,191,2019,11,f,spring,137.925951371147,101.16497992681194,171.53863303988751,33.61268166874056,24/03/2020 05:37,34.2,-15.53571429,53.5111,8.1056,25/08/2019,30/08/2019,13/03/2020,05/04/2020,BS704_19,1.0,f
Yealle,191,2019,11,f,spring,16.175458294958332,1206.6805409566089,16.28346534213806,32.4589236370964,25/03/2020 18:50,33.3,-15.37555228,53.5111,8.1056,25/08/2019,30/08/2019,13/03/2020,05/04/2020,BS704_19,1.0,f
Yealle,191,2019,11,f,spring,6.213636328420421,894.3649947425456,52.58935471980853,46.375718391388126,04/04/2020 04:23,44.1,-11.11492281,53.5111,8.1056,25/08/2019,30/08/2019,13/03/2020,05/04/2020,BS704_19,1.0,f
Yealle,192,2020,12,f,autumn,11.58115847864542,139.6003959694996,-135.3895023880654,-146.97066086671083,01/09/2020 18:08,43.2,1.19205298,13.772848101265822,-16.70685352865823,01/09/2020,12/09/2020,01/04/2021,14/04/2021,BX225_20,1.0,f
Yealle,192,2020,12,f,autumn,16.570975606203433,1206.0992358509848,-131.60988262824088,-148.18085823444432,04/09/2020 04:04,42.3,0.0,13.772848101265822,-16.70685352865823,01/09/2020,12/09/2020,01/04/2021,14/04/2021,BX225_20,1.0,f
Yealle,192,2020,12,f,autumn,12.995540457962989,1207.9182736247394,-148.7865559685936,-161.7820964265566,06/09/2020 18:28,34.65,-9.848024316,13.772848101265822,-16.70685352865823,01/09/2020,12/09/2020,01/04/2021,14/04/2021,BX225_20,1.0,f
Yealle,192,2020,12,f,autumn,8.366192294213448,101.72748600556676,-169.62188127351442,-177.98807356772787,07/09/2020 18:43,25.2,-16.2962963,13.772848101265822,-16.70685352865823,01/09/2020,12/09/2020,01/04/2021,14/04/2021,BX225_20,1.0,f
Yealle,192,2020,12,f,autumn,10.231415047208827,102.09388265117246,-168.54745443467746,-178.7788694818863,08/09/2020 05:23,24.3,-16.47711512,13.772848101265822,-16.70685352865823,01/09/2020,12/09/2020,01/04/2021,14/04/2021,BX225_20,1.0,f
Yealle,192,2020,12,f,autumn,0.2533606756163067,800.6253653179698,-179.5659976691072,-179.8193583447235,08/09/2020 18:42,23.4,-16.67574932,13.772848101265822,-16.70685352865823,01/09/2020,12/09/2020,01/04/2021,14/04/2021,BX225_20,1.0,f
Yealle,192,2020,12,f,autumn,177.9471313930211,1002.0730015707136,-2.86536489213391,179.187503714845,11/09/2020 18:33,14.85,-16.72258065,13.772848101265822,-16.70685352865823,01/09/2020,12/09/2020,01/04/2021,14/04/2021,BX225_20,1.0,f
Yealle,192,2020,12,f,spring,1.082133134343053,1058.8469244466992,25.068019424054615,26.150152558397675,01/04/2021 05:39,23.85,-17.21311475,53.5111,8.1056,01/09/2020,12/09/2020,01/04/2021,14/04/2021,BX225_20,1.0,f
Yealle,192,2020,12,f,spring,28.758901648327026,150.11315097015415,0.0,28.758901648327026,04/04/2021 05:10,32.4,-12.45112782,53.5111,8.1056,01/09/2020,12/09/2020,01/04/2021,14/04/2021,BX225_20,1.0,f
Yealle,192,2020,12,f,spring,18.16635562756909,1283.0992775830066,11.87567192360399,30.042027551173067,05/04/2021 18:57,33.75,-12.32142857,53.5111,8.1056,01/09/2020,12/09/2020,01/04/2021,14/04/2021,BX225_20,1.0,f
Yealle,192,2020,12,f,spring,64.05107126716322,509.50526944568867,111.02784199146281,46.97677072429959,12/04/2021 18:58,45.45,-8.402154399,53.5111,8.1056,01/09/2020,12/09/2020,01/04/2021,14/04/2021,BX225_20,1.0,f
Yealle,192,2020,12,f,spring,57.622909919799184,200.09354306539166,89.14158592430701,31.518676004507824,13/04/2021 04:08,43.65,-2.487046632,53.5111,8.1056,01/09/2020,12/09/2020,01/04/2021,14/04/2021,BX225_20,1.0,f
